pair_id,path_a,path_b,label,forgery_type,writer_id
0,data/raw/cedar/signatures/full_org/original_1_11.png,data/raw/cedar/signatures/full_org/original_1_15.png,1,genuine_genuine,1
1,data/raw/cedar/signatures/full_org/original_1_1.png,data/raw/cedar/signatures/full_org/original_1_7.png,1,genuine_genuine,1
2,data/raw/cedar/signatures/full_org/original_1_20.png,data/raw/cedar/signatures/full_org/original_1_23.png,1,genuine_genuine,1
3,data/raw/cedar/signatures/full_org/original_1_13.png,data/raw/cedar/signatures/full_org/original_1_14.png,1,genuine_genuine,1
4,data/raw/cedar/signatures/full_org/original_1_11.png,data/raw/cedar/signatures/full_org/original_1_18.png,1,genuine_genuine,1
5,data/raw/cedar/signatures/full_org/original_1_14.png,data/raw/cedar/signatures/full_org/original_1_19.png,1,genuine_genuine,1
6,data/raw/cedar/signatures/full_org/original_1_6.png,data/raw/cedar/signatures/full_org/original_1_23.png,1,genuine_genuine,1
7,data/raw/cedar/signatures/full_org/original_1_1.png,data/raw/cedar/signatures/full_org/original_1_11.png,1,genuine_genuine,1
8,data/raw/cedar/signatures/full_org/original_1_1.png,data/raw/cedar/signatures/full_org/original_1_8.png,1,genuine_genuine,1
9,data/raw/cedar/signatures/full_org/original_1_6.png,data/raw/cedar/signatures/full_org/original_1_22.png,1,genuine_genuine,1
10,data/raw/cedar/signatures/full_org/original_1_5.png,data/raw/cedar/signatures/full_org/original_1_9.png,1,genuine_genuine,1
11,data/raw/cedar/signatures/full_org/original_1_16.png,data/raw/cedar/signatures/full_org/original_1_20.png,1,genuine_genuine,1
12,data/raw/cedar/signatures/full_org/original_1_15.png,data/raw/cedar/signatures/full_org/original_1_22.png,1,genuine_genuine,1
13,data/raw/cedar/signatures/full_org/original_1_8.png,data/raw/cedar/signatures/full_org/original_1_13.png,1,genuine_genuine,1
14,data/raw/cedar/signatures/full_org/original_1_6.png,data/raw/cedar/signatures/full_org/original_1_15.png,1,genuine_genuine,1
15,data/raw/cedar/signatures/full_org/original_1_6.png,data/raw/cedar/signatures/full_org/original_1_7.png,1,genuine_genuine,1
16,data/raw/cedar/signatures/full_org/original_1_4.png,data/raw/cedar/signatures/full_org/original_1_24.png,1,genuine_genuine,1
17,data/raw/cedar/signatures/full_org/original_1_3.png,data/raw/cedar/signatures/full_org/original_1_9.png,1,genuine_genuine,1
18,data/raw/cedar/signatures/full_org/original_1_12.png,data/raw/cedar/signatures/full_org/original_1_18.png,1,genuine_genuine,1
19,data/raw/cedar/signatures/full_org/original_1_7.png,data/raw/cedar/signatures/full_org/original_1_17.png,1,genuine_genuine,1
20,data/raw/cedar/signatures/full_org/original_1_8.png,data/raw/cedar/signatures/full_org/original_1_19.png,1,genuine_genuine,1
21,data/raw/cedar/signatures/full_org/original_1_7.png,data/raw/cedar/signatures/full_org/original_1_14.png,1,genuine_genuine,1
22,data/raw/cedar/signatures/full_org/original_1_17.png,data/raw/cedar/signatures/full_org/original_1_24.png,1,genuine_genuine,1
23,data/raw/cedar/signatures/full_org/original_1_3.png,data/raw/cedar/signatures/full_org/original_1_7.png,1,genuine_genuine,1
24,data/raw/cedar/signatures/full_org/original_1_12.png,data/raw/cedar/signatures/full_org/original_1_19.png,1,genuine_genuine,1
25,data/raw/cedar/signatures/full_org/original_1_4.png,data/raw/cedar/signatures/full_org/original_1_12.png,1,genuine_genuine,1
26,data/raw/cedar/signatures/full_org/original_1_13.png,data/raw/cedar/signatures/full_org/original_1_17.png,1,genuine_genuine,1
27,data/raw/cedar/signatures/full_org/original_1_4.png,data/raw/cedar/signatures/full_org/original_1_17.png,1,genuine_genuine,1
28,data/raw/cedar/signatures/full_org/original_1_8.png,data/raw/cedar/signatures/full_org/original_1_15.png,1,genuine_genuine,1
29,data/raw/cedar/signatures/full_org/original_1_5.png,data/raw/cedar/signatures/full_org/original_1_23.png,1,genuine_genuine,1
30,data/raw/cedar/signatures/full_org/original_1_15.png,data/raw/cedar/signatures/full_org/original_1_20.png,1,genuine_genuine,1
31,data/raw/cedar/signatures/full_org/original_1_9.png,data/raw/cedar/signatures/full_org/original_1_10.png,1,genuine_genuine,1
32,data/raw/cedar/signatures/full_org/original_1_16.png,data/raw/cedar/signatures/full_org/original_1_17.png,1,genuine_genuine,1
33,data/raw/cedar/signatures/full_org/original_1_3.png,data/raw/cedar/signatures/full_org/original_1_24.png,1,genuine_genuine,1
34,data/raw/cedar/signatures/full_org/original_1_2.png,data/raw/cedar/signatures/full_org/original_1_22.png,1,genuine_genuine,1
35,data/raw/cedar/signatures/full_org/original_1_15.png,data/raw/cedar/signatures/full_org/original_1_19.png,1,genuine_genuine,1
36,data/raw/cedar/signatures/full_org/original_1_13.png,data/raw/cedar/signatures/full_org/original_1_24.png,1,genuine_genuine,1
37,data/raw/cedar/signatures/full_org/original_1_17.png,data/raw/cedar/signatures/full_org/original_1_21.png,1,genuine_genuine,1
38,data/raw/cedar/signatures/full_org/original_1_2.png,data/raw/cedar/signatures/full_org/original_1_14.png,1,genuine_genuine,1
39,data/raw/cedar/signatures/full_org/original_1_21.png,data/raw/cedar/signatures/full_org/original_1_23.png,1,genuine_genuine,1
40,data/raw/cedar/signatures/full_org/original_1_12.png,data/raw/cedar/signatures/full_forg/forgeries_1_14.png,0,skilled_forgery,1
41,data/raw/cedar/signatures/full_org/original_1_12.png,data/raw/cedar/signatures/full_forg/forgeries_1_6.png,0,skilled_forgery,1
42,data/raw/cedar/signatures/full_org/original_1_24.png,data/raw/cedar/signatures/full_forg/forgeries_1_21.png,0,skilled_forgery,1
43,data/raw/cedar/signatures/full_org/original_1_8.png,data/raw/cedar/signatures/full_forg/forgeries_1_5.png,0,skilled_forgery,1
44,data/raw/cedar/signatures/full_org/original_1_6.png,data/raw/cedar/signatures/full_forg/forgeries_1_4.png,0,skilled_forgery,1
45,data/raw/cedar/signatures/full_org/original_1_18.png,data/raw/cedar/signatures/full_forg/forgeries_1_4.png,0,skilled_forgery,1
46,data/raw/cedar/signatures/full_org/original_1_4.png,data/raw/cedar/signatures/full_forg/forgeries_1_22.png,0,skilled_forgery,1
47,data/raw/cedar/signatures/full_org/original_1_7.png,data/raw/cedar/signatures/full_forg/forgeries_1_9.png,0,skilled_forgery,1
48,data/raw/cedar/signatures/full_org/original_1_2.png,data/raw/cedar/signatures/full_forg/forgeries_1_22.png,0,skilled_forgery,1
49,data/raw/cedar/signatures/full_org/original_1_18.png,data/raw/cedar/signatures/full_forg/forgeries_1_1.png,0,skilled_forgery,1
50,data/raw/cedar/signatures/full_org/original_1_15.png,data/raw/cedar/signatures/full_forg/forgeries_1_20.png,0,skilled_forgery,1
51,data/raw/cedar/signatures/full_org/original_1_13.png,data/raw/cedar/signatures/full_forg/forgeries_1_1.png,0,skilled_forgery,1
52,data/raw/cedar/signatures/full_org/original_1_16.png,data/raw/cedar/signatures/full_forg/forgeries_1_13.png,0,skilled_forgery,1
53,data/raw/cedar/signatures/full_org/original_1_13.png,data/raw/cedar/signatures/full_forg/forgeries_1_2.png,0,skilled_forgery,1
54,data/raw/cedar/signatures/full_org/original_1_22.png,data/raw/cedar/signatures/full_forg/forgeries_1_16.png,0,skilled_forgery,1
55,data/raw/cedar/signatures/full_org/original_1_2.png,data/raw/cedar/signatures/full_forg/forgeries_1_13.png,0,skilled_forgery,1
56,data/raw/cedar/signatures/full_org/original_1_11.png,data/raw/cedar/signatures/full_forg/forgeries_1_10.png,0,skilled_forgery,1
57,data/raw/cedar/signatures/full_org/original_1_13.png,data/raw/cedar/signatures/full_forg/forgeries_1_12.png,0,skilled_forgery,1
58,data/raw/cedar/signatures/full_org/original_1_15.png,data/raw/cedar/signatures/full_forg/forgeries_1_11.png,0,skilled_forgery,1
59,data/raw/cedar/signatures/full_org/original_1_9.png,data/raw/cedar/signatures/full_forg/forgeries_1_11.png,0,skilled_forgery,1
60,data/raw/cedar/signatures/full_org/original_1_24.png,data/raw/cedar/signatures/full_org/original_29_19.png,0,random_forgery,1
61,data/raw/cedar/signatures/full_org/original_1_20.png,data/raw/cedar/signatures/full_org/original_50_10.png,0,random_forgery,1
62,data/raw/cedar/signatures/full_org/original_1_7.png,data/raw/cedar/signatures/full_org/original_14_10.png,0,random_forgery,1
63,data/raw/cedar/signatures/full_org/original_1_12.png,data/raw/cedar/signatures/full_org/original_25_6.png,0,random_forgery,1
64,data/raw/cedar/signatures/full_org/original_1_1.png,data/raw/cedar/signatures/full_org/original_31_23.png,0,random_forgery,1
65,data/raw/cedar/signatures/full_org/original_1_5.png,data/raw/cedar/signatures/full_org/original_51_9.png,0,random_forgery,1
66,data/raw/cedar/signatures/full_org/original_1_2.png,data/raw/cedar/signatures/full_org/original_10_18.png,0,random_forgery,1
67,data/raw/cedar/signatures/full_org/original_1_23.png,data/raw/cedar/signatures/full_org/original_30_5.png,0,random_forgery,1
68,data/raw/cedar/signatures/full_org/original_1_4.png,data/raw/cedar/signatures/full_org/original_47_1.png,0,random_forgery,1
69,data/raw/cedar/signatures/full_org/original_1_10.png,data/raw/cedar/signatures/full_org/original_53_16.png,0,random_forgery,1
70,data/raw/cedar/signatures/full_org/original_1_15.png,data/raw/cedar/signatures/full_org/original_46_11.png,0,random_forgery,1
71,data/raw/cedar/signatures/full_org/original_1_2.png,data/raw/cedar/signatures/full_org/original_22_9.png,0,random_forgery,1
72,data/raw/cedar/signatures/full_org/original_1_4.png,data/raw/cedar/signatures/full_org/original_46_3.png,0,random_forgery,1
73,data/raw/cedar/signatures/full_org/original_1_16.png,data/raw/cedar/signatures/full_org/original_39_3.png,0,random_forgery,1
74,data/raw/cedar/signatures/full_org/original_1_21.png,data/raw/cedar/signatures/full_org/original_53_22.png,0,random_forgery,1
75,data/raw/cedar/signatures/full_org/original_1_5.png,data/raw/cedar/signatures/full_org/original_11_5.png,0,random_forgery,1
76,data/raw/cedar/signatures/full_org/original_1_10.png,data/raw/cedar/signatures/full_org/original_53_3.png,0,random_forgery,1
77,data/raw/cedar/signatures/full_org/original_1_4.png,data/raw/cedar/signatures/full_org/original_26_18.png,0,random_forgery,1
78,data/raw/cedar/signatures/full_org/original_1_20.png,data/raw/cedar/signatures/full_org/original_40_20.png,0,random_forgery,1
79,data/raw/cedar/signatures/full_org/original_1_17.png,data/raw/cedar/signatures/full_org/original_25_13.png,0,random_forgery,1
80,data/raw/cedar/signatures/full_org/original_4_9.png,data/raw/cedar/signatures/full_org/original_4_11.png,1,genuine_genuine,4
81,data/raw/cedar/signatures/full_org/original_4_10.png,data/raw/cedar/signatures/full_org/original_4_13.png,1,genuine_genuine,4
82,data/raw/cedar/signatures/full_org/original_4_7.png,data/raw/cedar/signatures/full_org/original_4_8.png,1,genuine_genuine,4
83,data/raw/cedar/signatures/full_org/original_4_3.png,data/raw/cedar/signatures/full_org/original_4_14.png,1,genuine_genuine,4
84,data/raw/cedar/signatures/full_org/original_4_21.png,data/raw/cedar/signatures/full_org/original_4_23.png,1,genuine_genuine,4
85,data/raw/cedar/signatures/full_org/original_4_3.png,data/raw/cedar/signatures/full_org/original_4_6.png,1,genuine_genuine,4
86,data/raw/cedar/signatures/full_org/original_4_8.png,data/raw/cedar/signatures/full_org/original_4_12.png,1,genuine_genuine,4
87,data/raw/cedar/signatures/full_org/original_4_11.png,data/raw/cedar/signatures/full_org/original_4_12.png,1,genuine_genuine,4
88,data/raw/cedar/signatures/full_org/original_4_4.png,data/raw/cedar/signatures/full_org/original_4_5.png,1,genuine_genuine,4
89,data/raw/cedar/signatures/full_org/original_4_2.png,data/raw/cedar/signatures/full_org/original_4_19.png,1,genuine_genuine,4
90,data/raw/cedar/signatures/full_org/original_4_12.png,data/raw/cedar/signatures/full_org/original_4_14.png,1,genuine_genuine,4
91,data/raw/cedar/signatures/full_org/original_4_1.png,data/raw/cedar/signatures/full_org/original_4_14.png,1,genuine_genuine,4
92,data/raw/cedar/signatures/full_org/original_4_10.png,data/raw/cedar/signatures/full_org/original_4_18.png,1,genuine_genuine,4
93,data/raw/cedar/signatures/full_org/original_4_5.png,data/raw/cedar/signatures/full_org/original_4_13.png,1,genuine_genuine,4
94,data/raw/cedar/signatures/full_org/original_4_9.png,data/raw/cedar/signatures/full_org/original_4_17.png,1,genuine_genuine,4
95,data/raw/cedar/signatures/full_org/original_4_10.png,data/raw/cedar/signatures/full_org/original_4_11.png,1,genuine_genuine,4
96,data/raw/cedar/signatures/full_org/original_4_19.png,data/raw/cedar/signatures/full_org/original_4_22.png,1,genuine_genuine,4
97,data/raw/cedar/signatures/full_org/original_4_17.png,data/raw/cedar/signatures/full_org/original_4_18.png,1,genuine_genuine,4
98,data/raw/cedar/signatures/full_org/original_4_12.png,data/raw/cedar/signatures/full_org/original_4_22.png,1,genuine_genuine,4
99,data/raw/cedar/signatures/full_org/original_4_15.png,data/raw/cedar/signatures/full_org/original_4_24.png,1,genuine_genuine,4
100,data/raw/cedar/signatures/full_org/original_4_7.png,data/raw/cedar/signatures/full_org/original_4_14.png,1,genuine_genuine,4
101,data/raw/cedar/signatures/full_org/original_4_5.png,data/raw/cedar/signatures/full_org/original_4_14.png,1,genuine_genuine,4
102,data/raw/cedar/signatures/full_org/original_4_15.png,data/raw/cedar/signatures/full_org/original_4_22.png,1,genuine_genuine,4
103,data/raw/cedar/signatures/full_org/original_4_5.png,data/raw/cedar/signatures/full_org/original_4_18.png,1,genuine_genuine,4
104,data/raw/cedar/signatures/full_org/original_4_3.png,data/raw/cedar/signatures/full_org/original_4_13.png,1,genuine_genuine,4
105,data/raw/cedar/signatures/full_org/original_4_8.png,data/raw/cedar/signatures/full_org/original_4_13.png,1,genuine_genuine,4
106,data/raw/cedar/signatures/full_org/original_4_3.png,data/raw/cedar/signatures/full_org/original_4_15.png,1,genuine_genuine,4
107,data/raw/cedar/signatures/full_org/original_4_4.png,data/raw/cedar/signatures/full_org/original_4_22.png,1,genuine_genuine,4
108,data/raw/cedar/signatures/full_org/original_4_18.png,data/raw/cedar/signatures/full_org/original_4_23.png,1,genuine_genuine,4
109,data/raw/cedar/signatures/full_org/original_4_5.png,data/raw/cedar/signatures/full_org/original_4_17.png,1,genuine_genuine,4
110,data/raw/cedar/signatures/full_org/original_4_2.png,data/raw/cedar/signatures/full_org/original_4_7.png,1,genuine_genuine,4
111,data/raw/cedar/signatures/full_org/original_4_13.png,data/raw/cedar/signatures/full_org/original_4_17.png,1,genuine_genuine,4
112,data/raw/cedar/signatures/full_org/original_4_12.png,data/raw/cedar/signatures/full_org/original_4_18.png,1,genuine_genuine,4
113,data/raw/cedar/signatures/full_org/original_4_17.png,data/raw/cedar/signatures/full_org/original_4_20.png,1,genuine_genuine,4
114,data/raw/cedar/signatures/full_org/original_4_6.png,data/raw/cedar/signatures/full_org/original_4_17.png,1,genuine_genuine,4
115,data/raw/cedar/signatures/full_org/original_4_19.png,data/raw/cedar/signatures/full_org/original_4_21.png,1,genuine_genuine,4
116,data/raw/cedar/signatures/full_org/original_4_16.png,data/raw/cedar/signatures/full_org/original_4_19.png,1,genuine_genuine,4
117,data/raw/cedar/signatures/full_org/original_4_2.png,data/raw/cedar/signatures/full_org/original_4_5.png,1,genuine_genuine,4
118,data/raw/cedar/signatures/full_org/original_4_5.png,data/raw/cedar/signatures/full_org/original_4_19.png,1,genuine_genuine,4
119,data/raw/cedar/signatures/full_org/original_4_1.png,data/raw/cedar/signatures/full_org/original_4_18.png,1,genuine_genuine,4
120,data/raw/cedar/signatures/full_org/original_4_22.png,data/raw/cedar/signatures/full_forg/forgeries_4_21.png,0,skilled_forgery,4
121,data/raw/cedar/signatures/full_org/original_4_1.png,data/raw/cedar/signatures/full_forg/forgeries_4_1.png,0,skilled_forgery,4
122,data/raw/cedar/signatures/full_org/original_4_24.png,data/raw/cedar/signatures/full_forg/forgeries_4_3.png,0,skilled_forgery,4
123,data/raw/cedar/signatures/full_org/original_4_9.png,data/raw/cedar/signatures/full_forg/forgeries_4_5.png,0,skilled_forgery,4
124,data/raw/cedar/signatures/full_org/original_4_4.png,data/raw/cedar/signatures/full_forg/forgeries_4_5.png,0,skilled_forgery,4
125,data/raw/cedar/signatures/full_org/original_4_3.png,data/raw/cedar/signatures/full_forg/forgeries_4_4.png,0,skilled_forgery,4
126,data/raw/cedar/signatures/full_org/original_4_24.png,data/raw/cedar/signatures/full_forg/forgeries_4_9.png,0,skilled_forgery,4
127,data/raw/cedar/signatures/full_org/original_4_23.png,data/raw/cedar/signatures/full_forg/forgeries_4_11.png,0,skilled_forgery,4
128,data/raw/cedar/signatures/full_org/original_4_12.png,data/raw/cedar/signatures/full_forg/forgeries_4_9.png,0,skilled_forgery,4
129,data/raw/cedar/signatures/full_org/original_4_6.png,data/raw/cedar/signatures/full_forg/forgeries_4_4.png,0,skilled_forgery,4
130,data/raw/cedar/signatures/full_org/original_4_19.png,data/raw/cedar/signatures/full_forg/forgeries_4_15.png,0,skilled_forgery,4
131,data/raw/cedar/signatures/full_org/original_4_19.png,data/raw/cedar/signatures/full_forg/forgeries_4_12.png,0,skilled_forgery,4
132,data/raw/cedar/signatures/full_org/original_4_13.png,data/raw/cedar/signatures/full_forg/forgeries_4_10.png,0,skilled_forgery,4
133,data/raw/cedar/signatures/full_org/original_4_20.png,data/raw/cedar/signatures/full_forg/forgeries_4_8.png,0,skilled_forgery,4
134,data/raw/cedar/signatures/full_org/original_4_3.png,data/raw/cedar/signatures/full_forg/forgeries_4_14.png,0,skilled_forgery,4
135,data/raw/cedar/signatures/full_org/original_4_4.png,data/raw/cedar/signatures/full_forg/forgeries_4_13.png,0,skilled_forgery,4
136,data/raw/cedar/signatures/full_org/original_4_20.png,data/raw/cedar/signatures/full_forg/forgeries_4_11.png,0,skilled_forgery,4
137,data/raw/cedar/signatures/full_org/original_4_11.png,data/raw/cedar/signatures/full_forg/forgeries_4_14.png,0,skilled_forgery,4
138,data/raw/cedar/signatures/full_org/original_4_6.png,data/raw/cedar/signatures/full_forg/forgeries_4_6.png,0,skilled_forgery,4
139,data/raw/cedar/signatures/full_org/original_4_9.png,data/raw/cedar/signatures/full_forg/forgeries_4_1.png,0,skilled_forgery,4
140,data/raw/cedar/signatures/full_org/original_4_22.png,data/raw/cedar/signatures/full_org/original_54_5.png,0,random_forgery,4
141,data/raw/cedar/signatures/full_org/original_4_10.png,data/raw/cedar/signatures/full_org/original_34_21.png,0,random_forgery,4
142,data/raw/cedar/signatures/full_org/original_4_5.png,data/raw/cedar/signatures/full_org/original_39_20.png,0,random_forgery,4
143,data/raw/cedar/signatures/full_org/original_4_10.png,data/raw/cedar/signatures/full_org/original_13_18.png,0,random_forgery,4
144,data/raw/cedar/signatures/full_org/original_4_21.png,data/raw/cedar/signatures/full_org/original_37_11.png,0,random_forgery,4
145,data/raw/cedar/signatures/full_org/original_4_22.png,data/raw/cedar/signatures/full_org/original_19_23.png,0,random_forgery,4
146,data/raw/cedar/signatures/full_org/original_4_3.png,data/raw/cedar/signatures/full_org/original_50_21.png,0,random_forgery,4
147,data/raw/cedar/signatures/full_org/original_4_17.png,data/raw/cedar/signatures/full_org/original_42_12.png,0,random_forgery,4
148,data/raw/cedar/signatures/full_org/original_4_12.png,data/raw/cedar/signatures/full_org/original_5_10.png,0,random_forgery,4
149,data/raw/cedar/signatures/full_org/original_4_7.png,data/raw/cedar/signatures/full_org/original_22_11.png,0,random_forgery,4
150,data/raw/cedar/signatures/full_org/original_4_7.png,data/raw/cedar/signatures/full_org/original_47_8.png,0,random_forgery,4
151,data/raw/cedar/signatures/full_org/original_4_5.png,data/raw/cedar/signatures/full_org/original_19_3.png,0,random_forgery,4
152,data/raw/cedar/signatures/full_org/original_4_4.png,data/raw/cedar/signatures/full_org/original_30_17.png,0,random_forgery,4
153,data/raw/cedar/signatures/full_org/original_4_24.png,data/raw/cedar/signatures/full_org/original_51_17.png,0,random_forgery,4
154,data/raw/cedar/signatures/full_org/original_4_22.png,data/raw/cedar/signatures/full_org/original_10_11.png,0,random_forgery,4
155,data/raw/cedar/signatures/full_org/original_4_20.png,data/raw/cedar/signatures/full_org/original_19_13.png,0,random_forgery,4
156,data/raw/cedar/signatures/full_org/original_4_6.png,data/raw/cedar/signatures/full_org/original_20_6.png,0,random_forgery,4
157,data/raw/cedar/signatures/full_org/original_4_24.png,data/raw/cedar/signatures/full_org/original_21_15.png,0,random_forgery,4
158,data/raw/cedar/signatures/full_org/original_4_14.png,data/raw/cedar/signatures/full_org/original_10_12.png,0,random_forgery,4
159,data/raw/cedar/signatures/full_org/original_4_15.png,data/raw/cedar/signatures/full_org/original_26_20.png,0,random_forgery,4
160,data/raw/cedar/signatures/full_org/original_5_9.png,data/raw/cedar/signatures/full_org/original_5_21.png,1,genuine_genuine,5
161,data/raw/cedar/signatures/full_org/original_5_10.png,data/raw/cedar/signatures/full_org/original_5_16.png,1,genuine_genuine,5
162,data/raw/cedar/signatures/full_org/original_5_18.png,data/raw/cedar/signatures/full_org/original_5_20.png,1,genuine_genuine,5
163,data/raw/cedar/signatures/full_org/original_5_8.png,data/raw/cedar/signatures/full_org/original_5_17.png,1,genuine_genuine,5
164,data/raw/cedar/signatures/full_org/original_5_5.png,data/raw/cedar/signatures/full_org/original_5_14.png,1,genuine_genuine,5
165,data/raw/cedar/signatures/full_org/original_5_5.png,data/raw/cedar/signatures/full_org/original_5_7.png,1,genuine_genuine,5
166,data/raw/cedar/signatures/full_org/original_5_4.png,data/raw/cedar/signatures/full_org/original_5_17.png,1,genuine_genuine,5
167,data/raw/cedar/signatures/full_org/original_5_17.png,data/raw/cedar/signatures/full_org/original_5_18.png,1,genuine_genuine,5
168,data/raw/cedar/signatures/full_org/original_5_11.png,data/raw/cedar/signatures/full_org/original_5_23.png,1,genuine_genuine,5
169,data/raw/cedar/signatures/full_org/original_5_9.png,data/raw/cedar/signatures/full_org/original_5_16.png,1,genuine_genuine,5
170,data/raw/cedar/signatures/full_org/original_5_3.png,data/raw/cedar/signatures/full_org/original_5_12.png,1,genuine_genuine,5
171,data/raw/cedar/signatures/full_org/original_5_7.png,data/raw/cedar/signatures/full_org/original_5_18.png,1,genuine_genuine,5
172,data/raw/cedar/signatures/full_org/original_5_3.png,data/raw/cedar/signatures/full_org/original_5_11.png,1,genuine_genuine,5
173,data/raw/cedar/signatures/full_org/original_5_7.png,data/raw/cedar/signatures/full_org/original_5_8.png,1,genuine_genuine,5
174,data/raw/cedar/signatures/full_org/original_5_12.png,data/raw/cedar/signatures/full_org/original_5_19.png,1,genuine_genuine,5
175,data/raw/cedar/signatures/full_org/original_5_10.png,data/raw/cedar/signatures/full_org/original_5_21.png,1,genuine_genuine,5
176,data/raw/cedar/signatures/full_org/original_5_17.png,data/raw/cedar/signatures/full_org/original_5_20.png,1,genuine_genuine,5
177,data/raw/cedar/signatures/full_org/original_5_10.png,data/raw/cedar/signatures/full_org/original_5_15.png,1,genuine_genuine,5
178,data/raw/cedar/signatures/full_org/original_5_8.png,data/raw/cedar/signatures/full_org/original_5_20.png,1,genuine_genuine,5
179,data/raw/cedar/signatures/full_org/original_5_2.png,data/raw/cedar/signatures/full_org/original_5_9.png,1,genuine_genuine,5
180,data/raw/cedar/signatures/full_org/original_5_4.png,data/raw/cedar/signatures/full_org/original_5_18.png,1,genuine_genuine,5
181,data/raw/cedar/signatures/full_org/original_5_13.png,data/raw/cedar/signatures/full_org/original_5_17.png,1,genuine_genuine,5
182,data/raw/cedar/signatures/full_org/original_5_4.png,data/raw/cedar/signatures/full_org/original_5_23.png,1,genuine_genuine,5
183,data/raw/cedar/signatures/full_org/original_5_9.png,data/raw/cedar/signatures/full_org/original_5_22.png,1,genuine_genuine,5
184,data/raw/cedar/signatures/full_org/original_5_1.png,data/raw/cedar/signatures/full_org/original_5_16.png,1,genuine_genuine,5
185,data/raw/cedar/signatures/full_org/original_5_11.png,data/raw/cedar/signatures/full_org/original_5_16.png,1,genuine_genuine,5
186,data/raw/cedar/signatures/full_org/original_5_12.png,data/raw/cedar/signatures/full_org/original_5_18.png,1,genuine_genuine,5
187,data/raw/cedar/signatures/full_org/original_5_1.png,data/raw/cedar/signatures/full_org/original_5_21.png,1,genuine_genuine,5
188,data/raw/cedar/signatures/full_org/original_5_4.png,data/raw/cedar/signatures/full_org/original_5_6.png,1,genuine_genuine,5
189,data/raw/cedar/signatures/full_org/original_5_1.png,data/raw/cedar/signatures/full_org/original_5_20.png,1,genuine_genuine,5
190,data/raw/cedar/signatures/full_org/original_5_2.png,data/raw/cedar/signatures/full_org/original_5_10.png,1,genuine_genuine,5
191,data/raw/cedar/signatures/full_org/original_5_5.png,data/raw/cedar/signatures/full_org/original_5_17.png,1,genuine_genuine,5
192,data/raw/cedar/signatures/full_org/original_5_2.png,data/raw/cedar/signatures/full_org/original_5_13.png,1,genuine_genuine,5
193,data/raw/cedar/signatures/full_org/original_5_7.png,data/raw/cedar/signatures/full_org/original_5_9.png,1,genuine_genuine,5
194,data/raw/cedar/signatures/full_org/original_5_7.png,data/raw/cedar/signatures/full_org/original_5_15.png,1,genuine_genuine,5
195,data/raw/cedar/signatures/full_org/original_5_3.png,data/raw/cedar/signatures/full_org/original_5_7.png,1,genuine_genuine,5
196,data/raw/cedar/signatures/full_org/original_5_22.png,data/raw/cedar/signatures/full_org/original_5_23.png,1,genuine_genuine,5
197,data/raw/cedar/signatures/full_org/original_5_11.png,data/raw/cedar/signatures/full_org/original_5_18.png,1,genuine_genuine,5
198,data/raw/cedar/signatures/full_org/original_5_6.png,data/raw/cedar/signatures/full_org/original_5_18.png,1,genuine_genuine,5
199,data/raw/cedar/signatures/full_org/original_5_11.png,data/raw/cedar/signatures/full_org/original_5_19.png,1,genuine_genuine,5
200,data/raw/cedar/signatures/full_org/original_5_22.png,data/raw/cedar/signatures/full_forg/forgeries_5_16.png,0,skilled_forgery,5
201,data/raw/cedar/signatures/full_org/original_5_4.png,data/raw/cedar/signatures/full_forg/forgeries_5_20.png,0,skilled_forgery,5
202,data/raw/cedar/signatures/full_org/original_5_21.png,data/raw/cedar/signatures/full_forg/forgeries_5_16.png,0,skilled_forgery,5
203,data/raw/cedar/signatures/full_org/original_5_17.png,data/raw/cedar/signatures/full_forg/forgeries_5_21.png,0,skilled_forgery,5
204,data/raw/cedar/signatures/full_org/original_5_22.png,data/raw/cedar/signatures/full_forg/forgeries_5_7.png,0,skilled_forgery,5
205,data/raw/cedar/signatures/full_org/original_5_3.png,data/raw/cedar/signatures/full_forg/forgeries_5_3.png,0,skilled_forgery,5
206,data/raw/cedar/signatures/full_org/original_5_4.png,data/raw/cedar/signatures/full_forg/forgeries_5_8.png,0,skilled_forgery,5
207,data/raw/cedar/signatures/full_org/original_5_16.png,data/raw/cedar/signatures/full_forg/forgeries_5_17.png,0,skilled_forgery,5
208,data/raw/cedar/signatures/full_org/original_5_6.png,data/raw/cedar/signatures/full_forg/forgeries_5_11.png,0,skilled_forgery,5
209,data/raw/cedar/signatures/full_org/original_5_14.png,data/raw/cedar/signatures/full_forg/forgeries_5_21.png,0,skilled_forgery,5
210,data/raw/cedar/signatures/full_org/original_5_22.png,data/raw/cedar/signatures/full_forg/forgeries_5_4.png,0,skilled_forgery,5
211,data/raw/cedar/signatures/full_org/original_5_24.png,data/raw/cedar/signatures/full_forg/forgeries_5_11.png,0,skilled_forgery,5
212,data/raw/cedar/signatures/full_org/original_5_3.png,data/raw/cedar/signatures/full_forg/forgeries_5_5.png,0,skilled_forgery,5
213,data/raw/cedar/signatures/full_org/original_5_16.png,data/raw/cedar/signatures/full_forg/forgeries_5_5.png,0,skilled_forgery,5
214,data/raw/cedar/signatures/full_org/original_5_23.png,data/raw/cedar/signatures/full_forg/forgeries_5_18.png,0,skilled_forgery,5
215,data/raw/cedar/signatures/full_org/original_5_20.png,data/raw/cedar/signatures/full_forg/forgeries_5_3.png,0,skilled_forgery,5
216,data/raw/cedar/signatures/full_org/original_5_20.png,data/raw/cedar/signatures/full_forg/forgeries_5_16.png,0,skilled_forgery,5
217,data/raw/cedar/signatures/full_org/original_5_9.png,data/raw/cedar/signatures/full_forg/forgeries_5_9.png,0,skilled_forgery,5
218,data/raw/cedar/signatures/full_org/original_5_22.png,data/raw/cedar/signatures/full_forg/forgeries_5_6.png,0,skilled_forgery,5
219,data/raw/cedar/signatures/full_org/original_5_19.png,data/raw/cedar/signatures/full_forg/forgeries_5_15.png,0,skilled_forgery,5
220,data/raw/cedar/signatures/full_org/original_5_4.png,data/raw/cedar/signatures/full_org/original_34_6.png,0,random_forgery,5
221,data/raw/cedar/signatures/full_org/original_5_13.png,data/raw/cedar/signatures/full_org/original_51_17.png,0,random_forgery,5
222,data/raw/cedar/signatures/full_org/original_5_24.png,data/raw/cedar/signatures/full_org/original_19_8.png,0,random_forgery,5
223,data/raw/cedar/signatures/full_org/original_5_1.png,data/raw/cedar/signatures/full_org/original_1_10.png,0,random_forgery,5
224,data/raw/cedar/signatures/full_org/original_5_22.png,data/raw/cedar/signatures/full_org/original_45_24.png,0,random_forgery,5
225,data/raw/cedar/signatures/full_org/original_5_14.png,data/raw/cedar/signatures/full_org/original_51_18.png,0,random_forgery,5
226,data/raw/cedar/signatures/full_org/original_5_8.png,data/raw/cedar/signatures/full_org/original_37_8.png,0,random_forgery,5
227,data/raw/cedar/signatures/full_org/original_5_12.png,data/raw/cedar/signatures/full_org/original_45_5.png,0,random_forgery,5
228,data/raw/cedar/signatures/full_org/original_5_7.png,data/raw/cedar/signatures/full_org/original_29_24.png,0,random_forgery,5
229,data/raw/cedar/signatures/full_org/original_5_2.png,data/raw/cedar/signatures/full_org/original_17_22.png,0,random_forgery,5
230,data/raw/cedar/signatures/full_org/original_5_20.png,data/raw/cedar/signatures/full_org/original_40_1.png,0,random_forgery,5
231,data/raw/cedar/signatures/full_org/original_5_7.png,data/raw/cedar/signatures/full_org/original_26_3.png,0,random_forgery,5
232,data/raw/cedar/signatures/full_org/original_5_20.png,data/raw/cedar/signatures/full_org/original_14_2.png,0,random_forgery,5
233,data/raw/cedar/signatures/full_org/original_5_20.png,data/raw/cedar/signatures/full_org/original_43_22.png,0,random_forgery,5
234,data/raw/cedar/signatures/full_org/original_5_8.png,data/raw/cedar/signatures/full_org/original_11_24.png,0,random_forgery,5
235,data/raw/cedar/signatures/full_org/original_5_13.png,data/raw/cedar/signatures/full_org/original_10_15.png,0,random_forgery,5
236,data/raw/cedar/signatures/full_org/original_5_18.png,data/raw/cedar/signatures/full_org/original_25_7.png,0,random_forgery,5
237,data/raw/cedar/signatures/full_org/original_5_5.png,data/raw/cedar/signatures/full_org/original_11_17.png,0,random_forgery,5
238,data/raw/cedar/signatures/full_org/original_5_8.png,data/raw/cedar/signatures/full_org/original_30_24.png,0,random_forgery,5
239,data/raw/cedar/signatures/full_org/original_5_11.png,data/raw/cedar/signatures/full_org/original_53_19.png,0,random_forgery,5
240,data/raw/cedar/signatures/full_org/original_10_14.png,data/raw/cedar/signatures/full_org/original_10_16.png,1,genuine_genuine,10
241,data/raw/cedar/signatures/full_org/original_10_6.png,data/raw/cedar/signatures/full_org/original_10_11.png,1,genuine_genuine,10
242,data/raw/cedar/signatures/full_org/original_10_11.png,data/raw/cedar/signatures/full_org/original_10_19.png,1,genuine_genuine,10
243,data/raw/cedar/signatures/full_org/original_10_3.png,data/raw/cedar/signatures/full_org/original_10_22.png,1,genuine_genuine,10
244,data/raw/cedar/signatures/full_org/original_10_1.png,data/raw/cedar/signatures/full_org/original_10_18.png,1,genuine_genuine,10
245,data/raw/cedar/signatures/full_org/original_10_3.png,data/raw/cedar/signatures/full_org/original_10_19.png,1,genuine_genuine,10
246,data/raw/cedar/signatures/full_org/original_10_4.png,data/raw/cedar/signatures/full_org/original_10_13.png,1,genuine_genuine,10
247,data/raw/cedar/signatures/full_org/original_10_16.png,data/raw/cedar/signatures/full_org/original_10_21.png,1,genuine_genuine,10
248,data/raw/cedar/signatures/full_org/original_10_12.png,data/raw/cedar/signatures/full_org/original_10_15.png,1,genuine_genuine,10
249,data/raw/cedar/signatures/full_org/original_10_17.png,data/raw/cedar/signatures/full_org/original_10_20.png,1,genuine_genuine,10
250,data/raw/cedar/signatures/full_org/original_10_6.png,data/raw/cedar/signatures/full_org/original_10_13.png,1,genuine_genuine,10
251,data/raw/cedar/signatures/full_org/original_10_11.png,data/raw/cedar/signatures/full_org/original_10_23.png,1,genuine_genuine,10
252,data/raw/cedar/signatures/full_org/original_10_5.png,data/raw/cedar/signatures/full_org/original_10_22.png,1,genuine_genuine,10
253,data/raw/cedar/signatures/full_org/original_10_9.png,data/raw/cedar/signatures/full_org/original_10_13.png,1,genuine_genuine,10
254,data/raw/cedar/signatures/full_org/original_10_13.png,data/raw/cedar/signatures/full_org/original_10_18.png,1,genuine_genuine,10
255,data/raw/cedar/signatures/full_org/original_10_7.png,data/raw/cedar/signatures/full_org/original_10_9.png,1,genuine_genuine,10
256,data/raw/cedar/signatures/full_org/original_10_9.png,data/raw/cedar/signatures/full_org/original_10_14.png,1,genuine_genuine,10
257,data/raw/cedar/signatures/full_org/original_10_4.png,data/raw/cedar/signatures/full_org/original_10_8.png,1,genuine_genuine,10
258,data/raw/cedar/signatures/full_org/original_10_9.png,data/raw/cedar/signatures/full_org/original_10_23.png,1,genuine_genuine,10
259,data/raw/cedar/signatures/full_org/original_10_9.png,data/raw/cedar/signatures/full_org/original_10_10.png,1,genuine_genuine,10
260,data/raw/cedar/signatures/full_org/original_10_21.png,data/raw/cedar/signatures/full_org/original_10_22.png,1,genuine_genuine,10
261,data/raw/cedar/signatures/full_org/original_10_2.png,data/raw/cedar/signatures/full_org/original_10_22.png,1,genuine_genuine,10
262,data/raw/cedar/signatures/full_org/original_10_19.png,data/raw/cedar/signatures/full_org/original_10_20.png,1,genuine_genuine,10
263,data/raw/cedar/signatures/full_org/original_10_1.png,data/raw/cedar/signatures/full_org/original_10_11.png,1,genuine_genuine,10
264,data/raw/cedar/signatures/full_org/original_10_18.png,data/raw/cedar/signatures/full_org/original_10_19.png,1,genuine_genuine,10
265,data/raw/cedar/signatures/full_org/original_10_9.png,data/raw/cedar/signatures/full_org/original_10_22.png,1,genuine_genuine,10
266,data/raw/cedar/signatures/full_org/original_10_5.png,data/raw/cedar/signatures/full_org/original_10_8.png,1,genuine_genuine,10
267,data/raw/cedar/signatures/full_org/original_10_2.png,data/raw/cedar/signatures/full_org/original_10_6.png,1,genuine_genuine,10
268,data/raw/cedar/signatures/full_org/original_10_10.png,data/raw/cedar/signatures/full_org/original_10_22.png,1,genuine_genuine,10
269,data/raw/cedar/signatures/full_org/original_10_8.png,data/raw/cedar/signatures/full_org/original_10_20.png,1,genuine_genuine,10
270,data/raw/cedar/signatures/full_org/original_10_13.png,data/raw/cedar/signatures/full_org/original_10_14.png,1,genuine_genuine,10
271,data/raw/cedar/signatures/full_org/original_10_16.png,data/raw/cedar/signatures/full_org/original_10_24.png,1,genuine_genuine,10
272,data/raw/cedar/signatures/full_org/original_10_5.png,data/raw/cedar/signatures/full_org/original_10_20.png,1,genuine_genuine,10
273,data/raw/cedar/signatures/full_org/original_10_14.png,data/raw/cedar/signatures/full_org/original_10_20.png,1,genuine_genuine,10
274,data/raw/cedar/signatures/full_org/original_10_9.png,data/raw/cedar/signatures/full_org/original_10_11.png,1,genuine_genuine,10
275,data/raw/cedar/signatures/full_org/original_10_3.png,data/raw/cedar/signatures/full_org/original_10_18.png,1,genuine_genuine,10
276,data/raw/cedar/signatures/full_org/original_10_16.png,data/raw/cedar/signatures/full_org/original_10_17.png,1,genuine_genuine,10
277,data/raw/cedar/signatures/full_org/original_10_12.png,data/raw/cedar/signatures/full_org/original_10_13.png,1,genuine_genuine,10
278,data/raw/cedar/signatures/full_org/original_10_12.png,data/raw/cedar/signatures/full_org/original_10_23.png,1,genuine_genuine,10
279,data/raw/cedar/signatures/full_org/original_10_7.png,data/raw/cedar/signatures/full_org/original_10_8.png,1,genuine_genuine,10
280,data/raw/cedar/signatures/full_org/original_10_22.png,data/raw/cedar/signatures/full_forg/forgeries_10_9.png,0,skilled_forgery,10
281,data/raw/cedar/signatures/full_org/original_10_5.png,data/raw/cedar/signatures/full_forg/forgeries_10_19.png,0,skilled_forgery,10
282,data/raw/cedar/signatures/full_org/original_10_4.png,data/raw/cedar/signatures/full_forg/forgeries_10_8.png,0,skilled_forgery,10
283,data/raw/cedar/signatures/full_org/original_10_18.png,data/raw/cedar/signatures/full_forg/forgeries_10_15.png,0,skilled_forgery,10
284,data/raw/cedar/signatures/full_org/original_10_12.png,data/raw/cedar/signatures/full_forg/forgeries_10_9.png,0,skilled_forgery,10
285,data/raw/cedar/signatures/full_org/original_10_1.png,data/raw/cedar/signatures/full_forg/forgeries_10_18.png,0,skilled_forgery,10
286,data/raw/cedar/signatures/full_org/original_10_20.png,data/raw/cedar/signatures/full_forg/forgeries_10_5.png,0,skilled_forgery,10
287,data/raw/cedar/signatures/full_org/original_10_1.png,data/raw/cedar/signatures/full_forg/forgeries_10_2.png,0,skilled_forgery,10
288,data/raw/cedar/signatures/full_org/original_10_21.png,data/raw/cedar/signatures/full_forg/forgeries_10_12.png,0,skilled_forgery,10
289,data/raw/cedar/signatures/full_org/original_10_5.png,data/raw/cedar/signatures/full_forg/forgeries_10_2.png,0,skilled_forgery,10
290,data/raw/cedar/signatures/full_org/original_10_1.png,data/raw/cedar/signatures/full_forg/forgeries_10_10.png,0,skilled_forgery,10
291,data/raw/cedar/signatures/full_org/original_10_13.png,data/raw/cedar/signatures/full_forg/forgeries_10_3.png,0,skilled_forgery,10
292,data/raw/cedar/signatures/full_org/original_10_14.png,data/raw/cedar/signatures/full_forg/forgeries_10_11.png,0,skilled_forgery,10
293,data/raw/cedar/signatures/full_org/original_10_3.png,data/raw/cedar/signatures/full_forg/forgeries_10_4.png,0,skilled_forgery,10
294,data/raw/cedar/signatures/full_org/original_10_9.png,data/raw/cedar/signatures/full_forg/forgeries_10_15.png,0,skilled_forgery,10
295,data/raw/cedar/signatures/full_org/original_10_21.png,data/raw/cedar/signatures/full_forg/forgeries_10_18.png,0,skilled_forgery,10
296,data/raw/cedar/signatures/full_org/original_10_23.png,data/raw/cedar/signatures/full_forg/forgeries_10_18.png,0,skilled_forgery,10
297,data/raw/cedar/signatures/full_org/original_10_2.png,data/raw/cedar/signatures/full_forg/forgeries_10_17.png,0,skilled_forgery,10
298,data/raw/cedar/signatures/full_org/original_10_15.png,data/raw/cedar/signatures/full_forg/forgeries_10_21.png,0,skilled_forgery,10
299,data/raw/cedar/signatures/full_org/original_10_22.png,data/raw/cedar/signatures/full_forg/forgeries_10_19.png,0,skilled_forgery,10
300,data/raw/cedar/signatures/full_org/original_10_5.png,data/raw/cedar/signatures/full_org/original_32_8.png,0,random_forgery,10
301,data/raw/cedar/signatures/full_org/original_10_21.png,data/raw/cedar/signatures/full_org/original_29_3.png,0,random_forgery,10
302,data/raw/cedar/signatures/full_org/original_10_18.png,data/raw/cedar/signatures/full_org/original_26_20.png,0,random_forgery,10
303,data/raw/cedar/signatures/full_org/original_10_24.png,data/raw/cedar/signatures/full_org/original_55_20.png,0,random_forgery,10
304,data/raw/cedar/signatures/full_org/original_10_23.png,data/raw/cedar/signatures/full_org/original_30_1.png,0,random_forgery,10
305,data/raw/cedar/signatures/full_org/original_10_7.png,data/raw/cedar/signatures/full_org/original_31_17.png,0,random_forgery,10
306,data/raw/cedar/signatures/full_org/original_10_17.png,data/raw/cedar/signatures/full_org/original_55_7.png,0,random_forgery,10
307,data/raw/cedar/signatures/full_org/original_10_10.png,data/raw/cedar/signatures/full_org/original_39_21.png,0,random_forgery,10
308,data/raw/cedar/signatures/full_org/original_10_8.png,data/raw/cedar/signatures/full_org/original_11_16.png,0,random_forgery,10
309,data/raw/cedar/signatures/full_org/original_10_4.png,data/raw/cedar/signatures/full_org/original_37_8.png,0,random_forgery,10
310,data/raw/cedar/signatures/full_org/original_10_21.png,data/raw/cedar/signatures/full_org/original_47_20.png,0,random_forgery,10
311,data/raw/cedar/signatures/full_org/original_10_17.png,data/raw/cedar/signatures/full_org/original_12_1.png,0,random_forgery,10
312,data/raw/cedar/signatures/full_org/original_10_11.png,data/raw/cedar/signatures/full_org/original_36_5.png,0,random_forgery,10
313,data/raw/cedar/signatures/full_org/original_10_19.png,data/raw/cedar/signatures/full_org/original_37_14.png,0,random_forgery,10
314,data/raw/cedar/signatures/full_org/original_10_18.png,data/raw/cedar/signatures/full_org/original_36_22.png,0,random_forgery,10
315,data/raw/cedar/signatures/full_org/original_10_16.png,data/raw/cedar/signatures/full_org/original_22_3.png,0,random_forgery,10
316,data/raw/cedar/signatures/full_org/original_10_19.png,data/raw/cedar/signatures/full_org/original_4_3.png,0,random_forgery,10
317,data/raw/cedar/signatures/full_org/original_10_9.png,data/raw/cedar/signatures/full_org/original_1_7.png,0,random_forgery,10
318,data/raw/cedar/signatures/full_org/original_10_2.png,data/raw/cedar/signatures/full_org/original_5_13.png,0,random_forgery,10
319,data/raw/cedar/signatures/full_org/original_10_10.png,data/raw/cedar/signatures/full_org/original_49_21.png,0,random_forgery,10
320,data/raw/cedar/signatures/full_org/original_11_6.png,data/raw/cedar/signatures/full_org/original_11_16.png,1,genuine_genuine,11
321,data/raw/cedar/signatures/full_org/original_11_5.png,data/raw/cedar/signatures/full_org/original_11_7.png,1,genuine_genuine,11
322,data/raw/cedar/signatures/full_org/original_11_4.png,data/raw/cedar/signatures/full_org/original_11_10.png,1,genuine_genuine,11
323,data/raw/cedar/signatures/full_org/original_11_6.png,data/raw/cedar/signatures/full_org/original_11_17.png,1,genuine_genuine,11
324,data/raw/cedar/signatures/full_org/original_11_3.png,data/raw/cedar/signatures/full_org/original_11_8.png,1,genuine_genuine,11
325,data/raw/cedar/signatures/full_org/original_11_3.png,data/raw/cedar/signatures/full_org/original_11_5.png,1,genuine_genuine,11
326,data/raw/cedar/signatures/full_org/original_11_7.png,data/raw/cedar/signatures/full_org/original_11_16.png,1,genuine_genuine,11
327,data/raw/cedar/signatures/full_org/original_11_5.png,data/raw/cedar/signatures/full_org/original_11_10.png,1,genuine_genuine,11
328,data/raw/cedar/signatures/full_org/original_11_6.png,data/raw/cedar/signatures/full_org/original_11_7.png,1,genuine_genuine,11
329,data/raw/cedar/signatures/full_org/original_11_13.png,data/raw/cedar/signatures/full_org/original_11_24.png,1,genuine_genuine,11
330,data/raw/cedar/signatures/full_org/original_11_13.png,data/raw/cedar/signatures/full_org/original_11_21.png,1,genuine_genuine,11
331,data/raw/cedar/signatures/full_org/original_11_3.png,data/raw/cedar/signatures/full_org/original_11_15.png,1,genuine_genuine,11
332,data/raw/cedar/signatures/full_org/original_11_2.png,data/raw/cedar/signatures/full_org/original_11_7.png,1,genuine_genuine,11
333,data/raw/cedar/signatures/full_org/original_11_2.png,data/raw/cedar/signatures/full_org/original_11_3.png,1,genuine_genuine,11
334,data/raw/cedar/signatures/full_org/original_11_2.png,data/raw/cedar/signatures/full_org/original_11_4.png,1,genuine_genuine,11
335,data/raw/cedar/signatures/full_org/original_11_4.png,data/raw/cedar/signatures/full_org/original_11_15.png,1,genuine_genuine,11
336,data/raw/cedar/signatures/full_org/original_11_1.png,data/raw/cedar/signatures/full_org/original_11_10.png,1,genuine_genuine,11
337,data/raw/cedar/signatures/full_org/original_11_3.png,data/raw/cedar/signatures/full_org/original_11_7.png,1,genuine_genuine,11
338,data/raw/cedar/signatures/full_org/original_11_2.png,data/raw/cedar/signatures/full_org/original_11_16.png,1,genuine_genuine,11
339,data/raw/cedar/signatures/full_org/original_11_5.png,data/raw/cedar/signatures/full_org/original_11_20.png,1,genuine_genuine,11
340,data/raw/cedar/signatures/full_org/original_11_2.png,data/raw/cedar/signatures/full_org/original_11_11.png,1,genuine_genuine,11
341,data/raw/cedar/signatures/full_org/original_11_5.png,data/raw/cedar/signatures/full_org/original_11_19.png,1,genuine_genuine,11
342,data/raw/cedar/signatures/full_org/original_11_13.png,data/raw/cedar/signatures/full_org/original_11_15.png,1,genuine_genuine,11
343,data/raw/cedar/signatures/full_org/original_11_6.png,data/raw/cedar/signatures/full_org/original_11_15.png,1,genuine_genuine,11
344,data/raw/cedar/signatures/full_org/original_11_9.png,data/raw/cedar/signatures/full_org/original_11_16.png,1,genuine_genuine,11
345,data/raw/cedar/signatures/full_org/original_11_3.png,data/raw/cedar/signatures/full_org/original_11_20.png,1,genuine_genuine,11
346,data/raw/cedar/signatures/full_org/original_11_1.png,data/raw/cedar/signatures/full_org/original_11_6.png,1,genuine_genuine,11
347,data/raw/cedar/signatures/full_org/original_11_5.png,data/raw/cedar/signatures/full_org/original_11_6.png,1,genuine_genuine,11
348,data/raw/cedar/signatures/full_org/original_11_4.png,data/raw/cedar/signatures/full_org/original_11_19.png,1,genuine_genuine,11
349,data/raw/cedar/signatures/full_org/original_11_7.png,data/raw/cedar/signatures/full_org/original_11_8.png,1,genuine_genuine,11
350,data/raw/cedar/signatures/full_org/original_11_14.png,data/raw/cedar/signatures/full_org/original_11_23.png,1,genuine_genuine,11
351,data/raw/cedar/signatures/full_org/original_11_15.png,data/raw/cedar/signatures/full_org/original_11_16.png,1,genuine_genuine,11
352,data/raw/cedar/signatures/full_org/original_11_10.png,data/raw/cedar/signatures/full_org/original_11_14.png,1,genuine_genuine,11
353,data/raw/cedar/signatures/full_org/original_11_2.png,data/raw/cedar/signatures/full_org/original_11_8.png,1,genuine_genuine,11
354,data/raw/cedar/signatures/full_org/original_11_8.png,data/raw/cedar/signatures/full_org/original_11_20.png,1,genuine_genuine,11
355,data/raw/cedar/signatures/full_org/original_11_7.png,data/raw/cedar/signatures/full_org/original_11_20.png,1,genuine_genuine,11
356,data/raw/cedar/signatures/full_org/original_11_6.png,data/raw/cedar/signatures/full_org/original_11_14.png,1,genuine_genuine,11
357,data/raw/cedar/signatures/full_org/original_11_3.png,data/raw/cedar/signatures/full_org/original_11_19.png,1,genuine_genuine,11
358,data/raw/cedar/signatures/full_org/original_11_8.png,data/raw/cedar/signatures/full_org/original_11_18.png,1,genuine_genuine,11
359,data/raw/cedar/signatures/full_org/original_11_14.png,data/raw/cedar/signatures/full_org/original_11_21.png,1,genuine_genuine,11
360,data/raw/cedar/signatures/full_org/original_11_10.png,data/raw/cedar/signatures/full_forg/forgeries_11_20.png,0,skilled_forgery,11
361,data/raw/cedar/signatures/full_org/original_11_9.png,data/raw/cedar/signatures/full_forg/forgeries_11_21.png,0,skilled_forgery,11
362,data/raw/cedar/signatures/full_org/original_11_16.png,data/raw/cedar/signatures/full_forg/forgeries_11_23.png,0,skilled_forgery,11
363,data/raw/cedar/signatures/full_org/original_11_14.png,data/raw/cedar/signatures/full_forg/forgeries_11_20.png,0,skilled_forgery,11
364,data/raw/cedar/signatures/full_org/original_11_14.png,data/raw/cedar/signatures/full_forg/forgeries_11_4.png,0,skilled_forgery,11
365,data/raw/cedar/signatures/full_org/original_11_12.png,data/raw/cedar/signatures/full_forg/forgeries_11_1.png,0,skilled_forgery,11
366,data/raw/cedar/signatures/full_org/original_11_20.png,data/raw/cedar/signatures/full_forg/forgeries_11_11.png,0,skilled_forgery,11
367,data/raw/cedar/signatures/full_org/original_11_10.png,data/raw/cedar/signatures/full_forg/forgeries_11_12.png,0,skilled_forgery,11
368,data/raw/cedar/signatures/full_org/original_11_22.png,data/raw/cedar/signatures/full_forg/forgeries_11_20.png,0,skilled_forgery,11
369,data/raw/cedar/signatures/full_org/original_11_16.png,data/raw/cedar/signatures/full_forg/forgeries_11_20.png,0,skilled_forgery,11
370,data/raw/cedar/signatures/full_org/original_11_12.png,data/raw/cedar/signatures/full_forg/forgeries_11_3.png,0,skilled_forgery,11
371,data/raw/cedar/signatures/full_org/original_11_19.png,data/raw/cedar/signatures/full_forg/forgeries_11_21.png,0,skilled_forgery,11
372,data/raw/cedar/signatures/full_org/original_11_18.png,data/raw/cedar/signatures/full_forg/forgeries_11_24.png,0,skilled_forgery,11
373,data/raw/cedar/signatures/full_org/original_11_19.png,data/raw/cedar/signatures/full_forg/forgeries_11_4.png,0,skilled_forgery,11
374,data/raw/cedar/signatures/full_org/original_11_23.png,data/raw/cedar/signatures/full_forg/forgeries_11_23.png,0,skilled_forgery,11
375,data/raw/cedar/signatures/full_org/original_11_5.png,data/raw/cedar/signatures/full_forg/forgeries_11_5.png,0,skilled_forgery,11
376,data/raw/cedar/signatures/full_org/original_11_2.png,data/raw/cedar/signatures/full_forg/forgeries_11_6.png,0,skilled_forgery,11
377,data/raw/cedar/signatures/full_org/original_11_16.png,data/raw/cedar/signatures/full_forg/forgeries_11_19.png,0,skilled_forgery,11
378,data/raw/cedar/signatures/full_org/original_11_22.png,data/raw/cedar/signatures/full_forg/forgeries_11_3.png,0,skilled_forgery,11
379,data/raw/cedar/signatures/full_org/original_11_23.png,data/raw/cedar/signatures/full_forg/forgeries_11_13.png,0,skilled_forgery,11
380,data/raw/cedar/signatures/full_org/original_11_8.png,data/raw/cedar/signatures/full_org/original_13_12.png,0,random_forgery,11
381,data/raw/cedar/signatures/full_org/original_11_24.png,data/raw/cedar/signatures/full_org/original_25_10.png,0,random_forgery,11
382,data/raw/cedar/signatures/full_org/original_11_11.png,data/raw/cedar/signatures/full_org/original_40_12.png,0,random_forgery,11
383,data/raw/cedar/signatures/full_org/original_11_19.png,data/raw/cedar/signatures/full_org/original_27_10.png,0,random_forgery,11
384,data/raw/cedar/signatures/full_org/original_11_4.png,data/raw/cedar/signatures/full_org/original_45_16.png,0,random_forgery,11
385,data/raw/cedar/signatures/full_org/original_11_21.png,data/raw/cedar/signatures/full_org/original_10_19.png,0,random_forgery,11
386,data/raw/cedar/signatures/full_org/original_11_20.png,data/raw/cedar/signatures/full_org/original_54_3.png,0,random_forgery,11
387,data/raw/cedar/signatures/full_org/original_11_7.png,data/raw/cedar/signatures/full_org/original_46_17.png,0,random_forgery,11
388,data/raw/cedar/signatures/full_org/original_11_22.png,data/raw/cedar/signatures/full_org/original_17_13.png,0,random_forgery,11
389,data/raw/cedar/signatures/full_org/original_11_10.png,data/raw/cedar/signatures/full_org/original_50_14.png,0,random_forgery,11
390,data/raw/cedar/signatures/full_org/original_11_5.png,data/raw/cedar/signatures/full_org/original_10_5.png,0,random_forgery,11
391,data/raw/cedar/signatures/full_org/original_11_11.png,data/raw/cedar/signatures/full_org/original_23_14.png,0,random_forgery,11
392,data/raw/cedar/signatures/full_org/original_11_15.png,data/raw/cedar/signatures/full_org/original_53_5.png,0,random_forgery,11
393,data/raw/cedar/signatures/full_org/original_11_23.png,data/raw/cedar/signatures/full_org/original_32_6.png,0,random_forgery,11
394,data/raw/cedar/signatures/full_org/original_11_16.png,data/raw/cedar/signatures/full_org/original_13_11.png,0,random_forgery,11
395,data/raw/cedar/signatures/full_org/original_11_11.png,data/raw/cedar/signatures/full_org/original_22_21.png,0,random_forgery,11
396,data/raw/cedar/signatures/full_org/original_11_1.png,data/raw/cedar/signatures/full_org/original_10_15.png,0,random_forgery,11
397,data/raw/cedar/signatures/full_org/original_11_7.png,data/raw/cedar/signatures/full_org/original_29_6.png,0,random_forgery,11
398,data/raw/cedar/signatures/full_org/original_11_6.png,data/raw/cedar/signatures/full_org/original_53_16.png,0,random_forgery,11
399,data/raw/cedar/signatures/full_org/original_11_5.png,data/raw/cedar/signatures/full_org/original_13_20.png,0,random_forgery,11
400,data/raw/cedar/signatures/full_org/original_12_8.png,data/raw/cedar/signatures/full_org/original_12_11.png,1,genuine_genuine,12
401,data/raw/cedar/signatures/full_org/original_12_23.png,data/raw/cedar/signatures/full_org/original_12_24.png,1,genuine_genuine,12
402,data/raw/cedar/signatures/full_org/original_12_11.png,data/raw/cedar/signatures/full_org/original_12_17.png,1,genuine_genuine,12
403,data/raw/cedar/signatures/full_org/original_12_17.png,data/raw/cedar/signatures/full_org/original_12_18.png,1,genuine_genuine,12
404,data/raw/cedar/signatures/full_org/original_12_7.png,data/raw/cedar/signatures/full_org/original_12_16.png,1,genuine_genuine,12
405,data/raw/cedar/signatures/full_org/original_12_5.png,data/raw/cedar/signatures/full_org/original_12_9.png,1,genuine_genuine,12
406,data/raw/cedar/signatures/full_org/original_12_5.png,data/raw/cedar/signatures/full_org/original_12_8.png,1,genuine_genuine,12
407,data/raw/cedar/signatures/full_org/original_12_7.png,data/raw/cedar/signatures/full_org/original_12_17.png,1,genuine_genuine,12
408,data/raw/cedar/signatures/full_org/original_12_3.png,data/raw/cedar/signatures/full_org/original_12_14.png,1,genuine_genuine,12
409,data/raw/cedar/signatures/full_org/original_12_9.png,data/raw/cedar/signatures/full_org/original_12_22.png,1,genuine_genuine,12
410,data/raw/cedar/signatures/full_org/original_12_5.png,data/raw/cedar/signatures/full_org/original_12_15.png,1,genuine_genuine,12
411,data/raw/cedar/signatures/full_org/original_12_6.png,data/raw/cedar/signatures/full_org/original_12_7.png,1,genuine_genuine,12
412,data/raw/cedar/signatures/full_org/original_12_8.png,data/raw/cedar/signatures/full_org/original_12_23.png,1,genuine_genuine,12
413,data/raw/cedar/signatures/full_org/original_12_15.png,data/raw/cedar/signatures/full_org/original_12_18.png,1,genuine_genuine,12
414,data/raw/cedar/signatures/full_org/original_12_10.png,data/raw/cedar/signatures/full_org/original_12_21.png,1,genuine_genuine,12
415,data/raw/cedar/signatures/full_org/original_12_1.png,data/raw/cedar/signatures/full_org/original_12_20.png,1,genuine_genuine,12
416,data/raw/cedar/signatures/full_org/original_12_6.png,data/raw/cedar/signatures/full_org/original_12_12.png,1,genuine_genuine,12
417,data/raw/cedar/signatures/full_org/original_12_6.png,data/raw/cedar/signatures/full_org/original_12_20.png,1,genuine_genuine,12
418,data/raw/cedar/signatures/full_org/original_12_7.png,data/raw/cedar/signatures/full_org/original_12_22.png,1,genuine_genuine,12
419,data/raw/cedar/signatures/full_org/original_12_20.png,data/raw/cedar/signatures/full_org/original_12_21.png,1,genuine_genuine,12
420,data/raw/cedar/signatures/full_org/original_12_1.png,data/raw/cedar/signatures/full_org/original_12_10.png,1,genuine_genuine,12
421,data/raw/cedar/signatures/full_org/original_12_4.png,data/raw/cedar/signatures/full_org/original_12_10.png,1,genuine_genuine,12
422,data/raw/cedar/signatures/full_org/original_12_17.png,data/raw/cedar/signatures/full_org/original_12_24.png,1,genuine_genuine,12
423,data/raw/cedar/signatures/full_org/original_12_2.png,data/raw/cedar/signatures/full_org/original_12_12.png,1,genuine_genuine,12
424,data/raw/cedar/signatures/full_org/original_12_10.png,data/raw/cedar/signatures/full_org/original_12_24.png,1,genuine_genuine,12
425,data/raw/cedar/signatures/full_org/original_12_4.png,data/raw/cedar/signatures/full_org/original_12_9.png,1,genuine_genuine,12
426,data/raw/cedar/signatures/full_org/original_12_18.png,data/raw/cedar/signatures/full_org/original_12_20.png,1,genuine_genuine,12
427,data/raw/cedar/signatures/full_org/original_12_21.png,data/raw/cedar/signatures/full_org/original_12_22.png,1,genuine_genuine,12
428,data/raw/cedar/signatures/full_org/original_12_11.png,data/raw/cedar/signatures/full_org/original_12_15.png,1,genuine_genuine,12
429,data/raw/cedar/signatures/full_org/original_12_3.png,data/raw/cedar/signatures/full_org/original_12_22.png,1,genuine_genuine,12
430,data/raw/cedar/signatures/full_org/original_12_6.png,data/raw/cedar/signatures/full_org/original_12_16.png,1,genuine_genuine,12
431,data/raw/cedar/signatures/full_org/original_12_12.png,data/raw/cedar/signatures/full_org/original_12_18.png,1,genuine_genuine,12
432,data/raw/cedar/signatures/full_org/original_12_8.png,data/raw/cedar/signatures/full_org/original_12_17.png,1,genuine_genuine,12
433,data/raw/cedar/signatures/full_org/original_12_4.png,data/raw/cedar/signatures/full_org/original_12_12.png,1,genuine_genuine,12
434,data/raw/cedar/signatures/full_org/original_12_4.png,data/raw/cedar/signatures/full_org/original_12_7.png,1,genuine_genuine,12
435,data/raw/cedar/signatures/full_org/original_12_12.png,data/raw/cedar/signatures/full_org/original_12_23.png,1,genuine_genuine,12
436,data/raw/cedar/signatures/full_org/original_12_2.png,data/raw/cedar/signatures/full_org/original_12_4.png,1,genuine_genuine,12
437,data/raw/cedar/signatures/full_org/original_12_6.png,data/raw/cedar/signatures/full_org/original_12_24.png,1,genuine_genuine,12
438,data/raw/cedar/signatures/full_org/original_12_22.png,data/raw/cedar/signatures/full_org/original_12_23.png,1,genuine_genuine,12
439,data/raw/cedar/signatures/full_org/original_12_1.png,data/raw/cedar/signatures/full_org/original_12_17.png,1,genuine_genuine,12
440,data/raw/cedar/signatures/full_org/original_12_8.png,data/raw/cedar/signatures/full_forg/forgeries_12_7.png,0,skilled_forgery,12
441,data/raw/cedar/signatures/full_org/original_12_16.png,data/raw/cedar/signatures/full_forg/forgeries_12_15.png,0,skilled_forgery,12
442,data/raw/cedar/signatures/full_org/original_12_20.png,data/raw/cedar/signatures/full_forg/forgeries_12_18.png,0,skilled_forgery,12
443,data/raw/cedar/signatures/full_org/original_12_11.png,data/raw/cedar/signatures/full_forg/forgeries_12_9.png,0,skilled_forgery,12
444,data/raw/cedar/signatures/full_org/original_12_11.png,data/raw/cedar/signatures/full_forg/forgeries_12_11.png,0,skilled_forgery,12
445,data/raw/cedar/signatures/full_org/original_12_24.png,data/raw/cedar/signatures/full_forg/forgeries_12_17.png,0,skilled_forgery,12
446,data/raw/cedar/signatures/full_org/original_12_23.png,data/raw/cedar/signatures/full_forg/forgeries_12_9.png,0,skilled_forgery,12
447,data/raw/cedar/signatures/full_org/original_12_22.png,data/raw/cedar/signatures/full_forg/forgeries_12_21.png,0,skilled_forgery,12
448,data/raw/cedar/signatures/full_org/original_12_9.png,data/raw/cedar/signatures/full_forg/forgeries_12_17.png,0,skilled_forgery,12
449,data/raw/cedar/signatures/full_org/original_12_7.png,data/raw/cedar/signatures/full_forg/forgeries_12_16.png,0,skilled_forgery,12
450,data/raw/cedar/signatures/full_org/original_12_5.png,data/raw/cedar/signatures/full_forg/forgeries_12_24.png,0,skilled_forgery,12
451,data/raw/cedar/signatures/full_org/original_12_24.png,data/raw/cedar/signatures/full_forg/forgeries_12_2.png,0,skilled_forgery,12
452,data/raw/cedar/signatures/full_org/original_12_1.png,data/raw/cedar/signatures/full_forg/forgeries_12_16.png,0,skilled_forgery,12
453,data/raw/cedar/signatures/full_org/original_12_4.png,data/raw/cedar/signatures/full_forg/forgeries_12_21.png,0,skilled_forgery,12
454,data/raw/cedar/signatures/full_org/original_12_10.png,data/raw/cedar/signatures/full_forg/forgeries_12_3.png,0,skilled_forgery,12
455,data/raw/cedar/signatures/full_org/original_12_21.png,data/raw/cedar/signatures/full_forg/forgeries_12_24.png,0,skilled_forgery,12
456,data/raw/cedar/signatures/full_org/original_12_14.png,data/raw/cedar/signatures/full_forg/forgeries_12_3.png,0,skilled_forgery,12
457,data/raw/cedar/signatures/full_org/original_12_24.png,data/raw/cedar/signatures/full_forg/forgeries_12_4.png,0,skilled_forgery,12
458,data/raw/cedar/signatures/full_org/original_12_21.png,data/raw/cedar/signatures/full_forg/forgeries_12_7.png,0,skilled_forgery,12
459,data/raw/cedar/signatures/full_org/original_12_16.png,data/raw/cedar/signatures/full_forg/forgeries_12_9.png,0,skilled_forgery,12
460,data/raw/cedar/signatures/full_org/original_12_3.png,data/raw/cedar/signatures/full_org/original_25_17.png,0,random_forgery,12
461,data/raw/cedar/signatures/full_org/original_12_7.png,data/raw/cedar/signatures/full_org/original_29_5.png,0,random_forgery,12
462,data/raw/cedar/signatures/full_org/original_12_6.png,data/raw/cedar/signatures/full_org/original_22_12.png,0,random_forgery,12
463,data/raw/cedar/signatures/full_org/original_12_23.png,data/raw/cedar/signatures/full_org/original_55_4.png,0,random_forgery,12
464,data/raw/cedar/signatures/full_org/original_12_14.png,data/raw/cedar/signatures/full_org/original_25_11.png,0,random_forgery,12
465,data/raw/cedar/signatures/full_org/original_12_16.png,data/raw/cedar/signatures/full_org/original_17_22.png,0,random_forgery,12
466,data/raw/cedar/signatures/full_org/original_12_16.png,data/raw/cedar/signatures/full_org/original_46_7.png,0,random_forgery,12
467,data/raw/cedar/signatures/full_org/original_12_6.png,data/raw/cedar/signatures/full_org/original_54_21.png,0,random_forgery,12
468,data/raw/cedar/signatures/full_org/original_12_1.png,data/raw/cedar/signatures/full_org/original_40_8.png,0,random_forgery,12
469,data/raw/cedar/signatures/full_org/original_12_5.png,data/raw/cedar/signatures/full_org/original_5_19.png,0,random_forgery,12
470,data/raw/cedar/signatures/full_org/original_12_6.png,data/raw/cedar/signatures/full_org/original_54_5.png,0,random_forgery,12
471,data/raw/cedar/signatures/full_org/original_12_2.png,data/raw/cedar/signatures/full_org/original_49_19.png,0,random_forgery,12
472,data/raw/cedar/signatures/full_org/original_12_2.png,data/raw/cedar/signatures/full_org/original_20_6.png,0,random_forgery,12
473,data/raw/cedar/signatures/full_org/original_12_6.png,data/raw/cedar/signatures/full_org/original_27_17.png,0,random_forgery,12
474,data/raw/cedar/signatures/full_org/original_12_20.png,data/raw/cedar/signatures/full_org/original_39_19.png,0,random_forgery,12
475,data/raw/cedar/signatures/full_org/original_12_24.png,data/raw/cedar/signatures/full_org/original_4_24.png,0,random_forgery,12
476,data/raw/cedar/signatures/full_org/original_12_3.png,data/raw/cedar/signatures/full_org/original_30_7.png,0,random_forgery,12
477,data/raw/cedar/signatures/full_org/original_12_20.png,data/raw/cedar/signatures/full_org/original_43_16.png,0,random_forgery,12
478,data/raw/cedar/signatures/full_org/original_12_6.png,data/raw/cedar/signatures/full_org/original_46_8.png,0,random_forgery,12
479,data/raw/cedar/signatures/full_org/original_12_20.png,data/raw/cedar/signatures/full_org/original_40_5.png,0,random_forgery,12
480,data/raw/cedar/signatures/full_org/original_13_16.png,data/raw/cedar/signatures/full_org/original_13_23.png,1,genuine_genuine,13
481,data/raw/cedar/signatures/full_org/original_13_3.png,data/raw/cedar/signatures/full_org/original_13_6.png,1,genuine_genuine,13
482,data/raw/cedar/signatures/full_org/original_13_16.png,data/raw/cedar/signatures/full_org/original_13_19.png,1,genuine_genuine,13
483,data/raw/cedar/signatures/full_org/original_13_10.png,data/raw/cedar/signatures/full_org/original_13_22.png,1,genuine_genuine,13
484,data/raw/cedar/signatures/full_org/original_13_3.png,data/raw/cedar/signatures/full_org/original_13_19.png,1,genuine_genuine,13
485,data/raw/cedar/signatures/full_org/original_13_6.png,data/raw/cedar/signatures/full_org/original_13_14.png,1,genuine_genuine,13
486,data/raw/cedar/signatures/full_org/original_13_2.png,data/raw/cedar/signatures/full_org/original_13_11.png,1,genuine_genuine,13
487,data/raw/cedar/signatures/full_org/original_13_9.png,data/raw/cedar/signatures/full_org/original_13_12.png,1,genuine_genuine,13
488,data/raw/cedar/signatures/full_org/original_13_1.png,data/raw/cedar/signatures/full_org/original_13_5.png,1,genuine_genuine,13
489,data/raw/cedar/signatures/full_org/original_13_2.png,data/raw/cedar/signatures/full_org/original_13_22.png,1,genuine_genuine,13
490,data/raw/cedar/signatures/full_org/original_13_1.png,data/raw/cedar/signatures/full_org/original_13_7.png,1,genuine_genuine,13
491,data/raw/cedar/signatures/full_org/original_13_18.png,data/raw/cedar/signatures/full_org/original_13_19.png,1,genuine_genuine,13
492,data/raw/cedar/signatures/full_org/original_13_20.png,data/raw/cedar/signatures/full_org/original_13_21.png,1,genuine_genuine,13
493,data/raw/cedar/signatures/full_org/original_13_8.png,data/raw/cedar/signatures/full_org/original_13_24.png,1,genuine_genuine,13
494,data/raw/cedar/signatures/full_org/original_13_2.png,data/raw/cedar/signatures/full_org/original_13_18.png,1,genuine_genuine,13
495,data/raw/cedar/signatures/full_org/original_13_3.png,data/raw/cedar/signatures/full_org/original_13_21.png,1,genuine_genuine,13
496,data/raw/cedar/signatures/full_org/original_13_1.png,data/raw/cedar/signatures/full_org/original_13_14.png,1,genuine_genuine,13
497,data/raw/cedar/signatures/full_org/original_13_1.png,data/raw/cedar/signatures/full_org/original_13_4.png,1,genuine_genuine,13
498,data/raw/cedar/signatures/full_org/original_13_17.png,data/raw/cedar/signatures/full_org/original_13_21.png,1,genuine_genuine,13
499,data/raw/cedar/signatures/full_org/original_13_10.png,data/raw/cedar/signatures/full_org/original_13_23.png,1,genuine_genuine,13
500,data/raw/cedar/signatures/full_org/original_13_4.png,data/raw/cedar/signatures/full_org/original_13_16.png,1,genuine_genuine,13
501,data/raw/cedar/signatures/full_org/original_13_15.png,data/raw/cedar/signatures/full_org/original_13_18.png,1,genuine_genuine,13
502,data/raw/cedar/signatures/full_org/original_13_1.png,data/raw/cedar/signatures/full_org/original_13_19.png,1,genuine_genuine,13
503,data/raw/cedar/signatures/full_org/original_13_18.png,data/raw/cedar/signatures/full_org/original_13_21.png,1,genuine_genuine,13
504,data/raw/cedar/signatures/full_org/original_13_18.png,data/raw/cedar/signatures/full_org/original_13_20.png,1,genuine_genuine,13
505,data/raw/cedar/signatures/full_org/original_13_9.png,data/raw/cedar/signatures/full_org/original_13_14.png,1,genuine_genuine,13
506,data/raw/cedar/signatures/full_org/original_13_1.png,data/raw/cedar/signatures/full_org/original_13_12.png,1,genuine_genuine,13
507,data/raw/cedar/signatures/full_org/original_13_11.png,data/raw/cedar/signatures/full_org/original_13_12.png,1,genuine_genuine,13
508,data/raw/cedar/signatures/full_org/original_13_12.png,data/raw/cedar/signatures/full_org/original_13_21.png,1,genuine_genuine,13
509,data/raw/cedar/signatures/full_org/original_13_6.png,data/raw/cedar/signatures/full_org/original_13_15.png,1,genuine_genuine,13
510,data/raw/cedar/signatures/full_org/original_13_10.png,data/raw/cedar/signatures/full_org/original_13_19.png,1,genuine_genuine,13
511,data/raw/cedar/signatures/full_org/original_13_1.png,data/raw/cedar/signatures/full_org/original_13_16.png,1,genuine_genuine,13
512,data/raw/cedar/signatures/full_org/original_13_10.png,data/raw/cedar/signatures/full_org/original_13_20.png,1,genuine_genuine,13
513,data/raw/cedar/signatures/full_org/original_13_7.png,data/raw/cedar/signatures/full_org/original_13_17.png,1,genuine_genuine,13
514,data/raw/cedar/signatures/full_org/original_13_12.png,data/raw/cedar/signatures/full_org/original_13_14.png,1,genuine_genuine,13
515,data/raw/cedar/signatures/full_org/original_13_10.png,data/raw/cedar/signatures/full_org/original_13_11.png,1,genuine_genuine,13
516,data/raw/cedar/signatures/full_org/original_13_2.png,data/raw/cedar/signatures/full_org/original_13_23.png,1,genuine_genuine,13
517,data/raw/cedar/signatures/full_org/original_13_13.png,data/raw/cedar/signatures/full_org/original_13_21.png,1,genuine_genuine,13
518,data/raw/cedar/signatures/full_org/original_13_21.png,data/raw/cedar/signatures/full_org/original_13_23.png,1,genuine_genuine,13
519,data/raw/cedar/signatures/full_org/original_13_2.png,data/raw/cedar/signatures/full_org/original_13_20.png,1,genuine_genuine,13
520,data/raw/cedar/signatures/full_org/original_13_24.png,data/raw/cedar/signatures/full_forg/forgeries_13_20.png,0,skilled_forgery,13
521,data/raw/cedar/signatures/full_org/original_13_6.png,data/raw/cedar/signatures/full_forg/forgeries_13_10.png,0,skilled_forgery,13
522,data/raw/cedar/signatures/full_org/original_13_19.png,data/raw/cedar/signatures/full_forg/forgeries_13_23.png,0,skilled_forgery,13
523,data/raw/cedar/signatures/full_org/original_13_16.png,data/raw/cedar/signatures/full_forg/forgeries_13_20.png,0,skilled_forgery,13
524,data/raw/cedar/signatures/full_org/original_13_19.png,data/raw/cedar/signatures/full_forg/forgeries_13_19.png,0,skilled_forgery,13
525,data/raw/cedar/signatures/full_org/original_13_18.png,data/raw/cedar/signatures/full_forg/forgeries_13_23.png,0,skilled_forgery,13
526,data/raw/cedar/signatures/full_org/original_13_15.png,data/raw/cedar/signatures/full_forg/forgeries_13_19.png,0,skilled_forgery,13
527,data/raw/cedar/signatures/full_org/original_13_22.png,data/raw/cedar/signatures/full_forg/forgeries_13_14.png,0,skilled_forgery,13
528,data/raw/cedar/signatures/full_org/original_13_20.png,data/raw/cedar/signatures/full_forg/forgeries_13_4.png,0,skilled_forgery,13
529,data/raw/cedar/signatures/full_org/original_13_3.png,data/raw/cedar/signatures/full_forg/forgeries_13_7.png,0,skilled_forgery,13
530,data/raw/cedar/signatures/full_org/original_13_13.png,data/raw/cedar/signatures/full_forg/forgeries_13_20.png,0,skilled_forgery,13
531,data/raw/cedar/signatures/full_org/original_13_4.png,data/raw/cedar/signatures/full_forg/forgeries_13_7.png,0,skilled_forgery,13
532,data/raw/cedar/signatures/full_org/original_13_5.png,data/raw/cedar/signatures/full_forg/forgeries_13_9.png,0,skilled_forgery,13
533,data/raw/cedar/signatures/full_org/original_13_7.png,data/raw/cedar/signatures/full_forg/forgeries_13_13.png,0,skilled_forgery,13
534,data/raw/cedar/signatures/full_org/original_13_17.png,data/raw/cedar/signatures/full_forg/forgeries_13_4.png,0,skilled_forgery,13
535,data/raw/cedar/signatures/full_org/original_13_3.png,data/raw/cedar/signatures/full_forg/forgeries_13_18.png,0,skilled_forgery,13
536,data/raw/cedar/signatures/full_org/original_13_8.png,data/raw/cedar/signatures/full_forg/forgeries_13_2.png,0,skilled_forgery,13
537,data/raw/cedar/signatures/full_org/original_13_8.png,data/raw/cedar/signatures/full_forg/forgeries_13_1.png,0,skilled_forgery,13
538,data/raw/cedar/signatures/full_org/original_13_13.png,data/raw/cedar/signatures/full_forg/forgeries_13_24.png,0,skilled_forgery,13
539,data/raw/cedar/signatures/full_org/original_13_1.png,data/raw/cedar/signatures/full_forg/forgeries_13_8.png,0,skilled_forgery,13
540,data/raw/cedar/signatures/full_org/original_13_4.png,data/raw/cedar/signatures/full_org/original_42_6.png,0,random_forgery,13
541,data/raw/cedar/signatures/full_org/original_13_18.png,data/raw/cedar/signatures/full_org/original_22_13.png,0,random_forgery,13
542,data/raw/cedar/signatures/full_org/original_13_11.png,data/raw/cedar/signatures/full_org/original_49_22.png,0,random_forgery,13
543,data/raw/cedar/signatures/full_org/original_13_18.png,data/raw/cedar/signatures/full_org/original_21_20.png,0,random_forgery,13
544,data/raw/cedar/signatures/full_org/original_13_12.png,data/raw/cedar/signatures/full_org/original_43_11.png,0,random_forgery,13
545,data/raw/cedar/signatures/full_org/original_13_11.png,data/raw/cedar/signatures/full_org/original_52_12.png,0,random_forgery,13
546,data/raw/cedar/signatures/full_org/original_13_21.png,data/raw/cedar/signatures/full_org/original_40_14.png,0,random_forgery,13
547,data/raw/cedar/signatures/full_org/original_13_20.png,data/raw/cedar/signatures/full_org/original_32_8.png,0,random_forgery,13
548,data/raw/cedar/signatures/full_org/original_13_18.png,data/raw/cedar/signatures/full_org/original_53_7.png,0,random_forgery,13
549,data/raw/cedar/signatures/full_org/original_13_18.png,data/raw/cedar/signatures/full_org/original_37_24.png,0,random_forgery,13
550,data/raw/cedar/signatures/full_org/original_13_12.png,data/raw/cedar/signatures/full_org/original_27_15.png,0,random_forgery,13
551,data/raw/cedar/signatures/full_org/original_13_13.png,data/raw/cedar/signatures/full_org/original_43_1.png,0,random_forgery,13
552,data/raw/cedar/signatures/full_org/original_13_10.png,data/raw/cedar/signatures/full_org/original_5_20.png,0,random_forgery,13
553,data/raw/cedar/signatures/full_org/original_13_17.png,data/raw/cedar/signatures/full_org/original_4_5.png,0,random_forgery,13
554,data/raw/cedar/signatures/full_org/original_13_1.png,data/raw/cedar/signatures/full_org/original_31_10.png,0,random_forgery,13
555,data/raw/cedar/signatures/full_org/original_13_7.png,data/raw/cedar/signatures/full_org/original_25_11.png,0,random_forgery,13
556,data/raw/cedar/signatures/full_org/original_13_23.png,data/raw/cedar/signatures/full_org/original_4_9.png,0,random_forgery,13
557,data/raw/cedar/signatures/full_org/original_13_17.png,data/raw/cedar/signatures/full_org/original_52_18.png,0,random_forgery,13
558,data/raw/cedar/signatures/full_org/original_13_19.png,data/raw/cedar/signatures/full_org/original_53_5.png,0,random_forgery,13
559,data/raw/cedar/signatures/full_org/original_13_2.png,data/raw/cedar/signatures/full_org/original_14_15.png,0,random_forgery,13
560,data/raw/cedar/signatures/full_org/original_14_11.png,data/raw/cedar/signatures/full_org/original_14_13.png,1,genuine_genuine,14
561,data/raw/cedar/signatures/full_org/original_14_10.png,data/raw/cedar/signatures/full_org/original_14_19.png,1,genuine_genuine,14
562,data/raw/cedar/signatures/full_org/original_14_10.png,data/raw/cedar/signatures/full_org/original_14_11.png,1,genuine_genuine,14
563,data/raw/cedar/signatures/full_org/original_14_15.png,data/raw/cedar/signatures/full_org/original_14_17.png,1,genuine_genuine,14
564,data/raw/cedar/signatures/full_org/original_14_1.png,data/raw/cedar/signatures/full_org/original_14_2.png,1,genuine_genuine,14
565,data/raw/cedar/signatures/full_org/original_14_5.png,data/raw/cedar/signatures/full_org/original_14_11.png,1,genuine_genuine,14
566,data/raw/cedar/signatures/full_org/original_14_5.png,data/raw/cedar/signatures/full_org/original_14_24.png,1,genuine_genuine,14
567,data/raw/cedar/signatures/full_org/original_14_6.png,data/raw/cedar/signatures/full_org/original_14_18.png,1,genuine_genuine,14
568,data/raw/cedar/signatures/full_org/original_14_14.png,data/raw/cedar/signatures/full_org/original_14_15.png,1,genuine_genuine,14
569,data/raw/cedar/signatures/full_org/original_14_21.png,data/raw/cedar/signatures/full_org/original_14_24.png,1,genuine_genuine,14
570,data/raw/cedar/signatures/full_org/original_14_14.png,data/raw/cedar/signatures/full_org/original_14_18.png,1,genuine_genuine,14
571,data/raw/cedar/signatures/full_org/original_14_6.png,data/raw/cedar/signatures/full_org/original_14_11.png,1,genuine_genuine,14
572,data/raw/cedar/signatures/full_org/original_14_7.png,data/raw/cedar/signatures/full_org/original_14_10.png,1,genuine_genuine,14
573,data/raw/cedar/signatures/full_org/original_14_12.png,data/raw/cedar/signatures/full_org/original_14_17.png,1,genuine_genuine,14
574,data/raw/cedar/signatures/full_org/original_14_12.png,data/raw/cedar/signatures/full_org/original_14_20.png,1,genuine_genuine,14
575,data/raw/cedar/signatures/full_org/original_14_13.png,data/raw/cedar/signatures/full_org/original_14_18.png,1,genuine_genuine,14
576,data/raw/cedar/signatures/full_org/original_14_16.png,data/raw/cedar/signatures/full_org/original_14_18.png,1,genuine_genuine,14
577,data/raw/cedar/signatures/full_org/original_14_2.png,data/raw/cedar/signatures/full_org/original_14_21.png,1,genuine_genuine,14
578,data/raw/cedar/signatures/full_org/original_14_7.png,data/raw/cedar/signatures/full_org/original_14_22.png,1,genuine_genuine,14
579,data/raw/cedar/signatures/full_org/original_14_11.png,data/raw/cedar/signatures/full_org/original_14_15.png,1,genuine_genuine,14
580,data/raw/cedar/signatures/full_org/original_14_6.png,data/raw/cedar/signatures/full_org/original_14_19.png,1,genuine_genuine,14
581,data/raw/cedar/signatures/full_org/original_14_13.png,data/raw/cedar/signatures/full_org/original_14_15.png,1,genuine_genuine,14
582,data/raw/cedar/signatures/full_org/original_14_17.png,data/raw/cedar/signatures/full_org/original_14_24.png,1,genuine_genuine,14
583,data/raw/cedar/signatures/full_org/original_14_5.png,data/raw/cedar/signatures/full_org/original_14_18.png,1,genuine_genuine,14
584,data/raw/cedar/signatures/full_org/original_14_1.png,data/raw/cedar/signatures/full_org/original_14_6.png,1,genuine_genuine,14
585,data/raw/cedar/signatures/full_org/original_14_2.png,data/raw/cedar/signatures/full_org/original_14_24.png,1,genuine_genuine,14
586,data/raw/cedar/signatures/full_org/original_14_3.png,data/raw/cedar/signatures/full_org/original_14_4.png,1,genuine_genuine,14
587,data/raw/cedar/signatures/full_org/original_14_20.png,data/raw/cedar/signatures/full_org/original_14_23.png,1,genuine_genuine,14
588,data/raw/cedar/signatures/full_org/original_14_21.png,data/raw/cedar/signatures/full_org/original_14_22.png,1,genuine_genuine,14
589,data/raw/cedar/signatures/full_org/original_14_10.png,data/raw/cedar/signatures/full_org/original_14_13.png,1,genuine_genuine,14
590,data/raw/cedar/signatures/full_org/original_14_3.png,data/raw/cedar/signatures/full_org/original_14_11.png,1,genuine_genuine,14
591,data/raw/cedar/signatures/full_org/original_14_2.png,data/raw/cedar/signatures/full_org/original_14_7.png,1,genuine_genuine,14
592,data/raw/cedar/signatures/full_org/original_14_4.png,data/raw/cedar/signatures/full_org/original_14_19.png,1,genuine_genuine,14
593,data/raw/cedar/signatures/full_org/original_14_13.png,data/raw/cedar/signatures/full_org/original_14_17.png,1,genuine_genuine,14
594,data/raw/cedar/signatures/full_org/original_14_7.png,data/raw/cedar/signatures/full_org/original_14_11.png,1,genuine_genuine,14
595,data/raw/cedar/signatures/full_org/original_14_11.png,data/raw/cedar/signatures/full_org/original_14_23.png,1,genuine_genuine,14
596,data/raw/cedar/signatures/full_org/original_14_6.png,data/raw/cedar/signatures/full_org/original_14_24.png,1,genuine_genuine,14
597,data/raw/cedar/signatures/full_org/original_14_4.png,data/raw/cedar/signatures/full_org/original_14_10.png,1,genuine_genuine,14
598,data/raw/cedar/signatures/full_org/original_14_4.png,data/raw/cedar/signatures/full_org/original_14_14.png,1,genuine_genuine,14
599,data/raw/cedar/signatures/full_org/original_14_5.png,data/raw/cedar/signatures/full_org/original_14_14.png,1,genuine_genuine,14
600,data/raw/cedar/signatures/full_org/original_14_18.png,data/raw/cedar/signatures/full_forg/forgeries_14_2.png,0,skilled_forgery,14
601,data/raw/cedar/signatures/full_org/original_14_21.png,data/raw/cedar/signatures/full_forg/forgeries_14_20.png,0,skilled_forgery,14
602,data/raw/cedar/signatures/full_org/original_14_23.png,data/raw/cedar/signatures/full_forg/forgeries_14_2.png,0,skilled_forgery,14
603,data/raw/cedar/signatures/full_org/original_14_4.png,data/raw/cedar/signatures/full_forg/forgeries_14_22.png,0,skilled_forgery,14
604,data/raw/cedar/signatures/full_org/original_14_17.png,data/raw/cedar/signatures/full_forg/forgeries_14_11.png,0,skilled_forgery,14
605,data/raw/cedar/signatures/full_org/original_14_13.png,data/raw/cedar/signatures/full_forg/forgeries_14_11.png,0,skilled_forgery,14
606,data/raw/cedar/signatures/full_org/original_14_8.png,data/raw/cedar/signatures/full_forg/forgeries_14_10.png,0,skilled_forgery,14
607,data/raw/cedar/signatures/full_org/original_14_5.png,data/raw/cedar/signatures/full_forg/forgeries_14_5.png,0,skilled_forgery,14
608,data/raw/cedar/signatures/full_org/original_14_7.png,data/raw/cedar/signatures/full_forg/forgeries_14_13.png,0,skilled_forgery,14
609,data/raw/cedar/signatures/full_org/original_14_12.png,data/raw/cedar/signatures/full_forg/forgeries_14_19.png,0,skilled_forgery,14
610,data/raw/cedar/signatures/full_org/original_14_5.png,data/raw/cedar/signatures/full_forg/forgeries_14_15.png,0,skilled_forgery,14
611,data/raw/cedar/signatures/full_org/original_14_15.png,data/raw/cedar/signatures/full_forg/forgeries_14_16.png,0,skilled_forgery,14
612,data/raw/cedar/signatures/full_org/original_14_8.png,data/raw/cedar/signatures/full_forg/forgeries_14_5.png,0,skilled_forgery,14
613,data/raw/cedar/signatures/full_org/original_14_7.png,data/raw/cedar/signatures/full_forg/forgeries_14_11.png,0,skilled_forgery,14
614,data/raw/cedar/signatures/full_org/original_14_5.png,data/raw/cedar/signatures/full_forg/forgeries_14_21.png,0,skilled_forgery,14
615,data/raw/cedar/signatures/full_org/original_14_13.png,data/raw/cedar/signatures/full_forg/forgeries_14_18.png,0,skilled_forgery,14
616,data/raw/cedar/signatures/full_org/original_14_11.png,data/raw/cedar/signatures/full_forg/forgeries_14_19.png,0,skilled_forgery,14
617,data/raw/cedar/signatures/full_org/original_14_14.png,data/raw/cedar/signatures/full_forg/forgeries_14_16.png,0,skilled_forgery,14
618,data/raw/cedar/signatures/full_org/original_14_18.png,data/raw/cedar/signatures/full_forg/forgeries_14_10.png,0,skilled_forgery,14
619,data/raw/cedar/signatures/full_org/original_14_21.png,data/raw/cedar/signatures/full_forg/forgeries_14_3.png,0,skilled_forgery,14
620,data/raw/cedar/signatures/full_org/original_14_3.png,data/raw/cedar/signatures/full_org/original_10_7.png,0,random_forgery,14
621,data/raw/cedar/signatures/full_org/original_14_19.png,data/raw/cedar/signatures/full_org/original_19_21.png,0,random_forgery,14
622,data/raw/cedar/signatures/full_org/original_14_5.png,data/raw/cedar/signatures/full_org/original_1_22.png,0,random_forgery,14
623,data/raw/cedar/signatures/full_org/original_14_15.png,data/raw/cedar/signatures/full_org/original_20_18.png,0,random_forgery,14
624,data/raw/cedar/signatures/full_org/original_14_13.png,data/raw/cedar/signatures/full_org/original_30_20.png,0,random_forgery,14
625,data/raw/cedar/signatures/full_org/original_14_15.png,data/raw/cedar/signatures/full_org/original_53_7.png,0,random_forgery,14
626,data/raw/cedar/signatures/full_org/original_14_22.png,data/raw/cedar/signatures/full_org/original_24_11.png,0,random_forgery,14
627,data/raw/cedar/signatures/full_org/original_14_19.png,data/raw/cedar/signatures/full_org/original_31_22.png,0,random_forgery,14
628,data/raw/cedar/signatures/full_org/original_14_14.png,data/raw/cedar/signatures/full_org/original_31_23.png,0,random_forgery,14
629,data/raw/cedar/signatures/full_org/original_14_3.png,data/raw/cedar/signatures/full_org/original_34_19.png,0,random_forgery,14
630,data/raw/cedar/signatures/full_org/original_14_20.png,data/raw/cedar/signatures/full_org/original_1_17.png,0,random_forgery,14
631,data/raw/cedar/signatures/full_org/original_14_5.png,data/raw/cedar/signatures/full_org/original_39_10.png,0,random_forgery,14
632,data/raw/cedar/signatures/full_org/original_14_12.png,data/raw/cedar/signatures/full_org/original_10_18.png,0,random_forgery,14
633,data/raw/cedar/signatures/full_org/original_14_1.png,data/raw/cedar/signatures/full_org/original_10_23.png,0,random_forgery,14
634,data/raw/cedar/signatures/full_org/original_14_12.png,data/raw/cedar/signatures/full_org/original_52_4.png,0,random_forgery,14
635,data/raw/cedar/signatures/full_org/original_14_1.png,data/raw/cedar/signatures/full_org/original_30_8.png,0,random_forgery,14
636,data/raw/cedar/signatures/full_org/original_14_23.png,data/raw/cedar/signatures/full_org/original_42_19.png,0,random_forgery,14
637,data/raw/cedar/signatures/full_org/original_14_21.png,data/raw/cedar/signatures/full_org/original_39_11.png,0,random_forgery,14
638,data/raw/cedar/signatures/full_org/original_14_13.png,data/raw/cedar/signatures/full_org/original_37_13.png,0,random_forgery,14
639,data/raw/cedar/signatures/full_org/original_14_18.png,data/raw/cedar/signatures/full_org/original_42_7.png,0,random_forgery,14
640,data/raw/cedar/signatures/full_org/original_17_7.png,data/raw/cedar/signatures/full_org/original_17_22.png,1,genuine_genuine,17
641,data/raw/cedar/signatures/full_org/original_17_2.png,data/raw/cedar/signatures/full_org/original_17_21.png,1,genuine_genuine,17
642,data/raw/cedar/signatures/full_org/original_17_4.png,data/raw/cedar/signatures/full_org/original_17_19.png,1,genuine_genuine,17
643,data/raw/cedar/signatures/full_org/original_17_13.png,data/raw/cedar/signatures/full_org/original_17_15.png,1,genuine_genuine,17
644,data/raw/cedar/signatures/full_org/original_17_2.png,data/raw/cedar/signatures/full_org/original_17_3.png,1,genuine_genuine,17
645,data/raw/cedar/signatures/full_org/original_17_5.png,data/raw/cedar/signatures/full_org/original_17_17.png,1,genuine_genuine,17
646,data/raw/cedar/signatures/full_org/original_17_12.png,data/raw/cedar/signatures/full_org/original_17_21.png,1,genuine_genuine,17
647,data/raw/cedar/signatures/full_org/original_17_5.png,data/raw/cedar/signatures/full_org/original_17_15.png,1,genuine_genuine,17
648,data/raw/cedar/signatures/full_org/original_17_1.png,data/raw/cedar/signatures/full_org/original_17_19.png,1,genuine_genuine,17
649,data/raw/cedar/signatures/full_org/original_17_7.png,data/raw/cedar/signatures/full_org/original_17_10.png,1,genuine_genuine,17
650,data/raw/cedar/signatures/full_org/original_17_6.png,data/raw/cedar/signatures/full_org/original_17_15.png,1,genuine_genuine,17
651,data/raw/cedar/signatures/full_org/original_17_1.png,data/raw/cedar/signatures/full_org/original_17_12.png,1,genuine_genuine,17
652,data/raw/cedar/signatures/full_org/original_17_3.png,data/raw/cedar/signatures/full_org/original_17_17.png,1,genuine_genuine,17
653,data/raw/cedar/signatures/full_org/original_17_15.png,data/raw/cedar/signatures/full_org/original_17_20.png,1,genuine_genuine,17
654,data/raw/cedar/signatures/full_org/original_17_9.png,data/raw/cedar/signatures/full_org/original_17_11.png,1,genuine_genuine,17
655,data/raw/cedar/signatures/full_org/original_17_2.png,data/raw/cedar/signatures/full_org/original_17_7.png,1,genuine_genuine,17
656,data/raw/cedar/signatures/full_org/original_17_12.png,data/raw/cedar/signatures/full_org/original_17_20.png,1,genuine_genuine,17
657,data/raw/cedar/signatures/full_org/original_17_2.png,data/raw/cedar/signatures/full_org/original_17_19.png,1,genuine_genuine,17
658,data/raw/cedar/signatures/full_org/original_17_13.png,data/raw/cedar/signatures/full_org/original_17_14.png,1,genuine_genuine,17
659,data/raw/cedar/signatures/full_org/original_17_9.png,data/raw/cedar/signatures/full_org/original_17_21.png,1,genuine_genuine,17
660,data/raw/cedar/signatures/full_org/original_17_2.png,data/raw/cedar/signatures/full_org/original_17_11.png,1,genuine_genuine,17
661,data/raw/cedar/signatures/full_org/original_17_8.png,data/raw/cedar/signatures/full_org/original_17_24.png,1,genuine_genuine,17
662,data/raw/cedar/signatures/full_org/original_17_8.png,data/raw/cedar/signatures/full_org/original_17_11.png,1,genuine_genuine,17
663,data/raw/cedar/signatures/full_org/original_17_5.png,data/raw/cedar/signatures/full_org/original_17_24.png,1,genuine_genuine,17
664,data/raw/cedar/signatures/full_org/original_17_20.png,data/raw/cedar/signatures/full_org/original_17_23.png,1,genuine_genuine,17
665,data/raw/cedar/signatures/full_org/original_17_2.png,data/raw/cedar/signatures/full_org/original_17_5.png,1,genuine_genuine,17
666,data/raw/cedar/signatures/full_org/original_17_9.png,data/raw/cedar/signatures/full_org/original_17_18.png,1,genuine_genuine,17
667,data/raw/cedar/signatures/full_org/original_17_6.png,data/raw/cedar/signatures/full_org/original_17_14.png,1,genuine_genuine,17
668,data/raw/cedar/signatures/full_org/original_17_9.png,data/raw/cedar/signatures/full_org/original_17_14.png,1,genuine_genuine,17
669,data/raw/cedar/signatures/full_org/original_17_3.png,data/raw/cedar/signatures/full_org/original_17_20.png,1,genuine_genuine,17
670,data/raw/cedar/signatures/full_org/original_17_21.png,data/raw/cedar/signatures/full_org/original_17_22.png,1,genuine_genuine,17
671,data/raw/cedar/signatures/full_org/original_17_22.png,data/raw/cedar/signatures/full_org/original_17_24.png,1,genuine_genuine,17
672,data/raw/cedar/signatures/full_org/original_17_14.png,data/raw/cedar/signatures/full_org/original_17_24.png,1,genuine_genuine,17
673,data/raw/cedar/signatures/full_org/original_17_18.png,data/raw/cedar/signatures/full_org/original_17_22.png,1,genuine_genuine,17
674,data/raw/cedar/signatures/full_org/original_17_1.png,data/raw/cedar/signatures/full_org/original_17_9.png,1,genuine_genuine,17
675,data/raw/cedar/signatures/full_org/original_17_10.png,data/raw/cedar/signatures/full_org/original_17_23.png,1,genuine_genuine,17
676,data/raw/cedar/signatures/full_org/original_17_16.png,data/raw/cedar/signatures/full_org/original_17_18.png,1,genuine_genuine,17
677,data/raw/cedar/signatures/full_org/original_17_9.png,data/raw/cedar/signatures/full_org/original_17_19.png,1,genuine_genuine,17
678,data/raw/cedar/signatures/full_org/original_17_4.png,data/raw/cedar/signatures/full_org/original_17_22.png,1,genuine_genuine,17
679,data/raw/cedar/signatures/full_org/original_17_10.png,data/raw/cedar/signatures/full_org/original_17_19.png,1,genuine_genuine,17
680,data/raw/cedar/signatures/full_org/original_17_20.png,data/raw/cedar/signatures/full_forg/forgeries_17_4.png,0,skilled_forgery,17
681,data/raw/cedar/signatures/full_org/original_17_22.png,data/raw/cedar/signatures/full_forg/forgeries_17_12.png,0,skilled_forgery,17
682,data/raw/cedar/signatures/full_org/original_17_9.png,data/raw/cedar/signatures/full_forg/forgeries_17_15.png,0,skilled_forgery,17
683,data/raw/cedar/signatures/full_org/original_17_21.png,data/raw/cedar/signatures/full_forg/forgeries_17_18.png,0,skilled_forgery,17
684,data/raw/cedar/signatures/full_org/original_17_8.png,data/raw/cedar/signatures/full_forg/forgeries_17_3.png,0,skilled_forgery,17
685,data/raw/cedar/signatures/full_org/original_17_17.png,data/raw/cedar/signatures/full_forg/forgeries_17_5.png,0,skilled_forgery,17
686,data/raw/cedar/signatures/full_org/original_17_2.png,data/raw/cedar/signatures/full_forg/forgeries_17_16.png,0,skilled_forgery,17
687,data/raw/cedar/signatures/full_org/original_17_11.png,data/raw/cedar/signatures/full_forg/forgeries_17_1.png,0,skilled_forgery,17
688,data/raw/cedar/signatures/full_org/original_17_19.png,data/raw/cedar/signatures/full_forg/forgeries_17_12.png,0,skilled_forgery,17
689,data/raw/cedar/signatures/full_org/original_17_22.png,data/raw/cedar/signatures/full_forg/forgeries_17_7.png,0,skilled_forgery,17
690,data/raw/cedar/signatures/full_org/original_17_8.png,data/raw/cedar/signatures/full_forg/forgeries_17_7.png,0,skilled_forgery,17
691,data/raw/cedar/signatures/full_org/original_17_24.png,data/raw/cedar/signatures/full_forg/forgeries_17_12.png,0,skilled_forgery,17
692,data/raw/cedar/signatures/full_org/original_17_7.png,data/raw/cedar/signatures/full_forg/forgeries_17_18.png,0,skilled_forgery,17
693,data/raw/cedar/signatures/full_org/original_17_2.png,data/raw/cedar/signatures/full_forg/forgeries_17_23.png,0,skilled_forgery,17
694,data/raw/cedar/signatures/full_org/original_17_8.png,data/raw/cedar/signatures/full_forg/forgeries_17_23.png,0,skilled_forgery,17
695,data/raw/cedar/signatures/full_org/original_17_19.png,data/raw/cedar/signatures/full_forg/forgeries_17_5.png,0,skilled_forgery,17
696,data/raw/cedar/signatures/full_org/original_17_8.png,data/raw/cedar/signatures/full_forg/forgeries_17_14.png,0,skilled_forgery,17
697,data/raw/cedar/signatures/full_org/original_17_14.png,data/raw/cedar/signatures/full_forg/forgeries_17_24.png,0,skilled_forgery,17
698,data/raw/cedar/signatures/full_org/original_17_20.png,data/raw/cedar/signatures/full_forg/forgeries_17_7.png,0,skilled_forgery,17
699,data/raw/cedar/signatures/full_org/original_17_9.png,data/raw/cedar/signatures/full_forg/forgeries_17_13.png,0,skilled_forgery,17
700,data/raw/cedar/signatures/full_org/original_17_5.png,data/raw/cedar/signatures/full_org/original_34_12.png,0,random_forgery,17
701,data/raw/cedar/signatures/full_org/original_17_18.png,data/raw/cedar/signatures/full_org/original_43_6.png,0,random_forgery,17
702,data/raw/cedar/signatures/full_org/original_17_10.png,data/raw/cedar/signatures/full_org/original_51_4.png,0,random_forgery,17
703,data/raw/cedar/signatures/full_org/original_17_13.png,data/raw/cedar/signatures/full_org/original_4_16.png,0,random_forgery,17
704,data/raw/cedar/signatures/full_org/original_17_15.png,data/raw/cedar/signatures/full_org/original_20_11.png,0,random_forgery,17
705,data/raw/cedar/signatures/full_org/original_17_1.png,data/raw/cedar/signatures/full_org/original_20_24.png,0,random_forgery,17
706,data/raw/cedar/signatures/full_org/original_17_17.png,data/raw/cedar/signatures/full_org/original_51_11.png,0,random_forgery,17
707,data/raw/cedar/signatures/full_org/original_17_16.png,data/raw/cedar/signatures/full_org/original_30_10.png,0,random_forgery,17
708,data/raw/cedar/signatures/full_org/original_17_22.png,data/raw/cedar/signatures/full_org/original_53_5.png,0,random_forgery,17
709,data/raw/cedar/signatures/full_org/original_17_24.png,data/raw/cedar/signatures/full_org/original_53_15.png,0,random_forgery,17
710,data/raw/cedar/signatures/full_org/original_17_23.png,data/raw/cedar/signatures/full_org/original_33_4.png,0,random_forgery,17
711,data/raw/cedar/signatures/full_org/original_17_2.png,data/raw/cedar/signatures/full_org/original_46_5.png,0,random_forgery,17
712,data/raw/cedar/signatures/full_org/original_17_4.png,data/raw/cedar/signatures/full_org/original_52_10.png,0,random_forgery,17
713,data/raw/cedar/signatures/full_org/original_17_13.png,data/raw/cedar/signatures/full_org/original_4_20.png,0,random_forgery,17
714,data/raw/cedar/signatures/full_org/original_17_15.png,data/raw/cedar/signatures/full_org/original_25_12.png,0,random_forgery,17
715,data/raw/cedar/signatures/full_org/original_17_11.png,data/raw/cedar/signatures/full_org/original_12_2.png,0,random_forgery,17
716,data/raw/cedar/signatures/full_org/original_17_21.png,data/raw/cedar/signatures/full_org/original_55_7.png,0,random_forgery,17
717,data/raw/cedar/signatures/full_org/original_17_17.png,data/raw/cedar/signatures/full_org/original_54_8.png,0,random_forgery,17
718,data/raw/cedar/signatures/full_org/original_17_7.png,data/raw/cedar/signatures/full_org/original_29_1.png,0,random_forgery,17
719,data/raw/cedar/signatures/full_org/original_17_18.png,data/raw/cedar/signatures/full_org/original_12_15.png,0,random_forgery,17
720,data/raw/cedar/signatures/full_org/original_19_7.png,data/raw/cedar/signatures/full_org/original_19_13.png,1,genuine_genuine,19
721,data/raw/cedar/signatures/full_org/original_19_6.png,data/raw/cedar/signatures/full_org/original_19_14.png,1,genuine_genuine,19
722,data/raw/cedar/signatures/full_org/original_19_3.png,data/raw/cedar/signatures/full_org/original_19_22.png,1,genuine_genuine,19
723,data/raw/cedar/signatures/full_org/original_19_1.png,data/raw/cedar/signatures/full_org/original_19_23.png,1,genuine_genuine,19
724,data/raw/cedar/signatures/full_org/original_19_10.png,data/raw/cedar/signatures/full_org/original_19_22.png,1,genuine_genuine,19
725,data/raw/cedar/signatures/full_org/original_19_5.png,data/raw/cedar/signatures/full_org/original_19_20.png,1,genuine_genuine,19
726,data/raw/cedar/signatures/full_org/original_19_4.png,data/raw/cedar/signatures/full_org/original_19_18.png,1,genuine_genuine,19
727,data/raw/cedar/signatures/full_org/original_19_6.png,data/raw/cedar/signatures/full_org/original_19_12.png,1,genuine_genuine,19
728,data/raw/cedar/signatures/full_org/original_19_18.png,data/raw/cedar/signatures/full_org/original_19_22.png,1,genuine_genuine,19
729,data/raw/cedar/signatures/full_org/original_19_4.png,data/raw/cedar/signatures/full_org/original_19_11.png,1,genuine_genuine,19
730,data/raw/cedar/signatures/full_org/original_19_2.png,data/raw/cedar/signatures/full_org/original_19_5.png,1,genuine_genuine,19
731,data/raw/cedar/signatures/full_org/original_19_5.png,data/raw/cedar/signatures/full_org/original_19_18.png,1,genuine_genuine,19
732,data/raw/cedar/signatures/full_org/original_19_2.png,data/raw/cedar/signatures/full_org/original_19_13.png,1,genuine_genuine,19
733,data/raw/cedar/signatures/full_org/original_19_20.png,data/raw/cedar/signatures/full_org/original_19_21.png,1,genuine_genuine,19
734,data/raw/cedar/signatures/full_org/original_19_10.png,data/raw/cedar/signatures/full_org/original_19_20.png,1,genuine_genuine,19
735,data/raw/cedar/signatures/full_org/original_19_4.png,data/raw/cedar/signatures/full_org/original_19_23.png,1,genuine_genuine,19
736,data/raw/cedar/signatures/full_org/original_19_9.png,data/raw/cedar/signatures/full_org/original_19_12.png,1,genuine_genuine,19
737,data/raw/cedar/signatures/full_org/original_19_10.png,data/raw/cedar/signatures/full_org/original_19_18.png,1,genuine_genuine,19
738,data/raw/cedar/signatures/full_org/original_19_16.png,data/raw/cedar/signatures/full_org/original_19_18.png,1,genuine_genuine,19
739,data/raw/cedar/signatures/full_org/original_19_6.png,data/raw/cedar/signatures/full_org/original_19_21.png,1,genuine_genuine,19
740,data/raw/cedar/signatures/full_org/original_19_12.png,data/raw/cedar/signatures/full_org/original_19_23.png,1,genuine_genuine,19
741,data/raw/cedar/signatures/full_org/original_19_1.png,data/raw/cedar/signatures/full_org/original_19_7.png,1,genuine_genuine,19
742,data/raw/cedar/signatures/full_org/original_19_3.png,data/raw/cedar/signatures/full_org/original_19_24.png,1,genuine_genuine,19
743,data/raw/cedar/signatures/full_org/original_19_22.png,data/raw/cedar/signatures/full_org/original_19_24.png,1,genuine_genuine,19
744,data/raw/cedar/signatures/full_org/original_19_11.png,data/raw/cedar/signatures/full_org/original_19_21.png,1,genuine_genuine,19
745,data/raw/cedar/signatures/full_org/original_19_1.png,data/raw/cedar/signatures/full_org/original_19_10.png,1,genuine_genuine,19
746,data/raw/cedar/signatures/full_org/original_19_2.png,data/raw/cedar/signatures/full_org/original_19_3.png,1,genuine_genuine,19
747,data/raw/cedar/signatures/full_org/original_19_15.png,data/raw/cedar/signatures/full_org/original_19_23.png,1,genuine_genuine,19
748,data/raw/cedar/signatures/full_org/original_19_13.png,data/raw/cedar/signatures/full_org/original_19_23.png,1,genuine_genuine,19
749,data/raw/cedar/signatures/full_org/original_19_2.png,data/raw/cedar/signatures/full_org/original_19_20.png,1,genuine_genuine,19
750,data/raw/cedar/signatures/full_org/original_19_8.png,data/raw/cedar/signatures/full_org/original_19_21.png,1,genuine_genuine,19
751,data/raw/cedar/signatures/full_org/original_19_19.png,data/raw/cedar/signatures/full_org/original_19_24.png,1,genuine_genuine,19
752,data/raw/cedar/signatures/full_org/original_19_1.png,data/raw/cedar/signatures/full_org/original_19_13.png,1,genuine_genuine,19
753,data/raw/cedar/signatures/full_org/original_19_3.png,data/raw/cedar/signatures/full_org/original_19_18.png,1,genuine_genuine,19
754,data/raw/cedar/signatures/full_org/original_19_6.png,data/raw/cedar/signatures/full_org/original_19_19.png,1,genuine_genuine,19
755,data/raw/cedar/signatures/full_org/original_19_11.png,data/raw/cedar/signatures/full_org/original_19_12.png,1,genuine_genuine,19
756,data/raw/cedar/signatures/full_org/original_19_21.png,data/raw/cedar/signatures/full_org/original_19_23.png,1,genuine_genuine,19
757,data/raw/cedar/signatures/full_org/original_19_12.png,data/raw/cedar/signatures/full_org/original_19_22.png,1,genuine_genuine,19
758,data/raw/cedar/signatures/full_org/original_19_5.png,data/raw/cedar/signatures/full_org/original_19_23.png,1,genuine_genuine,19
759,data/raw/cedar/signatures/full_org/original_19_11.png,data/raw/cedar/signatures/full_org/original_19_18.png,1,genuine_genuine,19
760,data/raw/cedar/signatures/full_org/original_19_21.png,data/raw/cedar/signatures/full_forg/forgeries_19_18.png,0,skilled_forgery,19
761,data/raw/cedar/signatures/full_org/original_19_13.png,data/raw/cedar/signatures/full_forg/forgeries_19_1.png,0,skilled_forgery,19
762,data/raw/cedar/signatures/full_org/original_19_10.png,data/raw/cedar/signatures/full_forg/forgeries_19_14.png,0,skilled_forgery,19
763,data/raw/cedar/signatures/full_org/original_19_11.png,data/raw/cedar/signatures/full_forg/forgeries_19_8.png,0,skilled_forgery,19
764,data/raw/cedar/signatures/full_org/original_19_2.png,data/raw/cedar/signatures/full_forg/forgeries_19_23.png,0,skilled_forgery,19
765,data/raw/cedar/signatures/full_org/original_19_11.png,data/raw/cedar/signatures/full_forg/forgeries_19_7.png,0,skilled_forgery,19
766,data/raw/cedar/signatures/full_org/original_19_4.png,data/raw/cedar/signatures/full_forg/forgeries_19_1.png,0,skilled_forgery,19
767,data/raw/cedar/signatures/full_org/original_19_3.png,data/raw/cedar/signatures/full_forg/forgeries_19_12.png,0,skilled_forgery,19
768,data/raw/cedar/signatures/full_org/original_19_18.png,data/raw/cedar/signatures/full_forg/forgeries_19_17.png,0,skilled_forgery,19
769,data/raw/cedar/signatures/full_org/original_19_14.png,data/raw/cedar/signatures/full_forg/forgeries_19_23.png,0,skilled_forgery,19
770,data/raw/cedar/signatures/full_org/original_19_21.png,data/raw/cedar/signatures/full_forg/forgeries_19_2.png,0,skilled_forgery,19
771,data/raw/cedar/signatures/full_org/original_19_15.png,data/raw/cedar/signatures/full_forg/forgeries_19_14.png,0,skilled_forgery,19
772,data/raw/cedar/signatures/full_org/original_19_11.png,data/raw/cedar/signatures/full_forg/forgeries_19_23.png,0,skilled_forgery,19
773,data/raw/cedar/signatures/full_org/original_19_5.png,data/raw/cedar/signatures/full_forg/forgeries_19_19.png,0,skilled_forgery,19
774,data/raw/cedar/signatures/full_org/original_19_18.png,data/raw/cedar/signatures/full_forg/forgeries_19_11.png,0,skilled_forgery,19
775,data/raw/cedar/signatures/full_org/original_19_9.png,data/raw/cedar/signatures/full_forg/forgeries_19_6.png,0,skilled_forgery,19
776,data/raw/cedar/signatures/full_org/original_19_23.png,data/raw/cedar/signatures/full_forg/forgeries_19_21.png,0,skilled_forgery,19
777,data/raw/cedar/signatures/full_org/original_19_15.png,data/raw/cedar/signatures/full_forg/forgeries_19_18.png,0,skilled_forgery,19
778,data/raw/cedar/signatures/full_org/original_19_10.png,data/raw/cedar/signatures/full_forg/forgeries_19_13.png,0,skilled_forgery,19
779,data/raw/cedar/signatures/full_org/original_19_15.png,data/raw/cedar/signatures/full_forg/forgeries_19_8.png,0,skilled_forgery,19
780,data/raw/cedar/signatures/full_org/original_19_1.png,data/raw/cedar/signatures/full_org/original_20_10.png,0,random_forgery,19
781,data/raw/cedar/signatures/full_org/original_19_8.png,data/raw/cedar/signatures/full_org/original_27_20.png,0,random_forgery,19
782,data/raw/cedar/signatures/full_org/original_19_8.png,data/raw/cedar/signatures/full_org/original_43_12.png,0,random_forgery,19
783,data/raw/cedar/signatures/full_org/original_19_22.png,data/raw/cedar/signatures/full_org/original_54_21.png,0,random_forgery,19
784,data/raw/cedar/signatures/full_org/original_19_3.png,data/raw/cedar/signatures/full_org/original_45_1.png,0,random_forgery,19
785,data/raw/cedar/signatures/full_org/original_19_5.png,data/raw/cedar/signatures/full_org/original_46_11.png,0,random_forgery,19
786,data/raw/cedar/signatures/full_org/original_19_22.png,data/raw/cedar/signatures/full_org/original_39_7.png,0,random_forgery,19
787,data/raw/cedar/signatures/full_org/original_19_23.png,data/raw/cedar/signatures/full_org/original_37_14.png,0,random_forgery,19
788,data/raw/cedar/signatures/full_org/original_19_9.png,data/raw/cedar/signatures/full_org/original_55_3.png,0,random_forgery,19
789,data/raw/cedar/signatures/full_org/original_19_18.png,data/raw/cedar/signatures/full_org/original_13_2.png,0,random_forgery,19
790,data/raw/cedar/signatures/full_org/original_19_11.png,data/raw/cedar/signatures/full_org/original_10_8.png,0,random_forgery,19
791,data/raw/cedar/signatures/full_org/original_19_12.png,data/raw/cedar/signatures/full_org/original_46_20.png,0,random_forgery,19
792,data/raw/cedar/signatures/full_org/original_19_23.png,data/raw/cedar/signatures/full_org/original_55_24.png,0,random_forgery,19
793,data/raw/cedar/signatures/full_org/original_19_1.png,data/raw/cedar/signatures/full_org/original_5_9.png,0,random_forgery,19
794,data/raw/cedar/signatures/full_org/original_19_20.png,data/raw/cedar/signatures/full_org/original_49_13.png,0,random_forgery,19
795,data/raw/cedar/signatures/full_org/original_19_13.png,data/raw/cedar/signatures/full_org/original_31_22.png,0,random_forgery,19
796,data/raw/cedar/signatures/full_org/original_19_5.png,data/raw/cedar/signatures/full_org/original_36_18.png,0,random_forgery,19
797,data/raw/cedar/signatures/full_org/original_19_19.png,data/raw/cedar/signatures/full_org/original_5_6.png,0,random_forgery,19
798,data/raw/cedar/signatures/full_org/original_19_6.png,data/raw/cedar/signatures/full_org/original_27_17.png,0,random_forgery,19
799,data/raw/cedar/signatures/full_org/original_19_11.png,data/raw/cedar/signatures/full_org/original_47_15.png,0,random_forgery,19
800,data/raw/cedar/signatures/full_org/original_20_1.png,data/raw/cedar/signatures/full_org/original_20_6.png,1,genuine_genuine,20
801,data/raw/cedar/signatures/full_org/original_20_3.png,data/raw/cedar/signatures/full_org/original_20_21.png,1,genuine_genuine,20
802,data/raw/cedar/signatures/full_org/original_20_10.png,data/raw/cedar/signatures/full_org/original_20_12.png,1,genuine_genuine,20
803,data/raw/cedar/signatures/full_org/original_20_5.png,data/raw/cedar/signatures/full_org/original_20_13.png,1,genuine_genuine,20
804,data/raw/cedar/signatures/full_org/original_20_12.png,data/raw/cedar/signatures/full_org/original_20_20.png,1,genuine_genuine,20
805,data/raw/cedar/signatures/full_org/original_20_1.png,data/raw/cedar/signatures/full_org/original_20_10.png,1,genuine_genuine,20
806,data/raw/cedar/signatures/full_org/original_20_7.png,data/raw/cedar/signatures/full_org/original_20_17.png,1,genuine_genuine,20
807,data/raw/cedar/signatures/full_org/original_20_11.png,data/raw/cedar/signatures/full_org/original_20_17.png,1,genuine_genuine,20
808,data/raw/cedar/signatures/full_org/original_20_1.png,data/raw/cedar/signatures/full_org/original_20_19.png,1,genuine_genuine,20
809,data/raw/cedar/signatures/full_org/original_20_16.png,data/raw/cedar/signatures/full_org/original_20_19.png,1,genuine_genuine,20
810,data/raw/cedar/signatures/full_org/original_20_6.png,data/raw/cedar/signatures/full_org/original_20_7.png,1,genuine_genuine,20
811,data/raw/cedar/signatures/full_org/original_20_10.png,data/raw/cedar/signatures/full_org/original_20_22.png,1,genuine_genuine,20
812,data/raw/cedar/signatures/full_org/original_20_16.png,data/raw/cedar/signatures/full_org/original_20_17.png,1,genuine_genuine,20
813,data/raw/cedar/signatures/full_org/original_20_7.png,data/raw/cedar/signatures/full_org/original_20_13.png,1,genuine_genuine,20
814,data/raw/cedar/signatures/full_org/original_20_7.png,data/raw/cedar/signatures/full_org/original_20_14.png,1,genuine_genuine,20
815,data/raw/cedar/signatures/full_org/original_20_8.png,data/raw/cedar/signatures/full_org/original_20_23.png,1,genuine_genuine,20
816,data/raw/cedar/signatures/full_org/original_20_17.png,data/raw/cedar/signatures/full_org/original_20_18.png,1,genuine_genuine,20
817,data/raw/cedar/signatures/full_org/original_20_2.png,data/raw/cedar/signatures/full_org/original_20_16.png,1,genuine_genuine,20
818,data/raw/cedar/signatures/full_org/original_20_4.png,data/raw/cedar/signatures/full_org/original_20_14.png,1,genuine_genuine,20
819,data/raw/cedar/signatures/full_org/original_20_12.png,data/raw/cedar/signatures/full_org/original_20_21.png,1,genuine_genuine,20
820,data/raw/cedar/signatures/full_org/original_20_15.png,data/raw/cedar/signatures/full_org/original_20_22.png,1,genuine_genuine,20
821,data/raw/cedar/signatures/full_org/original_20_2.png,data/raw/cedar/signatures/full_org/original_20_24.png,1,genuine_genuine,20
822,data/raw/cedar/signatures/full_org/original_20_9.png,data/raw/cedar/signatures/full_org/original_20_15.png,1,genuine_genuine,20
823,data/raw/cedar/signatures/full_org/original_20_8.png,data/raw/cedar/signatures/full_org/original_20_24.png,1,genuine_genuine,20
824,data/raw/cedar/signatures/full_org/original_20_1.png,data/raw/cedar/signatures/full_org/original_20_17.png,1,genuine_genuine,20
825,data/raw/cedar/signatures/full_org/original_20_17.png,data/raw/cedar/signatures/full_org/original_20_21.png,1,genuine_genuine,20
826,data/raw/cedar/signatures/full_org/original_20_2.png,data/raw/cedar/signatures/full_org/original_20_15.png,1,genuine_genuine,20
827,data/raw/cedar/signatures/full_org/original_20_7.png,data/raw/cedar/signatures/full_org/original_20_22.png,1,genuine_genuine,20
828,data/raw/cedar/signatures/full_org/original_20_1.png,data/raw/cedar/signatures/full_org/original_20_5.png,1,genuine_genuine,20
829,data/raw/cedar/signatures/full_org/original_20_12.png,data/raw/cedar/signatures/full_org/original_20_18.png,1,genuine_genuine,20
830,data/raw/cedar/signatures/full_org/original_20_1.png,data/raw/cedar/signatures/full_org/original_20_2.png,1,genuine_genuine,20
831,data/raw/cedar/signatures/full_org/original_20_7.png,data/raw/cedar/signatures/full_org/original_20_8.png,1,genuine_genuine,20
832,data/raw/cedar/signatures/full_org/original_20_10.png,data/raw/cedar/signatures/full_org/original_20_19.png,1,genuine_genuine,20
833,data/raw/cedar/signatures/full_org/original_20_4.png,data/raw/cedar/signatures/full_org/original_20_16.png,1,genuine_genuine,20
834,data/raw/cedar/signatures/full_org/original_20_2.png,data/raw/cedar/signatures/full_org/original_20_20.png,1,genuine_genuine,20
835,data/raw/cedar/signatures/full_org/original_20_15.png,data/raw/cedar/signatures/full_org/original_20_19.png,1,genuine_genuine,20
836,data/raw/cedar/signatures/full_org/original_20_16.png,data/raw/cedar/signatures/full_org/original_20_21.png,1,genuine_genuine,20
837,data/raw/cedar/signatures/full_org/original_20_12.png,data/raw/cedar/signatures/full_org/original_20_22.png,1,genuine_genuine,20
838,data/raw/cedar/signatures/full_org/original_20_14.png,data/raw/cedar/signatures/full_org/original_20_16.png,1,genuine_genuine,20
839,data/raw/cedar/signatures/full_org/original_20_1.png,data/raw/cedar/signatures/full_org/original_20_23.png,1,genuine_genuine,20
840,data/raw/cedar/signatures/full_org/original_20_8.png,data/raw/cedar/signatures/full_forg/forgeries_20_2.png,0,skilled_forgery,20
841,data/raw/cedar/signatures/full_org/original_20_19.png,data/raw/cedar/signatures/full_forg/forgeries_20_6.png,0,skilled_forgery,20
842,data/raw/cedar/signatures/full_org/original_20_24.png,data/raw/cedar/signatures/full_forg/forgeries_20_11.png,0,skilled_forgery,20
843,data/raw/cedar/signatures/full_org/original_20_20.png,data/raw/cedar/signatures/full_forg/forgeries_20_6.png,0,skilled_forgery,20
844,data/raw/cedar/signatures/full_org/original_20_19.png,data/raw/cedar/signatures/full_forg/forgeries_20_8.png,0,skilled_forgery,20
845,data/raw/cedar/signatures/full_org/original_20_16.png,data/raw/cedar/signatures/full_forg/forgeries_20_22.png,0,skilled_forgery,20
846,data/raw/cedar/signatures/full_org/original_20_12.png,data/raw/cedar/signatures/full_forg/forgeries_20_14.png,0,skilled_forgery,20
847,data/raw/cedar/signatures/full_org/original_20_15.png,data/raw/cedar/signatures/full_forg/forgeries_20_8.png,0,skilled_forgery,20
848,data/raw/cedar/signatures/full_org/original_20_12.png,data/raw/cedar/signatures/full_forg/forgeries_20_23.png,0,skilled_forgery,20
849,data/raw/cedar/signatures/full_org/original_20_22.png,data/raw/cedar/signatures/full_forg/forgeries_20_7.png,0,skilled_forgery,20
850,data/raw/cedar/signatures/full_org/original_20_4.png,data/raw/cedar/signatures/full_forg/forgeries_20_5.png,0,skilled_forgery,20
851,data/raw/cedar/signatures/full_org/original_20_24.png,data/raw/cedar/signatures/full_forg/forgeries_20_5.png,0,skilled_forgery,20
852,data/raw/cedar/signatures/full_org/original_20_13.png,data/raw/cedar/signatures/full_forg/forgeries_20_8.png,0,skilled_forgery,20
853,data/raw/cedar/signatures/full_org/original_20_2.png,data/raw/cedar/signatures/full_forg/forgeries_20_4.png,0,skilled_forgery,20
854,data/raw/cedar/signatures/full_org/original_20_20.png,data/raw/cedar/signatures/full_forg/forgeries_20_1.png,0,skilled_forgery,20
855,data/raw/cedar/signatures/full_org/original_20_23.png,data/raw/cedar/signatures/full_forg/forgeries_20_5.png,0,skilled_forgery,20
856,data/raw/cedar/signatures/full_org/original_20_18.png,data/raw/cedar/signatures/full_forg/forgeries_20_9.png,0,skilled_forgery,20
857,data/raw/cedar/signatures/full_org/original_20_3.png,data/raw/cedar/signatures/full_forg/forgeries_20_10.png,0,skilled_forgery,20
858,data/raw/cedar/signatures/full_org/original_20_2.png,data/raw/cedar/signatures/full_forg/forgeries_20_11.png,0,skilled_forgery,20
859,data/raw/cedar/signatures/full_org/original_20_21.png,data/raw/cedar/signatures/full_forg/forgeries_20_8.png,0,skilled_forgery,20
860,data/raw/cedar/signatures/full_org/original_20_3.png,data/raw/cedar/signatures/full_org/original_31_13.png,0,random_forgery,20
861,data/raw/cedar/signatures/full_org/original_20_5.png,data/raw/cedar/signatures/full_org/original_14_24.png,0,random_forgery,20
862,data/raw/cedar/signatures/full_org/original_20_9.png,data/raw/cedar/signatures/full_org/original_52_14.png,0,random_forgery,20
863,data/raw/cedar/signatures/full_org/original_20_20.png,data/raw/cedar/signatures/full_org/original_24_17.png,0,random_forgery,20
864,data/raw/cedar/signatures/full_org/original_20_22.png,data/raw/cedar/signatures/full_org/original_32_11.png,0,random_forgery,20
865,data/raw/cedar/signatures/full_org/original_20_23.png,data/raw/cedar/signatures/full_org/original_27_15.png,0,random_forgery,20
866,data/raw/cedar/signatures/full_org/original_20_8.png,data/raw/cedar/signatures/full_org/original_29_22.png,0,random_forgery,20
867,data/raw/cedar/signatures/full_org/original_20_11.png,data/raw/cedar/signatures/full_org/original_32_7.png,0,random_forgery,20
868,data/raw/cedar/signatures/full_org/original_20_20.png,data/raw/cedar/signatures/full_org/original_45_11.png,0,random_forgery,20
869,data/raw/cedar/signatures/full_org/original_20_23.png,data/raw/cedar/signatures/full_org/original_4_5.png,0,random_forgery,20
870,data/raw/cedar/signatures/full_org/original_20_20.png,data/raw/cedar/signatures/full_org/original_1_16.png,0,random_forgery,20
871,data/raw/cedar/signatures/full_org/original_20_1.png,data/raw/cedar/signatures/full_org/original_1_22.png,0,random_forgery,20
872,data/raw/cedar/signatures/full_org/original_20_14.png,data/raw/cedar/signatures/full_org/original_22_18.png,0,random_forgery,20
873,data/raw/cedar/signatures/full_org/original_20_13.png,data/raw/cedar/signatures/full_org/original_47_18.png,0,random_forgery,20
874,data/raw/cedar/signatures/full_org/original_20_21.png,data/raw/cedar/signatures/full_org/original_12_21.png,0,random_forgery,20
875,data/raw/cedar/signatures/full_org/original_20_18.png,data/raw/cedar/signatures/full_org/original_11_1.png,0,random_forgery,20
876,data/raw/cedar/signatures/full_org/original_20_22.png,data/raw/cedar/signatures/full_org/original_43_4.png,0,random_forgery,20
877,data/raw/cedar/signatures/full_org/original_20_13.png,data/raw/cedar/signatures/full_org/original_34_20.png,0,random_forgery,20
878,data/raw/cedar/signatures/full_org/original_20_13.png,data/raw/cedar/signatures/full_org/original_34_6.png,0,random_forgery,20
879,data/raw/cedar/signatures/full_org/original_20_4.png,data/raw/cedar/signatures/full_org/original_1_15.png,0,random_forgery,20
880,data/raw/cedar/signatures/full_org/original_21_7.png,data/raw/cedar/signatures/full_org/original_21_8.png,1,genuine_genuine,21
881,data/raw/cedar/signatures/full_org/original_21_5.png,data/raw/cedar/signatures/full_org/original_21_11.png,1,genuine_genuine,21
882,data/raw/cedar/signatures/full_org/original_21_6.png,data/raw/cedar/signatures/full_org/original_21_7.png,1,genuine_genuine,21
883,data/raw/cedar/signatures/full_org/original_21_4.png,data/raw/cedar/signatures/full_org/original_21_13.png,1,genuine_genuine,21
884,data/raw/cedar/signatures/full_org/original_21_6.png,data/raw/cedar/signatures/full_org/original_21_19.png,1,genuine_genuine,21
885,data/raw/cedar/signatures/full_org/original_21_11.png,data/raw/cedar/signatures/full_org/original_21_20.png,1,genuine_genuine,21
886,data/raw/cedar/signatures/full_org/original_21_5.png,data/raw/cedar/signatures/full_org/original_21_8.png,1,genuine_genuine,21
887,data/raw/cedar/signatures/full_org/original_21_4.png,data/raw/cedar/signatures/full_org/original_21_8.png,1,genuine_genuine,21
888,data/raw/cedar/signatures/full_org/original_21_5.png,data/raw/cedar/signatures/full_org/original_21_17.png,1,genuine_genuine,21
889,data/raw/cedar/signatures/full_org/original_21_1.png,data/raw/cedar/signatures/full_org/original_21_4.png,1,genuine_genuine,21
890,data/raw/cedar/signatures/full_org/original_21_7.png,data/raw/cedar/signatures/full_org/original_21_16.png,1,genuine_genuine,21
891,data/raw/cedar/signatures/full_org/original_21_2.png,data/raw/cedar/signatures/full_org/original_21_16.png,1,genuine_genuine,21
892,data/raw/cedar/signatures/full_org/original_21_19.png,data/raw/cedar/signatures/full_org/original_21_20.png,1,genuine_genuine,21
893,data/raw/cedar/signatures/full_org/original_21_14.png,data/raw/cedar/signatures/full_org/original_21_24.png,1,genuine_genuine,21
894,data/raw/cedar/signatures/full_org/original_21_4.png,data/raw/cedar/signatures/full_org/original_21_17.png,1,genuine_genuine,21
895,data/raw/cedar/signatures/full_org/original_21_21.png,data/raw/cedar/signatures/full_org/original_21_22.png,1,genuine_genuine,21
896,data/raw/cedar/signatures/full_org/original_21_20.png,data/raw/cedar/signatures/full_org/original_21_21.png,1,genuine_genuine,21
897,data/raw/cedar/signatures/full_org/original_21_4.png,data/raw/cedar/signatures/full_org/original_21_6.png,1,genuine_genuine,21
898,data/raw/cedar/signatures/full_org/original_21_7.png,data/raw/cedar/signatures/full_org/original_21_10.png,1,genuine_genuine,21
899,data/raw/cedar/signatures/full_org/original_21_17.png,data/raw/cedar/signatures/full_org/original_21_20.png,1,genuine_genuine,21
900,data/raw/cedar/signatures/full_org/original_21_9.png,data/raw/cedar/signatures/full_org/original_21_12.png,1,genuine_genuine,21
901,data/raw/cedar/signatures/full_org/original_21_5.png,data/raw/cedar/signatures/full_org/original_21_19.png,1,genuine_genuine,21
902,data/raw/cedar/signatures/full_org/original_21_13.png,data/raw/cedar/signatures/full_org/original_21_19.png,1,genuine_genuine,21
903,data/raw/cedar/signatures/full_org/original_21_11.png,data/raw/cedar/signatures/full_org/original_21_23.png,1,genuine_genuine,21
904,data/raw/cedar/signatures/full_org/original_21_4.png,data/raw/cedar/signatures/full_org/original_21_11.png,1,genuine_genuine,21
905,data/raw/cedar/signatures/full_org/original_21_9.png,data/raw/cedar/signatures/full_org/original_21_24.png,1,genuine_genuine,21
906,data/raw/cedar/signatures/full_org/original_21_5.png,data/raw/cedar/signatures/full_org/original_21_10.png,1,genuine_genuine,21
907,data/raw/cedar/signatures/full_org/original_21_2.png,data/raw/cedar/signatures/full_org/original_21_5.png,1,genuine_genuine,21
908,data/raw/cedar/signatures/full_org/original_21_7.png,data/raw/cedar/signatures/full_org/original_21_12.png,1,genuine_genuine,21
909,data/raw/cedar/signatures/full_org/original_21_3.png,data/raw/cedar/signatures/full_org/original_21_6.png,1,genuine_genuine,21
910,data/raw/cedar/signatures/full_org/original_21_8.png,data/raw/cedar/signatures/full_org/original_21_18.png,1,genuine_genuine,21
911,data/raw/cedar/signatures/full_org/original_21_2.png,data/raw/cedar/signatures/full_org/original_21_14.png,1,genuine_genuine,21
912,data/raw/cedar/signatures/full_org/original_21_16.png,data/raw/cedar/signatures/full_org/original_21_23.png,1,genuine_genuine,21
913,data/raw/cedar/signatures/full_org/original_21_3.png,data/raw/cedar/signatures/full_org/original_21_21.png,1,genuine_genuine,21
914,data/raw/cedar/signatures/full_org/original_21_9.png,data/raw/cedar/signatures/full_org/original_21_15.png,1,genuine_genuine,21
915,data/raw/cedar/signatures/full_org/original_21_6.png,data/raw/cedar/signatures/full_org/original_21_20.png,1,genuine_genuine,21
916,data/raw/cedar/signatures/full_org/original_21_12.png,data/raw/cedar/signatures/full_org/original_21_23.png,1,genuine_genuine,21
917,data/raw/cedar/signatures/full_org/original_21_2.png,data/raw/cedar/signatures/full_org/original_21_10.png,1,genuine_genuine,21
918,data/raw/cedar/signatures/full_org/original_21_2.png,data/raw/cedar/signatures/full_org/original_21_21.png,1,genuine_genuine,21
919,data/raw/cedar/signatures/full_org/original_21_19.png,data/raw/cedar/signatures/full_org/original_21_24.png,1,genuine_genuine,21
920,data/raw/cedar/signatures/full_org/original_21_18.png,data/raw/cedar/signatures/full_forg/forgeries_21_16.png,0,skilled_forgery,21
921,data/raw/cedar/signatures/full_org/original_21_15.png,data/raw/cedar/signatures/full_forg/forgeries_21_6.png,0,skilled_forgery,21
922,data/raw/cedar/signatures/full_org/original_21_2.png,data/raw/cedar/signatures/full_forg/forgeries_21_10.png,0,skilled_forgery,21
923,data/raw/cedar/signatures/full_org/original_21_3.png,data/raw/cedar/signatures/full_forg/forgeries_21_10.png,0,skilled_forgery,21
924,data/raw/cedar/signatures/full_org/original_21_17.png,data/raw/cedar/signatures/full_forg/forgeries_21_8.png,0,skilled_forgery,21
925,data/raw/cedar/signatures/full_org/original_21_22.png,data/raw/cedar/signatures/full_forg/forgeries_21_6.png,0,skilled_forgery,21
926,data/raw/cedar/signatures/full_org/original_21_20.png,data/raw/cedar/signatures/full_forg/forgeries_21_13.png,0,skilled_forgery,21
927,data/raw/cedar/signatures/full_org/original_21_9.png,data/raw/cedar/signatures/full_forg/forgeries_21_17.png,0,skilled_forgery,21
928,data/raw/cedar/signatures/full_org/original_21_6.png,data/raw/cedar/signatures/full_forg/forgeries_21_19.png,0,skilled_forgery,21
929,data/raw/cedar/signatures/full_org/original_21_9.png,data/raw/cedar/signatures/full_forg/forgeries_21_7.png,0,skilled_forgery,21
930,data/raw/cedar/signatures/full_org/original_21_4.png,data/raw/cedar/signatures/full_forg/forgeries_21_22.png,0,skilled_forgery,21
931,data/raw/cedar/signatures/full_org/original_21_23.png,data/raw/cedar/signatures/full_forg/forgeries_21_3.png,0,skilled_forgery,21
932,data/raw/cedar/signatures/full_org/original_21_14.png,data/raw/cedar/signatures/full_forg/forgeries_21_13.png,0,skilled_forgery,21
933,data/raw/cedar/signatures/full_org/original_21_14.png,data/raw/cedar/signatures/full_forg/forgeries_21_20.png,0,skilled_forgery,21
934,data/raw/cedar/signatures/full_org/original_21_17.png,data/raw/cedar/signatures/full_forg/forgeries_21_3.png,0,skilled_forgery,21
935,data/raw/cedar/signatures/full_org/original_21_4.png,data/raw/cedar/signatures/full_forg/forgeries_21_15.png,0,skilled_forgery,21
936,data/raw/cedar/signatures/full_org/original_21_4.png,data/raw/cedar/signatures/full_forg/forgeries_21_18.png,0,skilled_forgery,21
937,data/raw/cedar/signatures/full_org/original_21_11.png,data/raw/cedar/signatures/full_forg/forgeries_21_13.png,0,skilled_forgery,21
938,data/raw/cedar/signatures/full_org/original_21_2.png,data/raw/cedar/signatures/full_forg/forgeries_21_14.png,0,skilled_forgery,21
939,data/raw/cedar/signatures/full_org/original_21_22.png,data/raw/cedar/signatures/full_forg/forgeries_21_1.png,0,skilled_forgery,21
940,data/raw/cedar/signatures/full_org/original_21_14.png,data/raw/cedar/signatures/full_org/original_50_21.png,0,random_forgery,21
941,data/raw/cedar/signatures/full_org/original_21_1.png,data/raw/cedar/signatures/full_org/original_30_8.png,0,random_forgery,21
942,data/raw/cedar/signatures/full_org/original_21_11.png,data/raw/cedar/signatures/full_org/original_33_8.png,0,random_forgery,21
943,data/raw/cedar/signatures/full_org/original_21_18.png,data/raw/cedar/signatures/full_org/original_24_2.png,0,random_forgery,21
944,data/raw/cedar/signatures/full_org/original_21_22.png,data/raw/cedar/signatures/full_org/original_26_23.png,0,random_forgery,21
945,data/raw/cedar/signatures/full_org/original_21_20.png,data/raw/cedar/signatures/full_org/original_25_13.png,0,random_forgery,21
946,data/raw/cedar/signatures/full_org/original_21_11.png,data/raw/cedar/signatures/full_org/original_50_6.png,0,random_forgery,21
947,data/raw/cedar/signatures/full_org/original_21_21.png,data/raw/cedar/signatures/full_org/original_43_1.png,0,random_forgery,21
948,data/raw/cedar/signatures/full_org/original_21_16.png,data/raw/cedar/signatures/full_org/original_11_3.png,0,random_forgery,21
949,data/raw/cedar/signatures/full_org/original_21_2.png,data/raw/cedar/signatures/full_org/original_23_21.png,0,random_forgery,21
950,data/raw/cedar/signatures/full_org/original_21_7.png,data/raw/cedar/signatures/full_org/original_19_5.png,0,random_forgery,21
951,data/raw/cedar/signatures/full_org/original_21_6.png,data/raw/cedar/signatures/full_org/original_12_19.png,0,random_forgery,21
952,data/raw/cedar/signatures/full_org/original_21_7.png,data/raw/cedar/signatures/full_org/original_52_8.png,0,random_forgery,21
953,data/raw/cedar/signatures/full_org/original_21_3.png,data/raw/cedar/signatures/full_org/original_49_14.png,0,random_forgery,21
954,data/raw/cedar/signatures/full_org/original_21_10.png,data/raw/cedar/signatures/full_org/original_45_6.png,0,random_forgery,21
955,data/raw/cedar/signatures/full_org/original_21_8.png,data/raw/cedar/signatures/full_org/original_23_14.png,0,random_forgery,21
956,data/raw/cedar/signatures/full_org/original_21_20.png,data/raw/cedar/signatures/full_org/original_22_8.png,0,random_forgery,21
957,data/raw/cedar/signatures/full_org/original_21_10.png,data/raw/cedar/signatures/full_org/original_31_19.png,0,random_forgery,21
958,data/raw/cedar/signatures/full_org/original_21_21.png,data/raw/cedar/signatures/full_org/original_43_7.png,0,random_forgery,21
959,data/raw/cedar/signatures/full_org/original_21_16.png,data/raw/cedar/signatures/full_org/original_29_3.png,0,random_forgery,21
960,data/raw/cedar/signatures/full_org/original_22_16.png,data/raw/cedar/signatures/full_org/original_22_21.png,1,genuine_genuine,22
961,data/raw/cedar/signatures/full_org/original_22_19.png,data/raw/cedar/signatures/full_org/original_22_21.png,1,genuine_genuine,22
962,data/raw/cedar/signatures/full_org/original_22_9.png,data/raw/cedar/signatures/full_org/original_22_13.png,1,genuine_genuine,22
963,data/raw/cedar/signatures/full_org/original_22_4.png,data/raw/cedar/signatures/full_org/original_22_10.png,1,genuine_genuine,22
964,data/raw/cedar/signatures/full_org/original_22_18.png,data/raw/cedar/signatures/full_org/original_22_21.png,1,genuine_genuine,22
965,data/raw/cedar/signatures/full_org/original_22_15.png,data/raw/cedar/signatures/full_org/original_22_21.png,1,genuine_genuine,22
966,data/raw/cedar/signatures/full_org/original_22_5.png,data/raw/cedar/signatures/full_org/original_22_22.png,1,genuine_genuine,22
967,data/raw/cedar/signatures/full_org/original_22_12.png,data/raw/cedar/signatures/full_org/original_22_22.png,1,genuine_genuine,22
968,data/raw/cedar/signatures/full_org/original_22_1.png,data/raw/cedar/signatures/full_org/original_22_6.png,1,genuine_genuine,22
969,data/raw/cedar/signatures/full_org/original_22_8.png,data/raw/cedar/signatures/full_org/original_22_18.png,1,genuine_genuine,22
970,data/raw/cedar/signatures/full_org/original_22_13.png,data/raw/cedar/signatures/full_org/original_22_17.png,1,genuine_genuine,22
971,data/raw/cedar/signatures/full_org/original_22_1.png,data/raw/cedar/signatures/full_org/original_22_18.png,1,genuine_genuine,22
972,data/raw/cedar/signatures/full_org/original_22_3.png,data/raw/cedar/signatures/full_org/original_22_17.png,1,genuine_genuine,22
973,data/raw/cedar/signatures/full_org/original_22_5.png,data/raw/cedar/signatures/full_org/original_22_13.png,1,genuine_genuine,22
974,data/raw/cedar/signatures/full_org/original_22_3.png,data/raw/cedar/signatures/full_org/original_22_14.png,1,genuine_genuine,22
975,data/raw/cedar/signatures/full_org/original_22_8.png,data/raw/cedar/signatures/full_org/original_22_10.png,1,genuine_genuine,22
976,data/raw/cedar/signatures/full_org/original_22_16.png,data/raw/cedar/signatures/full_org/original_22_19.png,1,genuine_genuine,22
977,data/raw/cedar/signatures/full_org/original_22_1.png,data/raw/cedar/signatures/full_org/original_22_4.png,1,genuine_genuine,22
978,data/raw/cedar/signatures/full_org/original_22_6.png,data/raw/cedar/signatures/full_org/original_22_19.png,1,genuine_genuine,22
979,data/raw/cedar/signatures/full_org/original_22_16.png,data/raw/cedar/signatures/full_org/original_22_20.png,1,genuine_genuine,22
980,data/raw/cedar/signatures/full_org/original_22_1.png,data/raw/cedar/signatures/full_org/original_22_21.png,1,genuine_genuine,22
981,data/raw/cedar/signatures/full_org/original_22_10.png,data/raw/cedar/signatures/full_org/original_22_15.png,1,genuine_genuine,22
982,data/raw/cedar/signatures/full_org/original_22_6.png,data/raw/cedar/signatures/full_org/original_22_21.png,1,genuine_genuine,22
983,data/raw/cedar/signatures/full_org/original_22_17.png,data/raw/cedar/signatures/full_org/original_22_20.png,1,genuine_genuine,22
984,data/raw/cedar/signatures/full_org/original_22_17.png,data/raw/cedar/signatures/full_org/original_22_21.png,1,genuine_genuine,22
985,data/raw/cedar/signatures/full_org/original_22_6.png,data/raw/cedar/signatures/full_org/original_22_20.png,1,genuine_genuine,22
986,data/raw/cedar/signatures/full_org/original_22_9.png,data/raw/cedar/signatures/full_org/original_22_11.png,1,genuine_genuine,22
987,data/raw/cedar/signatures/full_org/original_22_13.png,data/raw/cedar/signatures/full_org/original_22_21.png,1,genuine_genuine,22
988,data/raw/cedar/signatures/full_org/original_22_17.png,data/raw/cedar/signatures/full_org/original_22_19.png,1,genuine_genuine,22
989,data/raw/cedar/signatures/full_org/original_22_1.png,data/raw/cedar/signatures/full_org/original_22_13.png,1,genuine_genuine,22
990,data/raw/cedar/signatures/full_org/original_22_13.png,data/raw/cedar/signatures/full_org/original_22_19.png,1,genuine_genuine,22
991,data/raw/cedar/signatures/full_org/original_22_16.png,data/raw/cedar/signatures/full_org/original_22_17.png,1,genuine_genuine,22
992,data/raw/cedar/signatures/full_org/original_22_12.png,data/raw/cedar/signatures/full_org/original_22_17.png,1,genuine_genuine,22
993,data/raw/cedar/signatures/full_org/original_22_8.png,data/raw/cedar/signatures/full_org/original_22_11.png,1,genuine_genuine,22
994,data/raw/cedar/signatures/full_org/original_22_8.png,data/raw/cedar/signatures/full_org/original_22_9.png,1,genuine_genuine,22
995,data/raw/cedar/signatures/full_org/original_22_2.png,data/raw/cedar/signatures/full_org/original_22_6.png,1,genuine_genuine,22
996,data/raw/cedar/signatures/full_org/original_22_2.png,data/raw/cedar/signatures/full_org/original_22_12.png,1,genuine_genuine,22
997,data/raw/cedar/signatures/full_org/original_22_10.png,data/raw/cedar/signatures/full_org/original_22_17.png,1,genuine_genuine,22
998,data/raw/cedar/signatures/full_org/original_22_2.png,data/raw/cedar/signatures/full_org/original_22_8.png,1,genuine_genuine,22
999,data/raw/cedar/signatures/full_org/original_22_5.png,data/raw/cedar/signatures/full_org/original_22_7.png,1,genuine_genuine,22
1000,data/raw/cedar/signatures/full_org/original_22_9.png,data/raw/cedar/signatures/full_forg/forgeries_22_20.png,0,skilled_forgery,22
1001,data/raw/cedar/signatures/full_org/original_22_8.png,data/raw/cedar/signatures/full_forg/forgeries_22_14.png,0,skilled_forgery,22
1002,data/raw/cedar/signatures/full_org/original_22_18.png,data/raw/cedar/signatures/full_forg/forgeries_22_12.png,0,skilled_forgery,22
1003,data/raw/cedar/signatures/full_org/original_22_18.png,data/raw/cedar/signatures/full_forg/forgeries_22_13.png,0,skilled_forgery,22
1004,data/raw/cedar/signatures/full_org/original_22_18.png,data/raw/cedar/signatures/full_forg/forgeries_22_9.png,0,skilled_forgery,22
1005,data/raw/cedar/signatures/full_org/original_22_21.png,data/raw/cedar/signatures/full_forg/forgeries_22_22.png,0,skilled_forgery,22
1006,data/raw/cedar/signatures/full_org/original_22_1.png,data/raw/cedar/signatures/full_forg/forgeries_22_9.png,0,skilled_forgery,22
1007,data/raw/cedar/signatures/full_org/original_22_6.png,data/raw/cedar/signatures/full_forg/forgeries_22_23.png,0,skilled_forgery,22
1008,data/raw/cedar/signatures/full_org/original_22_8.png,data/raw/cedar/signatures/full_forg/forgeries_22_9.png,0,skilled_forgery,22
1009,data/raw/cedar/signatures/full_org/original_22_8.png,data/raw/cedar/signatures/full_forg/forgeries_22_22.png,0,skilled_forgery,22
1010,data/raw/cedar/signatures/full_org/original_22_20.png,data/raw/cedar/signatures/full_forg/forgeries_22_14.png,0,skilled_forgery,22
1011,data/raw/cedar/signatures/full_org/original_22_2.png,data/raw/cedar/signatures/full_forg/forgeries_22_12.png,0,skilled_forgery,22
1012,data/raw/cedar/signatures/full_org/original_22_17.png,data/raw/cedar/signatures/full_forg/forgeries_22_18.png,0,skilled_forgery,22
1013,data/raw/cedar/signatures/full_org/original_22_17.png,data/raw/cedar/signatures/full_forg/forgeries_22_19.png,0,skilled_forgery,22
1014,data/raw/cedar/signatures/full_org/original_22_3.png,data/raw/cedar/signatures/full_forg/forgeries_22_8.png,0,skilled_forgery,22
1015,data/raw/cedar/signatures/full_org/original_22_17.png,data/raw/cedar/signatures/full_forg/forgeries_22_15.png,0,skilled_forgery,22
1016,data/raw/cedar/signatures/full_org/original_22_7.png,data/raw/cedar/signatures/full_forg/forgeries_22_14.png,0,skilled_forgery,22
1017,data/raw/cedar/signatures/full_org/original_22_17.png,data/raw/cedar/signatures/full_forg/forgeries_22_23.png,0,skilled_forgery,22
1018,data/raw/cedar/signatures/full_org/original_22_10.png,data/raw/cedar/signatures/full_forg/forgeries_22_5.png,0,skilled_forgery,22
1019,data/raw/cedar/signatures/full_org/original_22_15.png,data/raw/cedar/signatures/full_forg/forgeries_22_10.png,0,skilled_forgery,22
1020,data/raw/cedar/signatures/full_org/original_22_9.png,data/raw/cedar/signatures/full_org/original_51_4.png,0,random_forgery,22
1021,data/raw/cedar/signatures/full_org/original_22_22.png,data/raw/cedar/signatures/full_org/original_43_15.png,0,random_forgery,22
1022,data/raw/cedar/signatures/full_org/original_22_5.png,data/raw/cedar/signatures/full_org/original_20_12.png,0,random_forgery,22
1023,data/raw/cedar/signatures/full_org/original_22_1.png,data/raw/cedar/signatures/full_org/original_42_12.png,0,random_forgery,22
1024,data/raw/cedar/signatures/full_org/original_22_4.png,data/raw/cedar/signatures/full_org/original_23_7.png,0,random_forgery,22
1025,data/raw/cedar/signatures/full_org/original_22_2.png,data/raw/cedar/signatures/full_org/original_30_5.png,0,random_forgery,22
1026,data/raw/cedar/signatures/full_org/original_22_14.png,data/raw/cedar/signatures/full_org/original_39_24.png,0,random_forgery,22
1027,data/raw/cedar/signatures/full_org/original_22_2.png,data/raw/cedar/signatures/full_org/original_33_6.png,0,random_forgery,22
1028,data/raw/cedar/signatures/full_org/original_22_16.png,data/raw/cedar/signatures/full_org/original_23_22.png,0,random_forgery,22
1029,data/raw/cedar/signatures/full_org/original_22_4.png,data/raw/cedar/signatures/full_org/original_29_14.png,0,random_forgery,22
1030,data/raw/cedar/signatures/full_org/original_22_18.png,data/raw/cedar/signatures/full_org/original_47_16.png,0,random_forgery,22
1031,data/raw/cedar/signatures/full_org/original_22_11.png,data/raw/cedar/signatures/full_org/original_17_13.png,0,random_forgery,22
1032,data/raw/cedar/signatures/full_org/original_22_24.png,data/raw/cedar/signatures/full_org/original_49_24.png,0,random_forgery,22
1033,data/raw/cedar/signatures/full_org/original_22_5.png,data/raw/cedar/signatures/full_org/original_37_4.png,0,random_forgery,22
1034,data/raw/cedar/signatures/full_org/original_22_1.png,data/raw/cedar/signatures/full_org/original_13_5.png,0,random_forgery,22
1035,data/raw/cedar/signatures/full_org/original_22_12.png,data/raw/cedar/signatures/full_org/original_19_17.png,0,random_forgery,22
1036,data/raw/cedar/signatures/full_org/original_22_22.png,data/raw/cedar/signatures/full_org/original_1_8.png,0,random_forgery,22
1037,data/raw/cedar/signatures/full_org/original_22_22.png,data/raw/cedar/signatures/full_org/original_10_11.png,0,random_forgery,22
1038,data/raw/cedar/signatures/full_org/original_22_20.png,data/raw/cedar/signatures/full_org/original_42_24.png,0,random_forgery,22
1039,data/raw/cedar/signatures/full_org/original_22_14.png,data/raw/cedar/signatures/full_org/original_1_16.png,0,random_forgery,22
1040,data/raw/cedar/signatures/full_org/original_23_14.png,data/raw/cedar/signatures/full_org/original_23_20.png,1,genuine_genuine,23
1041,data/raw/cedar/signatures/full_org/original_23_11.png,data/raw/cedar/signatures/full_org/original_23_19.png,1,genuine_genuine,23
1042,data/raw/cedar/signatures/full_org/original_23_3.png,data/raw/cedar/signatures/full_org/original_23_21.png,1,genuine_genuine,23
1043,data/raw/cedar/signatures/full_org/original_23_22.png,data/raw/cedar/signatures/full_org/original_23_24.png,1,genuine_genuine,23
1044,data/raw/cedar/signatures/full_org/original_23_2.png,data/raw/cedar/signatures/full_org/original_23_24.png,1,genuine_genuine,23
1045,data/raw/cedar/signatures/full_org/original_23_2.png,data/raw/cedar/signatures/full_org/original_23_9.png,1,genuine_genuine,23
1046,data/raw/cedar/signatures/full_org/original_23_6.png,data/raw/cedar/signatures/full_org/original_23_10.png,1,genuine_genuine,23
1047,data/raw/cedar/signatures/full_org/original_23_4.png,data/raw/cedar/signatures/full_org/original_23_13.png,1,genuine_genuine,23
1048,data/raw/cedar/signatures/full_org/original_23_11.png,data/raw/cedar/signatures/full_org/original_23_23.png,1,genuine_genuine,23
1049,data/raw/cedar/signatures/full_org/original_23_18.png,data/raw/cedar/signatures/full_org/original_23_22.png,1,genuine_genuine,23
1050,data/raw/cedar/signatures/full_org/original_23_7.png,data/raw/cedar/signatures/full_org/original_23_23.png,1,genuine_genuine,23
1051,data/raw/cedar/signatures/full_org/original_23_8.png,data/raw/cedar/signatures/full_org/original_23_22.png,1,genuine_genuine,23
1052,data/raw/cedar/signatures/full_org/original_23_14.png,data/raw/cedar/signatures/full_org/original_23_23.png,1,genuine_genuine,23
1053,data/raw/cedar/signatures/full_org/original_23_6.png,data/raw/cedar/signatures/full_org/original_23_20.png,1,genuine_genuine,23
1054,data/raw/cedar/signatures/full_org/original_23_6.png,data/raw/cedar/signatures/full_org/original_23_18.png,1,genuine_genuine,23
1055,data/raw/cedar/signatures/full_org/original_23_1.png,data/raw/cedar/signatures/full_org/original_23_4.png,1,genuine_genuine,23
1056,data/raw/cedar/signatures/full_org/original_23_4.png,data/raw/cedar/signatures/full_org/original_23_18.png,1,genuine_genuine,23
1057,data/raw/cedar/signatures/full_org/original_23_2.png,data/raw/cedar/signatures/full_org/original_23_23.png,1,genuine_genuine,23
1058,data/raw/cedar/signatures/full_org/original_23_3.png,data/raw/cedar/signatures/full_org/original_23_14.png,1,genuine_genuine,23
1059,data/raw/cedar/signatures/full_org/original_23_11.png,data/raw/cedar/signatures/full_org/original_23_14.png,1,genuine_genuine,23
1060,data/raw/cedar/signatures/full_org/original_23_7.png,data/raw/cedar/signatures/full_org/original_23_9.png,1,genuine_genuine,23
1061,data/raw/cedar/signatures/full_org/original_23_4.png,data/raw/cedar/signatures/full_org/original_23_5.png,1,genuine_genuine,23
1062,data/raw/cedar/signatures/full_org/original_23_15.png,data/raw/cedar/signatures/full_org/original_23_23.png,1,genuine_genuine,23
1063,data/raw/cedar/signatures/full_org/original_23_12.png,data/raw/cedar/signatures/full_org/original_23_21.png,1,genuine_genuine,23
1064,data/raw/cedar/signatures/full_org/original_23_12.png,data/raw/cedar/signatures/full_org/original_23_13.png,1,genuine_genuine,23
1065,data/raw/cedar/signatures/full_org/original_23_14.png,data/raw/cedar/signatures/full_org/original_23_21.png,1,genuine_genuine,23
1066,data/raw/cedar/signatures/full_org/original_23_11.png,data/raw/cedar/signatures/full_org/original_23_18.png,1,genuine_genuine,23
1067,data/raw/cedar/signatures/full_org/original_23_16.png,data/raw/cedar/signatures/full_org/original_23_18.png,1,genuine_genuine,23
1068,data/raw/cedar/signatures/full_org/original_23_2.png,data/raw/cedar/signatures/full_org/original_23_16.png,1,genuine_genuine,23
1069,data/raw/cedar/signatures/full_org/original_23_9.png,data/raw/cedar/signatures/full_org/original_23_21.png,1,genuine_genuine,23
1070,data/raw/cedar/signatures/full_org/original_23_9.png,data/raw/cedar/signatures/full_org/original_23_13.png,1,genuine_genuine,23
1071,data/raw/cedar/signatures/full_org/original_23_7.png,data/raw/cedar/signatures/full_org/original_23_14.png,1,genuine_genuine,23
1072,data/raw/cedar/signatures/full_org/original_23_5.png,data/raw/cedar/signatures/full_org/original_23_20.png,1,genuine_genuine,23
1073,data/raw/cedar/signatures/full_org/original_23_12.png,data/raw/cedar/signatures/full_org/original_23_17.png,1,genuine_genuine,23
1074,data/raw/cedar/signatures/full_org/original_23_16.png,data/raw/cedar/signatures/full_org/original_23_22.png,1,genuine_genuine,23
1075,data/raw/cedar/signatures/full_org/original_23_6.png,data/raw/cedar/signatures/full_org/original_23_21.png,1,genuine_genuine,23
1076,data/raw/cedar/signatures/full_org/original_23_14.png,data/raw/cedar/signatures/full_org/original_23_18.png,1,genuine_genuine,23
1077,data/raw/cedar/signatures/full_org/original_23_10.png,data/raw/cedar/signatures/full_org/original_23_16.png,1,genuine_genuine,23
1078,data/raw/cedar/signatures/full_org/original_23_5.png,data/raw/cedar/signatures/full_org/original_23_10.png,1,genuine_genuine,23
1079,data/raw/cedar/signatures/full_org/original_23_9.png,data/raw/cedar/signatures/full_org/original_23_22.png,1,genuine_genuine,23
1080,data/raw/cedar/signatures/full_org/original_23_3.png,data/raw/cedar/signatures/full_forg/forgeries_23_16.png,0,skilled_forgery,23
1081,data/raw/cedar/signatures/full_org/original_23_6.png,data/raw/cedar/signatures/full_forg/forgeries_23_15.png,0,skilled_forgery,23
1082,data/raw/cedar/signatures/full_org/original_23_11.png,data/raw/cedar/signatures/full_forg/forgeries_23_9.png,0,skilled_forgery,23
1083,data/raw/cedar/signatures/full_org/original_23_16.png,data/raw/cedar/signatures/full_forg/forgeries_23_22.png,0,skilled_forgery,23
1084,data/raw/cedar/signatures/full_org/original_23_20.png,data/raw/cedar/signatures/full_forg/forgeries_23_23.png,0,skilled_forgery,23
1085,data/raw/cedar/signatures/full_org/original_23_11.png,data/raw/cedar/signatures/full_forg/forgeries_23_20.png,0,skilled_forgery,23
1086,data/raw/cedar/signatures/full_org/original_23_20.png,data/raw/cedar/signatures/full_forg/forgeries_23_24.png,0,skilled_forgery,23
1087,data/raw/cedar/signatures/full_org/original_23_15.png,data/raw/cedar/signatures/full_forg/forgeries_23_1.png,0,skilled_forgery,23
1088,data/raw/cedar/signatures/full_org/original_23_11.png,data/raw/cedar/signatures/full_forg/forgeries_23_4.png,0,skilled_forgery,23
1089,data/raw/cedar/signatures/full_org/original_23_17.png,data/raw/cedar/signatures/full_forg/forgeries_23_8.png,0,skilled_forgery,23
1090,data/raw/cedar/signatures/full_org/original_23_13.png,data/raw/cedar/signatures/full_forg/forgeries_23_1.png,0,skilled_forgery,23
1091,data/raw/cedar/signatures/full_org/original_23_17.png,data/raw/cedar/signatures/full_forg/forgeries_23_17.png,0,skilled_forgery,23
1092,data/raw/cedar/signatures/full_org/original_23_15.png,data/raw/cedar/signatures/full_forg/forgeries_23_8.png,0,skilled_forgery,23
1093,data/raw/cedar/signatures/full_org/original_23_20.png,data/raw/cedar/signatures/full_forg/forgeries_23_13.png,0,skilled_forgery,23
1094,data/raw/cedar/signatures/full_org/original_23_13.png,data/raw/cedar/signatures/full_forg/forgeries_23_18.png,0,skilled_forgery,23
1095,data/raw/cedar/signatures/full_org/original_23_14.png,data/raw/cedar/signatures/full_forg/forgeries_23_17.png,0,skilled_forgery,23
1096,data/raw/cedar/signatures/full_org/original_23_8.png,data/raw/cedar/signatures/full_forg/forgeries_23_2.png,0,skilled_forgery,23
1097,data/raw/cedar/signatures/full_org/original_23_5.png,data/raw/cedar/signatures/full_forg/forgeries_23_3.png,0,skilled_forgery,23
1098,data/raw/cedar/signatures/full_org/original_23_11.png,data/raw/cedar/signatures/full_forg/forgeries_23_2.png,0,skilled_forgery,23
1099,data/raw/cedar/signatures/full_org/original_23_18.png,data/raw/cedar/signatures/full_forg/forgeries_23_22.png,0,skilled_forgery,23
1100,data/raw/cedar/signatures/full_org/original_23_4.png,data/raw/cedar/signatures/full_org/original_54_2.png,0,random_forgery,23
1101,data/raw/cedar/signatures/full_org/original_23_24.png,data/raw/cedar/signatures/full_org/original_24_7.png,0,random_forgery,23
1102,data/raw/cedar/signatures/full_org/original_23_23.png,data/raw/cedar/signatures/full_org/original_40_18.png,0,random_forgery,23
1103,data/raw/cedar/signatures/full_org/original_23_20.png,data/raw/cedar/signatures/full_org/original_20_13.png,0,random_forgery,23
1104,data/raw/cedar/signatures/full_org/original_23_12.png,data/raw/cedar/signatures/full_org/original_24_7.png,0,random_forgery,23
1105,data/raw/cedar/signatures/full_org/original_23_22.png,data/raw/cedar/signatures/full_org/original_22_19.png,0,random_forgery,23
1106,data/raw/cedar/signatures/full_org/original_23_12.png,data/raw/cedar/signatures/full_org/original_1_12.png,0,random_forgery,23
1107,data/raw/cedar/signatures/full_org/original_23_10.png,data/raw/cedar/signatures/full_org/original_4_10.png,0,random_forgery,23
1108,data/raw/cedar/signatures/full_org/original_23_4.png,data/raw/cedar/signatures/full_org/original_49_23.png,0,random_forgery,23
1109,data/raw/cedar/signatures/full_org/original_23_21.png,data/raw/cedar/signatures/full_org/original_47_15.png,0,random_forgery,23
1110,data/raw/cedar/signatures/full_org/original_23_14.png,data/raw/cedar/signatures/full_org/original_40_12.png,0,random_forgery,23
1111,data/raw/cedar/signatures/full_org/original_23_18.png,data/raw/cedar/signatures/full_org/original_34_14.png,0,random_forgery,23
1112,data/raw/cedar/signatures/full_org/original_23_11.png,data/raw/cedar/signatures/full_org/original_50_4.png,0,random_forgery,23
1113,data/raw/cedar/signatures/full_org/original_23_15.png,data/raw/cedar/signatures/full_org/original_21_14.png,0,random_forgery,23
1114,data/raw/cedar/signatures/full_org/original_23_6.png,data/raw/cedar/signatures/full_org/original_36_18.png,0,random_forgery,23
1115,data/raw/cedar/signatures/full_org/original_23_6.png,data/raw/cedar/signatures/full_org/original_55_18.png,0,random_forgery,23
1116,data/raw/cedar/signatures/full_org/original_23_13.png,data/raw/cedar/signatures/full_org/original_42_10.png,0,random_forgery,23
1117,data/raw/cedar/signatures/full_org/original_23_21.png,data/raw/cedar/signatures/full_org/original_42_10.png,0,random_forgery,23
1118,data/raw/cedar/signatures/full_org/original_23_3.png,data/raw/cedar/signatures/full_org/original_13_4.png,0,random_forgery,23
1119,data/raw/cedar/signatures/full_org/original_23_21.png,data/raw/cedar/signatures/full_org/original_12_1.png,0,random_forgery,23
1120,data/raw/cedar/signatures/full_org/original_24_21.png,data/raw/cedar/signatures/full_org/original_24_24.png,1,genuine_genuine,24
1121,data/raw/cedar/signatures/full_org/original_24_8.png,data/raw/cedar/signatures/full_org/original_24_9.png,1,genuine_genuine,24
1122,data/raw/cedar/signatures/full_org/original_24_20.png,data/raw/cedar/signatures/full_org/original_24_23.png,1,genuine_genuine,24
1123,data/raw/cedar/signatures/full_org/original_24_7.png,data/raw/cedar/signatures/full_org/original_24_23.png,1,genuine_genuine,24
1124,data/raw/cedar/signatures/full_org/original_24_6.png,data/raw/cedar/signatures/full_org/original_24_17.png,1,genuine_genuine,24
1125,data/raw/cedar/signatures/full_org/original_24_9.png,data/raw/cedar/signatures/full_org/original_24_17.png,1,genuine_genuine,24
1126,data/raw/cedar/signatures/full_org/original_24_9.png,data/raw/cedar/signatures/full_org/original_24_24.png,1,genuine_genuine,24
1127,data/raw/cedar/signatures/full_org/original_24_4.png,data/raw/cedar/signatures/full_org/original_24_10.png,1,genuine_genuine,24
1128,data/raw/cedar/signatures/full_org/original_24_10.png,data/raw/cedar/signatures/full_org/original_24_13.png,1,genuine_genuine,24
1129,data/raw/cedar/signatures/full_org/original_24_14.png,data/raw/cedar/signatures/full_org/original_24_15.png,1,genuine_genuine,24
1130,data/raw/cedar/signatures/full_org/original_24_11.png,data/raw/cedar/signatures/full_org/original_24_15.png,1,genuine_genuine,24
1131,data/raw/cedar/signatures/full_org/original_24_6.png,data/raw/cedar/signatures/full_org/original_24_20.png,1,genuine_genuine,24
1132,data/raw/cedar/signatures/full_org/original_24_2.png,data/raw/cedar/signatures/full_org/original_24_9.png,1,genuine_genuine,24
1133,data/raw/cedar/signatures/full_org/original_24_10.png,data/raw/cedar/signatures/full_org/original_24_11.png,1,genuine_genuine,24
1134,data/raw/cedar/signatures/full_org/original_24_5.png,data/raw/cedar/signatures/full_org/original_24_6.png,1,genuine_genuine,24
1135,data/raw/cedar/signatures/full_org/original_24_5.png,data/raw/cedar/signatures/full_org/original_24_18.png,1,genuine_genuine,24
1136,data/raw/cedar/signatures/full_org/original_24_14.png,data/raw/cedar/signatures/full_org/original_24_20.png,1,genuine_genuine,24
1137,data/raw/cedar/signatures/full_org/original_24_15.png,data/raw/cedar/signatures/full_org/original_24_18.png,1,genuine_genuine,24
1138,data/raw/cedar/signatures/full_org/original_24_23.png,data/raw/cedar/signatures/full_org/original_24_24.png,1,genuine_genuine,24
1139,data/raw/cedar/signatures/full_org/original_24_6.png,data/raw/cedar/signatures/full_org/original_24_23.png,1,genuine_genuine,24
1140,data/raw/cedar/signatures/full_org/original_24_21.png,data/raw/cedar/signatures/full_org/original_24_23.png,1,genuine_genuine,24
1141,data/raw/cedar/signatures/full_org/original_24_9.png,data/raw/cedar/signatures/full_org/original_24_13.png,1,genuine_genuine,24
1142,data/raw/cedar/signatures/full_org/original_24_7.png,data/raw/cedar/signatures/full_org/original_24_9.png,1,genuine_genuine,24
1143,data/raw/cedar/signatures/full_org/original_24_6.png,data/raw/cedar/signatures/full_org/original_24_21.png,1,genuine_genuine,24
1144,data/raw/cedar/signatures/full_org/original_24_1.png,data/raw/cedar/signatures/full_org/original_24_20.png,1,genuine_genuine,24
1145,data/raw/cedar/signatures/full_org/original_24_16.png,data/raw/cedar/signatures/full_org/original_24_18.png,1,genuine_genuine,24
1146,data/raw/cedar/signatures/full_org/original_24_19.png,data/raw/cedar/signatures/full_org/original_24_24.png,1,genuine_genuine,24
1147,data/raw/cedar/signatures/full_org/original_24_12.png,data/raw/cedar/signatures/full_org/original_24_19.png,1,genuine_genuine,24
1148,data/raw/cedar/signatures/full_org/original_24_2.png,data/raw/cedar/signatures/full_org/original_24_22.png,1,genuine_genuine,24
1149,data/raw/cedar/signatures/full_org/original_24_7.png,data/raw/cedar/signatures/full_org/original_24_13.png,1,genuine_genuine,24
1150,data/raw/cedar/signatures/full_org/original_24_7.png,data/raw/cedar/signatures/full_org/original_24_12.png,1,genuine_genuine,24
1151,data/raw/cedar/signatures/full_org/original_24_8.png,data/raw/cedar/signatures/full_org/original_24_12.png,1,genuine_genuine,24
1152,data/raw/cedar/signatures/full_org/original_24_10.png,data/raw/cedar/signatures/full_org/original_24_15.png,1,genuine_genuine,24
1153,data/raw/cedar/signatures/full_org/original_24_20.png,data/raw/cedar/signatures/full_org/original_24_21.png,1,genuine_genuine,24
1154,data/raw/cedar/signatures/full_org/original_24_3.png,data/raw/cedar/signatures/full_org/original_24_23.png,1,genuine_genuine,24
1155,data/raw/cedar/signatures/full_org/original_24_5.png,data/raw/cedar/signatures/full_org/original_24_9.png,1,genuine_genuine,24
1156,data/raw/cedar/signatures/full_org/original_24_5.png,data/raw/cedar/signatures/full_org/original_24_10.png,1,genuine_genuine,24
1157,data/raw/cedar/signatures/full_org/original_24_3.png,data/raw/cedar/signatures/full_org/original_24_9.png,1,genuine_genuine,24
1158,data/raw/cedar/signatures/full_org/original_24_5.png,data/raw/cedar/signatures/full_org/original_24_14.png,1,genuine_genuine,24
1159,data/raw/cedar/signatures/full_org/original_24_18.png,data/raw/cedar/signatures/full_org/original_24_22.png,1,genuine_genuine,24
1160,data/raw/cedar/signatures/full_org/original_24_14.png,data/raw/cedar/signatures/full_forg/forgeries_24_21.png,0,skilled_forgery,24
1161,data/raw/cedar/signatures/full_org/original_24_5.png,data/raw/cedar/signatures/full_forg/forgeries_24_6.png,0,skilled_forgery,24
1162,data/raw/cedar/signatures/full_org/original_24_16.png,data/raw/cedar/signatures/full_forg/forgeries_24_16.png,0,skilled_forgery,24
1163,data/raw/cedar/signatures/full_org/original_24_24.png,data/raw/cedar/signatures/full_forg/forgeries_24_12.png,0,skilled_forgery,24
1164,data/raw/cedar/signatures/full_org/original_24_14.png,data/raw/cedar/signatures/full_forg/forgeries_24_12.png,0,skilled_forgery,24
1165,data/raw/cedar/signatures/full_org/original_24_24.png,data/raw/cedar/signatures/full_forg/forgeries_24_13.png,0,skilled_forgery,24
1166,data/raw/cedar/signatures/full_org/original_24_23.png,data/raw/cedar/signatures/full_forg/forgeries_24_6.png,0,skilled_forgery,24
1167,data/raw/cedar/signatures/full_org/original_24_8.png,data/raw/cedar/signatures/full_forg/forgeries_24_12.png,0,skilled_forgery,24
1168,data/raw/cedar/signatures/full_org/original_24_8.png,data/raw/cedar/signatures/full_forg/forgeries_24_20.png,0,skilled_forgery,24
1169,data/raw/cedar/signatures/full_org/original_24_19.png,data/raw/cedar/signatures/full_forg/forgeries_24_20.png,0,skilled_forgery,24
1170,data/raw/cedar/signatures/full_org/original_24_16.png,data/raw/cedar/signatures/full_forg/forgeries_24_24.png,0,skilled_forgery,24
1171,data/raw/cedar/signatures/full_org/original_24_16.png,data/raw/cedar/signatures/full_forg/forgeries_24_18.png,0,skilled_forgery,24
1172,data/raw/cedar/signatures/full_org/original_24_11.png,data/raw/cedar/signatures/full_forg/forgeries_24_6.png,0,skilled_forgery,24
1173,data/raw/cedar/signatures/full_org/original_24_15.png,data/raw/cedar/signatures/full_forg/forgeries_24_11.png,0,skilled_forgery,24
1174,data/raw/cedar/signatures/full_org/original_24_12.png,data/raw/cedar/signatures/full_forg/forgeries_24_3.png,0,skilled_forgery,24
1175,data/raw/cedar/signatures/full_org/original_24_2.png,data/raw/cedar/signatures/full_forg/forgeries_24_23.png,0,skilled_forgery,24
1176,data/raw/cedar/signatures/full_org/original_24_3.png,data/raw/cedar/signatures/full_forg/forgeries_24_16.png,0,skilled_forgery,24
1177,data/raw/cedar/signatures/full_org/original_24_24.png,data/raw/cedar/signatures/full_forg/forgeries_24_23.png,0,skilled_forgery,24
1178,data/raw/cedar/signatures/full_org/original_24_23.png,data/raw/cedar/signatures/full_forg/forgeries_24_11.png,0,skilled_forgery,24
1179,data/raw/cedar/signatures/full_org/original_24_7.png,data/raw/cedar/signatures/full_forg/forgeries_24_23.png,0,skilled_forgery,24
1180,data/raw/cedar/signatures/full_org/original_24_10.png,data/raw/cedar/signatures/full_org/original_19_21.png,0,random_forgery,24
1181,data/raw/cedar/signatures/full_org/original_24_24.png,data/raw/cedar/signatures/full_org/original_31_1.png,0,random_forgery,24
1182,data/raw/cedar/signatures/full_org/original_24_20.png,data/raw/cedar/signatures/full_org/original_47_23.png,0,random_forgery,24
1183,data/raw/cedar/signatures/full_org/original_24_4.png,data/raw/cedar/signatures/full_org/original_22_3.png,0,random_forgery,24
1184,data/raw/cedar/signatures/full_org/original_24_5.png,data/raw/cedar/signatures/full_org/original_1_20.png,0,random_forgery,24
1185,data/raw/cedar/signatures/full_org/original_24_17.png,data/raw/cedar/signatures/full_org/original_14_4.png,0,random_forgery,24
1186,data/raw/cedar/signatures/full_org/original_24_7.png,data/raw/cedar/signatures/full_org/original_26_4.png,0,random_forgery,24
1187,data/raw/cedar/signatures/full_org/original_24_1.png,data/raw/cedar/signatures/full_org/original_46_17.png,0,random_forgery,24
1188,data/raw/cedar/signatures/full_org/original_24_13.png,data/raw/cedar/signatures/full_org/original_43_2.png,0,random_forgery,24
1189,data/raw/cedar/signatures/full_org/original_24_10.png,data/raw/cedar/signatures/full_org/original_14_13.png,0,random_forgery,24
1190,data/raw/cedar/signatures/full_org/original_24_6.png,data/raw/cedar/signatures/full_org/original_46_8.png,0,random_forgery,24
1191,data/raw/cedar/signatures/full_org/original_24_9.png,data/raw/cedar/signatures/full_org/original_51_20.png,0,random_forgery,24
1192,data/raw/cedar/signatures/full_org/original_24_22.png,data/raw/cedar/signatures/full_org/original_43_20.png,0,random_forgery,24
1193,data/raw/cedar/signatures/full_org/original_24_14.png,data/raw/cedar/signatures/full_org/original_14_5.png,0,random_forgery,24
1194,data/raw/cedar/signatures/full_org/original_24_6.png,data/raw/cedar/signatures/full_org/original_4_5.png,0,random_forgery,24
1195,data/raw/cedar/signatures/full_org/original_24_6.png,data/raw/cedar/signatures/full_org/original_26_17.png,0,random_forgery,24
1196,data/raw/cedar/signatures/full_org/original_24_7.png,data/raw/cedar/signatures/full_org/original_51_16.png,0,random_forgery,24
1197,data/raw/cedar/signatures/full_org/original_24_10.png,data/raw/cedar/signatures/full_org/original_46_10.png,0,random_forgery,24
1198,data/raw/cedar/signatures/full_org/original_24_19.png,data/raw/cedar/signatures/full_org/original_13_16.png,0,random_forgery,24
1199,data/raw/cedar/signatures/full_org/original_24_22.png,data/raw/cedar/signatures/full_org/original_36_9.png,0,random_forgery,24
1200,data/raw/cedar/signatures/full_org/original_25_10.png,data/raw/cedar/signatures/full_org/original_25_12.png,1,genuine_genuine,25
1201,data/raw/cedar/signatures/full_org/original_25_17.png,data/raw/cedar/signatures/full_org/original_25_20.png,1,genuine_genuine,25
1202,data/raw/cedar/signatures/full_org/original_25_6.png,data/raw/cedar/signatures/full_org/original_25_10.png,1,genuine_genuine,25
1203,data/raw/cedar/signatures/full_org/original_25_8.png,data/raw/cedar/signatures/full_org/original_25_9.png,1,genuine_genuine,25
1204,data/raw/cedar/signatures/full_org/original_25_16.png,data/raw/cedar/signatures/full_org/original_25_17.png,1,genuine_genuine,25
1205,data/raw/cedar/signatures/full_org/original_25_3.png,data/raw/cedar/signatures/full_org/original_25_14.png,1,genuine_genuine,25
1206,data/raw/cedar/signatures/full_org/original_25_1.png,data/raw/cedar/signatures/full_org/original_25_21.png,1,genuine_genuine,25
1207,data/raw/cedar/signatures/full_org/original_25_21.png,data/raw/cedar/signatures/full_org/original_25_23.png,1,genuine_genuine,25
1208,data/raw/cedar/signatures/full_org/original_25_12.png,data/raw/cedar/signatures/full_org/original_25_21.png,1,genuine_genuine,25
1209,data/raw/cedar/signatures/full_org/original_25_9.png,data/raw/cedar/signatures/full_org/original_25_20.png,1,genuine_genuine,25
1210,data/raw/cedar/signatures/full_org/original_25_9.png,data/raw/cedar/signatures/full_org/original_25_11.png,1,genuine_genuine,25
1211,data/raw/cedar/signatures/full_org/original_25_5.png,data/raw/cedar/signatures/full_org/original_25_21.png,1,genuine_genuine,25
1212,data/raw/cedar/signatures/full_org/original_25_4.png,data/raw/cedar/signatures/full_org/original_25_6.png,1,genuine_genuine,25
1213,data/raw/cedar/signatures/full_org/original_25_7.png,data/raw/cedar/signatures/full_org/original_25_18.png,1,genuine_genuine,25
1214,data/raw/cedar/signatures/full_org/original_25_6.png,data/raw/cedar/signatures/full_org/original_25_18.png,1,genuine_genuine,25
1215,data/raw/cedar/signatures/full_org/original_25_16.png,data/raw/cedar/signatures/full_org/original_25_19.png,1,genuine_genuine,25
1216,data/raw/cedar/signatures/full_org/original_25_9.png,data/raw/cedar/signatures/full_org/original_25_14.png,1,genuine_genuine,25
1217,data/raw/cedar/signatures/full_org/original_25_3.png,data/raw/cedar/signatures/full_org/original_25_17.png,1,genuine_genuine,25
1218,data/raw/cedar/signatures/full_org/original_25_12.png,data/raw/cedar/signatures/full_org/original_25_19.png,1,genuine_genuine,25
1219,data/raw/cedar/signatures/full_org/original_25_5.png,data/raw/cedar/signatures/full_org/original_25_14.png,1,genuine_genuine,25
1220,data/raw/cedar/signatures/full_org/original_25_11.png,data/raw/cedar/signatures/full_org/original_25_16.png,1,genuine_genuine,25
1221,data/raw/cedar/signatures/full_org/original_25_2.png,data/raw/cedar/signatures/full_org/original_25_3.png,1,genuine_genuine,25
1222,data/raw/cedar/signatures/full_org/original_25_7.png,data/raw/cedar/signatures/full_org/original_25_21.png,1,genuine_genuine,25
1223,data/raw/cedar/signatures/full_org/original_25_1.png,data/raw/cedar/signatures/full_org/original_25_2.png,1,genuine_genuine,25
1224,data/raw/cedar/signatures/full_org/original_25_6.png,data/raw/cedar/signatures/full_org/original_25_16.png,1,genuine_genuine,25
1225,data/raw/cedar/signatures/full_org/original_25_9.png,data/raw/cedar/signatures/full_org/original_25_18.png,1,genuine_genuine,25
1226,data/raw/cedar/signatures/full_org/original_25_14.png,data/raw/cedar/signatures/full_org/original_25_24.png,1,genuine_genuine,25
1227,data/raw/cedar/signatures/full_org/original_25_6.png,data/raw/cedar/signatures/full_org/original_25_24.png,1,genuine_genuine,25
1228,data/raw/cedar/signatures/full_org/original_25_3.png,data/raw/cedar/signatures/full_org/original_25_21.png,1,genuine_genuine,25
1229,data/raw/cedar/signatures/full_org/original_25_11.png,data/raw/cedar/signatures/full_org/original_25_19.png,1,genuine_genuine,25
1230,data/raw/cedar/signatures/full_org/original_25_5.png,data/raw/cedar/signatures/full_org/original_25_8.png,1,genuine_genuine,25
1231,data/raw/cedar/signatures/full_org/original_25_20.png,data/raw/cedar/signatures/full_org/original_25_24.png,1,genuine_genuine,25
1232,data/raw/cedar/signatures/full_org/original_25_5.png,data/raw/cedar/signatures/full_org/original_25_13.png,1,genuine_genuine,25
1233,data/raw/cedar/signatures/full_org/original_25_4.png,data/raw/cedar/signatures/full_org/original_25_24.png,1,genuine_genuine,25
1234,data/raw/cedar/signatures/full_org/original_25_8.png,data/raw/cedar/signatures/full_org/original_25_22.png,1,genuine_genuine,25
1235,data/raw/cedar/signatures/full_org/original_25_10.png,data/raw/cedar/signatures/full_org/original_25_15.png,1,genuine_genuine,25
1236,data/raw/cedar/signatures/full_org/original_25_18.png,data/raw/cedar/signatures/full_org/original_25_20.png,1,genuine_genuine,25
1237,data/raw/cedar/signatures/full_org/original_25_6.png,data/raw/cedar/signatures/full_org/original_25_20.png,1,genuine_genuine,25
1238,data/raw/cedar/signatures/full_org/original_25_22.png,data/raw/cedar/signatures/full_org/original_25_24.png,1,genuine_genuine,25
1239,data/raw/cedar/signatures/full_org/original_25_4.png,data/raw/cedar/signatures/full_org/original_25_22.png,1,genuine_genuine,25
1240,data/raw/cedar/signatures/full_org/original_25_23.png,data/raw/cedar/signatures/full_forg/forgeries_25_17.png,0,skilled_forgery,25
1241,data/raw/cedar/signatures/full_org/original_25_21.png,data/raw/cedar/signatures/full_forg/forgeries_25_7.png,0,skilled_forgery,25
1242,data/raw/cedar/signatures/full_org/original_25_13.png,data/raw/cedar/signatures/full_forg/forgeries_25_10.png,0,skilled_forgery,25
1243,data/raw/cedar/signatures/full_org/original_25_20.png,data/raw/cedar/signatures/full_forg/forgeries_25_15.png,0,skilled_forgery,25
1244,data/raw/cedar/signatures/full_org/original_25_14.png,data/raw/cedar/signatures/full_forg/forgeries_25_13.png,0,skilled_forgery,25
1245,data/raw/cedar/signatures/full_org/original_25_18.png,data/raw/cedar/signatures/full_forg/forgeries_25_14.png,0,skilled_forgery,25
1246,data/raw/cedar/signatures/full_org/original_25_21.png,data/raw/cedar/signatures/full_forg/forgeries_25_23.png,0,skilled_forgery,25
1247,data/raw/cedar/signatures/full_org/original_25_8.png,data/raw/cedar/signatures/full_forg/forgeries_25_8.png,0,skilled_forgery,25
1248,data/raw/cedar/signatures/full_org/original_25_15.png,data/raw/cedar/signatures/full_forg/forgeries_25_18.png,0,skilled_forgery,25
1249,data/raw/cedar/signatures/full_org/original_25_19.png,data/raw/cedar/signatures/full_forg/forgeries_25_4.png,0,skilled_forgery,25
1250,data/raw/cedar/signatures/full_org/original_25_13.png,data/raw/cedar/signatures/full_forg/forgeries_25_17.png,0,skilled_forgery,25
1251,data/raw/cedar/signatures/full_org/original_25_5.png,data/raw/cedar/signatures/full_forg/forgeries_25_5.png,0,skilled_forgery,25
1252,data/raw/cedar/signatures/full_org/original_25_4.png,data/raw/cedar/signatures/full_forg/forgeries_25_22.png,0,skilled_forgery,25
1253,data/raw/cedar/signatures/full_org/original_25_17.png,data/raw/cedar/signatures/full_forg/forgeries_25_21.png,0,skilled_forgery,25
1254,data/raw/cedar/signatures/full_org/original_25_15.png,data/raw/cedar/signatures/full_forg/forgeries_25_10.png,0,skilled_forgery,25
1255,data/raw/cedar/signatures/full_org/original_25_11.png,data/raw/cedar/signatures/full_forg/forgeries_25_5.png,0,skilled_forgery,25
1256,data/raw/cedar/signatures/full_org/original_25_9.png,data/raw/cedar/signatures/full_forg/forgeries_25_15.png,0,skilled_forgery,25
1257,data/raw/cedar/signatures/full_org/original_25_11.png,data/raw/cedar/signatures/full_forg/forgeries_25_15.png,0,skilled_forgery,25
1258,data/raw/cedar/signatures/full_org/original_25_20.png,data/raw/cedar/signatures/full_forg/forgeries_25_23.png,0,skilled_forgery,25
1259,data/raw/cedar/signatures/full_org/original_25_3.png,data/raw/cedar/signatures/full_forg/forgeries_25_5.png,0,skilled_forgery,25
1260,data/raw/cedar/signatures/full_org/original_25_17.png,data/raw/cedar/signatures/full_org/original_46_22.png,0,random_forgery,25
1261,data/raw/cedar/signatures/full_org/original_25_10.png,data/raw/cedar/signatures/full_org/original_21_8.png,0,random_forgery,25
1262,data/raw/cedar/signatures/full_org/original_25_22.png,data/raw/cedar/signatures/full_org/original_30_16.png,0,random_forgery,25
1263,data/raw/cedar/signatures/full_org/original_25_21.png,data/raw/cedar/signatures/full_org/original_47_13.png,0,random_forgery,25
1264,data/raw/cedar/signatures/full_org/original_25_12.png,data/raw/cedar/signatures/full_org/original_55_18.png,0,random_forgery,25
1265,data/raw/cedar/signatures/full_org/original_25_10.png,data/raw/cedar/signatures/full_org/original_46_4.png,0,random_forgery,25
1266,data/raw/cedar/signatures/full_org/original_25_4.png,data/raw/cedar/signatures/full_org/original_24_10.png,0,random_forgery,25
1267,data/raw/cedar/signatures/full_org/original_25_15.png,data/raw/cedar/signatures/full_org/original_40_11.png,0,random_forgery,25
1268,data/raw/cedar/signatures/full_org/original_25_22.png,data/raw/cedar/signatures/full_org/original_26_14.png,0,random_forgery,25
1269,data/raw/cedar/signatures/full_org/original_25_6.png,data/raw/cedar/signatures/full_org/original_14_15.png,0,random_forgery,25
1270,data/raw/cedar/signatures/full_org/original_25_22.png,data/raw/cedar/signatures/full_org/original_32_4.png,0,random_forgery,25
1271,data/raw/cedar/signatures/full_org/original_25_23.png,data/raw/cedar/signatures/full_org/original_34_13.png,0,random_forgery,25
1272,data/raw/cedar/signatures/full_org/original_25_16.png,data/raw/cedar/signatures/full_org/original_17_16.png,0,random_forgery,25
1273,data/raw/cedar/signatures/full_org/original_25_14.png,data/raw/cedar/signatures/full_org/original_55_22.png,0,random_forgery,25
1274,data/raw/cedar/signatures/full_org/original_25_1.png,data/raw/cedar/signatures/full_org/original_26_10.png,0,random_forgery,25
1275,data/raw/cedar/signatures/full_org/original_25_17.png,data/raw/cedar/signatures/full_org/original_29_7.png,0,random_forgery,25
1276,data/raw/cedar/signatures/full_org/original_25_2.png,data/raw/cedar/signatures/full_org/original_40_18.png,0,random_forgery,25
1277,data/raw/cedar/signatures/full_org/original_25_9.png,data/raw/cedar/signatures/full_org/original_32_22.png,0,random_forgery,25
1278,data/raw/cedar/signatures/full_org/original_25_14.png,data/raw/cedar/signatures/full_org/original_32_13.png,0,random_forgery,25
1279,data/raw/cedar/signatures/full_org/original_25_14.png,data/raw/cedar/signatures/full_org/original_43_13.png,0,random_forgery,25
1280,data/raw/cedar/signatures/full_org/original_26_9.png,data/raw/cedar/signatures/full_org/original_26_23.png,1,genuine_genuine,26
1281,data/raw/cedar/signatures/full_org/original_26_16.png,data/raw/cedar/signatures/full_org/original_26_24.png,1,genuine_genuine,26
1282,data/raw/cedar/signatures/full_org/original_26_7.png,data/raw/cedar/signatures/full_org/original_26_11.png,1,genuine_genuine,26
1283,data/raw/cedar/signatures/full_org/original_26_2.png,data/raw/cedar/signatures/full_org/original_26_17.png,1,genuine_genuine,26
1284,data/raw/cedar/signatures/full_org/original_26_2.png,data/raw/cedar/signatures/full_org/original_26_24.png,1,genuine_genuine,26
1285,data/raw/cedar/signatures/full_org/original_26_16.png,data/raw/cedar/signatures/full_org/original_26_23.png,1,genuine_genuine,26
1286,data/raw/cedar/signatures/full_org/original_26_1.png,data/raw/cedar/signatures/full_org/original_26_4.png,1,genuine_genuine,26
1287,data/raw/cedar/signatures/full_org/original_26_10.png,data/raw/cedar/signatures/full_org/original_26_17.png,1,genuine_genuine,26
1288,data/raw/cedar/signatures/full_org/original_26_14.png,data/raw/cedar/signatures/full_org/original_26_21.png,1,genuine_genuine,26
1289,data/raw/cedar/signatures/full_org/original_26_8.png,data/raw/cedar/signatures/full_org/original_26_13.png,1,genuine_genuine,26
1290,data/raw/cedar/signatures/full_org/original_26_11.png,data/raw/cedar/signatures/full_org/original_26_22.png,1,genuine_genuine,26
1291,data/raw/cedar/signatures/full_org/original_26_1.png,data/raw/cedar/signatures/full_org/original_26_13.png,1,genuine_genuine,26
1292,data/raw/cedar/signatures/full_org/original_26_9.png,data/raw/cedar/signatures/full_org/original_26_18.png,1,genuine_genuine,26
1293,data/raw/cedar/signatures/full_org/original_26_2.png,data/raw/cedar/signatures/full_org/original_26_22.png,1,genuine_genuine,26
1294,data/raw/cedar/signatures/full_org/original_26_6.png,data/raw/cedar/signatures/full_org/original_26_13.png,1,genuine_genuine,26
1295,data/raw/cedar/signatures/full_org/original_26_4.png,data/raw/cedar/signatures/full_org/original_26_7.png,1,genuine_genuine,26
1296,data/raw/cedar/signatures/full_org/original_26_8.png,data/raw/cedar/signatures/full_org/original_26_14.png,1,genuine_genuine,26
1297,data/raw/cedar/signatures/full_org/original_26_8.png,data/raw/cedar/signatures/full_org/original_26_20.png,1,genuine_genuine,26
1298,data/raw/cedar/signatures/full_org/original_26_5.png,data/raw/cedar/signatures/full_org/original_26_13.png,1,genuine_genuine,26
1299,data/raw/cedar/signatures/full_org/original_26_2.png,data/raw/cedar/signatures/full_org/original_26_8.png,1,genuine_genuine,26
1300,data/raw/cedar/signatures/full_org/original_26_10.png,data/raw/cedar/signatures/full_org/original_26_14.png,1,genuine_genuine,26
1301,data/raw/cedar/signatures/full_org/original_26_15.png,data/raw/cedar/signatures/full_org/original_26_24.png,1,genuine_genuine,26
1302,data/raw/cedar/signatures/full_org/original_26_1.png,data/raw/cedar/signatures/full_org/original_26_24.png,1,genuine_genuine,26
1303,data/raw/cedar/signatures/full_org/original_26_11.png,data/raw/cedar/signatures/full_org/original_26_13.png,1,genuine_genuine,26
1304,data/raw/cedar/signatures/full_org/original_26_10.png,data/raw/cedar/signatures/full_org/original_26_11.png,1,genuine_genuine,26
1305,data/raw/cedar/signatures/full_org/original_26_3.png,data/raw/cedar/signatures/full_org/original_26_23.png,1,genuine_genuine,26
1306,data/raw/cedar/signatures/full_org/original_26_12.png,data/raw/cedar/signatures/full_org/original_26_22.png,1,genuine_genuine,26
1307,data/raw/cedar/signatures/full_org/original_26_5.png,data/raw/cedar/signatures/full_org/original_26_7.png,1,genuine_genuine,26
1308,data/raw/cedar/signatures/full_org/original_26_10.png,data/raw/cedar/signatures/full_org/original_26_21.png,1,genuine_genuine,26
1309,data/raw/cedar/signatures/full_org/original_26_8.png,data/raw/cedar/signatures/full_org/original_26_9.png,1,genuine_genuine,26
1310,data/raw/cedar/signatures/full_org/original_26_4.png,data/raw/cedar/signatures/full_org/original_26_19.png,1,genuine_genuine,26
1311,data/raw/cedar/signatures/full_org/original_26_14.png,data/raw/cedar/signatures/full_org/original_26_24.png,1,genuine_genuine,26
1312,data/raw/cedar/signatures/full_org/original_26_4.png,data/raw/cedar/signatures/full_org/original_26_12.png,1,genuine_genuine,26
1313,data/raw/cedar/signatures/full_org/original_26_6.png,data/raw/cedar/signatures/full_org/original_26_18.png,1,genuine_genuine,26
1314,data/raw/cedar/signatures/full_org/original_26_18.png,data/raw/cedar/signatures/full_org/original_26_19.png,1,genuine_genuine,26
1315,data/raw/cedar/signatures/full_org/original_26_3.png,data/raw/cedar/signatures/full_org/original_26_4.png,1,genuine_genuine,26
1316,data/raw/cedar/signatures/full_org/original_26_14.png,data/raw/cedar/signatures/full_org/original_26_22.png,1,genuine_genuine,26
1317,data/raw/cedar/signatures/full_org/original_26_10.png,data/raw/cedar/signatures/full_org/original_26_22.png,1,genuine_genuine,26
1318,data/raw/cedar/signatures/full_org/original_26_4.png,data/raw/cedar/signatures/full_org/original_26_20.png,1,genuine_genuine,26
1319,data/raw/cedar/signatures/full_org/original_26_10.png,data/raw/cedar/signatures/full_org/original_26_12.png,1,genuine_genuine,26
1320,data/raw/cedar/signatures/full_org/original_26_24.png,data/raw/cedar/signatures/full_forg/forgeries_26_12.png,0,skilled_forgery,26
1321,data/raw/cedar/signatures/full_org/original_26_19.png,data/raw/cedar/signatures/full_forg/forgeries_26_9.png,0,skilled_forgery,26
1322,data/raw/cedar/signatures/full_org/original_26_14.png,data/raw/cedar/signatures/full_forg/forgeries_26_16.png,0,skilled_forgery,26
1323,data/raw/cedar/signatures/full_org/original_26_7.png,data/raw/cedar/signatures/full_forg/forgeries_26_6.png,0,skilled_forgery,26
1324,data/raw/cedar/signatures/full_org/original_26_18.png,data/raw/cedar/signatures/full_forg/forgeries_26_17.png,0,skilled_forgery,26
1325,data/raw/cedar/signatures/full_org/original_26_5.png,data/raw/cedar/signatures/full_forg/forgeries_26_24.png,0,skilled_forgery,26
1326,data/raw/cedar/signatures/full_org/original_26_2.png,data/raw/cedar/signatures/full_forg/forgeries_26_3.png,0,skilled_forgery,26
1327,data/raw/cedar/signatures/full_org/original_26_5.png,data/raw/cedar/signatures/full_forg/forgeries_26_18.png,0,skilled_forgery,26
1328,data/raw/cedar/signatures/full_org/original_26_20.png,data/raw/cedar/signatures/full_forg/forgeries_26_24.png,0,skilled_forgery,26
1329,data/raw/cedar/signatures/full_org/original_26_14.png,data/raw/cedar/signatures/full_forg/forgeries_26_19.png,0,skilled_forgery,26
1330,data/raw/cedar/signatures/full_org/original_26_17.png,data/raw/cedar/signatures/full_forg/forgeries_26_12.png,0,skilled_forgery,26
1331,data/raw/cedar/signatures/full_org/original_26_22.png,data/raw/cedar/signatures/full_forg/forgeries_26_5.png,0,skilled_forgery,26
1332,data/raw/cedar/signatures/full_org/original_26_10.png,data/raw/cedar/signatures/full_forg/forgeries_26_3.png,0,skilled_forgery,26
1333,data/raw/cedar/signatures/full_org/original_26_17.png,data/raw/cedar/signatures/full_forg/forgeries_26_16.png,0,skilled_forgery,26
1334,data/raw/cedar/signatures/full_org/original_26_13.png,data/raw/cedar/signatures/full_forg/forgeries_26_11.png,0,skilled_forgery,26
1335,data/raw/cedar/signatures/full_org/original_26_19.png,data/raw/cedar/signatures/full_forg/forgeries_26_3.png,0,skilled_forgery,26
1336,data/raw/cedar/signatures/full_org/original_26_5.png,data/raw/cedar/signatures/full_forg/forgeries_26_19.png,0,skilled_forgery,26
1337,data/raw/cedar/signatures/full_org/original_26_7.png,data/raw/cedar/signatures/full_forg/forgeries_26_1.png,0,skilled_forgery,26
1338,data/raw/cedar/signatures/full_org/original_26_20.png,data/raw/cedar/signatures/full_forg/forgeries_26_14.png,0,skilled_forgery,26
1339,data/raw/cedar/signatures/full_org/original_26_22.png,data/raw/cedar/signatures/full_forg/forgeries_26_8.png,0,skilled_forgery,26
1340,data/raw/cedar/signatures/full_org/original_26_3.png,data/raw/cedar/signatures/full_org/original_5_11.png,0,random_forgery,26
1341,data/raw/cedar/signatures/full_org/original_26_2.png,data/raw/cedar/signatures/full_org/original_36_5.png,0,random_forgery,26
1342,data/raw/cedar/signatures/full_org/original_26_24.png,data/raw/cedar/signatures/full_org/original_55_21.png,0,random_forgery,26
1343,data/raw/cedar/signatures/full_org/original_26_13.png,data/raw/cedar/signatures/full_org/original_13_17.png,0,random_forgery,26
1344,data/raw/cedar/signatures/full_org/original_26_11.png,data/raw/cedar/signatures/full_org/original_12_21.png,0,random_forgery,26
1345,data/raw/cedar/signatures/full_org/original_26_14.png,data/raw/cedar/signatures/full_org/original_31_13.png,0,random_forgery,26
1346,data/raw/cedar/signatures/full_org/original_26_6.png,data/raw/cedar/signatures/full_org/original_4_24.png,0,random_forgery,26
1347,data/raw/cedar/signatures/full_org/original_26_24.png,data/raw/cedar/signatures/full_org/original_27_21.png,0,random_forgery,26
1348,data/raw/cedar/signatures/full_org/original_26_14.png,data/raw/cedar/signatures/full_org/original_12_4.png,0,random_forgery,26
1349,data/raw/cedar/signatures/full_org/original_26_19.png,data/raw/cedar/signatures/full_org/original_22_9.png,0,random_forgery,26
1350,data/raw/cedar/signatures/full_org/original_26_20.png,data/raw/cedar/signatures/full_org/original_31_17.png,0,random_forgery,26
1351,data/raw/cedar/signatures/full_org/original_26_8.png,data/raw/cedar/signatures/full_org/original_51_23.png,0,random_forgery,26
1352,data/raw/cedar/signatures/full_org/original_26_12.png,data/raw/cedar/signatures/full_org/original_10_19.png,0,random_forgery,26
1353,data/raw/cedar/signatures/full_org/original_26_7.png,data/raw/cedar/signatures/full_org/original_46_14.png,0,random_forgery,26
1354,data/raw/cedar/signatures/full_org/original_26_24.png,data/raw/cedar/signatures/full_org/original_29_23.png,0,random_forgery,26
1355,data/raw/cedar/signatures/full_org/original_26_9.png,data/raw/cedar/signatures/full_org/original_21_17.png,0,random_forgery,26
1356,data/raw/cedar/signatures/full_org/original_26_20.png,data/raw/cedar/signatures/full_org/original_5_13.png,0,random_forgery,26
1357,data/raw/cedar/signatures/full_org/original_26_22.png,data/raw/cedar/signatures/full_org/original_21_10.png,0,random_forgery,26
1358,data/raw/cedar/signatures/full_org/original_26_1.png,data/raw/cedar/signatures/full_org/original_29_14.png,0,random_forgery,26
1359,data/raw/cedar/signatures/full_org/original_26_1.png,data/raw/cedar/signatures/full_org/original_23_14.png,0,random_forgery,26
1360,data/raw/cedar/signatures/full_org/original_27_6.png,data/raw/cedar/signatures/full_org/original_27_16.png,1,genuine_genuine,27
1361,data/raw/cedar/signatures/full_org/original_27_5.png,data/raw/cedar/signatures/full_org/original_27_17.png,1,genuine_genuine,27
1362,data/raw/cedar/signatures/full_org/original_27_13.png,data/raw/cedar/signatures/full_org/original_27_17.png,1,genuine_genuine,27
1363,data/raw/cedar/signatures/full_org/original_27_14.png,data/raw/cedar/signatures/full_org/original_27_19.png,1,genuine_genuine,27
1364,data/raw/cedar/signatures/full_org/original_27_4.png,data/raw/cedar/signatures/full_org/original_27_6.png,1,genuine_genuine,27
1365,data/raw/cedar/signatures/full_org/original_27_4.png,data/raw/cedar/signatures/full_org/original_27_14.png,1,genuine_genuine,27
1366,data/raw/cedar/signatures/full_org/original_27_4.png,data/raw/cedar/signatures/full_org/original_27_8.png,1,genuine_genuine,27
1367,data/raw/cedar/signatures/full_org/original_27_1.png,data/raw/cedar/signatures/full_org/original_27_19.png,1,genuine_genuine,27
1368,data/raw/cedar/signatures/full_org/original_27_1.png,data/raw/cedar/signatures/full_org/original_27_14.png,1,genuine_genuine,27
1369,data/raw/cedar/signatures/full_org/original_27_12.png,data/raw/cedar/signatures/full_org/original_27_19.png,1,genuine_genuine,27
1370,data/raw/cedar/signatures/full_org/original_27_1.png,data/raw/cedar/signatures/full_org/original_27_4.png,1,genuine_genuine,27
1371,data/raw/cedar/signatures/full_org/original_27_17.png,data/raw/cedar/signatures/full_org/original_27_20.png,1,genuine_genuine,27
1372,data/raw/cedar/signatures/full_org/original_27_16.png,data/raw/cedar/signatures/full_org/original_27_19.png,1,genuine_genuine,27
1373,data/raw/cedar/signatures/full_org/original_27_4.png,data/raw/cedar/signatures/full_org/original_27_23.png,1,genuine_genuine,27
1374,data/raw/cedar/signatures/full_org/original_27_2.png,data/raw/cedar/signatures/full_org/original_27_16.png,1,genuine_genuine,27
1375,data/raw/cedar/signatures/full_org/original_27_5.png,data/raw/cedar/signatures/full_org/original_27_13.png,1,genuine_genuine,27
1376,data/raw/cedar/signatures/full_org/original_27_1.png,data/raw/cedar/signatures/full_org/original_27_13.png,1,genuine_genuine,27
1377,data/raw/cedar/signatures/full_org/original_27_13.png,data/raw/cedar/signatures/full_org/original_27_24.png,1,genuine_genuine,27
1378,data/raw/cedar/signatures/full_org/original_27_5.png,data/raw/cedar/signatures/full_org/original_27_9.png,1,genuine_genuine,27
1379,data/raw/cedar/signatures/full_org/original_27_8.png,data/raw/cedar/signatures/full_org/original_27_10.png,1,genuine_genuine,27
1380,data/raw/cedar/signatures/full_org/original_27_10.png,data/raw/cedar/signatures/full_org/original_27_22.png,1,genuine_genuine,27
1381,data/raw/cedar/signatures/full_org/original_27_19.png,data/raw/cedar/signatures/full_org/original_27_23.png,1,genuine_genuine,27
1382,data/raw/cedar/signatures/full_org/original_27_19.png,data/raw/cedar/signatures/full_org/original_27_20.png,1,genuine_genuine,27
1383,data/raw/cedar/signatures/full_org/original_27_1.png,data/raw/cedar/signatures/full_org/original_27_3.png,1,genuine_genuine,27
1384,data/raw/cedar/signatures/full_org/original_27_1.png,data/raw/cedar/signatures/full_org/original_27_21.png,1,genuine_genuine,27
1385,data/raw/cedar/signatures/full_org/original_27_19.png,data/raw/cedar/signatures/full_org/original_27_21.png,1,genuine_genuine,27
1386,data/raw/cedar/signatures/full_org/original_27_4.png,data/raw/cedar/signatures/full_org/original_27_18.png,1,genuine_genuine,27
1387,data/raw/cedar/signatures/full_org/original_27_10.png,data/raw/cedar/signatures/full_org/original_27_20.png,1,genuine_genuine,27
1388,data/raw/cedar/signatures/full_org/original_27_9.png,data/raw/cedar/signatures/full_org/original_27_18.png,1,genuine_genuine,27
1389,data/raw/cedar/signatures/full_org/original_27_12.png,data/raw/cedar/signatures/full_org/original_27_21.png,1,genuine_genuine,27
1390,data/raw/cedar/signatures/full_org/original_27_9.png,data/raw/cedar/signatures/full_org/original_27_12.png,1,genuine_genuine,27
1391,data/raw/cedar/signatures/full_org/original_27_2.png,data/raw/cedar/signatures/full_org/original_27_14.png,1,genuine_genuine,27
1392,data/raw/cedar/signatures/full_org/original_27_11.png,data/raw/cedar/signatures/full_org/original_27_15.png,1,genuine_genuine,27
1393,data/raw/cedar/signatures/full_org/original_27_1.png,data/raw/cedar/signatures/full_org/original_27_20.png,1,genuine_genuine,27
1394,data/raw/cedar/signatures/full_org/original_27_9.png,data/raw/cedar/signatures/full_org/original_27_11.png,1,genuine_genuine,27
1395,data/raw/cedar/signatures/full_org/original_27_10.png,data/raw/cedar/signatures/full_org/original_27_19.png,1,genuine_genuine,27
1396,data/raw/cedar/signatures/full_org/original_27_9.png,data/raw/cedar/signatures/full_org/original_27_10.png,1,genuine_genuine,27
1397,data/raw/cedar/signatures/full_org/original_27_6.png,data/raw/cedar/signatures/full_org/original_27_23.png,1,genuine_genuine,27
1398,data/raw/cedar/signatures/full_org/original_27_2.png,data/raw/cedar/signatures/full_org/original_27_9.png,1,genuine_genuine,27
1399,data/raw/cedar/signatures/full_org/original_27_14.png,data/raw/cedar/signatures/full_org/original_27_23.png,1,genuine_genuine,27
1400,data/raw/cedar/signatures/full_org/original_27_18.png,data/raw/cedar/signatures/full_forg/forgeries_27_10.png,0,skilled_forgery,27
1401,data/raw/cedar/signatures/full_org/original_27_6.png,data/raw/cedar/signatures/full_forg/forgeries_27_7.png,0,skilled_forgery,27
1402,data/raw/cedar/signatures/full_org/original_27_4.png,data/raw/cedar/signatures/full_forg/forgeries_27_2.png,0,skilled_forgery,27
1403,data/raw/cedar/signatures/full_org/original_27_8.png,data/raw/cedar/signatures/full_forg/forgeries_27_16.png,0,skilled_forgery,27
1404,data/raw/cedar/signatures/full_org/original_27_23.png,data/raw/cedar/signatures/full_forg/forgeries_27_20.png,0,skilled_forgery,27
1405,data/raw/cedar/signatures/full_org/original_27_8.png,data/raw/cedar/signatures/full_forg/forgeries_27_2.png,0,skilled_forgery,27
1406,data/raw/cedar/signatures/full_org/original_27_7.png,data/raw/cedar/signatures/full_forg/forgeries_27_5.png,0,skilled_forgery,27
1407,data/raw/cedar/signatures/full_org/original_27_1.png,data/raw/cedar/signatures/full_forg/forgeries_27_22.png,0,skilled_forgery,27
1408,data/raw/cedar/signatures/full_org/original_27_3.png,data/raw/cedar/signatures/full_forg/forgeries_27_16.png,0,skilled_forgery,27
1409,data/raw/cedar/signatures/full_org/original_27_12.png,data/raw/cedar/signatures/full_forg/forgeries_27_18.png,0,skilled_forgery,27
1410,data/raw/cedar/signatures/full_org/original_27_18.png,data/raw/cedar/signatures/full_forg/forgeries_27_21.png,0,skilled_forgery,27
1411,data/raw/cedar/signatures/full_org/original_27_2.png,data/raw/cedar/signatures/full_forg/forgeries_27_4.png,0,skilled_forgery,27
1412,data/raw/cedar/signatures/full_org/original_27_18.png,data/raw/cedar/signatures/full_forg/forgeries_27_4.png,0,skilled_forgery,27
1413,data/raw/cedar/signatures/full_org/original_27_8.png,data/raw/cedar/signatures/full_forg/forgeries_27_11.png,0,skilled_forgery,27
1414,data/raw/cedar/signatures/full_org/original_27_4.png,data/raw/cedar/signatures/full_forg/forgeries_27_17.png,0,skilled_forgery,27
1415,data/raw/cedar/signatures/full_org/original_27_18.png,data/raw/cedar/signatures/full_forg/forgeries_27_13.png,0,skilled_forgery,27
1416,data/raw/cedar/signatures/full_org/original_27_24.png,data/raw/cedar/signatures/full_forg/forgeries_27_18.png,0,skilled_forgery,27
1417,data/raw/cedar/signatures/full_org/original_27_6.png,data/raw/cedar/signatures/full_forg/forgeries_27_20.png,0,skilled_forgery,27
1418,data/raw/cedar/signatures/full_org/original_27_8.png,data/raw/cedar/signatures/full_forg/forgeries_27_19.png,0,skilled_forgery,27
1419,data/raw/cedar/signatures/full_org/original_27_9.png,data/raw/cedar/signatures/full_forg/forgeries_27_9.png,0,skilled_forgery,27
1420,data/raw/cedar/signatures/full_org/original_27_15.png,data/raw/cedar/signatures/full_org/original_46_14.png,0,random_forgery,27
1421,data/raw/cedar/signatures/full_org/original_27_15.png,data/raw/cedar/signatures/full_org/original_51_5.png,0,random_forgery,27
1422,data/raw/cedar/signatures/full_org/original_27_21.png,data/raw/cedar/signatures/full_org/original_55_1.png,0,random_forgery,27
1423,data/raw/cedar/signatures/full_org/original_27_16.png,data/raw/cedar/signatures/full_org/original_31_16.png,0,random_forgery,27
1424,data/raw/cedar/signatures/full_org/original_27_5.png,data/raw/cedar/signatures/full_org/original_26_11.png,0,random_forgery,27
1425,data/raw/cedar/signatures/full_org/original_27_12.png,data/raw/cedar/signatures/full_org/original_51_20.png,0,random_forgery,27
1426,data/raw/cedar/signatures/full_org/original_27_16.png,data/raw/cedar/signatures/full_org/original_13_16.png,0,random_forgery,27
1427,data/raw/cedar/signatures/full_org/original_27_7.png,data/raw/cedar/signatures/full_org/original_53_5.png,0,random_forgery,27
1428,data/raw/cedar/signatures/full_org/original_27_17.png,data/raw/cedar/signatures/full_org/original_24_5.png,0,random_forgery,27
1429,data/raw/cedar/signatures/full_org/original_27_8.png,data/raw/cedar/signatures/full_org/original_19_22.png,0,random_forgery,27
1430,data/raw/cedar/signatures/full_org/original_27_24.png,data/raw/cedar/signatures/full_org/original_12_4.png,0,random_forgery,27
1431,data/raw/cedar/signatures/full_org/original_27_10.png,data/raw/cedar/signatures/full_org/original_39_20.png,0,random_forgery,27
1432,data/raw/cedar/signatures/full_org/original_27_8.png,data/raw/cedar/signatures/full_org/original_13_8.png,0,random_forgery,27
1433,data/raw/cedar/signatures/full_org/original_27_6.png,data/raw/cedar/signatures/full_org/original_26_24.png,0,random_forgery,27
1434,data/raw/cedar/signatures/full_org/original_27_11.png,data/raw/cedar/signatures/full_org/original_31_23.png,0,random_forgery,27
1435,data/raw/cedar/signatures/full_org/original_27_22.png,data/raw/cedar/signatures/full_org/original_45_19.png,0,random_forgery,27
1436,data/raw/cedar/signatures/full_org/original_27_17.png,data/raw/cedar/signatures/full_org/original_50_19.png,0,random_forgery,27
1437,data/raw/cedar/signatures/full_org/original_27_5.png,data/raw/cedar/signatures/full_org/original_29_11.png,0,random_forgery,27
1438,data/raw/cedar/signatures/full_org/original_27_12.png,data/raw/cedar/signatures/full_org/original_42_22.png,0,random_forgery,27
1439,data/raw/cedar/signatures/full_org/original_27_19.png,data/raw/cedar/signatures/full_org/original_19_24.png,0,random_forgery,27
1440,data/raw/cedar/signatures/full_org/original_29_12.png,data/raw/cedar/signatures/full_org/original_29_17.png,1,genuine_genuine,29
1441,data/raw/cedar/signatures/full_org/original_29_6.png,data/raw/cedar/signatures/full_org/original_29_12.png,1,genuine_genuine,29
1442,data/raw/cedar/signatures/full_org/original_29_11.png,data/raw/cedar/signatures/full_org/original_29_18.png,1,genuine_genuine,29
1443,data/raw/cedar/signatures/full_org/original_29_5.png,data/raw/cedar/signatures/full_org/original_29_23.png,1,genuine_genuine,29
1444,data/raw/cedar/signatures/full_org/original_29_13.png,data/raw/cedar/signatures/full_org/original_29_21.png,1,genuine_genuine,29
1445,data/raw/cedar/signatures/full_org/original_29_11.png,data/raw/cedar/signatures/full_org/original_29_15.png,1,genuine_genuine,29
1446,data/raw/cedar/signatures/full_org/original_29_3.png,data/raw/cedar/signatures/full_org/original_29_11.png,1,genuine_genuine,29
1447,data/raw/cedar/signatures/full_org/original_29_7.png,data/raw/cedar/signatures/full_org/original_29_12.png,1,genuine_genuine,29
1448,data/raw/cedar/signatures/full_org/original_29_1.png,data/raw/cedar/signatures/full_org/original_29_10.png,1,genuine_genuine,29
1449,data/raw/cedar/signatures/full_org/original_29_14.png,data/raw/cedar/signatures/full_org/original_29_21.png,1,genuine_genuine,29
1450,data/raw/cedar/signatures/full_org/original_29_4.png,data/raw/cedar/signatures/full_org/original_29_7.png,1,genuine_genuine,29
1451,data/raw/cedar/signatures/full_org/original_29_14.png,data/raw/cedar/signatures/full_org/original_29_15.png,1,genuine_genuine,29
1452,data/raw/cedar/signatures/full_org/original_29_3.png,data/raw/cedar/signatures/full_org/original_29_20.png,1,genuine_genuine,29
1453,data/raw/cedar/signatures/full_org/original_29_1.png,data/raw/cedar/signatures/full_org/original_29_12.png,1,genuine_genuine,29
1454,data/raw/cedar/signatures/full_org/original_29_16.png,data/raw/cedar/signatures/full_org/original_29_17.png,1,genuine_genuine,29
1455,data/raw/cedar/signatures/full_org/original_29_16.png,data/raw/cedar/signatures/full_org/original_29_18.png,1,genuine_genuine,29
1456,data/raw/cedar/signatures/full_org/original_29_9.png,data/raw/cedar/signatures/full_org/original_29_14.png,1,genuine_genuine,29
1457,data/raw/cedar/signatures/full_org/original_29_17.png,data/raw/cedar/signatures/full_org/original_29_24.png,1,genuine_genuine,29
1458,data/raw/cedar/signatures/full_org/original_29_2.png,data/raw/cedar/signatures/full_org/original_29_3.png,1,genuine_genuine,29
1459,data/raw/cedar/signatures/full_org/original_29_4.png,data/raw/cedar/signatures/full_org/original_29_9.png,1,genuine_genuine,29
1460,data/raw/cedar/signatures/full_org/original_29_8.png,data/raw/cedar/signatures/full_org/original_29_16.png,1,genuine_genuine,29
1461,data/raw/cedar/signatures/full_org/original_29_4.png,data/raw/cedar/signatures/full_org/original_29_22.png,1,genuine_genuine,29
1462,data/raw/cedar/signatures/full_org/original_29_8.png,data/raw/cedar/signatures/full_org/original_29_14.png,1,genuine_genuine,29
1463,data/raw/cedar/signatures/full_org/original_29_20.png,data/raw/cedar/signatures/full_org/original_29_24.png,1,genuine_genuine,29
1464,data/raw/cedar/signatures/full_org/original_29_18.png,data/raw/cedar/signatures/full_org/original_29_23.png,1,genuine_genuine,29
1465,data/raw/cedar/signatures/full_org/original_29_1.png,data/raw/cedar/signatures/full_org/original_29_22.png,1,genuine_genuine,29
1466,data/raw/cedar/signatures/full_org/original_29_10.png,data/raw/cedar/signatures/full_org/original_29_12.png,1,genuine_genuine,29
1467,data/raw/cedar/signatures/full_org/original_29_7.png,data/raw/cedar/signatures/full_org/original_29_10.png,1,genuine_genuine,29
1468,data/raw/cedar/signatures/full_org/original_29_17.png,data/raw/cedar/signatures/full_org/original_29_21.png,1,genuine_genuine,29
1469,data/raw/cedar/signatures/full_org/original_29_1.png,data/raw/cedar/signatures/full_org/original_29_5.png,1,genuine_genuine,29
1470,data/raw/cedar/signatures/full_org/original_29_12.png,data/raw/cedar/signatures/full_org/original_29_20.png,1,genuine_genuine,29
1471,data/raw/cedar/signatures/full_org/original_29_1.png,data/raw/cedar/signatures/full_org/original_29_4.png,1,genuine_genuine,29
1472,data/raw/cedar/signatures/full_org/original_29_4.png,data/raw/cedar/signatures/full_org/original_29_24.png,1,genuine_genuine,29
1473,data/raw/cedar/signatures/full_org/original_29_2.png,data/raw/cedar/signatures/full_org/original_29_13.png,1,genuine_genuine,29
1474,data/raw/cedar/signatures/full_org/original_29_13.png,data/raw/cedar/signatures/full_org/original_29_19.png,1,genuine_genuine,29
1475,data/raw/cedar/signatures/full_org/original_29_9.png,data/raw/cedar/signatures/full_org/original_29_17.png,1,genuine_genuine,29
1476,data/raw/cedar/signatures/full_org/original_29_3.png,data/raw/cedar/signatures/full_org/original_29_4.png,1,genuine_genuine,29
1477,data/raw/cedar/signatures/full_org/original_29_6.png,data/raw/cedar/signatures/full_org/original_29_20.png,1,genuine_genuine,29
1478,data/raw/cedar/signatures/full_org/original_29_2.png,data/raw/cedar/signatures/full_org/original_29_7.png,1,genuine_genuine,29
1479,data/raw/cedar/signatures/full_org/original_29_17.png,data/raw/cedar/signatures/full_org/original_29_19.png,1,genuine_genuine,29
1480,data/raw/cedar/signatures/full_org/original_29_3.png,data/raw/cedar/signatures/full_forg/forgeries_29_11.png,0,skilled_forgery,29
1481,data/raw/cedar/signatures/full_org/original_29_21.png,data/raw/cedar/signatures/full_forg/forgeries_29_12.png,0,skilled_forgery,29
1482,data/raw/cedar/signatures/full_org/original_29_7.png,data/raw/cedar/signatures/full_forg/forgeries_29_2.png,0,skilled_forgery,29
1483,data/raw/cedar/signatures/full_org/original_29_17.png,data/raw/cedar/signatures/full_forg/forgeries_29_4.png,0,skilled_forgery,29
1484,data/raw/cedar/signatures/full_org/original_29_20.png,data/raw/cedar/signatures/full_forg/forgeries_29_24.png,0,skilled_forgery,29
1485,data/raw/cedar/signatures/full_org/original_29_3.png,data/raw/cedar/signatures/full_forg/forgeries_29_13.png,0,skilled_forgery,29
1486,data/raw/cedar/signatures/full_org/original_29_8.png,data/raw/cedar/signatures/full_forg/forgeries_29_21.png,0,skilled_forgery,29
1487,data/raw/cedar/signatures/full_org/original_29_3.png,data/raw/cedar/signatures/full_forg/forgeries_29_24.png,0,skilled_forgery,29
1488,data/raw/cedar/signatures/full_org/original_29_1.png,data/raw/cedar/signatures/full_forg/forgeries_29_18.png,0,skilled_forgery,29
1489,data/raw/cedar/signatures/full_org/original_29_13.png,data/raw/cedar/signatures/full_forg/forgeries_29_8.png,0,skilled_forgery,29
1490,data/raw/cedar/signatures/full_org/original_29_2.png,data/raw/cedar/signatures/full_forg/forgeries_29_17.png,0,skilled_forgery,29
1491,data/raw/cedar/signatures/full_org/original_29_17.png,data/raw/cedar/signatures/full_forg/forgeries_29_15.png,0,skilled_forgery,29
1492,data/raw/cedar/signatures/full_org/original_29_2.png,data/raw/cedar/signatures/full_forg/forgeries_29_15.png,0,skilled_forgery,29
1493,data/raw/cedar/signatures/full_org/original_29_11.png,data/raw/cedar/signatures/full_forg/forgeries_29_2.png,0,skilled_forgery,29
1494,data/raw/cedar/signatures/full_org/original_29_11.png,data/raw/cedar/signatures/full_forg/forgeries_29_19.png,0,skilled_forgery,29
1495,data/raw/cedar/signatures/full_org/original_29_19.png,data/raw/cedar/signatures/full_forg/forgeries_29_24.png,0,skilled_forgery,29
1496,data/raw/cedar/signatures/full_org/original_29_19.png,data/raw/cedar/signatures/full_forg/forgeries_29_16.png,0,skilled_forgery,29
1497,data/raw/cedar/signatures/full_org/original_29_20.png,data/raw/cedar/signatures/full_forg/forgeries_29_13.png,0,skilled_forgery,29
1498,data/raw/cedar/signatures/full_org/original_29_4.png,data/raw/cedar/signatures/full_forg/forgeries_29_18.png,0,skilled_forgery,29
1499,data/raw/cedar/signatures/full_org/original_29_14.png,data/raw/cedar/signatures/full_forg/forgeries_29_12.png,0,skilled_forgery,29
1500,data/raw/cedar/signatures/full_org/original_29_11.png,data/raw/cedar/signatures/full_org/original_22_22.png,0,random_forgery,29
1501,data/raw/cedar/signatures/full_org/original_29_1.png,data/raw/cedar/signatures/full_org/original_43_15.png,0,random_forgery,29
1502,data/raw/cedar/signatures/full_org/original_29_8.png,data/raw/cedar/signatures/full_org/original_11_20.png,0,random_forgery,29
1503,data/raw/cedar/signatures/full_org/original_29_10.png,data/raw/cedar/signatures/full_org/original_50_18.png,0,random_forgery,29
1504,data/raw/cedar/signatures/full_org/original_29_5.png,data/raw/cedar/signatures/full_org/original_20_18.png,0,random_forgery,29
1505,data/raw/cedar/signatures/full_org/original_29_2.png,data/raw/cedar/signatures/full_org/original_32_4.png,0,random_forgery,29
1506,data/raw/cedar/signatures/full_org/original_29_14.png,data/raw/cedar/signatures/full_org/original_11_17.png,0,random_forgery,29
1507,data/raw/cedar/signatures/full_org/original_29_1.png,data/raw/cedar/signatures/full_org/original_51_20.png,0,random_forgery,29
1508,data/raw/cedar/signatures/full_org/original_29_24.png,data/raw/cedar/signatures/full_org/original_20_11.png,0,random_forgery,29
1509,data/raw/cedar/signatures/full_org/original_29_2.png,data/raw/cedar/signatures/full_org/original_36_5.png,0,random_forgery,29
1510,data/raw/cedar/signatures/full_org/original_29_22.png,data/raw/cedar/signatures/full_org/original_13_8.png,0,random_forgery,29
1511,data/raw/cedar/signatures/full_org/original_29_13.png,data/raw/cedar/signatures/full_org/original_1_1.png,0,random_forgery,29
1512,data/raw/cedar/signatures/full_org/original_29_2.png,data/raw/cedar/signatures/full_org/original_53_13.png,0,random_forgery,29
1513,data/raw/cedar/signatures/full_org/original_29_4.png,data/raw/cedar/signatures/full_org/original_53_8.png,0,random_forgery,29
1514,data/raw/cedar/signatures/full_org/original_29_19.png,data/raw/cedar/signatures/full_org/original_5_18.png,0,random_forgery,29
1515,data/raw/cedar/signatures/full_org/original_29_1.png,data/raw/cedar/signatures/full_org/original_11_21.png,0,random_forgery,29
1516,data/raw/cedar/signatures/full_org/original_29_19.png,data/raw/cedar/signatures/full_org/original_46_21.png,0,random_forgery,29
1517,data/raw/cedar/signatures/full_org/original_29_10.png,data/raw/cedar/signatures/full_org/original_37_22.png,0,random_forgery,29
1518,data/raw/cedar/signatures/full_org/original_29_15.png,data/raw/cedar/signatures/full_org/original_37_24.png,0,random_forgery,29
1519,data/raw/cedar/signatures/full_org/original_29_22.png,data/raw/cedar/signatures/full_org/original_25_16.png,0,random_forgery,29
1520,data/raw/cedar/signatures/full_org/original_30_6.png,data/raw/cedar/signatures/full_org/original_30_24.png,1,genuine_genuine,30
1521,data/raw/cedar/signatures/full_org/original_30_2.png,data/raw/cedar/signatures/full_org/original_30_6.png,1,genuine_genuine,30
1522,data/raw/cedar/signatures/full_org/original_30_10.png,data/raw/cedar/signatures/full_org/original_30_20.png,1,genuine_genuine,30
1523,data/raw/cedar/signatures/full_org/original_30_6.png,data/raw/cedar/signatures/full_org/original_30_11.png,1,genuine_genuine,30
1524,data/raw/cedar/signatures/full_org/original_30_8.png,data/raw/cedar/signatures/full_org/original_30_24.png,1,genuine_genuine,30
1525,data/raw/cedar/signatures/full_org/original_30_20.png,data/raw/cedar/signatures/full_org/original_30_24.png,1,genuine_genuine,30
1526,data/raw/cedar/signatures/full_org/original_30_7.png,data/raw/cedar/signatures/full_org/original_30_24.png,1,genuine_genuine,30
1527,data/raw/cedar/signatures/full_org/original_30_12.png,data/raw/cedar/signatures/full_org/original_30_23.png,1,genuine_genuine,30
1528,data/raw/cedar/signatures/full_org/original_30_1.png,data/raw/cedar/signatures/full_org/original_30_9.png,1,genuine_genuine,30
1529,data/raw/cedar/signatures/full_org/original_30_4.png,data/raw/cedar/signatures/full_org/original_30_5.png,1,genuine_genuine,30
1530,data/raw/cedar/signatures/full_org/original_30_16.png,data/raw/cedar/signatures/full_org/original_30_21.png,1,genuine_genuine,30
1531,data/raw/cedar/signatures/full_org/original_30_1.png,data/raw/cedar/signatures/full_org/original_30_6.png,1,genuine_genuine,30
1532,data/raw/cedar/signatures/full_org/original_30_3.png,data/raw/cedar/signatures/full_org/original_30_18.png,1,genuine_genuine,30
1533,data/raw/cedar/signatures/full_org/original_30_7.png,data/raw/cedar/signatures/full_org/original_30_15.png,1,genuine_genuine,30
1534,data/raw/cedar/signatures/full_org/original_30_13.png,data/raw/cedar/signatures/full_org/original_30_18.png,1,genuine_genuine,30
1535,data/raw/cedar/signatures/full_org/original_30_11.png,data/raw/cedar/signatures/full_org/original_30_17.png,1,genuine_genuine,30
1536,data/raw/cedar/signatures/full_org/original_30_14.png,data/raw/cedar/signatures/full_org/original_30_23.png,1,genuine_genuine,30
1537,data/raw/cedar/signatures/full_org/original_30_8.png,data/raw/cedar/signatures/full_org/original_30_18.png,1,genuine_genuine,30
1538,data/raw/cedar/signatures/full_org/original_30_5.png,data/raw/cedar/signatures/full_org/original_30_21.png,1,genuine_genuine,30
1539,data/raw/cedar/signatures/full_org/original_30_1.png,data/raw/cedar/signatures/full_org/original_30_13.png,1,genuine_genuine,30
1540,data/raw/cedar/signatures/full_org/original_30_8.png,data/raw/cedar/signatures/full_org/original_30_11.png,1,genuine_genuine,30
1541,data/raw/cedar/signatures/full_org/original_30_3.png,data/raw/cedar/signatures/full_org/original_30_23.png,1,genuine_genuine,30
1542,data/raw/cedar/signatures/full_org/original_30_22.png,data/raw/cedar/signatures/full_org/original_30_24.png,1,genuine_genuine,30
1543,data/raw/cedar/signatures/full_org/original_30_12.png,data/raw/cedar/signatures/full_org/original_30_16.png,1,genuine_genuine,30
1544,data/raw/cedar/signatures/full_org/original_30_10.png,data/raw/cedar/signatures/full_org/original_30_11.png,1,genuine_genuine,30
1545,data/raw/cedar/signatures/full_org/original_30_7.png,data/raw/cedar/signatures/full_org/original_30_8.png,1,genuine_genuine,30
1546,data/raw/cedar/signatures/full_org/original_30_15.png,data/raw/cedar/signatures/full_org/original_30_24.png,1,genuine_genuine,30
1547,data/raw/cedar/signatures/full_org/original_30_2.png,data/raw/cedar/signatures/full_org/original_30_10.png,1,genuine_genuine,30
1548,data/raw/cedar/signatures/full_org/original_30_13.png,data/raw/cedar/signatures/full_org/original_30_16.png,1,genuine_genuine,30
1549,data/raw/cedar/signatures/full_org/original_30_10.png,data/raw/cedar/signatures/full_org/original_30_12.png,1,genuine_genuine,30
1550,data/raw/cedar/signatures/full_org/original_30_10.png,data/raw/cedar/signatures/full_org/original_30_15.png,1,genuine_genuine,30
1551,data/raw/cedar/signatures/full_org/original_30_5.png,data/raw/cedar/signatures/full_org/original_30_7.png,1,genuine_genuine,30
1552,data/raw/cedar/signatures/full_org/original_30_8.png,data/raw/cedar/signatures/full_org/original_30_23.png,1,genuine_genuine,30
1553,data/raw/cedar/signatures/full_org/original_30_13.png,data/raw/cedar/signatures/full_org/original_30_21.png,1,genuine_genuine,30
1554,data/raw/cedar/signatures/full_org/original_30_17.png,data/raw/cedar/signatures/full_org/original_30_19.png,1,genuine_genuine,30
1555,data/raw/cedar/signatures/full_org/original_30_1.png,data/raw/cedar/signatures/full_org/original_30_2.png,1,genuine_genuine,30
1556,data/raw/cedar/signatures/full_org/original_30_13.png,data/raw/cedar/signatures/full_org/original_30_15.png,1,genuine_genuine,30
1557,data/raw/cedar/signatures/full_org/original_30_12.png,data/raw/cedar/signatures/full_org/original_30_24.png,1,genuine_genuine,30
1558,data/raw/cedar/signatures/full_org/original_30_11.png,data/raw/cedar/signatures/full_org/original_30_23.png,1,genuine_genuine,30
1559,data/raw/cedar/signatures/full_org/original_30_10.png,data/raw/cedar/signatures/full_org/original_30_13.png,1,genuine_genuine,30
1560,data/raw/cedar/signatures/full_org/original_30_9.png,data/raw/cedar/signatures/full_forg/forgeries_30_12.png,0,skilled_forgery,30
1561,data/raw/cedar/signatures/full_org/original_30_14.png,data/raw/cedar/signatures/full_forg/forgeries_30_4.png,0,skilled_forgery,30
1562,data/raw/cedar/signatures/full_org/original_30_2.png,data/raw/cedar/signatures/full_forg/forgeries_30_5.png,0,skilled_forgery,30
1563,data/raw/cedar/signatures/full_org/original_30_16.png,data/raw/cedar/signatures/full_forg/forgeries_30_5.png,0,skilled_forgery,30
1564,data/raw/cedar/signatures/full_org/original_30_13.png,data/raw/cedar/signatures/full_forg/forgeries_30_5.png,0,skilled_forgery,30
1565,data/raw/cedar/signatures/full_org/original_30_1.png,data/raw/cedar/signatures/full_forg/forgeries_30_3.png,0,skilled_forgery,30
1566,data/raw/cedar/signatures/full_org/original_30_18.png,data/raw/cedar/signatures/full_forg/forgeries_30_2.png,0,skilled_forgery,30
1567,data/raw/cedar/signatures/full_org/original_30_13.png,data/raw/cedar/signatures/full_forg/forgeries_30_9.png,0,skilled_forgery,30
1568,data/raw/cedar/signatures/full_org/original_30_2.png,data/raw/cedar/signatures/full_forg/forgeries_30_20.png,0,skilled_forgery,30
1569,data/raw/cedar/signatures/full_org/original_30_22.png,data/raw/cedar/signatures/full_forg/forgeries_30_1.png,0,skilled_forgery,30
1570,data/raw/cedar/signatures/full_org/original_30_19.png,data/raw/cedar/signatures/full_forg/forgeries_30_15.png,0,skilled_forgery,30
1571,data/raw/cedar/signatures/full_org/original_30_19.png,data/raw/cedar/signatures/full_forg/forgeries_30_4.png,0,skilled_forgery,30
1572,data/raw/cedar/signatures/full_org/original_30_20.png,data/raw/cedar/signatures/full_forg/forgeries_30_1.png,0,skilled_forgery,30
1573,data/raw/cedar/signatures/full_org/original_30_8.png,data/raw/cedar/signatures/full_forg/forgeries_30_3.png,0,skilled_forgery,30
1574,data/raw/cedar/signatures/full_org/original_30_15.png,data/raw/cedar/signatures/full_forg/forgeries_30_17.png,0,skilled_forgery,30
1575,data/raw/cedar/signatures/full_org/original_30_12.png,data/raw/cedar/signatures/full_forg/forgeries_30_4.png,0,skilled_forgery,30
1576,data/raw/cedar/signatures/full_org/original_30_20.png,data/raw/cedar/signatures/full_forg/forgeries_30_20.png,0,skilled_forgery,30
1577,data/raw/cedar/signatures/full_org/original_30_5.png,data/raw/cedar/signatures/full_forg/forgeries_30_5.png,0,skilled_forgery,30
1578,data/raw/cedar/signatures/full_org/original_30_18.png,data/raw/cedar/signatures/full_forg/forgeries_30_17.png,0,skilled_forgery,30
1579,data/raw/cedar/signatures/full_org/original_30_8.png,data/raw/cedar/signatures/full_forg/forgeries_30_10.png,0,skilled_forgery,30
1580,data/raw/cedar/signatures/full_org/original_30_21.png,data/raw/cedar/signatures/full_org/original_14_24.png,0,random_forgery,30
1581,data/raw/cedar/signatures/full_org/original_30_16.png,data/raw/cedar/signatures/full_org/original_4_6.png,0,random_forgery,30
1582,data/raw/cedar/signatures/full_org/original_30_4.png,data/raw/cedar/signatures/full_org/original_1_3.png,0,random_forgery,30
1583,data/raw/cedar/signatures/full_org/original_30_15.png,data/raw/cedar/signatures/full_org/original_25_19.png,0,random_forgery,30
1584,data/raw/cedar/signatures/full_org/original_30_9.png,data/raw/cedar/signatures/full_org/original_52_9.png,0,random_forgery,30
1585,data/raw/cedar/signatures/full_org/original_30_23.png,data/raw/cedar/signatures/full_org/original_4_19.png,0,random_forgery,30
1586,data/raw/cedar/signatures/full_org/original_30_3.png,data/raw/cedar/signatures/full_org/original_46_24.png,0,random_forgery,30
1587,data/raw/cedar/signatures/full_org/original_30_7.png,data/raw/cedar/signatures/full_org/original_19_3.png,0,random_forgery,30
1588,data/raw/cedar/signatures/full_org/original_30_22.png,data/raw/cedar/signatures/full_org/original_39_13.png,0,random_forgery,30
1589,data/raw/cedar/signatures/full_org/original_30_2.png,data/raw/cedar/signatures/full_org/original_4_16.png,0,random_forgery,30
1590,data/raw/cedar/signatures/full_org/original_30_15.png,data/raw/cedar/signatures/full_org/original_42_14.png,0,random_forgery,30
1591,data/raw/cedar/signatures/full_org/original_30_1.png,data/raw/cedar/signatures/full_org/original_21_19.png,0,random_forgery,30
1592,data/raw/cedar/signatures/full_org/original_30_22.png,data/raw/cedar/signatures/full_org/original_5_3.png,0,random_forgery,30
1593,data/raw/cedar/signatures/full_org/original_30_23.png,data/raw/cedar/signatures/full_org/original_27_10.png,0,random_forgery,30
1594,data/raw/cedar/signatures/full_org/original_30_7.png,data/raw/cedar/signatures/full_org/original_46_9.png,0,random_forgery,30
1595,data/raw/cedar/signatures/full_org/original_30_22.png,data/raw/cedar/signatures/full_org/original_4_9.png,0,random_forgery,30
1596,data/raw/cedar/signatures/full_org/original_30_8.png,data/raw/cedar/signatures/full_org/original_22_23.png,0,random_forgery,30
1597,data/raw/cedar/signatures/full_org/original_30_1.png,data/raw/cedar/signatures/full_org/original_43_21.png,0,random_forgery,30
1598,data/raw/cedar/signatures/full_org/original_30_19.png,data/raw/cedar/signatures/full_org/original_5_14.png,0,random_forgery,30
1599,data/raw/cedar/signatures/full_org/original_30_23.png,data/raw/cedar/signatures/full_org/original_52_16.png,0,random_forgery,30
1600,data/raw/cedar/signatures/full_org/original_31_11.png,data/raw/cedar/signatures/full_org/original_31_22.png,1,genuine_genuine,31
1601,data/raw/cedar/signatures/full_org/original_31_7.png,data/raw/cedar/signatures/full_org/original_31_17.png,1,genuine_genuine,31
1602,data/raw/cedar/signatures/full_org/original_31_19.png,data/raw/cedar/signatures/full_org/original_31_23.png,1,genuine_genuine,31
1603,data/raw/cedar/signatures/full_org/original_31_18.png,data/raw/cedar/signatures/full_org/original_31_23.png,1,genuine_genuine,31
1604,data/raw/cedar/signatures/full_org/original_31_21.png,data/raw/cedar/signatures/full_org/original_31_23.png,1,genuine_genuine,31
1605,data/raw/cedar/signatures/full_org/original_31_8.png,data/raw/cedar/signatures/full_org/original_31_13.png,1,genuine_genuine,31
1606,data/raw/cedar/signatures/full_org/original_31_12.png,data/raw/cedar/signatures/full_org/original_31_13.png,1,genuine_genuine,31
1607,data/raw/cedar/signatures/full_org/original_31_1.png,data/raw/cedar/signatures/full_org/original_31_15.png,1,genuine_genuine,31
1608,data/raw/cedar/signatures/full_org/original_31_10.png,data/raw/cedar/signatures/full_org/original_31_20.png,1,genuine_genuine,31
1609,data/raw/cedar/signatures/full_org/original_31_10.png,data/raw/cedar/signatures/full_org/original_31_18.png,1,genuine_genuine,31
1610,data/raw/cedar/signatures/full_org/original_31_7.png,data/raw/cedar/signatures/full_org/original_31_9.png,1,genuine_genuine,31
1611,data/raw/cedar/signatures/full_org/original_31_7.png,data/raw/cedar/signatures/full_org/original_31_15.png,1,genuine_genuine,31
1612,data/raw/cedar/signatures/full_org/original_31_3.png,data/raw/cedar/signatures/full_org/original_31_5.png,1,genuine_genuine,31
1613,data/raw/cedar/signatures/full_org/original_31_2.png,data/raw/cedar/signatures/full_org/original_31_14.png,1,genuine_genuine,31
1614,data/raw/cedar/signatures/full_org/original_31_2.png,data/raw/cedar/signatures/full_org/original_31_5.png,1,genuine_genuine,31
1615,data/raw/cedar/signatures/full_org/original_31_4.png,data/raw/cedar/signatures/full_org/original_31_6.png,1,genuine_genuine,31
1616,data/raw/cedar/signatures/full_org/original_31_5.png,data/raw/cedar/signatures/full_org/original_31_10.png,1,genuine_genuine,31
1617,data/raw/cedar/signatures/full_org/original_31_3.png,data/raw/cedar/signatures/full_org/original_31_14.png,1,genuine_genuine,31
1618,data/raw/cedar/signatures/full_org/original_31_4.png,data/raw/cedar/signatures/full_org/original_31_5.png,1,genuine_genuine,31
1619,data/raw/cedar/signatures/full_org/original_31_1.png,data/raw/cedar/signatures/full_org/original_31_7.png,1,genuine_genuine,31
1620,data/raw/cedar/signatures/full_org/original_31_11.png,data/raw/cedar/signatures/full_org/original_31_12.png,1,genuine_genuine,31
1621,data/raw/cedar/signatures/full_org/original_31_4.png,data/raw/cedar/signatures/full_org/original_31_11.png,1,genuine_genuine,31
1622,data/raw/cedar/signatures/full_org/original_31_9.png,data/raw/cedar/signatures/full_org/original_31_16.png,1,genuine_genuine,31
1623,data/raw/cedar/signatures/full_org/original_31_6.png,data/raw/cedar/signatures/full_org/original_31_16.png,1,genuine_genuine,31
1624,data/raw/cedar/signatures/full_org/original_31_16.png,data/raw/cedar/signatures/full_org/original_31_20.png,1,genuine_genuine,31
1625,data/raw/cedar/signatures/full_org/original_31_13.png,data/raw/cedar/signatures/full_org/original_31_20.png,1,genuine_genuine,31
1626,data/raw/cedar/signatures/full_org/original_31_7.png,data/raw/cedar/signatures/full_org/original_31_8.png,1,genuine_genuine,31
1627,data/raw/cedar/signatures/full_org/original_31_15.png,data/raw/cedar/signatures/full_org/original_31_17.png,1,genuine_genuine,31
1628,data/raw/cedar/signatures/full_org/original_31_3.png,data/raw/cedar/signatures/full_org/original_31_10.png,1,genuine_genuine,31
1629,data/raw/cedar/signatures/full_org/original_31_4.png,data/raw/cedar/signatures/full_org/original_31_20.png,1,genuine_genuine,31
1630,data/raw/cedar/signatures/full_org/original_31_6.png,data/raw/cedar/signatures/full_org/original_31_7.png,1,genuine_genuine,31
1631,data/raw/cedar/signatures/full_org/original_31_6.png,data/raw/cedar/signatures/full_org/original_31_15.png,1,genuine_genuine,31
1632,data/raw/cedar/signatures/full_org/original_31_1.png,data/raw/cedar/signatures/full_org/original_31_16.png,1,genuine_genuine,31
1633,data/raw/cedar/signatures/full_org/original_31_9.png,data/raw/cedar/signatures/full_org/original_31_13.png,1,genuine_genuine,31
1634,data/raw/cedar/signatures/full_org/original_31_1.png,data/raw/cedar/signatures/full_org/original_31_21.png,1,genuine_genuine,31
1635,data/raw/cedar/signatures/full_org/original_31_7.png,data/raw/cedar/signatures/full_org/original_31_21.png,1,genuine_genuine,31
1636,data/raw/cedar/signatures/full_org/original_31_3.png,data/raw/cedar/signatures/full_org/original_31_9.png,1,genuine_genuine,31
1637,data/raw/cedar/signatures/full_org/original_31_13.png,data/raw/cedar/signatures/full_org/original_31_17.png,1,genuine_genuine,31
1638,data/raw/cedar/signatures/full_org/original_31_16.png,data/raw/cedar/signatures/full_org/original_31_19.png,1,genuine_genuine,31
1639,data/raw/cedar/signatures/full_org/original_31_9.png,data/raw/cedar/signatures/full_org/original_31_20.png,1,genuine_genuine,31
1640,data/raw/cedar/signatures/full_org/original_31_2.png,data/raw/cedar/signatures/full_forg/forgeries_31_14.png,0,skilled_forgery,31
1641,data/raw/cedar/signatures/full_org/original_31_2.png,data/raw/cedar/signatures/full_forg/forgeries_31_5.png,0,skilled_forgery,31
1642,data/raw/cedar/signatures/full_org/original_31_4.png,data/raw/cedar/signatures/full_forg/forgeries_31_14.png,0,skilled_forgery,31
1643,data/raw/cedar/signatures/full_org/original_31_18.png,data/raw/cedar/signatures/full_forg/forgeries_31_9.png,0,skilled_forgery,31
1644,data/raw/cedar/signatures/full_org/original_31_20.png,data/raw/cedar/signatures/full_forg/forgeries_31_18.png,0,skilled_forgery,31
1645,data/raw/cedar/signatures/full_org/original_31_3.png,data/raw/cedar/signatures/full_forg/forgeries_31_20.png,0,skilled_forgery,31
1646,data/raw/cedar/signatures/full_org/original_31_22.png,data/raw/cedar/signatures/full_forg/forgeries_31_15.png,0,skilled_forgery,31
1647,data/raw/cedar/signatures/full_org/original_31_8.png,data/raw/cedar/signatures/full_forg/forgeries_31_19.png,0,skilled_forgery,31
1648,data/raw/cedar/signatures/full_org/original_31_2.png,data/raw/cedar/signatures/full_forg/forgeries_31_21.png,0,skilled_forgery,31
1649,data/raw/cedar/signatures/full_org/original_31_11.png,data/raw/cedar/signatures/full_forg/forgeries_31_20.png,0,skilled_forgery,31
1650,data/raw/cedar/signatures/full_org/original_31_19.png,data/raw/cedar/signatures/full_forg/forgeries_31_23.png,0,skilled_forgery,31
1651,data/raw/cedar/signatures/full_org/original_31_4.png,data/raw/cedar/signatures/full_forg/forgeries_31_5.png,0,skilled_forgery,31
1652,data/raw/cedar/signatures/full_org/original_31_22.png,data/raw/cedar/signatures/full_forg/forgeries_31_20.png,0,skilled_forgery,31
1653,data/raw/cedar/signatures/full_org/original_31_9.png,data/raw/cedar/signatures/full_forg/forgeries_31_3.png,0,skilled_forgery,31
1654,data/raw/cedar/signatures/full_org/original_31_22.png,data/raw/cedar/signatures/full_forg/forgeries_31_8.png,0,skilled_forgery,31
1655,data/raw/cedar/signatures/full_org/original_31_13.png,data/raw/cedar/signatures/full_forg/forgeries_31_8.png,0,skilled_forgery,31
1656,data/raw/cedar/signatures/full_org/original_31_17.png,data/raw/cedar/signatures/full_forg/forgeries_31_13.png,0,skilled_forgery,31
1657,data/raw/cedar/signatures/full_org/original_31_18.png,data/raw/cedar/signatures/full_forg/forgeries_31_20.png,0,skilled_forgery,31
1658,data/raw/cedar/signatures/full_org/original_31_1.png,data/raw/cedar/signatures/full_forg/forgeries_31_14.png,0,skilled_forgery,31
1659,data/raw/cedar/signatures/full_org/original_31_1.png,data/raw/cedar/signatures/full_forg/forgeries_31_4.png,0,skilled_forgery,31
1660,data/raw/cedar/signatures/full_org/original_31_13.png,data/raw/cedar/signatures/full_org/original_30_8.png,0,random_forgery,31
1661,data/raw/cedar/signatures/full_org/original_31_1.png,data/raw/cedar/signatures/full_org/original_19_8.png,0,random_forgery,31
1662,data/raw/cedar/signatures/full_org/original_31_9.png,data/raw/cedar/signatures/full_org/original_43_16.png,0,random_forgery,31
1663,data/raw/cedar/signatures/full_org/original_31_15.png,data/raw/cedar/signatures/full_org/original_39_23.png,0,random_forgery,31
1664,data/raw/cedar/signatures/full_org/original_31_12.png,data/raw/cedar/signatures/full_org/original_45_7.png,0,random_forgery,31
1665,data/raw/cedar/signatures/full_org/original_31_5.png,data/raw/cedar/signatures/full_org/original_45_14.png,0,random_forgery,31
1666,data/raw/cedar/signatures/full_org/original_31_8.png,data/raw/cedar/signatures/full_org/original_10_5.png,0,random_forgery,31
1667,data/raw/cedar/signatures/full_org/original_31_10.png,data/raw/cedar/signatures/full_org/original_13_12.png,0,random_forgery,31
1668,data/raw/cedar/signatures/full_org/original_31_12.png,data/raw/cedar/signatures/full_org/original_10_15.png,0,random_forgery,31
1669,data/raw/cedar/signatures/full_org/original_31_21.png,data/raw/cedar/signatures/full_org/original_37_14.png,0,random_forgery,31
1670,data/raw/cedar/signatures/full_org/original_31_20.png,data/raw/cedar/signatures/full_org/original_11_10.png,0,random_forgery,31
1671,data/raw/cedar/signatures/full_org/original_31_17.png,data/raw/cedar/signatures/full_org/original_34_18.png,0,random_forgery,31
1672,data/raw/cedar/signatures/full_org/original_31_2.png,data/raw/cedar/signatures/full_org/original_46_16.png,0,random_forgery,31
1673,data/raw/cedar/signatures/full_org/original_31_12.png,data/raw/cedar/signatures/full_org/original_11_11.png,0,random_forgery,31
1674,data/raw/cedar/signatures/full_org/original_31_10.png,data/raw/cedar/signatures/full_org/original_22_17.png,0,random_forgery,31
1675,data/raw/cedar/signatures/full_org/original_31_1.png,data/raw/cedar/signatures/full_org/original_20_4.png,0,random_forgery,31
1676,data/raw/cedar/signatures/full_org/original_31_24.png,data/raw/cedar/signatures/full_org/original_19_23.png,0,random_forgery,31
1677,data/raw/cedar/signatures/full_org/original_31_9.png,data/raw/cedar/signatures/full_org/original_52_2.png,0,random_forgery,31
1678,data/raw/cedar/signatures/full_org/original_31_17.png,data/raw/cedar/signatures/full_org/original_4_7.png,0,random_forgery,31
1679,data/raw/cedar/signatures/full_org/original_31_12.png,data/raw/cedar/signatures/full_org/original_50_1.png,0,random_forgery,31
1680,data/raw/cedar/signatures/full_org/original_32_16.png,data/raw/cedar/signatures/full_org/original_32_19.png,1,genuine_genuine,32
1681,data/raw/cedar/signatures/full_org/original_32_1.png,data/raw/cedar/signatures/full_org/original_32_17.png,1,genuine_genuine,32
1682,data/raw/cedar/signatures/full_org/original_32_16.png,data/raw/cedar/signatures/full_org/original_32_22.png,1,genuine_genuine,32
1683,data/raw/cedar/signatures/full_org/original_32_20.png,data/raw/cedar/signatures/full_org/original_32_22.png,1,genuine_genuine,32
1684,data/raw/cedar/signatures/full_org/original_32_12.png,data/raw/cedar/signatures/full_org/original_32_18.png,1,genuine_genuine,32
1685,data/raw/cedar/signatures/full_org/original_32_5.png,data/raw/cedar/signatures/full_org/original_32_16.png,1,genuine_genuine,32
1686,data/raw/cedar/signatures/full_org/original_32_4.png,data/raw/cedar/signatures/full_org/original_32_13.png,1,genuine_genuine,32
1687,data/raw/cedar/signatures/full_org/original_32_10.png,data/raw/cedar/signatures/full_org/original_32_20.png,1,genuine_genuine,32
1688,data/raw/cedar/signatures/full_org/original_32_12.png,data/raw/cedar/signatures/full_org/original_32_17.png,1,genuine_genuine,32
1689,data/raw/cedar/signatures/full_org/original_32_5.png,data/raw/cedar/signatures/full_org/original_32_19.png,1,genuine_genuine,32
1690,data/raw/cedar/signatures/full_org/original_32_4.png,data/raw/cedar/signatures/full_org/original_32_18.png,1,genuine_genuine,32
1691,data/raw/cedar/signatures/full_org/original_32_13.png,data/raw/cedar/signatures/full_org/original_32_14.png,1,genuine_genuine,32
1692,data/raw/cedar/signatures/full_org/original_32_2.png,data/raw/cedar/signatures/full_org/original_32_15.png,1,genuine_genuine,32
1693,data/raw/cedar/signatures/full_org/original_32_11.png,data/raw/cedar/signatures/full_org/original_32_18.png,1,genuine_genuine,32
1694,data/raw/cedar/signatures/full_org/original_32_11.png,data/raw/cedar/signatures/full_org/original_32_23.png,1,genuine_genuine,32
1695,data/raw/cedar/signatures/full_org/original_32_15.png,data/raw/cedar/signatures/full_org/original_32_21.png,1,genuine_genuine,32
1696,data/raw/cedar/signatures/full_org/original_32_3.png,data/raw/cedar/signatures/full_org/original_32_23.png,1,genuine_genuine,32
1697,data/raw/cedar/signatures/full_org/original_32_15.png,data/raw/cedar/signatures/full_org/original_32_16.png,1,genuine_genuine,32
1698,data/raw/cedar/signatures/full_org/original_32_16.png,data/raw/cedar/signatures/full_org/original_32_20.png,1,genuine_genuine,32
1699,data/raw/cedar/signatures/full_org/original_32_6.png,data/raw/cedar/signatures/full_org/original_32_18.png,1,genuine_genuine,32
1700,data/raw/cedar/signatures/full_org/original_32_12.png,data/raw/cedar/signatures/full_org/original_32_14.png,1,genuine_genuine,32
1701,data/raw/cedar/signatures/full_org/original_32_18.png,data/raw/cedar/signatures/full_org/original_32_19.png,1,genuine_genuine,32
1702,data/raw/cedar/signatures/full_org/original_32_6.png,data/raw/cedar/signatures/full_org/original_32_16.png,1,genuine_genuine,32
1703,data/raw/cedar/signatures/full_org/original_32_5.png,data/raw/cedar/signatures/full_org/original_32_11.png,1,genuine_genuine,32
1704,data/raw/cedar/signatures/full_org/original_32_5.png,data/raw/cedar/signatures/full_org/original_32_24.png,1,genuine_genuine,32
1705,data/raw/cedar/signatures/full_org/original_32_9.png,data/raw/cedar/signatures/full_org/original_32_14.png,1,genuine_genuine,32
1706,data/raw/cedar/signatures/full_org/original_32_13.png,data/raw/cedar/signatures/full_org/original_32_21.png,1,genuine_genuine,32
1707,data/raw/cedar/signatures/full_org/original_32_3.png,data/raw/cedar/signatures/full_org/original_32_17.png,1,genuine_genuine,32
1708,data/raw/cedar/signatures/full_org/original_32_7.png,data/raw/cedar/signatures/full_org/original_32_17.png,1,genuine_genuine,32
1709,data/raw/cedar/signatures/full_org/original_32_4.png,data/raw/cedar/signatures/full_org/original_32_20.png,1,genuine_genuine,32
1710,data/raw/cedar/signatures/full_org/original_32_9.png,data/raw/cedar/signatures/full_org/original_32_18.png,1,genuine_genuine,32
1711,data/raw/cedar/signatures/full_org/original_32_2.png,data/raw/cedar/signatures/full_org/original_32_20.png,1,genuine_genuine,32
1712,data/raw/cedar/signatures/full_org/original_32_9.png,data/raw/cedar/signatures/full_org/original_32_20.png,1,genuine_genuine,32
1713,data/raw/cedar/signatures/full_org/original_32_5.png,data/raw/cedar/signatures/full_org/original_32_10.png,1,genuine_genuine,32
1714,data/raw/cedar/signatures/full_org/original_32_3.png,data/raw/cedar/signatures/full_org/original_32_6.png,1,genuine_genuine,32
1715,data/raw/cedar/signatures/full_org/original_32_5.png,data/raw/cedar/signatures/full_org/original_32_6.png,1,genuine_genuine,32
1716,data/raw/cedar/signatures/full_org/original_32_2.png,data/raw/cedar/signatures/full_org/original_32_8.png,1,genuine_genuine,32
1717,data/raw/cedar/signatures/full_org/original_32_6.png,data/raw/cedar/signatures/full_org/original_32_17.png,1,genuine_genuine,32
1718,data/raw/cedar/signatures/full_org/original_32_13.png,data/raw/cedar/signatures/full_org/original_32_20.png,1,genuine_genuine,32
1719,data/raw/cedar/signatures/full_org/original_32_17.png,data/raw/cedar/signatures/full_org/original_32_21.png,1,genuine_genuine,32
1720,data/raw/cedar/signatures/full_org/original_32_24.png,data/raw/cedar/signatures/full_forg/forgeries_32_1.png,0,skilled_forgery,32
1721,data/raw/cedar/signatures/full_org/original_32_21.png,data/raw/cedar/signatures/full_forg/forgeries_32_4.png,0,skilled_forgery,32
1722,data/raw/cedar/signatures/full_org/original_32_22.png,data/raw/cedar/signatures/full_forg/forgeries_32_15.png,0,skilled_forgery,32
1723,data/raw/cedar/signatures/full_org/original_32_9.png,data/raw/cedar/signatures/full_forg/forgeries_32_9.png,0,skilled_forgery,32
1724,data/raw/cedar/signatures/full_org/original_32_13.png,data/raw/cedar/signatures/full_forg/forgeries_32_6.png,0,skilled_forgery,32
1725,data/raw/cedar/signatures/full_org/original_32_13.png,data/raw/cedar/signatures/full_forg/forgeries_32_23.png,0,skilled_forgery,32
1726,data/raw/cedar/signatures/full_org/original_32_3.png,data/raw/cedar/signatures/full_forg/forgeries_32_4.png,0,skilled_forgery,32
1727,data/raw/cedar/signatures/full_org/original_32_3.png,data/raw/cedar/signatures/full_forg/forgeries_32_24.png,0,skilled_forgery,32
1728,data/raw/cedar/signatures/full_org/original_32_5.png,data/raw/cedar/signatures/full_forg/forgeries_32_24.png,0,skilled_forgery,32
1729,data/raw/cedar/signatures/full_org/original_32_10.png,data/raw/cedar/signatures/full_forg/forgeries_32_11.png,0,skilled_forgery,32
1730,data/raw/cedar/signatures/full_org/original_32_21.png,data/raw/cedar/signatures/full_forg/forgeries_32_16.png,0,skilled_forgery,32
1731,data/raw/cedar/signatures/full_org/original_32_12.png,data/raw/cedar/signatures/full_forg/forgeries_32_23.png,0,skilled_forgery,32
1732,data/raw/cedar/signatures/full_org/original_32_22.png,data/raw/cedar/signatures/full_forg/forgeries_32_17.png,0,skilled_forgery,32
1733,data/raw/cedar/signatures/full_org/original_32_15.png,data/raw/cedar/signatures/full_forg/forgeries_32_17.png,0,skilled_forgery,32
1734,data/raw/cedar/signatures/full_org/original_32_15.png,data/raw/cedar/signatures/full_forg/forgeries_32_20.png,0,skilled_forgery,32
1735,data/raw/cedar/signatures/full_org/original_32_23.png,data/raw/cedar/signatures/full_forg/forgeries_32_4.png,0,skilled_forgery,32
1736,data/raw/cedar/signatures/full_org/original_32_13.png,data/raw/cedar/signatures/full_forg/forgeries_32_16.png,0,skilled_forgery,32
1737,data/raw/cedar/signatures/full_org/original_32_13.png,data/raw/cedar/signatures/full_forg/forgeries_32_12.png,0,skilled_forgery,32
1738,data/raw/cedar/signatures/full_org/original_32_15.png,data/raw/cedar/signatures/full_forg/forgeries_32_9.png,0,skilled_forgery,32
1739,data/raw/cedar/signatures/full_org/original_32_19.png,data/raw/cedar/signatures/full_forg/forgeries_32_2.png,0,skilled_forgery,32
1740,data/raw/cedar/signatures/full_org/original_32_8.png,data/raw/cedar/signatures/full_org/original_26_22.png,0,random_forgery,32
1741,data/raw/cedar/signatures/full_org/original_32_20.png,data/raw/cedar/signatures/full_org/original_52_19.png,0,random_forgery,32
1742,data/raw/cedar/signatures/full_org/original_32_6.png,data/raw/cedar/signatures/full_org/original_50_21.png,0,random_forgery,32
1743,data/raw/cedar/signatures/full_org/original_32_17.png,data/raw/cedar/signatures/full_org/original_47_1.png,0,random_forgery,32
1744,data/raw/cedar/signatures/full_org/original_32_1.png,data/raw/cedar/signatures/full_org/original_19_11.png,0,random_forgery,32
1745,data/raw/cedar/signatures/full_org/original_32_14.png,data/raw/cedar/signatures/full_org/original_52_19.png,0,random_forgery,32
1746,data/raw/cedar/signatures/full_org/original_32_1.png,data/raw/cedar/signatures/full_org/original_33_16.png,0,random_forgery,32
1747,data/raw/cedar/signatures/full_org/original_32_6.png,data/raw/cedar/signatures/full_org/original_22_4.png,0,random_forgery,32
1748,data/raw/cedar/signatures/full_org/original_32_24.png,data/raw/cedar/signatures/full_org/original_30_14.png,0,random_forgery,32
1749,data/raw/cedar/signatures/full_org/original_32_23.png,data/raw/cedar/signatures/full_org/original_26_9.png,0,random_forgery,32
1750,data/raw/cedar/signatures/full_org/original_32_7.png,data/raw/cedar/signatures/full_org/original_54_21.png,0,random_forgery,32
1751,data/raw/cedar/signatures/full_org/original_32_22.png,data/raw/cedar/signatures/full_org/original_39_20.png,0,random_forgery,32
1752,data/raw/cedar/signatures/full_org/original_32_19.png,data/raw/cedar/signatures/full_org/original_53_12.png,0,random_forgery,32
1753,data/raw/cedar/signatures/full_org/original_32_13.png,data/raw/cedar/signatures/full_org/original_13_16.png,0,random_forgery,32
1754,data/raw/cedar/signatures/full_org/original_32_8.png,data/raw/cedar/signatures/full_org/original_22_11.png,0,random_forgery,32
1755,data/raw/cedar/signatures/full_org/original_32_11.png,data/raw/cedar/signatures/full_org/original_5_12.png,0,random_forgery,32
1756,data/raw/cedar/signatures/full_org/original_32_8.png,data/raw/cedar/signatures/full_org/original_46_18.png,0,random_forgery,32
1757,data/raw/cedar/signatures/full_org/original_32_16.png,data/raw/cedar/signatures/full_org/original_33_8.png,0,random_forgery,32
1758,data/raw/cedar/signatures/full_org/original_32_18.png,data/raw/cedar/signatures/full_org/original_42_1.png,0,random_forgery,32
1759,data/raw/cedar/signatures/full_org/original_32_4.png,data/raw/cedar/signatures/full_org/original_11_19.png,0,random_forgery,32
1760,data/raw/cedar/signatures/full_org/original_33_2.png,data/raw/cedar/signatures/full_org/original_33_11.png,1,genuine_genuine,33
1761,data/raw/cedar/signatures/full_org/original_33_3.png,data/raw/cedar/signatures/full_org/original_33_22.png,1,genuine_genuine,33
1762,data/raw/cedar/signatures/full_org/original_33_4.png,data/raw/cedar/signatures/full_org/original_33_18.png,1,genuine_genuine,33
1763,data/raw/cedar/signatures/full_org/original_33_14.png,data/raw/cedar/signatures/full_org/original_33_17.png,1,genuine_genuine,33
1764,data/raw/cedar/signatures/full_org/original_33_1.png,data/raw/cedar/signatures/full_org/original_33_9.png,1,genuine_genuine,33
1765,data/raw/cedar/signatures/full_org/original_33_15.png,data/raw/cedar/signatures/full_org/original_33_19.png,1,genuine_genuine,33
1766,data/raw/cedar/signatures/full_org/original_33_1.png,data/raw/cedar/signatures/full_org/original_33_14.png,1,genuine_genuine,33
1767,data/raw/cedar/signatures/full_org/original_33_5.png,data/raw/cedar/signatures/full_org/original_33_6.png,1,genuine_genuine,33
1768,data/raw/cedar/signatures/full_org/original_33_8.png,data/raw/cedar/signatures/full_org/original_33_24.png,1,genuine_genuine,33
1769,data/raw/cedar/signatures/full_org/original_33_8.png,data/raw/cedar/signatures/full_org/original_33_20.png,1,genuine_genuine,33
1770,data/raw/cedar/signatures/full_org/original_33_1.png,data/raw/cedar/signatures/full_org/original_33_15.png,1,genuine_genuine,33
1771,data/raw/cedar/signatures/full_org/original_33_15.png,data/raw/cedar/signatures/full_org/original_33_23.png,1,genuine_genuine,33
1772,data/raw/cedar/signatures/full_org/original_33_8.png,data/raw/cedar/signatures/full_org/original_33_10.png,1,genuine_genuine,33
1773,data/raw/cedar/signatures/full_org/original_33_16.png,data/raw/cedar/signatures/full_org/original_33_20.png,1,genuine_genuine,33
1774,data/raw/cedar/signatures/full_org/original_33_9.png,data/raw/cedar/signatures/full_org/original_33_21.png,1,genuine_genuine,33
1775,data/raw/cedar/signatures/full_org/original_33_2.png,data/raw/cedar/signatures/full_org/original_33_12.png,1,genuine_genuine,33
1776,data/raw/cedar/signatures/full_org/original_33_2.png,data/raw/cedar/signatures/full_org/original_33_21.png,1,genuine_genuine,33
1777,data/raw/cedar/signatures/full_org/original_33_5.png,data/raw/cedar/signatures/full_org/original_33_17.png,1,genuine_genuine,33
1778,data/raw/cedar/signatures/full_org/original_33_2.png,data/raw/cedar/signatures/full_org/original_33_18.png,1,genuine_genuine,33
1779,data/raw/cedar/signatures/full_org/original_33_1.png,data/raw/cedar/signatures/full_org/original_33_21.png,1,genuine_genuine,33
1780,data/raw/cedar/signatures/full_org/original_33_2.png,data/raw/cedar/signatures/full_org/original_33_15.png,1,genuine_genuine,33
1781,data/raw/cedar/signatures/full_org/original_33_4.png,data/raw/cedar/signatures/full_org/original_33_11.png,1,genuine_genuine,33
1782,data/raw/cedar/signatures/full_org/original_33_14.png,data/raw/cedar/signatures/full_org/original_33_20.png,1,genuine_genuine,33
1783,data/raw/cedar/signatures/full_org/original_33_4.png,data/raw/cedar/signatures/full_org/original_33_20.png,1,genuine_genuine,33
1784,data/raw/cedar/signatures/full_org/original_33_12.png,data/raw/cedar/signatures/full_org/original_33_13.png,1,genuine_genuine,33
1785,data/raw/cedar/signatures/full_org/original_33_1.png,data/raw/cedar/signatures/full_org/original_33_5.png,1,genuine_genuine,33
1786,data/raw/cedar/signatures/full_org/original_33_17.png,data/raw/cedar/signatures/full_org/original_33_18.png,1,genuine_genuine,33
1787,data/raw/cedar/signatures/full_org/original_33_10.png,data/raw/cedar/signatures/full_org/original_33_15.png,1,genuine_genuine,33
1788,data/raw/cedar/signatures/full_org/original_33_16.png,data/raw/cedar/signatures/full_org/original_33_21.png,1,genuine_genuine,33
1789,data/raw/cedar/signatures/full_org/original_33_9.png,data/raw/cedar/signatures/full_org/original_33_13.png,1,genuine_genuine,33
1790,data/raw/cedar/signatures/full_org/original_33_10.png,data/raw/cedar/signatures/full_org/original_33_20.png,1,genuine_genuine,33
1791,data/raw/cedar/signatures/full_org/original_33_3.png,data/raw/cedar/signatures/full_org/original_33_6.png,1,genuine_genuine,33
1792,data/raw/cedar/signatures/full_org/original_33_10.png,data/raw/cedar/signatures/full_org/original_33_17.png,1,genuine_genuine,33
1793,data/raw/cedar/signatures/full_org/original_33_10.png,data/raw/cedar/signatures/full_org/original_33_22.png,1,genuine_genuine,33
1794,data/raw/cedar/signatures/full_org/original_33_11.png,data/raw/cedar/signatures/full_org/original_33_14.png,1,genuine_genuine,33
1795,data/raw/cedar/signatures/full_org/original_33_2.png,data/raw/cedar/signatures/full_org/original_33_16.png,1,genuine_genuine,33
1796,data/raw/cedar/signatures/full_org/original_33_15.png,data/raw/cedar/signatures/full_org/original_33_20.png,1,genuine_genuine,33
1797,data/raw/cedar/signatures/full_org/original_33_7.png,data/raw/cedar/signatures/full_org/original_33_17.png,1,genuine_genuine,33
1798,data/raw/cedar/signatures/full_org/original_33_12.png,data/raw/cedar/signatures/full_org/original_33_20.png,1,genuine_genuine,33
1799,data/raw/cedar/signatures/full_org/original_33_7.png,data/raw/cedar/signatures/full_org/original_33_8.png,1,genuine_genuine,33
1800,data/raw/cedar/signatures/full_org/original_33_17.png,data/raw/cedar/signatures/full_forg/forgeries_33_2.png,0,skilled_forgery,33
1801,data/raw/cedar/signatures/full_org/original_33_8.png,data/raw/cedar/signatures/full_forg/forgeries_33_16.png,0,skilled_forgery,33
1802,data/raw/cedar/signatures/full_org/original_33_24.png,data/raw/cedar/signatures/full_forg/forgeries_33_21.png,0,skilled_forgery,33
1803,data/raw/cedar/signatures/full_org/original_33_7.png,data/raw/cedar/signatures/full_forg/forgeries_33_19.png,0,skilled_forgery,33
1804,data/raw/cedar/signatures/full_org/original_33_18.png,data/raw/cedar/signatures/full_forg/forgeries_33_8.png,0,skilled_forgery,33
1805,data/raw/cedar/signatures/full_org/original_33_13.png,data/raw/cedar/signatures/full_forg/forgeries_33_2.png,0,skilled_forgery,33
1806,data/raw/cedar/signatures/full_org/original_33_2.png,data/raw/cedar/signatures/full_forg/forgeries_33_7.png,0,skilled_forgery,33
1807,data/raw/cedar/signatures/full_org/original_33_21.png,data/raw/cedar/signatures/full_forg/forgeries_33_8.png,0,skilled_forgery,33
1808,data/raw/cedar/signatures/full_org/original_33_17.png,data/raw/cedar/signatures/full_forg/forgeries_33_19.png,0,skilled_forgery,33
1809,data/raw/cedar/signatures/full_org/original_33_24.png,data/raw/cedar/signatures/full_forg/forgeries_33_1.png,0,skilled_forgery,33
1810,data/raw/cedar/signatures/full_org/original_33_10.png,data/raw/cedar/signatures/full_forg/forgeries_33_19.png,0,skilled_forgery,33
1811,data/raw/cedar/signatures/full_org/original_33_24.png,data/raw/cedar/signatures/full_forg/forgeries_33_3.png,0,skilled_forgery,33
1812,data/raw/cedar/signatures/full_org/original_33_13.png,data/raw/cedar/signatures/full_forg/forgeries_33_6.png,0,skilled_forgery,33
1813,data/raw/cedar/signatures/full_org/original_33_14.png,data/raw/cedar/signatures/full_forg/forgeries_33_7.png,0,skilled_forgery,33
1814,data/raw/cedar/signatures/full_org/original_33_5.png,data/raw/cedar/signatures/full_forg/forgeries_33_17.png,0,skilled_forgery,33
1815,data/raw/cedar/signatures/full_org/original_33_12.png,data/raw/cedar/signatures/full_forg/forgeries_33_13.png,0,skilled_forgery,33
1816,data/raw/cedar/signatures/full_org/original_33_15.png,data/raw/cedar/signatures/full_forg/forgeries_33_2.png,0,skilled_forgery,33
1817,data/raw/cedar/signatures/full_org/original_33_19.png,data/raw/cedar/signatures/full_forg/forgeries_33_3.png,0,skilled_forgery,33
1818,data/raw/cedar/signatures/full_org/original_33_15.png,data/raw/cedar/signatures/full_forg/forgeries_33_8.png,0,skilled_forgery,33
1819,data/raw/cedar/signatures/full_org/original_33_10.png,data/raw/cedar/signatures/full_forg/forgeries_33_3.png,0,skilled_forgery,33
1820,data/raw/cedar/signatures/full_org/original_33_4.png,data/raw/cedar/signatures/full_org/original_42_22.png,0,random_forgery,33
1821,data/raw/cedar/signatures/full_org/original_33_7.png,data/raw/cedar/signatures/full_org/original_19_17.png,0,random_forgery,33
1822,data/raw/cedar/signatures/full_org/original_33_19.png,data/raw/cedar/signatures/full_org/original_31_11.png,0,random_forgery,33
1823,data/raw/cedar/signatures/full_org/original_33_9.png,data/raw/cedar/signatures/full_org/original_14_7.png,0,random_forgery,33
1824,data/raw/cedar/signatures/full_org/original_33_13.png,data/raw/cedar/signatures/full_org/original_27_18.png,0,random_forgery,33
1825,data/raw/cedar/signatures/full_org/original_33_8.png,data/raw/cedar/signatures/full_org/original_19_19.png,0,random_forgery,33
1826,data/raw/cedar/signatures/full_org/original_33_17.png,data/raw/cedar/signatures/full_org/original_30_9.png,0,random_forgery,33
1827,data/raw/cedar/signatures/full_org/original_33_1.png,data/raw/cedar/signatures/full_org/original_5_6.png,0,random_forgery,33
1828,data/raw/cedar/signatures/full_org/original_33_8.png,data/raw/cedar/signatures/full_org/original_46_1.png,0,random_forgery,33
1829,data/raw/cedar/signatures/full_org/original_33_22.png,data/raw/cedar/signatures/full_org/original_1_17.png,0,random_forgery,33
1830,data/raw/cedar/signatures/full_org/original_33_20.png,data/raw/cedar/signatures/full_org/original_42_13.png,0,random_forgery,33
1831,data/raw/cedar/signatures/full_org/original_33_3.png,data/raw/cedar/signatures/full_org/original_37_2.png,0,random_forgery,33
1832,data/raw/cedar/signatures/full_org/original_33_13.png,data/raw/cedar/signatures/full_org/original_14_17.png,0,random_forgery,33
1833,data/raw/cedar/signatures/full_org/original_33_3.png,data/raw/cedar/signatures/full_org/original_22_3.png,0,random_forgery,33
1834,data/raw/cedar/signatures/full_org/original_33_20.png,data/raw/cedar/signatures/full_org/original_22_11.png,0,random_forgery,33
1835,data/raw/cedar/signatures/full_org/original_33_2.png,data/raw/cedar/signatures/full_org/original_4_3.png,0,random_forgery,33
1836,data/raw/cedar/signatures/full_org/original_33_17.png,data/raw/cedar/signatures/full_org/original_37_2.png,0,random_forgery,33
1837,data/raw/cedar/signatures/full_org/original_33_3.png,data/raw/cedar/signatures/full_org/original_27_10.png,0,random_forgery,33
1838,data/raw/cedar/signatures/full_org/original_33_3.png,data/raw/cedar/signatures/full_org/original_55_24.png,0,random_forgery,33
1839,data/raw/cedar/signatures/full_org/original_33_2.png,data/raw/cedar/signatures/full_org/original_31_15.png,0,random_forgery,33
1840,data/raw/cedar/signatures/full_org/original_34_2.png,data/raw/cedar/signatures/full_org/original_34_24.png,1,genuine_genuine,34
1841,data/raw/cedar/signatures/full_org/original_34_4.png,data/raw/cedar/signatures/full_org/original_34_24.png,1,genuine_genuine,34
1842,data/raw/cedar/signatures/full_org/original_34_4.png,data/raw/cedar/signatures/full_org/original_34_15.png,1,genuine_genuine,34
1843,data/raw/cedar/signatures/full_org/original_34_5.png,data/raw/cedar/signatures/full_org/original_34_15.png,1,genuine_genuine,34
1844,data/raw/cedar/signatures/full_org/original_34_5.png,data/raw/cedar/signatures/full_org/original_34_24.png,1,genuine_genuine,34
1845,data/raw/cedar/signatures/full_org/original_34_16.png,data/raw/cedar/signatures/full_org/original_34_21.png,1,genuine_genuine,34
1846,data/raw/cedar/signatures/full_org/original_34_9.png,data/raw/cedar/signatures/full_org/original_34_11.png,1,genuine_genuine,34
1847,data/raw/cedar/signatures/full_org/original_34_13.png,data/raw/cedar/signatures/full_org/original_34_17.png,1,genuine_genuine,34
1848,data/raw/cedar/signatures/full_org/original_34_17.png,data/raw/cedar/signatures/full_org/original_34_21.png,1,genuine_genuine,34
1849,data/raw/cedar/signatures/full_org/original_34_5.png,data/raw/cedar/signatures/full_org/original_34_9.png,1,genuine_genuine,34
1850,data/raw/cedar/signatures/full_org/original_34_16.png,data/raw/cedar/signatures/full_org/original_34_18.png,1,genuine_genuine,34
1851,data/raw/cedar/signatures/full_org/original_34_2.png,data/raw/cedar/signatures/full_org/original_34_17.png,1,genuine_genuine,34
1852,data/raw/cedar/signatures/full_org/original_34_9.png,data/raw/cedar/signatures/full_org/original_34_18.png,1,genuine_genuine,34
1853,data/raw/cedar/signatures/full_org/original_34_13.png,data/raw/cedar/signatures/full_org/original_34_18.png,1,genuine_genuine,34
1854,data/raw/cedar/signatures/full_org/original_34_4.png,data/raw/cedar/signatures/full_org/original_34_23.png,1,genuine_genuine,34
1855,data/raw/cedar/signatures/full_org/original_34_22.png,data/raw/cedar/signatures/full_org/original_34_24.png,1,genuine_genuine,34
1856,data/raw/cedar/signatures/full_org/original_34_7.png,data/raw/cedar/signatures/full_org/original_34_17.png,1,genuine_genuine,34
1857,data/raw/cedar/signatures/full_org/original_34_2.png,data/raw/cedar/signatures/full_org/original_34_19.png,1,genuine_genuine,34
1858,data/raw/cedar/signatures/full_org/original_34_2.png,data/raw/cedar/signatures/full_org/original_34_12.png,1,genuine_genuine,34
1859,data/raw/cedar/signatures/full_org/original_34_8.png,data/raw/cedar/signatures/full_org/original_34_10.png,1,genuine_genuine,34
1860,data/raw/cedar/signatures/full_org/original_34_8.png,data/raw/cedar/signatures/full_org/original_34_9.png,1,genuine_genuine,34
1861,data/raw/cedar/signatures/full_org/original_34_9.png,data/raw/cedar/signatures/full_org/original_34_12.png,1,genuine_genuine,34
1862,data/raw/cedar/signatures/full_org/original_34_3.png,data/raw/cedar/signatures/full_org/original_34_4.png,1,genuine_genuine,34
1863,data/raw/cedar/signatures/full_org/original_34_9.png,data/raw/cedar/signatures/full_org/original_34_17.png,1,genuine_genuine,34
1864,data/raw/cedar/signatures/full_org/original_34_9.png,data/raw/cedar/signatures/full_org/original_34_13.png,1,genuine_genuine,34
1865,data/raw/cedar/signatures/full_org/original_34_19.png,data/raw/cedar/signatures/full_org/original_34_23.png,1,genuine_genuine,34
1866,data/raw/cedar/signatures/full_org/original_34_19.png,data/raw/cedar/signatures/full_org/original_34_24.png,1,genuine_genuine,34
1867,data/raw/cedar/signatures/full_org/original_34_13.png,data/raw/cedar/signatures/full_org/original_34_19.png,1,genuine_genuine,34
1868,data/raw/cedar/signatures/full_org/original_34_7.png,data/raw/cedar/signatures/full_org/original_34_8.png,1,genuine_genuine,34
1869,data/raw/cedar/signatures/full_org/original_34_13.png,data/raw/cedar/signatures/full_org/original_34_23.png,1,genuine_genuine,34
1870,data/raw/cedar/signatures/full_org/original_34_9.png,data/raw/cedar/signatures/full_org/original_34_20.png,1,genuine_genuine,34
1871,data/raw/cedar/signatures/full_org/original_34_5.png,data/raw/cedar/signatures/full_org/original_34_12.png,1,genuine_genuine,34
1872,data/raw/cedar/signatures/full_org/original_34_7.png,data/raw/cedar/signatures/full_org/original_34_14.png,1,genuine_genuine,34
1873,data/raw/cedar/signatures/full_org/original_34_9.png,data/raw/cedar/signatures/full_org/original_34_23.png,1,genuine_genuine,34
1874,data/raw/cedar/signatures/full_org/original_34_19.png,data/raw/cedar/signatures/full_org/original_34_22.png,1,genuine_genuine,34
1875,data/raw/cedar/signatures/full_org/original_34_2.png,data/raw/cedar/signatures/full_org/original_34_18.png,1,genuine_genuine,34
1876,data/raw/cedar/signatures/full_org/original_34_21.png,data/raw/cedar/signatures/full_org/original_34_22.png,1,genuine_genuine,34
1877,data/raw/cedar/signatures/full_org/original_34_6.png,data/raw/cedar/signatures/full_org/original_34_19.png,1,genuine_genuine,34
1878,data/raw/cedar/signatures/full_org/original_34_16.png,data/raw/cedar/signatures/full_org/original_34_19.png,1,genuine_genuine,34
1879,data/raw/cedar/signatures/full_org/original_34_1.png,data/raw/cedar/signatures/full_org/original_34_11.png,1,genuine_genuine,34
1880,data/raw/cedar/signatures/full_org/original_34_17.png,data/raw/cedar/signatures/full_forg/forgeries_34_1.png,0,skilled_forgery,34
1881,data/raw/cedar/signatures/full_org/original_34_6.png,data/raw/cedar/signatures/full_forg/forgeries_34_10.png,0,skilled_forgery,34
1882,data/raw/cedar/signatures/full_org/original_34_3.png,data/raw/cedar/signatures/full_forg/forgeries_34_17.png,0,skilled_forgery,34
1883,data/raw/cedar/signatures/full_org/original_34_19.png,data/raw/cedar/signatures/full_forg/forgeries_34_17.png,0,skilled_forgery,34
1884,data/raw/cedar/signatures/full_org/original_34_10.png,data/raw/cedar/signatures/full_forg/forgeries_34_13.png,0,skilled_forgery,34
1885,data/raw/cedar/signatures/full_org/original_34_5.png,data/raw/cedar/signatures/full_forg/forgeries_34_16.png,0,skilled_forgery,34
1886,data/raw/cedar/signatures/full_org/original_34_15.png,data/raw/cedar/signatures/full_forg/forgeries_34_9.png,0,skilled_forgery,34
1887,data/raw/cedar/signatures/full_org/original_34_16.png,data/raw/cedar/signatures/full_forg/forgeries_34_21.png,0,skilled_forgery,34
1888,data/raw/cedar/signatures/full_org/original_34_15.png,data/raw/cedar/signatures/full_forg/forgeries_34_6.png,0,skilled_forgery,34
1889,data/raw/cedar/signatures/full_org/original_34_22.png,data/raw/cedar/signatures/full_forg/forgeries_34_15.png,0,skilled_forgery,34
1890,data/raw/cedar/signatures/full_org/original_34_14.png,data/raw/cedar/signatures/full_forg/forgeries_34_24.png,0,skilled_forgery,34
1891,data/raw/cedar/signatures/full_org/original_34_10.png,data/raw/cedar/signatures/full_forg/forgeries_34_6.png,0,skilled_forgery,34
1892,data/raw/cedar/signatures/full_org/original_34_8.png,data/raw/cedar/signatures/full_forg/forgeries_34_15.png,0,skilled_forgery,34
1893,data/raw/cedar/signatures/full_org/original_34_8.png,data/raw/cedar/signatures/full_forg/forgeries_34_1.png,0,skilled_forgery,34
1894,data/raw/cedar/signatures/full_org/original_34_3.png,data/raw/cedar/signatures/full_forg/forgeries_34_11.png,0,skilled_forgery,34
1895,data/raw/cedar/signatures/full_org/original_34_11.png,data/raw/cedar/signatures/full_forg/forgeries_34_17.png,0,skilled_forgery,34
1896,data/raw/cedar/signatures/full_org/original_34_19.png,data/raw/cedar/signatures/full_forg/forgeries_34_8.png,0,skilled_forgery,34
1897,data/raw/cedar/signatures/full_org/original_34_9.png,data/raw/cedar/signatures/full_forg/forgeries_34_3.png,0,skilled_forgery,34
1898,data/raw/cedar/signatures/full_org/original_34_13.png,data/raw/cedar/signatures/full_forg/forgeries_34_2.png,0,skilled_forgery,34
1899,data/raw/cedar/signatures/full_org/original_34_6.png,data/raw/cedar/signatures/full_forg/forgeries_34_16.png,0,skilled_forgery,34
1900,data/raw/cedar/signatures/full_org/original_34_1.png,data/raw/cedar/signatures/full_org/original_22_9.png,0,random_forgery,34
1901,data/raw/cedar/signatures/full_org/original_34_8.png,data/raw/cedar/signatures/full_org/original_30_13.png,0,random_forgery,34
1902,data/raw/cedar/signatures/full_org/original_34_19.png,data/raw/cedar/signatures/full_org/original_12_19.png,0,random_forgery,34
1903,data/raw/cedar/signatures/full_org/original_34_4.png,data/raw/cedar/signatures/full_org/original_31_15.png,0,random_forgery,34
1904,data/raw/cedar/signatures/full_org/original_34_12.png,data/raw/cedar/signatures/full_org/original_11_6.png,0,random_forgery,34
1905,data/raw/cedar/signatures/full_org/original_34_24.png,data/raw/cedar/signatures/full_org/original_23_19.png,0,random_forgery,34
1906,data/raw/cedar/signatures/full_org/original_34_1.png,data/raw/cedar/signatures/full_org/original_12_5.png,0,random_forgery,34
1907,data/raw/cedar/signatures/full_org/original_34_6.png,data/raw/cedar/signatures/full_org/original_53_24.png,0,random_forgery,34
1908,data/raw/cedar/signatures/full_org/original_34_24.png,data/raw/cedar/signatures/full_org/original_54_12.png,0,random_forgery,34
1909,data/raw/cedar/signatures/full_org/original_34_3.png,data/raw/cedar/signatures/full_org/original_4_10.png,0,random_forgery,34
1910,data/raw/cedar/signatures/full_org/original_34_16.png,data/raw/cedar/signatures/full_org/original_22_9.png,0,random_forgery,34
1911,data/raw/cedar/signatures/full_org/original_34_7.png,data/raw/cedar/signatures/full_org/original_49_2.png,0,random_forgery,34
1912,data/raw/cedar/signatures/full_org/original_34_1.png,data/raw/cedar/signatures/full_org/original_22_19.png,0,random_forgery,34
1913,data/raw/cedar/signatures/full_org/original_34_16.png,data/raw/cedar/signatures/full_org/original_40_3.png,0,random_forgery,34
1914,data/raw/cedar/signatures/full_org/original_34_22.png,data/raw/cedar/signatures/full_org/original_23_19.png,0,random_forgery,34
1915,data/raw/cedar/signatures/full_org/original_34_3.png,data/raw/cedar/signatures/full_org/original_47_20.png,0,random_forgery,34
1916,data/raw/cedar/signatures/full_org/original_34_5.png,data/raw/cedar/signatures/full_org/original_14_13.png,0,random_forgery,34
1917,data/raw/cedar/signatures/full_org/original_34_21.png,data/raw/cedar/signatures/full_org/original_10_5.png,0,random_forgery,34
1918,data/raw/cedar/signatures/full_org/original_34_4.png,data/raw/cedar/signatures/full_org/original_19_7.png,0,random_forgery,34
1919,data/raw/cedar/signatures/full_org/original_34_4.png,data/raw/cedar/signatures/full_org/original_20_22.png,0,random_forgery,34
1920,data/raw/cedar/signatures/full_org/original_36_1.png,data/raw/cedar/signatures/full_org/original_36_20.png,1,genuine_genuine,36
1921,data/raw/cedar/signatures/full_org/original_36_13.png,data/raw/cedar/signatures/full_org/original_36_18.png,1,genuine_genuine,36
1922,data/raw/cedar/signatures/full_org/original_36_11.png,data/raw/cedar/signatures/full_org/original_36_23.png,1,genuine_genuine,36
1923,data/raw/cedar/signatures/full_org/original_36_8.png,data/raw/cedar/signatures/full_org/original_36_24.png,1,genuine_genuine,36
1924,data/raw/cedar/signatures/full_org/original_36_17.png,data/raw/cedar/signatures/full_org/original_36_19.png,1,genuine_genuine,36
1925,data/raw/cedar/signatures/full_org/original_36_7.png,data/raw/cedar/signatures/full_org/original_36_16.png,1,genuine_genuine,36
1926,data/raw/cedar/signatures/full_org/original_36_6.png,data/raw/cedar/signatures/full_org/original_36_20.png,1,genuine_genuine,36
1927,data/raw/cedar/signatures/full_org/original_36_6.png,data/raw/cedar/signatures/full_org/original_36_21.png,1,genuine_genuine,36
1928,data/raw/cedar/signatures/full_org/original_36_10.png,data/raw/cedar/signatures/full_org/original_36_11.png,1,genuine_genuine,36
1929,data/raw/cedar/signatures/full_org/original_36_11.png,data/raw/cedar/signatures/full_org/original_36_24.png,1,genuine_genuine,36
1930,data/raw/cedar/signatures/full_org/original_36_7.png,data/raw/cedar/signatures/full_org/original_36_10.png,1,genuine_genuine,36
1931,data/raw/cedar/signatures/full_org/original_36_12.png,data/raw/cedar/signatures/full_org/original_36_18.png,1,genuine_genuine,36
1932,data/raw/cedar/signatures/full_org/original_36_10.png,data/raw/cedar/signatures/full_org/original_36_20.png,1,genuine_genuine,36
1933,data/raw/cedar/signatures/full_org/original_36_8.png,data/raw/cedar/signatures/full_org/original_36_12.png,1,genuine_genuine,36
1934,data/raw/cedar/signatures/full_org/original_36_9.png,data/raw/cedar/signatures/full_org/original_36_10.png,1,genuine_genuine,36
1935,data/raw/cedar/signatures/full_org/original_36_4.png,data/raw/cedar/signatures/full_org/original_36_6.png,1,genuine_genuine,36
1936,data/raw/cedar/signatures/full_org/original_36_14.png,data/raw/cedar/signatures/full_org/original_36_24.png,1,genuine_genuine,36
1937,data/raw/cedar/signatures/full_org/original_36_11.png,data/raw/cedar/signatures/full_org/original_36_17.png,1,genuine_genuine,36
1938,data/raw/cedar/signatures/full_org/original_36_1.png,data/raw/cedar/signatures/full_org/original_36_13.png,1,genuine_genuine,36
1939,data/raw/cedar/signatures/full_org/original_36_16.png,data/raw/cedar/signatures/full_org/original_36_21.png,1,genuine_genuine,36
1940,data/raw/cedar/signatures/full_org/original_36_4.png,data/raw/cedar/signatures/full_org/original_36_7.png,1,genuine_genuine,36
1941,data/raw/cedar/signatures/full_org/original_36_4.png,data/raw/cedar/signatures/full_org/original_36_23.png,1,genuine_genuine,36
1942,data/raw/cedar/signatures/full_org/original_36_15.png,data/raw/cedar/signatures/full_org/original_36_24.png,1,genuine_genuine,36
1943,data/raw/cedar/signatures/full_org/original_36_13.png,data/raw/cedar/signatures/full_org/original_36_17.png,1,genuine_genuine,36
1944,data/raw/cedar/signatures/full_org/original_36_9.png,data/raw/cedar/signatures/full_org/original_36_18.png,1,genuine_genuine,36
1945,data/raw/cedar/signatures/full_org/original_36_3.png,data/raw/cedar/signatures/full_org/original_36_21.png,1,genuine_genuine,36
1946,data/raw/cedar/signatures/full_org/original_36_5.png,data/raw/cedar/signatures/full_org/original_36_14.png,1,genuine_genuine,36
1947,data/raw/cedar/signatures/full_org/original_36_17.png,data/raw/cedar/signatures/full_org/original_36_21.png,1,genuine_genuine,36
1948,data/raw/cedar/signatures/full_org/original_36_4.png,data/raw/cedar/signatures/full_org/original_36_24.png,1,genuine_genuine,36
1949,data/raw/cedar/signatures/full_org/original_36_6.png,data/raw/cedar/signatures/full_org/original_36_19.png,1,genuine_genuine,36
1950,data/raw/cedar/signatures/full_org/original_36_9.png,data/raw/cedar/signatures/full_org/original_36_16.png,1,genuine_genuine,36
1951,data/raw/cedar/signatures/full_org/original_36_17.png,data/raw/cedar/signatures/full_org/original_36_22.png,1,genuine_genuine,36
1952,data/raw/cedar/signatures/full_org/original_36_14.png,data/raw/cedar/signatures/full_org/original_36_23.png,1,genuine_genuine,36
1953,data/raw/cedar/signatures/full_org/original_36_1.png,data/raw/cedar/signatures/full_org/original_36_14.png,1,genuine_genuine,36
1954,data/raw/cedar/signatures/full_org/original_36_17.png,data/raw/cedar/signatures/full_org/original_36_24.png,1,genuine_genuine,36
1955,data/raw/cedar/signatures/full_org/original_36_2.png,data/raw/cedar/signatures/full_org/original_36_9.png,1,genuine_genuine,36
1956,data/raw/cedar/signatures/full_org/original_36_3.png,data/raw/cedar/signatures/full_org/original_36_23.png,1,genuine_genuine,36
1957,data/raw/cedar/signatures/full_org/original_36_7.png,data/raw/cedar/signatures/full_org/original_36_21.png,1,genuine_genuine,36
1958,data/raw/cedar/signatures/full_org/original_36_14.png,data/raw/cedar/signatures/full_org/original_36_15.png,1,genuine_genuine,36
1959,data/raw/cedar/signatures/full_org/original_36_1.png,data/raw/cedar/signatures/full_org/original_36_3.png,1,genuine_genuine,36
1960,data/raw/cedar/signatures/full_org/original_36_9.png,data/raw/cedar/signatures/full_forg/forgeries_36_8.png,0,skilled_forgery,36
1961,data/raw/cedar/signatures/full_org/original_36_24.png,data/raw/cedar/signatures/full_forg/forgeries_36_19.png,0,skilled_forgery,36
1962,data/raw/cedar/signatures/full_org/original_36_12.png,data/raw/cedar/signatures/full_forg/forgeries_36_8.png,0,skilled_forgery,36
1963,data/raw/cedar/signatures/full_org/original_36_22.png,data/raw/cedar/signatures/full_forg/forgeries_36_6.png,0,skilled_forgery,36
1964,data/raw/cedar/signatures/full_org/original_36_4.png,data/raw/cedar/signatures/full_forg/forgeries_36_2.png,0,skilled_forgery,36
1965,data/raw/cedar/signatures/full_org/original_36_14.png,data/raw/cedar/signatures/full_forg/forgeries_36_18.png,0,skilled_forgery,36
1966,data/raw/cedar/signatures/full_org/original_36_21.png,data/raw/cedar/signatures/full_forg/forgeries_36_11.png,0,skilled_forgery,36
1967,data/raw/cedar/signatures/full_org/original_36_16.png,data/raw/cedar/signatures/full_forg/forgeries_36_13.png,0,skilled_forgery,36
1968,data/raw/cedar/signatures/full_org/original_36_7.png,data/raw/cedar/signatures/full_forg/forgeries_36_24.png,0,skilled_forgery,36
1969,data/raw/cedar/signatures/full_org/original_36_17.png,data/raw/cedar/signatures/full_forg/forgeries_36_13.png,0,skilled_forgery,36
1970,data/raw/cedar/signatures/full_org/original_36_8.png,data/raw/cedar/signatures/full_forg/forgeries_36_4.png,0,skilled_forgery,36
1971,data/raw/cedar/signatures/full_org/original_36_6.png,data/raw/cedar/signatures/full_forg/forgeries_36_9.png,0,skilled_forgery,36
1972,data/raw/cedar/signatures/full_org/original_36_1.png,data/raw/cedar/signatures/full_forg/forgeries_36_3.png,0,skilled_forgery,36
1973,data/raw/cedar/signatures/full_org/original_36_14.png,data/raw/cedar/signatures/full_forg/forgeries_36_22.png,0,skilled_forgery,36
1974,data/raw/cedar/signatures/full_org/original_36_12.png,data/raw/cedar/signatures/full_forg/forgeries_36_2.png,0,skilled_forgery,36
1975,data/raw/cedar/signatures/full_org/original_36_13.png,data/raw/cedar/signatures/full_forg/forgeries_36_16.png,0,skilled_forgery,36
1976,data/raw/cedar/signatures/full_org/original_36_3.png,data/raw/cedar/signatures/full_forg/forgeries_36_9.png,0,skilled_forgery,36
1977,data/raw/cedar/signatures/full_org/original_36_15.png,data/raw/cedar/signatures/full_forg/forgeries_36_9.png,0,skilled_forgery,36
1978,data/raw/cedar/signatures/full_org/original_36_14.png,data/raw/cedar/signatures/full_forg/forgeries_36_2.png,0,skilled_forgery,36
1979,data/raw/cedar/signatures/full_org/original_36_15.png,data/raw/cedar/signatures/full_forg/forgeries_36_12.png,0,skilled_forgery,36
1980,data/raw/cedar/signatures/full_org/original_36_23.png,data/raw/cedar/signatures/full_org/original_1_22.png,0,random_forgery,36
1981,data/raw/cedar/signatures/full_org/original_36_6.png,data/raw/cedar/signatures/full_org/original_42_6.png,0,random_forgery,36
1982,data/raw/cedar/signatures/full_org/original_36_6.png,data/raw/cedar/signatures/full_org/original_14_5.png,0,random_forgery,36
1983,data/raw/cedar/signatures/full_org/original_36_6.png,data/raw/cedar/signatures/full_org/original_29_15.png,0,random_forgery,36
1984,data/raw/cedar/signatures/full_org/original_36_16.png,data/raw/cedar/signatures/full_org/original_42_23.png,0,random_forgery,36
1985,data/raw/cedar/signatures/full_org/original_36_10.png,data/raw/cedar/signatures/full_org/original_46_13.png,0,random_forgery,36
1986,data/raw/cedar/signatures/full_org/original_36_11.png,data/raw/cedar/signatures/full_org/original_17_20.png,0,random_forgery,36
1987,data/raw/cedar/signatures/full_org/original_36_13.png,data/raw/cedar/signatures/full_org/original_11_1.png,0,random_forgery,36
1988,data/raw/cedar/signatures/full_org/original_36_3.png,data/raw/cedar/signatures/full_org/original_13_6.png,0,random_forgery,36
1989,data/raw/cedar/signatures/full_org/original_36_23.png,data/raw/cedar/signatures/full_org/original_27_4.png,0,random_forgery,36
1990,data/raw/cedar/signatures/full_org/original_36_12.png,data/raw/cedar/signatures/full_org/original_12_17.png,0,random_forgery,36
1991,data/raw/cedar/signatures/full_org/original_36_18.png,data/raw/cedar/signatures/full_org/original_26_17.png,0,random_forgery,36
1992,data/raw/cedar/signatures/full_org/original_36_2.png,data/raw/cedar/signatures/full_org/original_37_1.png,0,random_forgery,36
1993,data/raw/cedar/signatures/full_org/original_36_1.png,data/raw/cedar/signatures/full_org/original_51_4.png,0,random_forgery,36
1994,data/raw/cedar/signatures/full_org/original_36_19.png,data/raw/cedar/signatures/full_org/original_46_17.png,0,random_forgery,36
1995,data/raw/cedar/signatures/full_org/original_36_16.png,data/raw/cedar/signatures/full_org/original_39_23.png,0,random_forgery,36
1996,data/raw/cedar/signatures/full_org/original_36_18.png,data/raw/cedar/signatures/full_org/original_47_5.png,0,random_forgery,36
1997,data/raw/cedar/signatures/full_org/original_36_3.png,data/raw/cedar/signatures/full_org/original_22_6.png,0,random_forgery,36
1998,data/raw/cedar/signatures/full_org/original_36_20.png,data/raw/cedar/signatures/full_org/original_53_12.png,0,random_forgery,36
1999,data/raw/cedar/signatures/full_org/original_36_1.png,data/raw/cedar/signatures/full_org/original_43_9.png,0,random_forgery,36
2000,data/raw/cedar/signatures/full_org/original_37_13.png,data/raw/cedar/signatures/full_org/original_37_23.png,1,genuine_genuine,37
2001,data/raw/cedar/signatures/full_org/original_37_8.png,data/raw/cedar/signatures/full_org/original_37_15.png,1,genuine_genuine,37
2002,data/raw/cedar/signatures/full_org/original_37_3.png,data/raw/cedar/signatures/full_org/original_37_12.png,1,genuine_genuine,37
2003,data/raw/cedar/signatures/full_org/original_37_20.png,data/raw/cedar/signatures/full_org/original_37_22.png,1,genuine_genuine,37
2004,data/raw/cedar/signatures/full_org/original_37_1.png,data/raw/cedar/signatures/full_org/original_37_22.png,1,genuine_genuine,37
2005,data/raw/cedar/signatures/full_org/original_37_11.png,data/raw/cedar/signatures/full_org/original_37_20.png,1,genuine_genuine,37
2006,data/raw/cedar/signatures/full_org/original_37_15.png,data/raw/cedar/signatures/full_org/original_37_20.png,1,genuine_genuine,37
2007,data/raw/cedar/signatures/full_org/original_37_5.png,data/raw/cedar/signatures/full_org/original_37_22.png,1,genuine_genuine,37
2008,data/raw/cedar/signatures/full_org/original_37_14.png,data/raw/cedar/signatures/full_org/original_37_20.png,1,genuine_genuine,37
2009,data/raw/cedar/signatures/full_org/original_37_6.png,data/raw/cedar/signatures/full_org/original_37_8.png,1,genuine_genuine,37
2010,data/raw/cedar/signatures/full_org/original_37_4.png,data/raw/cedar/signatures/full_org/original_37_19.png,1,genuine_genuine,37
2011,data/raw/cedar/signatures/full_org/original_37_12.png,data/raw/cedar/signatures/full_org/original_37_14.png,1,genuine_genuine,37
2012,data/raw/cedar/signatures/full_org/original_37_1.png,data/raw/cedar/signatures/full_org/original_37_2.png,1,genuine_genuine,37
2013,data/raw/cedar/signatures/full_org/original_37_4.png,data/raw/cedar/signatures/full_org/original_37_20.png,1,genuine_genuine,37
2014,data/raw/cedar/signatures/full_org/original_37_17.png,data/raw/cedar/signatures/full_org/original_37_22.png,1,genuine_genuine,37
2015,data/raw/cedar/signatures/full_org/original_37_2.png,data/raw/cedar/signatures/full_org/original_37_3.png,1,genuine_genuine,37
2016,data/raw/cedar/signatures/full_org/original_37_8.png,data/raw/cedar/signatures/full_org/original_37_14.png,1,genuine_genuine,37
2017,data/raw/cedar/signatures/full_org/original_37_1.png,data/raw/cedar/signatures/full_org/original_37_6.png,1,genuine_genuine,37
2018,data/raw/cedar/signatures/full_org/original_37_6.png,data/raw/cedar/signatures/full_org/original_37_22.png,1,genuine_genuine,37
2019,data/raw/cedar/signatures/full_org/original_37_6.png,data/raw/cedar/signatures/full_org/original_37_12.png,1,genuine_genuine,37
2020,data/raw/cedar/signatures/full_org/original_37_13.png,data/raw/cedar/signatures/full_org/original_37_16.png,1,genuine_genuine,37
2021,data/raw/cedar/signatures/full_org/original_37_9.png,data/raw/cedar/signatures/full_org/original_37_17.png,1,genuine_genuine,37
2022,data/raw/cedar/signatures/full_org/original_37_1.png,data/raw/cedar/signatures/full_org/original_37_24.png,1,genuine_genuine,37
2023,data/raw/cedar/signatures/full_org/original_37_7.png,data/raw/cedar/signatures/full_org/original_37_18.png,1,genuine_genuine,37
2024,data/raw/cedar/signatures/full_org/original_37_19.png,data/raw/cedar/signatures/full_org/original_37_21.png,1,genuine_genuine,37
2025,data/raw/cedar/signatures/full_org/original_37_13.png,data/raw/cedar/signatures/full_org/original_37_18.png,1,genuine_genuine,37
2026,data/raw/cedar/signatures/full_org/original_37_6.png,data/raw/cedar/signatures/full_org/original_37_15.png,1,genuine_genuine,37
2027,data/raw/cedar/signatures/full_org/original_37_7.png,data/raw/cedar/signatures/full_org/original_37_20.png,1,genuine_genuine,37
2028,data/raw/cedar/signatures/full_org/original_37_10.png,data/raw/cedar/signatures/full_org/original_37_24.png,1,genuine_genuine,37
2029,data/raw/cedar/signatures/full_org/original_37_11.png,data/raw/cedar/signatures/full_org/original_37_23.png,1,genuine_genuine,37
2030,data/raw/cedar/signatures/full_org/original_37_6.png,data/raw/cedar/signatures/full_org/original_37_9.png,1,genuine_genuine,37
2031,data/raw/cedar/signatures/full_org/original_37_12.png,data/raw/cedar/signatures/full_org/original_37_21.png,1,genuine_genuine,37
2032,data/raw/cedar/signatures/full_org/original_37_2.png,data/raw/cedar/signatures/full_org/original_37_5.png,1,genuine_genuine,37
2033,data/raw/cedar/signatures/full_org/original_37_13.png,data/raw/cedar/signatures/full_org/original_37_20.png,1,genuine_genuine,37
2034,data/raw/cedar/signatures/full_org/original_37_16.png,data/raw/cedar/signatures/full_org/original_37_17.png,1,genuine_genuine,37
2035,data/raw/cedar/signatures/full_org/original_37_8.png,data/raw/cedar/signatures/full_org/original_37_9.png,1,genuine_genuine,37
2036,data/raw/cedar/signatures/full_org/original_37_8.png,data/raw/cedar/signatures/full_org/original_37_13.png,1,genuine_genuine,37
2037,data/raw/cedar/signatures/full_org/original_37_7.png,data/raw/cedar/signatures/full_org/original_37_8.png,1,genuine_genuine,37
2038,data/raw/cedar/signatures/full_org/original_37_2.png,data/raw/cedar/signatures/full_org/original_37_16.png,1,genuine_genuine,37
2039,data/raw/cedar/signatures/full_org/original_37_7.png,data/raw/cedar/signatures/full_org/original_37_21.png,1,genuine_genuine,37
2040,data/raw/cedar/signatures/full_org/original_37_2.png,data/raw/cedar/signatures/full_forg/forgeries_37_1.png,0,skilled_forgery,37
2041,data/raw/cedar/signatures/full_org/original_37_19.png,data/raw/cedar/signatures/full_forg/forgeries_37_14.png,0,skilled_forgery,37
2042,data/raw/cedar/signatures/full_org/original_37_23.png,data/raw/cedar/signatures/full_forg/forgeries_37_2.png,0,skilled_forgery,37
2043,data/raw/cedar/signatures/full_org/original_37_16.png,data/raw/cedar/signatures/full_forg/forgeries_37_13.png,0,skilled_forgery,37
2044,data/raw/cedar/signatures/full_org/original_37_22.png,data/raw/cedar/signatures/full_forg/forgeries_37_1.png,0,skilled_forgery,37
2045,data/raw/cedar/signatures/full_org/original_37_24.png,data/raw/cedar/signatures/full_forg/forgeries_37_4.png,0,skilled_forgery,37
2046,data/raw/cedar/signatures/full_org/original_37_3.png,data/raw/cedar/signatures/full_forg/forgeries_37_21.png,0,skilled_forgery,37
2047,data/raw/cedar/signatures/full_org/original_37_19.png,data/raw/cedar/signatures/full_forg/forgeries_37_20.png,0,skilled_forgery,37
2048,data/raw/cedar/signatures/full_org/original_37_19.png,data/raw/cedar/signatures/full_forg/forgeries_37_11.png,0,skilled_forgery,37
2049,data/raw/cedar/signatures/full_org/original_37_3.png,data/raw/cedar/signatures/full_forg/forgeries_37_5.png,0,skilled_forgery,37
2050,data/raw/cedar/signatures/full_org/original_37_3.png,data/raw/cedar/signatures/full_forg/forgeries_37_10.png,0,skilled_forgery,37
2051,data/raw/cedar/signatures/full_org/original_37_7.png,data/raw/cedar/signatures/full_forg/forgeries_37_21.png,0,skilled_forgery,37
2052,data/raw/cedar/signatures/full_org/original_37_10.png,data/raw/cedar/signatures/full_forg/forgeries_37_1.png,0,skilled_forgery,37
2053,data/raw/cedar/signatures/full_org/original_37_5.png,data/raw/cedar/signatures/full_forg/forgeries_37_23.png,0,skilled_forgery,37
2054,data/raw/cedar/signatures/full_org/original_37_8.png,data/raw/cedar/signatures/full_forg/forgeries_37_13.png,0,skilled_forgery,37
2055,data/raw/cedar/signatures/full_org/original_37_10.png,data/raw/cedar/signatures/full_forg/forgeries_37_12.png,0,skilled_forgery,37
2056,data/raw/cedar/signatures/full_org/original_37_12.png,data/raw/cedar/signatures/full_forg/forgeries_37_2.png,0,skilled_forgery,37
2057,data/raw/cedar/signatures/full_org/original_37_9.png,data/raw/cedar/signatures/full_forg/forgeries_37_14.png,0,skilled_forgery,37
2058,data/raw/cedar/signatures/full_org/original_37_11.png,data/raw/cedar/signatures/full_forg/forgeries_37_11.png,0,skilled_forgery,37
2059,data/raw/cedar/signatures/full_org/original_37_24.png,data/raw/cedar/signatures/full_forg/forgeries_37_17.png,0,skilled_forgery,37
2060,data/raw/cedar/signatures/full_org/original_37_2.png,data/raw/cedar/signatures/full_org/original_17_7.png,0,random_forgery,37
2061,data/raw/cedar/signatures/full_org/original_37_2.png,data/raw/cedar/signatures/full_org/original_42_17.png,0,random_forgery,37
2062,data/raw/cedar/signatures/full_org/original_37_3.png,data/raw/cedar/signatures/full_org/original_29_3.png,0,random_forgery,37
2063,data/raw/cedar/signatures/full_org/original_37_10.png,data/raw/cedar/signatures/full_org/original_51_21.png,0,random_forgery,37
2064,data/raw/cedar/signatures/full_org/original_37_8.png,data/raw/cedar/signatures/full_org/original_13_21.png,0,random_forgery,37
2065,data/raw/cedar/signatures/full_org/original_37_20.png,data/raw/cedar/signatures/full_org/original_32_20.png,0,random_forgery,37
2066,data/raw/cedar/signatures/full_org/original_37_18.png,data/raw/cedar/signatures/full_org/original_21_12.png,0,random_forgery,37
2067,data/raw/cedar/signatures/full_org/original_37_8.png,data/raw/cedar/signatures/full_org/original_33_12.png,0,random_forgery,37
2068,data/raw/cedar/signatures/full_org/original_37_11.png,data/raw/cedar/signatures/full_org/original_53_5.png,0,random_forgery,37
2069,data/raw/cedar/signatures/full_org/original_37_12.png,data/raw/cedar/signatures/full_org/original_5_13.png,0,random_forgery,37
2070,data/raw/cedar/signatures/full_org/original_37_2.png,data/raw/cedar/signatures/full_org/original_11_2.png,0,random_forgery,37
2071,data/raw/cedar/signatures/full_org/original_37_16.png,data/raw/cedar/signatures/full_org/original_40_19.png,0,random_forgery,37
2072,data/raw/cedar/signatures/full_org/original_37_1.png,data/raw/cedar/signatures/full_org/original_53_21.png,0,random_forgery,37
2073,data/raw/cedar/signatures/full_org/original_37_13.png,data/raw/cedar/signatures/full_org/original_4_19.png,0,random_forgery,37
2074,data/raw/cedar/signatures/full_org/original_37_18.png,data/raw/cedar/signatures/full_org/original_42_2.png,0,random_forgery,37
2075,data/raw/cedar/signatures/full_org/original_37_18.png,data/raw/cedar/signatures/full_org/original_11_13.png,0,random_forgery,37
2076,data/raw/cedar/signatures/full_org/original_37_16.png,data/raw/cedar/signatures/full_org/original_43_9.png,0,random_forgery,37
2077,data/raw/cedar/signatures/full_org/original_37_23.png,data/raw/cedar/signatures/full_org/original_5_8.png,0,random_forgery,37
2078,data/raw/cedar/signatures/full_org/original_37_17.png,data/raw/cedar/signatures/full_org/original_46_9.png,0,random_forgery,37
2079,data/raw/cedar/signatures/full_org/original_37_23.png,data/raw/cedar/signatures/full_org/original_17_7.png,0,random_forgery,37
2080,data/raw/cedar/signatures/full_org/original_39_19.png,data/raw/cedar/signatures/full_org/original_39_24.png,1,genuine_genuine,39
2081,data/raw/cedar/signatures/full_org/original_39_1.png,data/raw/cedar/signatures/full_org/original_39_20.png,1,genuine_genuine,39
2082,data/raw/cedar/signatures/full_org/original_39_11.png,data/raw/cedar/signatures/full_org/original_39_13.png,1,genuine_genuine,39
2083,data/raw/cedar/signatures/full_org/original_39_17.png,data/raw/cedar/signatures/full_org/original_39_24.png,1,genuine_genuine,39
2084,data/raw/cedar/signatures/full_org/original_39_9.png,data/raw/cedar/signatures/full_org/original_39_24.png,1,genuine_genuine,39
2085,data/raw/cedar/signatures/full_org/original_39_3.png,data/raw/cedar/signatures/full_org/original_39_9.png,1,genuine_genuine,39
2086,data/raw/cedar/signatures/full_org/original_39_7.png,data/raw/cedar/signatures/full_org/original_39_9.png,1,genuine_genuine,39
2087,data/raw/cedar/signatures/full_org/original_39_9.png,data/raw/cedar/signatures/full_org/original_39_20.png,1,genuine_genuine,39
2088,data/raw/cedar/signatures/full_org/original_39_4.png,data/raw/cedar/signatures/full_org/original_39_6.png,1,genuine_genuine,39
2089,data/raw/cedar/signatures/full_org/original_39_9.png,data/raw/cedar/signatures/full_org/original_39_15.png,1,genuine_genuine,39
2090,data/raw/cedar/signatures/full_org/original_39_8.png,data/raw/cedar/signatures/full_org/original_39_17.png,1,genuine_genuine,39
2091,data/raw/cedar/signatures/full_org/original_39_10.png,data/raw/cedar/signatures/full_org/original_39_14.png,1,genuine_genuine,39
2092,data/raw/cedar/signatures/full_org/original_39_11.png,data/raw/cedar/signatures/full_org/original_39_19.png,1,genuine_genuine,39
2093,data/raw/cedar/signatures/full_org/original_39_3.png,data/raw/cedar/signatures/full_org/original_39_8.png,1,genuine_genuine,39
2094,data/raw/cedar/signatures/full_org/original_39_4.png,data/raw/cedar/signatures/full_org/original_39_8.png,1,genuine_genuine,39
2095,data/raw/cedar/signatures/full_org/original_39_14.png,data/raw/cedar/signatures/full_org/original_39_20.png,1,genuine_genuine,39
2096,data/raw/cedar/signatures/full_org/original_39_16.png,data/raw/cedar/signatures/full_org/original_39_19.png,1,genuine_genuine,39
2097,data/raw/cedar/signatures/full_org/original_39_7.png,data/raw/cedar/signatures/full_org/original_39_8.png,1,genuine_genuine,39
2098,data/raw/cedar/signatures/full_org/original_39_13.png,data/raw/cedar/signatures/full_org/original_39_24.png,1,genuine_genuine,39
2099,data/raw/cedar/signatures/full_org/original_39_15.png,data/raw/cedar/signatures/full_org/original_39_20.png,1,genuine_genuine,39
2100,data/raw/cedar/signatures/full_org/original_39_15.png,data/raw/cedar/signatures/full_org/original_39_23.png,1,genuine_genuine,39
2101,data/raw/cedar/signatures/full_org/original_39_5.png,data/raw/cedar/signatures/full_org/original_39_7.png,1,genuine_genuine,39
2102,data/raw/cedar/signatures/full_org/original_39_16.png,data/raw/cedar/signatures/full_org/original_39_22.png,1,genuine_genuine,39
2103,data/raw/cedar/signatures/full_org/original_39_7.png,data/raw/cedar/signatures/full_org/original_39_14.png,1,genuine_genuine,39
2104,data/raw/cedar/signatures/full_org/original_39_5.png,data/raw/cedar/signatures/full_org/original_39_6.png,1,genuine_genuine,39
2105,data/raw/cedar/signatures/full_org/original_39_10.png,data/raw/cedar/signatures/full_org/original_39_22.png,1,genuine_genuine,39
2106,data/raw/cedar/signatures/full_org/original_39_15.png,data/raw/cedar/signatures/full_org/original_39_18.png,1,genuine_genuine,39
2107,data/raw/cedar/signatures/full_org/original_39_2.png,data/raw/cedar/signatures/full_org/original_39_8.png,1,genuine_genuine,39
2108,data/raw/cedar/signatures/full_org/original_39_12.png,data/raw/cedar/signatures/full_org/original_39_22.png,1,genuine_genuine,39
2109,data/raw/cedar/signatures/full_org/original_39_2.png,data/raw/cedar/signatures/full_org/original_39_24.png,1,genuine_genuine,39
2110,data/raw/cedar/signatures/full_org/original_39_7.png,data/raw/cedar/signatures/full_org/original_39_16.png,1,genuine_genuine,39
2111,data/raw/cedar/signatures/full_org/original_39_6.png,data/raw/cedar/signatures/full_org/original_39_22.png,1,genuine_genuine,39
2112,data/raw/cedar/signatures/full_org/original_39_13.png,data/raw/cedar/signatures/full_org/original_39_20.png,1,genuine_genuine,39
2113,data/raw/cedar/signatures/full_org/original_39_14.png,data/raw/cedar/signatures/full_org/original_39_21.png,1,genuine_genuine,39
2114,data/raw/cedar/signatures/full_org/original_39_4.png,data/raw/cedar/signatures/full_org/original_39_15.png,1,genuine_genuine,39
2115,data/raw/cedar/signatures/full_org/original_39_9.png,data/raw/cedar/signatures/full_org/original_39_19.png,1,genuine_genuine,39
2116,data/raw/cedar/signatures/full_org/original_39_5.png,data/raw/cedar/signatures/full_org/original_39_12.png,1,genuine_genuine,39
2117,data/raw/cedar/signatures/full_org/original_39_10.png,data/raw/cedar/signatures/full_org/original_39_20.png,1,genuine_genuine,39
2118,data/raw/cedar/signatures/full_org/original_39_15.png,data/raw/cedar/signatures/full_org/original_39_17.png,1,genuine_genuine,39
2119,data/raw/cedar/signatures/full_org/original_39_12.png,data/raw/cedar/signatures/full_org/original_39_23.png,1,genuine_genuine,39
2120,data/raw/cedar/signatures/full_org/original_39_16.png,data/raw/cedar/signatures/full_forg/forgeries_39_3.png,0,skilled_forgery,39
2121,data/raw/cedar/signatures/full_org/original_39_18.png,data/raw/cedar/signatures/full_forg/forgeries_39_7.png,0,skilled_forgery,39
2122,data/raw/cedar/signatures/full_org/original_39_11.png,data/raw/cedar/signatures/full_forg/forgeries_39_9.png,0,skilled_forgery,39
2123,data/raw/cedar/signatures/full_org/original_39_14.png,data/raw/cedar/signatures/full_forg/forgeries_39_8.png,0,skilled_forgery,39
2124,data/raw/cedar/signatures/full_org/original_39_7.png,data/raw/cedar/signatures/full_forg/forgeries_39_12.png,0,skilled_forgery,39
2125,data/raw/cedar/signatures/full_org/original_39_21.png,data/raw/cedar/signatures/full_forg/forgeries_39_8.png,0,skilled_forgery,39
2126,data/raw/cedar/signatures/full_org/original_39_24.png,data/raw/cedar/signatures/full_forg/forgeries_39_14.png,0,skilled_forgery,39
2127,data/raw/cedar/signatures/full_org/original_39_11.png,data/raw/cedar/signatures/full_forg/forgeries_39_17.png,0,skilled_forgery,39
2128,data/raw/cedar/signatures/full_org/original_39_14.png,data/raw/cedar/signatures/full_forg/forgeries_39_4.png,0,skilled_forgery,39
2129,data/raw/cedar/signatures/full_org/original_39_2.png,data/raw/cedar/signatures/full_forg/forgeries_39_12.png,0,skilled_forgery,39
2130,data/raw/cedar/signatures/full_org/original_39_17.png,data/raw/cedar/signatures/full_forg/forgeries_39_12.png,0,skilled_forgery,39
2131,data/raw/cedar/signatures/full_org/original_39_10.png,data/raw/cedar/signatures/full_forg/forgeries_39_4.png,0,skilled_forgery,39
2132,data/raw/cedar/signatures/full_org/original_39_18.png,data/raw/cedar/signatures/full_forg/forgeries_39_21.png,0,skilled_forgery,39
2133,data/raw/cedar/signatures/full_org/original_39_4.png,data/raw/cedar/signatures/full_forg/forgeries_39_7.png,0,skilled_forgery,39
2134,data/raw/cedar/signatures/full_org/original_39_16.png,data/raw/cedar/signatures/full_forg/forgeries_39_7.png,0,skilled_forgery,39
2135,data/raw/cedar/signatures/full_org/original_39_18.png,data/raw/cedar/signatures/full_forg/forgeries_39_24.png,0,skilled_forgery,39
2136,data/raw/cedar/signatures/full_org/original_39_1.png,data/raw/cedar/signatures/full_forg/forgeries_39_6.png,0,skilled_forgery,39
2137,data/raw/cedar/signatures/full_org/original_39_5.png,data/raw/cedar/signatures/full_forg/forgeries_39_10.png,0,skilled_forgery,39
2138,data/raw/cedar/signatures/full_org/original_39_6.png,data/raw/cedar/signatures/full_forg/forgeries_39_8.png,0,skilled_forgery,39
2139,data/raw/cedar/signatures/full_org/original_39_12.png,data/raw/cedar/signatures/full_forg/forgeries_39_20.png,0,skilled_forgery,39
2140,data/raw/cedar/signatures/full_org/original_39_2.png,data/raw/cedar/signatures/full_org/original_46_12.png,0,random_forgery,39
2141,data/raw/cedar/signatures/full_org/original_39_9.png,data/raw/cedar/signatures/full_org/original_31_19.png,0,random_forgery,39
2142,data/raw/cedar/signatures/full_org/original_39_6.png,data/raw/cedar/signatures/full_org/original_11_21.png,0,random_forgery,39
2143,data/raw/cedar/signatures/full_org/original_39_12.png,data/raw/cedar/signatures/full_org/original_11_3.png,0,random_forgery,39
2144,data/raw/cedar/signatures/full_org/original_39_24.png,data/raw/cedar/signatures/full_org/original_42_9.png,0,random_forgery,39
2145,data/raw/cedar/signatures/full_org/original_39_3.png,data/raw/cedar/signatures/full_org/original_11_19.png,0,random_forgery,39
2146,data/raw/cedar/signatures/full_org/original_39_11.png,data/raw/cedar/signatures/full_org/original_32_14.png,0,random_forgery,39
2147,data/raw/cedar/signatures/full_org/original_39_1.png,data/raw/cedar/signatures/full_org/original_27_19.png,0,random_forgery,39
2148,data/raw/cedar/signatures/full_org/original_39_19.png,data/raw/cedar/signatures/full_org/original_12_24.png,0,random_forgery,39
2149,data/raw/cedar/signatures/full_org/original_39_19.png,data/raw/cedar/signatures/full_org/original_36_7.png,0,random_forgery,39
2150,data/raw/cedar/signatures/full_org/original_39_11.png,data/raw/cedar/signatures/full_org/original_54_15.png,0,random_forgery,39
2151,data/raw/cedar/signatures/full_org/original_39_16.png,data/raw/cedar/signatures/full_org/original_52_12.png,0,random_forgery,39
2152,data/raw/cedar/signatures/full_org/original_39_2.png,data/raw/cedar/signatures/full_org/original_21_16.png,0,random_forgery,39
2153,data/raw/cedar/signatures/full_org/original_39_5.png,data/raw/cedar/signatures/full_org/original_1_1.png,0,random_forgery,39
2154,data/raw/cedar/signatures/full_org/original_39_6.png,data/raw/cedar/signatures/full_org/original_26_14.png,0,random_forgery,39
2155,data/raw/cedar/signatures/full_org/original_39_22.png,data/raw/cedar/signatures/full_org/original_20_1.png,0,random_forgery,39
2156,data/raw/cedar/signatures/full_org/original_39_20.png,data/raw/cedar/signatures/full_org/original_11_21.png,0,random_forgery,39
2157,data/raw/cedar/signatures/full_org/original_39_4.png,data/raw/cedar/signatures/full_org/original_47_5.png,0,random_forgery,39
2158,data/raw/cedar/signatures/full_org/original_39_5.png,data/raw/cedar/signatures/full_org/original_12_10.png,0,random_forgery,39
2159,data/raw/cedar/signatures/full_org/original_39_7.png,data/raw/cedar/signatures/full_org/original_11_19.png,0,random_forgery,39
2160,data/raw/cedar/signatures/full_org/original_40_4.png,data/raw/cedar/signatures/full_org/original_40_12.png,1,genuine_genuine,40
2161,data/raw/cedar/signatures/full_org/original_40_8.png,data/raw/cedar/signatures/full_org/original_40_24.png,1,genuine_genuine,40
2162,data/raw/cedar/signatures/full_org/original_40_13.png,data/raw/cedar/signatures/full_org/original_40_21.png,1,genuine_genuine,40
2163,data/raw/cedar/signatures/full_org/original_40_9.png,data/raw/cedar/signatures/full_org/original_40_22.png,1,genuine_genuine,40
2164,data/raw/cedar/signatures/full_org/original_40_9.png,data/raw/cedar/signatures/full_org/original_40_12.png,1,genuine_genuine,40
2165,data/raw/cedar/signatures/full_org/original_40_21.png,data/raw/cedar/signatures/full_org/original_40_24.png,1,genuine_genuine,40
2166,data/raw/cedar/signatures/full_org/original_40_11.png,data/raw/cedar/signatures/full_org/original_40_23.png,1,genuine_genuine,40
2167,data/raw/cedar/signatures/full_org/original_40_1.png,data/raw/cedar/signatures/full_org/original_40_21.png,1,genuine_genuine,40
2168,data/raw/cedar/signatures/full_org/original_40_2.png,data/raw/cedar/signatures/full_org/original_40_5.png,1,genuine_genuine,40
2169,data/raw/cedar/signatures/full_org/original_40_2.png,data/raw/cedar/signatures/full_org/original_40_4.png,1,genuine_genuine,40
2170,data/raw/cedar/signatures/full_org/original_40_14.png,data/raw/cedar/signatures/full_org/original_40_17.png,1,genuine_genuine,40
2171,data/raw/cedar/signatures/full_org/original_40_14.png,data/raw/cedar/signatures/full_org/original_40_19.png,1,genuine_genuine,40
2172,data/raw/cedar/signatures/full_org/original_40_3.png,data/raw/cedar/signatures/full_org/original_40_20.png,1,genuine_genuine,40
2173,data/raw/cedar/signatures/full_org/original_40_3.png,data/raw/cedar/signatures/full_org/original_40_8.png,1,genuine_genuine,40
2174,data/raw/cedar/signatures/full_org/original_40_7.png,data/raw/cedar/signatures/full_org/original_40_11.png,1,genuine_genuine,40
2175,data/raw/cedar/signatures/full_org/original_40_11.png,data/raw/cedar/signatures/full_org/original_40_14.png,1,genuine_genuine,40
2176,data/raw/cedar/signatures/full_org/original_40_11.png,data/raw/cedar/signatures/full_org/original_40_17.png,1,genuine_genuine,40
2177,data/raw/cedar/signatures/full_org/original_40_1.png,data/raw/cedar/signatures/full_org/original_40_6.png,1,genuine_genuine,40
2178,data/raw/cedar/signatures/full_org/original_40_5.png,data/raw/cedar/signatures/full_org/original_40_20.png,1,genuine_genuine,40
2179,data/raw/cedar/signatures/full_org/original_40_2.png,data/raw/cedar/signatures/full_org/original_40_23.png,1,genuine_genuine,40
2180,data/raw/cedar/signatures/full_org/original_40_8.png,data/raw/cedar/signatures/full_org/original_40_18.png,1,genuine_genuine,40
2181,data/raw/cedar/signatures/full_org/original_40_15.png,data/raw/cedar/signatures/full_org/original_40_19.png,1,genuine_genuine,40
2182,data/raw/cedar/signatures/full_org/original_40_9.png,data/raw/cedar/signatures/full_org/original_40_19.png,1,genuine_genuine,40
2183,data/raw/cedar/signatures/full_org/original_40_12.png,data/raw/cedar/signatures/full_org/original_40_24.png,1,genuine_genuine,40
2184,data/raw/cedar/signatures/full_org/original_40_15.png,data/raw/cedar/signatures/full_org/original_40_22.png,1,genuine_genuine,40
2185,data/raw/cedar/signatures/full_org/original_40_11.png,data/raw/cedar/signatures/full_org/original_40_18.png,1,genuine_genuine,40
2186,data/raw/cedar/signatures/full_org/original_40_10.png,data/raw/cedar/signatures/full_org/original_40_14.png,1,genuine_genuine,40
2187,data/raw/cedar/signatures/full_org/original_40_1.png,data/raw/cedar/signatures/full_org/original_40_18.png,1,genuine_genuine,40
2188,data/raw/cedar/signatures/full_org/original_40_2.png,data/raw/cedar/signatures/full_org/original_40_7.png,1,genuine_genuine,40
2189,data/raw/cedar/signatures/full_org/original_40_8.png,data/raw/cedar/signatures/full_org/original_40_10.png,1,genuine_genuine,40
2190,data/raw/cedar/signatures/full_org/original_40_5.png,data/raw/cedar/signatures/full_org/original_40_7.png,1,genuine_genuine,40
2191,data/raw/cedar/signatures/full_org/original_40_20.png,data/raw/cedar/signatures/full_org/original_40_23.png,1,genuine_genuine,40
2192,data/raw/cedar/signatures/full_org/original_40_4.png,data/raw/cedar/signatures/full_org/original_40_22.png,1,genuine_genuine,40
2193,data/raw/cedar/signatures/full_org/original_40_6.png,data/raw/cedar/signatures/full_org/original_40_10.png,1,genuine_genuine,40
2194,data/raw/cedar/signatures/full_org/original_40_17.png,data/raw/cedar/signatures/full_org/original_40_23.png,1,genuine_genuine,40
2195,data/raw/cedar/signatures/full_org/original_40_13.png,data/raw/cedar/signatures/full_org/original_40_20.png,1,genuine_genuine,40
2196,data/raw/cedar/signatures/full_org/original_40_12.png,data/raw/cedar/signatures/full_org/original_40_19.png,1,genuine_genuine,40
2197,data/raw/cedar/signatures/full_org/original_40_1.png,data/raw/cedar/signatures/full_org/original_40_5.png,1,genuine_genuine,40
2198,data/raw/cedar/signatures/full_org/original_40_3.png,data/raw/cedar/signatures/full_org/original_40_17.png,1,genuine_genuine,40
2199,data/raw/cedar/signatures/full_org/original_40_3.png,data/raw/cedar/signatures/full_org/original_40_23.png,1,genuine_genuine,40
2200,data/raw/cedar/signatures/full_org/original_40_6.png,data/raw/cedar/signatures/full_forg/forgeries_40_5.png,0,skilled_forgery,40
2201,data/raw/cedar/signatures/full_org/original_40_19.png,data/raw/cedar/signatures/full_forg/forgeries_40_18.png,0,skilled_forgery,40
2202,data/raw/cedar/signatures/full_org/original_40_15.png,data/raw/cedar/signatures/full_forg/forgeries_40_24.png,0,skilled_forgery,40
2203,data/raw/cedar/signatures/full_org/original_40_10.png,data/raw/cedar/signatures/full_forg/forgeries_40_15.png,0,skilled_forgery,40
2204,data/raw/cedar/signatures/full_org/original_40_10.png,data/raw/cedar/signatures/full_forg/forgeries_40_7.png,0,skilled_forgery,40
2205,data/raw/cedar/signatures/full_org/original_40_18.png,data/raw/cedar/signatures/full_forg/forgeries_40_6.png,0,skilled_forgery,40
2206,data/raw/cedar/signatures/full_org/original_40_1.png,data/raw/cedar/signatures/full_forg/forgeries_40_17.png,0,skilled_forgery,40
2207,data/raw/cedar/signatures/full_org/original_40_5.png,data/raw/cedar/signatures/full_forg/forgeries_40_5.png,0,skilled_forgery,40
2208,data/raw/cedar/signatures/full_org/original_40_5.png,data/raw/cedar/signatures/full_forg/forgeries_40_8.png,0,skilled_forgery,40
2209,data/raw/cedar/signatures/full_org/original_40_23.png,data/raw/cedar/signatures/full_forg/forgeries_40_3.png,0,skilled_forgery,40
2210,data/raw/cedar/signatures/full_org/original_40_11.png,data/raw/cedar/signatures/full_forg/forgeries_40_16.png,0,skilled_forgery,40
2211,data/raw/cedar/signatures/full_org/original_40_6.png,data/raw/cedar/signatures/full_forg/forgeries_40_22.png,0,skilled_forgery,40
2212,data/raw/cedar/signatures/full_org/original_40_21.png,data/raw/cedar/signatures/full_forg/forgeries_40_20.png,0,skilled_forgery,40
2213,data/raw/cedar/signatures/full_org/original_40_2.png,data/raw/cedar/signatures/full_forg/forgeries_40_12.png,0,skilled_forgery,40
2214,data/raw/cedar/signatures/full_org/original_40_8.png,data/raw/cedar/signatures/full_forg/forgeries_40_3.png,0,skilled_forgery,40
2215,data/raw/cedar/signatures/full_org/original_40_22.png,data/raw/cedar/signatures/full_forg/forgeries_40_21.png,0,skilled_forgery,40
2216,data/raw/cedar/signatures/full_org/original_40_23.png,data/raw/cedar/signatures/full_forg/forgeries_40_2.png,0,skilled_forgery,40
2217,data/raw/cedar/signatures/full_org/original_40_11.png,data/raw/cedar/signatures/full_forg/forgeries_40_22.png,0,skilled_forgery,40
2218,data/raw/cedar/signatures/full_org/original_40_24.png,data/raw/cedar/signatures/full_forg/forgeries_40_9.png,0,skilled_forgery,40
2219,data/raw/cedar/signatures/full_org/original_40_20.png,data/raw/cedar/signatures/full_forg/forgeries_40_8.png,0,skilled_forgery,40
2220,data/raw/cedar/signatures/full_org/original_40_23.png,data/raw/cedar/signatures/full_org/original_53_17.png,0,random_forgery,40
2221,data/raw/cedar/signatures/full_org/original_40_21.png,data/raw/cedar/signatures/full_org/original_13_6.png,0,random_forgery,40
2222,data/raw/cedar/signatures/full_org/original_40_23.png,data/raw/cedar/signatures/full_org/original_49_7.png,0,random_forgery,40
2223,data/raw/cedar/signatures/full_org/original_40_24.png,data/raw/cedar/signatures/full_org/original_14_18.png,0,random_forgery,40
2224,data/raw/cedar/signatures/full_org/original_40_2.png,data/raw/cedar/signatures/full_org/original_4_8.png,0,random_forgery,40
2225,data/raw/cedar/signatures/full_org/original_40_14.png,data/raw/cedar/signatures/full_org/original_42_14.png,0,random_forgery,40
2226,data/raw/cedar/signatures/full_org/original_40_24.png,data/raw/cedar/signatures/full_org/original_4_23.png,0,random_forgery,40
2227,data/raw/cedar/signatures/full_org/original_40_23.png,data/raw/cedar/signatures/full_org/original_20_1.png,0,random_forgery,40
2228,data/raw/cedar/signatures/full_org/original_40_1.png,data/raw/cedar/signatures/full_org/original_10_12.png,0,random_forgery,40
2229,data/raw/cedar/signatures/full_org/original_40_24.png,data/raw/cedar/signatures/full_org/original_22_6.png,0,random_forgery,40
2230,data/raw/cedar/signatures/full_org/original_40_11.png,data/raw/cedar/signatures/full_org/original_51_7.png,0,random_forgery,40
2231,data/raw/cedar/signatures/full_org/original_40_13.png,data/raw/cedar/signatures/full_org/original_51_7.png,0,random_forgery,40
2232,data/raw/cedar/signatures/full_org/original_40_1.png,data/raw/cedar/signatures/full_org/original_13_11.png,0,random_forgery,40
2233,data/raw/cedar/signatures/full_org/original_40_11.png,data/raw/cedar/signatures/full_org/original_5_6.png,0,random_forgery,40
2234,data/raw/cedar/signatures/full_org/original_40_8.png,data/raw/cedar/signatures/full_org/original_27_17.png,0,random_forgery,40
2235,data/raw/cedar/signatures/full_org/original_40_18.png,data/raw/cedar/signatures/full_org/original_25_23.png,0,random_forgery,40
2236,data/raw/cedar/signatures/full_org/original_40_12.png,data/raw/cedar/signatures/full_org/original_1_18.png,0,random_forgery,40
2237,data/raw/cedar/signatures/full_org/original_40_14.png,data/raw/cedar/signatures/full_org/original_20_20.png,0,random_forgery,40
2238,data/raw/cedar/signatures/full_org/original_40_22.png,data/raw/cedar/signatures/full_org/original_20_19.png,0,random_forgery,40
2239,data/raw/cedar/signatures/full_org/original_40_2.png,data/raw/cedar/signatures/full_org/original_10_15.png,0,random_forgery,40
2240,data/raw/cedar/signatures/full_org/original_42_10.png,data/raw/cedar/signatures/full_org/original_42_13.png,1,genuine_genuine,42
2241,data/raw/cedar/signatures/full_org/original_42_13.png,data/raw/cedar/signatures/full_org/original_42_23.png,1,genuine_genuine,42
2242,data/raw/cedar/signatures/full_org/original_42_9.png,data/raw/cedar/signatures/full_org/original_42_17.png,1,genuine_genuine,42
2243,data/raw/cedar/signatures/full_org/original_42_2.png,data/raw/cedar/signatures/full_org/original_42_3.png,1,genuine_genuine,42
2244,data/raw/cedar/signatures/full_org/original_42_6.png,data/raw/cedar/signatures/full_org/original_42_14.png,1,genuine_genuine,42
2245,data/raw/cedar/signatures/full_org/original_42_5.png,data/raw/cedar/signatures/full_org/original_42_12.png,1,genuine_genuine,42
2246,data/raw/cedar/signatures/full_org/original_42_3.png,data/raw/cedar/signatures/full_org/original_42_20.png,1,genuine_genuine,42
2247,data/raw/cedar/signatures/full_org/original_42_1.png,data/raw/cedar/signatures/full_org/original_42_22.png,1,genuine_genuine,42
2248,data/raw/cedar/signatures/full_org/original_42_8.png,data/raw/cedar/signatures/full_org/original_42_23.png,1,genuine_genuine,42
2249,data/raw/cedar/signatures/full_org/original_42_5.png,data/raw/cedar/signatures/full_org/original_42_11.png,1,genuine_genuine,42
2250,data/raw/cedar/signatures/full_org/original_42_13.png,data/raw/cedar/signatures/full_org/original_42_16.png,1,genuine_genuine,42
2251,data/raw/cedar/signatures/full_org/original_42_7.png,data/raw/cedar/signatures/full_org/original_42_19.png,1,genuine_genuine,42
2252,data/raw/cedar/signatures/full_org/original_42_23.png,data/raw/cedar/signatures/full_org/original_42_24.png,1,genuine_genuine,42
2253,data/raw/cedar/signatures/full_org/original_42_4.png,data/raw/cedar/signatures/full_org/original_42_24.png,1,genuine_genuine,42
2254,data/raw/cedar/signatures/full_org/original_42_4.png,data/raw/cedar/signatures/full_org/original_42_14.png,1,genuine_genuine,42
2255,data/raw/cedar/signatures/full_org/original_42_4.png,data/raw/cedar/signatures/full_org/original_42_6.png,1,genuine_genuine,42
2256,data/raw/cedar/signatures/full_org/original_42_6.png,data/raw/cedar/signatures/full_org/original_42_22.png,1,genuine_genuine,42
2257,data/raw/cedar/signatures/full_org/original_42_10.png,data/raw/cedar/signatures/full_org/original_42_20.png,1,genuine_genuine,42
2258,data/raw/cedar/signatures/full_org/original_42_3.png,data/raw/cedar/signatures/full_org/original_42_5.png,1,genuine_genuine,42
2259,data/raw/cedar/signatures/full_org/original_42_10.png,data/raw/cedar/signatures/full_org/original_42_16.png,1,genuine_genuine,42
2260,data/raw/cedar/signatures/full_org/original_42_3.png,data/raw/cedar/signatures/full_org/original_42_8.png,1,genuine_genuine,42
2261,data/raw/cedar/signatures/full_org/original_42_17.png,data/raw/cedar/signatures/full_org/original_42_18.png,1,genuine_genuine,42
2262,data/raw/cedar/signatures/full_org/original_42_19.png,data/raw/cedar/signatures/full_org/original_42_21.png,1,genuine_genuine,42
2263,data/raw/cedar/signatures/full_org/original_42_7.png,data/raw/cedar/signatures/full_org/original_42_10.png,1,genuine_genuine,42
2264,data/raw/cedar/signatures/full_org/original_42_13.png,data/raw/cedar/signatures/full_org/original_42_22.png,1,genuine_genuine,42
2265,data/raw/cedar/signatures/full_org/original_42_1.png,data/raw/cedar/signatures/full_org/original_42_9.png,1,genuine_genuine,42
2266,data/raw/cedar/signatures/full_org/original_42_16.png,data/raw/cedar/signatures/full_org/original_42_22.png,1,genuine_genuine,42
2267,data/raw/cedar/signatures/full_org/original_42_6.png,data/raw/cedar/signatures/full_org/original_42_8.png,1,genuine_genuine,42
2268,data/raw/cedar/signatures/full_org/original_42_4.png,data/raw/cedar/signatures/full_org/original_42_23.png,1,genuine_genuine,42
2269,data/raw/cedar/signatures/full_org/original_42_10.png,data/raw/cedar/signatures/full_org/original_42_17.png,1,genuine_genuine,42
2270,data/raw/cedar/signatures/full_org/original_42_5.png,data/raw/cedar/signatures/full_org/original_42_19.png,1,genuine_genuine,42
2271,data/raw/cedar/signatures/full_org/original_42_2.png,data/raw/cedar/signatures/full_org/original_42_10.png,1,genuine_genuine,42
2272,data/raw/cedar/signatures/full_org/original_42_5.png,data/raw/cedar/signatures/full_org/original_42_15.png,1,genuine_genuine,42
2273,data/raw/cedar/signatures/full_org/original_42_3.png,data/raw/cedar/signatures/full_org/original_42_14.png,1,genuine_genuine,42
2274,data/raw/cedar/signatures/full_org/original_42_1.png,data/raw/cedar/signatures/full_org/original_42_14.png,1,genuine_genuine,42
2275,data/raw/cedar/signatures/full_org/original_42_4.png,data/raw/cedar/signatures/full_org/original_42_11.png,1,genuine_genuine,42
2276,data/raw/cedar/signatures/full_org/original_42_2.png,data/raw/cedar/signatures/full_org/original_42_24.png,1,genuine_genuine,42
2277,data/raw/cedar/signatures/full_org/original_42_8.png,data/raw/cedar/signatures/full_org/original_42_11.png,1,genuine_genuine,42
2278,data/raw/cedar/signatures/full_org/original_42_10.png,data/raw/cedar/signatures/full_org/original_42_18.png,1,genuine_genuine,42
2279,data/raw/cedar/signatures/full_org/original_42_5.png,data/raw/cedar/signatures/full_org/original_42_13.png,1,genuine_genuine,42
2280,data/raw/cedar/signatures/full_org/original_42_11.png,data/raw/cedar/signatures/full_forg/forgeries_42_12.png,0,skilled_forgery,42
2281,data/raw/cedar/signatures/full_org/original_42_17.png,data/raw/cedar/signatures/full_forg/forgeries_42_22.png,0,skilled_forgery,42
2282,data/raw/cedar/signatures/full_org/original_42_6.png,data/raw/cedar/signatures/full_forg/forgeries_42_5.png,0,skilled_forgery,42
2283,data/raw/cedar/signatures/full_org/original_42_3.png,data/raw/cedar/signatures/full_forg/forgeries_42_19.png,0,skilled_forgery,42
2284,data/raw/cedar/signatures/full_org/original_42_12.png,data/raw/cedar/signatures/full_forg/forgeries_42_18.png,0,skilled_forgery,42
2285,data/raw/cedar/signatures/full_org/original_42_16.png,data/raw/cedar/signatures/full_forg/forgeries_42_21.png,0,skilled_forgery,42
2286,data/raw/cedar/signatures/full_org/original_42_22.png,data/raw/cedar/signatures/full_forg/forgeries_42_22.png,0,skilled_forgery,42
2287,data/raw/cedar/signatures/full_org/original_42_1.png,data/raw/cedar/signatures/full_forg/forgeries_42_7.png,0,skilled_forgery,42
2288,data/raw/cedar/signatures/full_org/original_42_11.png,data/raw/cedar/signatures/full_forg/forgeries_42_24.png,0,skilled_forgery,42
2289,data/raw/cedar/signatures/full_org/original_42_18.png,data/raw/cedar/signatures/full_forg/forgeries_42_21.png,0,skilled_forgery,42
2290,data/raw/cedar/signatures/full_org/original_42_22.png,data/raw/cedar/signatures/full_forg/forgeries_42_23.png,0,skilled_forgery,42
2291,data/raw/cedar/signatures/full_org/original_42_22.png,data/raw/cedar/signatures/full_forg/forgeries_42_15.png,0,skilled_forgery,42
2292,data/raw/cedar/signatures/full_org/original_42_18.png,data/raw/cedar/signatures/full_forg/forgeries_42_19.png,0,skilled_forgery,42
2293,data/raw/cedar/signatures/full_org/original_42_12.png,data/raw/cedar/signatures/full_forg/forgeries_42_6.png,0,skilled_forgery,42
2294,data/raw/cedar/signatures/full_org/original_42_5.png,data/raw/cedar/signatures/full_forg/forgeries_42_8.png,0,skilled_forgery,42
2295,data/raw/cedar/signatures/full_org/original_42_24.png,data/raw/cedar/signatures/full_forg/forgeries_42_15.png,0,skilled_forgery,42
2296,data/raw/cedar/signatures/full_org/original_42_5.png,data/raw/cedar/signatures/full_forg/forgeries_42_10.png,0,skilled_forgery,42
2297,data/raw/cedar/signatures/full_org/original_42_14.png,data/raw/cedar/signatures/full_forg/forgeries_42_8.png,0,skilled_forgery,42
2298,data/raw/cedar/signatures/full_org/original_42_6.png,data/raw/cedar/signatures/full_forg/forgeries_42_17.png,0,skilled_forgery,42
2299,data/raw/cedar/signatures/full_org/original_42_14.png,data/raw/cedar/signatures/full_forg/forgeries_42_22.png,0,skilled_forgery,42
2300,data/raw/cedar/signatures/full_org/original_42_10.png,data/raw/cedar/signatures/full_org/original_25_6.png,0,random_forgery,42
2301,data/raw/cedar/signatures/full_org/original_42_3.png,data/raw/cedar/signatures/full_org/original_50_13.png,0,random_forgery,42
2302,data/raw/cedar/signatures/full_org/original_42_9.png,data/raw/cedar/signatures/full_org/original_26_3.png,0,random_forgery,42
2303,data/raw/cedar/signatures/full_org/original_42_3.png,data/raw/cedar/signatures/full_org/original_39_2.png,0,random_forgery,42
2304,data/raw/cedar/signatures/full_org/original_42_20.png,data/raw/cedar/signatures/full_org/original_13_23.png,0,random_forgery,42
2305,data/raw/cedar/signatures/full_org/original_42_11.png,data/raw/cedar/signatures/full_org/original_45_21.png,0,random_forgery,42
2306,data/raw/cedar/signatures/full_org/original_42_11.png,data/raw/cedar/signatures/full_org/original_23_18.png,0,random_forgery,42
2307,data/raw/cedar/signatures/full_org/original_42_14.png,data/raw/cedar/signatures/full_org/original_30_9.png,0,random_forgery,42
2308,data/raw/cedar/signatures/full_org/original_42_12.png,data/raw/cedar/signatures/full_org/original_5_4.png,0,random_forgery,42
2309,data/raw/cedar/signatures/full_org/original_42_7.png,data/raw/cedar/signatures/full_org/original_5_22.png,0,random_forgery,42
2310,data/raw/cedar/signatures/full_org/original_42_18.png,data/raw/cedar/signatures/full_org/original_52_1.png,0,random_forgery,42
2311,data/raw/cedar/signatures/full_org/original_42_16.png,data/raw/cedar/signatures/full_org/original_17_7.png,0,random_forgery,42
2312,data/raw/cedar/signatures/full_org/original_42_9.png,data/raw/cedar/signatures/full_org/original_1_5.png,0,random_forgery,42
2313,data/raw/cedar/signatures/full_org/original_42_14.png,data/raw/cedar/signatures/full_org/original_47_7.png,0,random_forgery,42
2314,data/raw/cedar/signatures/full_org/original_42_5.png,data/raw/cedar/signatures/full_org/original_40_17.png,0,random_forgery,42
2315,data/raw/cedar/signatures/full_org/original_42_9.png,data/raw/cedar/signatures/full_org/original_13_21.png,0,random_forgery,42
2316,data/raw/cedar/signatures/full_org/original_42_22.png,data/raw/cedar/signatures/full_org/original_26_9.png,0,random_forgery,42
2317,data/raw/cedar/signatures/full_org/original_42_4.png,data/raw/cedar/signatures/full_org/original_45_17.png,0,random_forgery,42
2318,data/raw/cedar/signatures/full_org/original_42_8.png,data/raw/cedar/signatures/full_org/original_54_19.png,0,random_forgery,42
2319,data/raw/cedar/signatures/full_org/original_42_7.png,data/raw/cedar/signatures/full_org/original_31_1.png,0,random_forgery,42
2320,data/raw/cedar/signatures/full_org/original_43_12.png,data/raw/cedar/signatures/full_org/original_43_24.png,1,genuine_genuine,43
2321,data/raw/cedar/signatures/full_org/original_43_1.png,data/raw/cedar/signatures/full_org/original_43_13.png,1,genuine_genuine,43
2322,data/raw/cedar/signatures/full_org/original_43_1.png,data/raw/cedar/signatures/full_org/original_43_11.png,1,genuine_genuine,43
2323,data/raw/cedar/signatures/full_org/original_43_7.png,data/raw/cedar/signatures/full_org/original_43_20.png,1,genuine_genuine,43
2324,data/raw/cedar/signatures/full_org/original_43_11.png,data/raw/cedar/signatures/full_org/original_43_19.png,1,genuine_genuine,43
2325,data/raw/cedar/signatures/full_org/original_43_19.png,data/raw/cedar/signatures/full_org/original_43_21.png,1,genuine_genuine,43
2326,data/raw/cedar/signatures/full_org/original_43_15.png,data/raw/cedar/signatures/full_org/original_43_16.png,1,genuine_genuine,43
2327,data/raw/cedar/signatures/full_org/original_43_16.png,data/raw/cedar/signatures/full_org/original_43_19.png,1,genuine_genuine,43
2328,data/raw/cedar/signatures/full_org/original_43_4.png,data/raw/cedar/signatures/full_org/original_43_14.png,1,genuine_genuine,43
2329,data/raw/cedar/signatures/full_org/original_43_6.png,data/raw/cedar/signatures/full_org/original_43_12.png,1,genuine_genuine,43
2330,data/raw/cedar/signatures/full_org/original_43_5.png,data/raw/cedar/signatures/full_org/original_43_14.png,1,genuine_genuine,43
2331,data/raw/cedar/signatures/full_org/original_43_9.png,data/raw/cedar/signatures/full_org/original_43_11.png,1,genuine_genuine,43
2332,data/raw/cedar/signatures/full_org/original_43_2.png,data/raw/cedar/signatures/full_org/original_43_15.png,1,genuine_genuine,43
2333,data/raw/cedar/signatures/full_org/original_43_6.png,data/raw/cedar/signatures/full_org/original_43_19.png,1,genuine_genuine,43
2334,data/raw/cedar/signatures/full_org/original_43_4.png,data/raw/cedar/signatures/full_org/original_43_23.png,1,genuine_genuine,43
2335,data/raw/cedar/signatures/full_org/original_43_16.png,data/raw/cedar/signatures/full_org/original_43_21.png,1,genuine_genuine,43
2336,data/raw/cedar/signatures/full_org/original_43_2.png,data/raw/cedar/signatures/full_org/original_43_6.png,1,genuine_genuine,43
2337,data/raw/cedar/signatures/full_org/original_43_6.png,data/raw/cedar/signatures/full_org/original_43_14.png,1,genuine_genuine,43
2338,data/raw/cedar/signatures/full_org/original_43_6.png,data/raw/cedar/signatures/full_org/original_43_7.png,1,genuine_genuine,43
2339,data/raw/cedar/signatures/full_org/original_43_9.png,data/raw/cedar/signatures/full_org/original_43_14.png,1,genuine_genuine,43
2340,data/raw/cedar/signatures/full_org/original_43_7.png,data/raw/cedar/signatures/full_org/original_43_22.png,1,genuine_genuine,43
2341,data/raw/cedar/signatures/full_org/original_43_13.png,data/raw/cedar/signatures/full_org/original_43_19.png,1,genuine_genuine,43
2342,data/raw/cedar/signatures/full_org/original_43_21.png,data/raw/cedar/signatures/full_org/original_43_24.png,1,genuine_genuine,43
2343,data/raw/cedar/signatures/full_org/original_43_5.png,data/raw/cedar/signatures/full_org/original_43_7.png,1,genuine_genuine,43
2344,data/raw/cedar/signatures/full_org/original_43_4.png,data/raw/cedar/signatures/full_org/original_43_19.png,1,genuine_genuine,43
2345,data/raw/cedar/signatures/full_org/original_43_8.png,data/raw/cedar/signatures/full_org/original_43_16.png,1,genuine_genuine,43
2346,data/raw/cedar/signatures/full_org/original_43_7.png,data/raw/cedar/signatures/full_org/original_43_12.png,1,genuine_genuine,43
2347,data/raw/cedar/signatures/full_org/original_43_7.png,data/raw/cedar/signatures/full_org/original_43_17.png,1,genuine_genuine,43
2348,data/raw/cedar/signatures/full_org/original_43_3.png,data/raw/cedar/signatures/full_org/original_43_17.png,1,genuine_genuine,43
2349,data/raw/cedar/signatures/full_org/original_43_14.png,data/raw/cedar/signatures/full_org/original_43_17.png,1,genuine_genuine,43
2350,data/raw/cedar/signatures/full_org/original_43_1.png,data/raw/cedar/signatures/full_org/original_43_22.png,1,genuine_genuine,43
2351,data/raw/cedar/signatures/full_org/original_43_4.png,data/raw/cedar/signatures/full_org/original_43_20.png,1,genuine_genuine,43
2352,data/raw/cedar/signatures/full_org/original_43_14.png,data/raw/cedar/signatures/full_org/original_43_20.png,1,genuine_genuine,43
2353,data/raw/cedar/signatures/full_org/original_43_10.png,data/raw/cedar/signatures/full_org/original_43_22.png,1,genuine_genuine,43
2354,data/raw/cedar/signatures/full_org/original_43_2.png,data/raw/cedar/signatures/full_org/original_43_24.png,1,genuine_genuine,43
2355,data/raw/cedar/signatures/full_org/original_43_5.png,data/raw/cedar/signatures/full_org/original_43_22.png,1,genuine_genuine,43
2356,data/raw/cedar/signatures/full_org/original_43_12.png,data/raw/cedar/signatures/full_org/original_43_23.png,1,genuine_genuine,43
2357,data/raw/cedar/signatures/full_org/original_43_11.png,data/raw/cedar/signatures/full_org/original_43_16.png,1,genuine_genuine,43
2358,data/raw/cedar/signatures/full_org/original_43_12.png,data/raw/cedar/signatures/full_org/original_43_14.png,1,genuine_genuine,43
2359,data/raw/cedar/signatures/full_org/original_43_12.png,data/raw/cedar/signatures/full_org/original_43_19.png,1,genuine_genuine,43
2360,data/raw/cedar/signatures/full_org/original_43_1.png,data/raw/cedar/signatures/full_forg/forgeries_43_4.png,0,skilled_forgery,43
2361,data/raw/cedar/signatures/full_org/original_43_21.png,data/raw/cedar/signatures/full_forg/forgeries_43_1.png,0,skilled_forgery,43
2362,data/raw/cedar/signatures/full_org/original_43_14.png,data/raw/cedar/signatures/full_forg/forgeries_43_23.png,0,skilled_forgery,43
2363,data/raw/cedar/signatures/full_org/original_43_2.png,data/raw/cedar/signatures/full_forg/forgeries_43_5.png,0,skilled_forgery,43
2364,data/raw/cedar/signatures/full_org/original_43_10.png,data/raw/cedar/signatures/full_forg/forgeries_43_16.png,0,skilled_forgery,43
2365,data/raw/cedar/signatures/full_org/original_43_14.png,data/raw/cedar/signatures/full_forg/forgeries_43_11.png,0,skilled_forgery,43
2366,data/raw/cedar/signatures/full_org/original_43_6.png,data/raw/cedar/signatures/full_forg/forgeries_43_5.png,0,skilled_forgery,43
2367,data/raw/cedar/signatures/full_org/original_43_3.png,data/raw/cedar/signatures/full_forg/forgeries_43_11.png,0,skilled_forgery,43
2368,data/raw/cedar/signatures/full_org/original_43_8.png,data/raw/cedar/signatures/full_forg/forgeries_43_6.png,0,skilled_forgery,43
2369,data/raw/cedar/signatures/full_org/original_43_8.png,data/raw/cedar/signatures/full_forg/forgeries_43_11.png,0,skilled_forgery,43
2370,data/raw/cedar/signatures/full_org/original_43_9.png,data/raw/cedar/signatures/full_forg/forgeries_43_18.png,0,skilled_forgery,43
2371,data/raw/cedar/signatures/full_org/original_43_24.png,data/raw/cedar/signatures/full_forg/forgeries_43_2.png,0,skilled_forgery,43
2372,data/raw/cedar/signatures/full_org/original_43_19.png,data/raw/cedar/signatures/full_forg/forgeries_43_22.png,0,skilled_forgery,43
2373,data/raw/cedar/signatures/full_org/original_43_4.png,data/raw/cedar/signatures/full_forg/forgeries_43_21.png,0,skilled_forgery,43
2374,data/raw/cedar/signatures/full_org/original_43_14.png,data/raw/cedar/signatures/full_forg/forgeries_43_24.png,0,skilled_forgery,43
2375,data/raw/cedar/signatures/full_org/original_43_4.png,data/raw/cedar/signatures/full_forg/forgeries_43_23.png,0,skilled_forgery,43
2376,data/raw/cedar/signatures/full_org/original_43_19.png,data/raw/cedar/signatures/full_forg/forgeries_43_5.png,0,skilled_forgery,43
2377,data/raw/cedar/signatures/full_org/original_43_4.png,data/raw/cedar/signatures/full_forg/forgeries_43_19.png,0,skilled_forgery,43
2378,data/raw/cedar/signatures/full_org/original_43_21.png,data/raw/cedar/signatures/full_forg/forgeries_43_24.png,0,skilled_forgery,43
2379,data/raw/cedar/signatures/full_org/original_43_3.png,data/raw/cedar/signatures/full_forg/forgeries_43_16.png,0,skilled_forgery,43
2380,data/raw/cedar/signatures/full_org/original_43_3.png,data/raw/cedar/signatures/full_org/original_27_24.png,0,random_forgery,43
2381,data/raw/cedar/signatures/full_org/original_43_8.png,data/raw/cedar/signatures/full_org/original_21_1.png,0,random_forgery,43
2382,data/raw/cedar/signatures/full_org/original_43_23.png,data/raw/cedar/signatures/full_org/original_14_13.png,0,random_forgery,43
2383,data/raw/cedar/signatures/full_org/original_43_10.png,data/raw/cedar/signatures/full_org/original_10_20.png,0,random_forgery,43
2384,data/raw/cedar/signatures/full_org/original_43_14.png,data/raw/cedar/signatures/full_org/original_50_1.png,0,random_forgery,43
2385,data/raw/cedar/signatures/full_org/original_43_16.png,data/raw/cedar/signatures/full_org/original_25_5.png,0,random_forgery,43
2386,data/raw/cedar/signatures/full_org/original_43_23.png,data/raw/cedar/signatures/full_org/original_13_24.png,0,random_forgery,43
2387,data/raw/cedar/signatures/full_org/original_43_13.png,data/raw/cedar/signatures/full_org/original_49_2.png,0,random_forgery,43
2388,data/raw/cedar/signatures/full_org/original_43_7.png,data/raw/cedar/signatures/full_org/original_10_6.png,0,random_forgery,43
2389,data/raw/cedar/signatures/full_org/original_43_23.png,data/raw/cedar/signatures/full_org/original_10_7.png,0,random_forgery,43
2390,data/raw/cedar/signatures/full_org/original_43_20.png,data/raw/cedar/signatures/full_org/original_13_15.png,0,random_forgery,43
2391,data/raw/cedar/signatures/full_org/original_43_19.png,data/raw/cedar/signatures/full_org/original_52_20.png,0,random_forgery,43
2392,data/raw/cedar/signatures/full_org/original_43_2.png,data/raw/cedar/signatures/full_org/original_55_3.png,0,random_forgery,43
2393,data/raw/cedar/signatures/full_org/original_43_9.png,data/raw/cedar/signatures/full_org/original_12_2.png,0,random_forgery,43
2394,data/raw/cedar/signatures/full_org/original_43_7.png,data/raw/cedar/signatures/full_org/original_1_10.png,0,random_forgery,43
2395,data/raw/cedar/signatures/full_org/original_43_4.png,data/raw/cedar/signatures/full_org/original_46_8.png,0,random_forgery,43
2396,data/raw/cedar/signatures/full_org/original_43_23.png,data/raw/cedar/signatures/full_org/original_13_16.png,0,random_forgery,43
2397,data/raw/cedar/signatures/full_org/original_43_19.png,data/raw/cedar/signatures/full_org/original_13_15.png,0,random_forgery,43
2398,data/raw/cedar/signatures/full_org/original_43_14.png,data/raw/cedar/signatures/full_org/original_52_2.png,0,random_forgery,43
2399,data/raw/cedar/signatures/full_org/original_43_21.png,data/raw/cedar/signatures/full_org/original_13_13.png,0,random_forgery,43
2400,data/raw/cedar/signatures/full_org/original_45_6.png,data/raw/cedar/signatures/full_org/original_45_17.png,1,genuine_genuine,45
2401,data/raw/cedar/signatures/full_org/original_45_17.png,data/raw/cedar/signatures/full_org/original_45_18.png,1,genuine_genuine,45
2402,data/raw/cedar/signatures/full_org/original_45_10.png,data/raw/cedar/signatures/full_org/original_45_20.png,1,genuine_genuine,45
2403,data/raw/cedar/signatures/full_org/original_45_4.png,data/raw/cedar/signatures/full_org/original_45_24.png,1,genuine_genuine,45
2404,data/raw/cedar/signatures/full_org/original_45_3.png,data/raw/cedar/signatures/full_org/original_45_16.png,1,genuine_genuine,45
2405,data/raw/cedar/signatures/full_org/original_45_3.png,data/raw/cedar/signatures/full_org/original_45_18.png,1,genuine_genuine,45
2406,data/raw/cedar/signatures/full_org/original_45_19.png,data/raw/cedar/signatures/full_org/original_45_21.png,1,genuine_genuine,45
2407,data/raw/cedar/signatures/full_org/original_45_12.png,data/raw/cedar/signatures/full_org/original_45_15.png,1,genuine_genuine,45
2408,data/raw/cedar/signatures/full_org/original_45_12.png,data/raw/cedar/signatures/full_org/original_45_22.png,1,genuine_genuine,45
2409,data/raw/cedar/signatures/full_org/original_45_12.png,data/raw/cedar/signatures/full_org/original_45_23.png,1,genuine_genuine,45
2410,data/raw/cedar/signatures/full_org/original_45_22.png,data/raw/cedar/signatures/full_org/original_45_23.png,1,genuine_genuine,45
2411,data/raw/cedar/signatures/full_org/original_45_4.png,data/raw/cedar/signatures/full_org/original_45_6.png,1,genuine_genuine,45
2412,data/raw/cedar/signatures/full_org/original_45_9.png,data/raw/cedar/signatures/full_org/original_45_19.png,1,genuine_genuine,45
2413,data/raw/cedar/signatures/full_org/original_45_9.png,data/raw/cedar/signatures/full_org/original_45_15.png,1,genuine_genuine,45
2414,data/raw/cedar/signatures/full_org/original_45_18.png,data/raw/cedar/signatures/full_org/original_45_20.png,1,genuine_genuine,45
2415,data/raw/cedar/signatures/full_org/original_45_7.png,data/raw/cedar/signatures/full_org/original_45_23.png,1,genuine_genuine,45
2416,data/raw/cedar/signatures/full_org/original_45_2.png,data/raw/cedar/signatures/full_org/original_45_5.png,1,genuine_genuine,45
2417,data/raw/cedar/signatures/full_org/original_45_12.png,data/raw/cedar/signatures/full_org/original_45_24.png,1,genuine_genuine,45
2418,data/raw/cedar/signatures/full_org/original_45_2.png,data/raw/cedar/signatures/full_org/original_45_24.png,1,genuine_genuine,45
2419,data/raw/cedar/signatures/full_org/original_45_20.png,data/raw/cedar/signatures/full_org/original_45_24.png,1,genuine_genuine,45
2420,data/raw/cedar/signatures/full_org/original_45_3.png,data/raw/cedar/signatures/full_org/original_45_4.png,1,genuine_genuine,45
2421,data/raw/cedar/signatures/full_org/original_45_9.png,data/raw/cedar/signatures/full_org/original_45_12.png,1,genuine_genuine,45
2422,data/raw/cedar/signatures/full_org/original_45_13.png,data/raw/cedar/signatures/full_org/original_45_16.png,1,genuine_genuine,45
2423,data/raw/cedar/signatures/full_org/original_45_10.png,data/raw/cedar/signatures/full_org/original_45_24.png,1,genuine_genuine,45
2424,data/raw/cedar/signatures/full_org/original_45_3.png,data/raw/cedar/signatures/full_org/original_45_11.png,1,genuine_genuine,45
2425,data/raw/cedar/signatures/full_org/original_45_21.png,data/raw/cedar/signatures/full_org/original_45_23.png,1,genuine_genuine,45
2426,data/raw/cedar/signatures/full_org/original_45_14.png,data/raw/cedar/signatures/full_org/original_45_20.png,1,genuine_genuine,45
2427,data/raw/cedar/signatures/full_org/original_45_5.png,data/raw/cedar/signatures/full_org/original_45_23.png,1,genuine_genuine,45
2428,data/raw/cedar/signatures/full_org/original_45_4.png,data/raw/cedar/signatures/full_org/original_45_13.png,1,genuine_genuine,45
2429,data/raw/cedar/signatures/full_org/original_45_10.png,data/raw/cedar/signatures/full_org/original_45_18.png,1,genuine_genuine,45
2430,data/raw/cedar/signatures/full_org/original_45_5.png,data/raw/cedar/signatures/full_org/original_45_16.png,1,genuine_genuine,45
2431,data/raw/cedar/signatures/full_org/original_45_4.png,data/raw/cedar/signatures/full_org/original_45_19.png,1,genuine_genuine,45
2432,data/raw/cedar/signatures/full_org/original_45_9.png,data/raw/cedar/signatures/full_org/original_45_14.png,1,genuine_genuine,45
2433,data/raw/cedar/signatures/full_org/original_45_2.png,data/raw/cedar/signatures/full_org/original_45_4.png,1,genuine_genuine,45
2434,data/raw/cedar/signatures/full_org/original_45_5.png,data/raw/cedar/signatures/full_org/original_45_12.png,1,genuine_genuine,45
2435,data/raw/cedar/signatures/full_org/original_45_13.png,data/raw/cedar/signatures/full_org/original_45_19.png,1,genuine_genuine,45
2436,data/raw/cedar/signatures/full_org/original_45_4.png,data/raw/cedar/signatures/full_org/original_45_20.png,1,genuine_genuine,45
2437,data/raw/cedar/signatures/full_org/original_45_3.png,data/raw/cedar/signatures/full_org/original_45_15.png,1,genuine_genuine,45
2438,data/raw/cedar/signatures/full_org/original_45_12.png,data/raw/cedar/signatures/full_org/original_45_18.png,1,genuine_genuine,45
2439,data/raw/cedar/signatures/full_org/original_45_2.png,data/raw/cedar/signatures/full_org/original_45_12.png,1,genuine_genuine,45
2440,data/raw/cedar/signatures/full_org/original_45_16.png,data/raw/cedar/signatures/full_forg/forgeries_45_9.png,0,skilled_forgery,45
2441,data/raw/cedar/signatures/full_org/original_45_21.png,data/raw/cedar/signatures/full_forg/forgeries_45_2.png,0,skilled_forgery,45
2442,data/raw/cedar/signatures/full_org/original_45_22.png,data/raw/cedar/signatures/full_forg/forgeries_45_6.png,0,skilled_forgery,45
2443,data/raw/cedar/signatures/full_org/original_45_2.png,data/raw/cedar/signatures/full_forg/forgeries_45_4.png,0,skilled_forgery,45
2444,data/raw/cedar/signatures/full_org/original_45_11.png,data/raw/cedar/signatures/full_forg/forgeries_45_6.png,0,skilled_forgery,45
2445,data/raw/cedar/signatures/full_org/original_45_17.png,data/raw/cedar/signatures/full_forg/forgeries_45_23.png,0,skilled_forgery,45
2446,data/raw/cedar/signatures/full_org/original_45_24.png,data/raw/cedar/signatures/full_forg/forgeries_45_6.png,0,skilled_forgery,45
2447,data/raw/cedar/signatures/full_org/original_45_16.png,data/raw/cedar/signatures/full_forg/forgeries_45_20.png,0,skilled_forgery,45
2448,data/raw/cedar/signatures/full_org/original_45_11.png,data/raw/cedar/signatures/full_forg/forgeries_45_20.png,0,skilled_forgery,45
2449,data/raw/cedar/signatures/full_org/original_45_22.png,data/raw/cedar/signatures/full_forg/forgeries_45_2.png,0,skilled_forgery,45
2450,data/raw/cedar/signatures/full_org/original_45_12.png,data/raw/cedar/signatures/full_forg/forgeries_45_23.png,0,skilled_forgery,45
2451,data/raw/cedar/signatures/full_org/original_45_21.png,data/raw/cedar/signatures/full_forg/forgeries_45_15.png,0,skilled_forgery,45
2452,data/raw/cedar/signatures/full_org/original_45_20.png,data/raw/cedar/signatures/full_forg/forgeries_45_5.png,0,skilled_forgery,45
2453,data/raw/cedar/signatures/full_org/original_45_16.png,data/raw/cedar/signatures/full_forg/forgeries_45_22.png,0,skilled_forgery,45
2454,data/raw/cedar/signatures/full_org/original_45_15.png,data/raw/cedar/signatures/full_forg/forgeries_45_7.png,0,skilled_forgery,45
2455,data/raw/cedar/signatures/full_org/original_45_15.png,data/raw/cedar/signatures/full_forg/forgeries_45_4.png,0,skilled_forgery,45
2456,data/raw/cedar/signatures/full_org/original_45_16.png,data/raw/cedar/signatures/full_forg/forgeries_45_12.png,0,skilled_forgery,45
2457,data/raw/cedar/signatures/full_org/original_45_19.png,data/raw/cedar/signatures/full_forg/forgeries_45_15.png,0,skilled_forgery,45
2458,data/raw/cedar/signatures/full_org/original_45_20.png,data/raw/cedar/signatures/full_forg/forgeries_45_18.png,0,skilled_forgery,45
2459,data/raw/cedar/signatures/full_org/original_45_2.png,data/raw/cedar/signatures/full_forg/forgeries_45_5.png,0,skilled_forgery,45
2460,data/raw/cedar/signatures/full_org/original_45_17.png,data/raw/cedar/signatures/full_org/original_50_7.png,0,random_forgery,45
2461,data/raw/cedar/signatures/full_org/original_45_6.png,data/raw/cedar/signatures/full_org/original_51_11.png,0,random_forgery,45
2462,data/raw/cedar/signatures/full_org/original_45_23.png,data/raw/cedar/signatures/full_org/original_40_16.png,0,random_forgery,45
2463,data/raw/cedar/signatures/full_org/original_45_13.png,data/raw/cedar/signatures/full_org/original_17_6.png,0,random_forgery,45
2464,data/raw/cedar/signatures/full_org/original_45_24.png,data/raw/cedar/signatures/full_org/original_4_17.png,0,random_forgery,45
2465,data/raw/cedar/signatures/full_org/original_45_13.png,data/raw/cedar/signatures/full_org/original_27_16.png,0,random_forgery,45
2466,data/raw/cedar/signatures/full_org/original_45_22.png,data/raw/cedar/signatures/full_org/original_17_19.png,0,random_forgery,45
2467,data/raw/cedar/signatures/full_org/original_45_12.png,data/raw/cedar/signatures/full_org/original_20_10.png,0,random_forgery,45
2468,data/raw/cedar/signatures/full_org/original_45_21.png,data/raw/cedar/signatures/full_org/original_23_11.png,0,random_forgery,45
2469,data/raw/cedar/signatures/full_org/original_45_3.png,data/raw/cedar/signatures/full_org/original_34_19.png,0,random_forgery,45
2470,data/raw/cedar/signatures/full_org/original_45_6.png,data/raw/cedar/signatures/full_org/original_37_18.png,0,random_forgery,45
2471,data/raw/cedar/signatures/full_org/original_45_6.png,data/raw/cedar/signatures/full_org/original_20_6.png,0,random_forgery,45
2472,data/raw/cedar/signatures/full_org/original_45_1.png,data/raw/cedar/signatures/full_org/original_33_4.png,0,random_forgery,45
2473,data/raw/cedar/signatures/full_org/original_45_6.png,data/raw/cedar/signatures/full_org/original_51_12.png,0,random_forgery,45
2474,data/raw/cedar/signatures/full_org/original_45_6.png,data/raw/cedar/signatures/full_org/original_37_10.png,0,random_forgery,45
2475,data/raw/cedar/signatures/full_org/original_45_6.png,data/raw/cedar/signatures/full_org/original_42_18.png,0,random_forgery,45
2476,data/raw/cedar/signatures/full_org/original_45_7.png,data/raw/cedar/signatures/full_org/original_39_19.png,0,random_forgery,45
2477,data/raw/cedar/signatures/full_org/original_45_6.png,data/raw/cedar/signatures/full_org/original_26_21.png,0,random_forgery,45
2478,data/raw/cedar/signatures/full_org/original_45_3.png,data/raw/cedar/signatures/full_org/original_1_6.png,0,random_forgery,45
2479,data/raw/cedar/signatures/full_org/original_45_8.png,data/raw/cedar/signatures/full_org/original_20_9.png,0,random_forgery,45
2480,data/raw/cedar/signatures/full_org/original_46_5.png,data/raw/cedar/signatures/full_org/original_46_15.png,1,genuine_genuine,46
2481,data/raw/cedar/signatures/full_org/original_46_8.png,data/raw/cedar/signatures/full_org/original_46_13.png,1,genuine_genuine,46
2482,data/raw/cedar/signatures/full_org/original_46_9.png,data/raw/cedar/signatures/full_org/original_46_14.png,1,genuine_genuine,46
2483,data/raw/cedar/signatures/full_org/original_46_4.png,data/raw/cedar/signatures/full_org/original_46_19.png,1,genuine_genuine,46
2484,data/raw/cedar/signatures/full_org/original_46_11.png,data/raw/cedar/signatures/full_org/original_46_24.png,1,genuine_genuine,46
2485,data/raw/cedar/signatures/full_org/original_46_8.png,data/raw/cedar/signatures/full_org/original_46_21.png,1,genuine_genuine,46
2486,data/raw/cedar/signatures/full_org/original_46_7.png,data/raw/cedar/signatures/full_org/original_46_16.png,1,genuine_genuine,46
2487,data/raw/cedar/signatures/full_org/original_46_8.png,data/raw/cedar/signatures/full_org/original_46_17.png,1,genuine_genuine,46
2488,data/raw/cedar/signatures/full_org/original_46_11.png,data/raw/cedar/signatures/full_org/original_46_17.png,1,genuine_genuine,46
2489,data/raw/cedar/signatures/full_org/original_46_10.png,data/raw/cedar/signatures/full_org/original_46_11.png,1,genuine_genuine,46
2490,data/raw/cedar/signatures/full_org/original_46_14.png,data/raw/cedar/signatures/full_org/original_46_23.png,1,genuine_genuine,46
2491,data/raw/cedar/signatures/full_org/original_46_4.png,data/raw/cedar/signatures/full_org/original_46_14.png,1,genuine_genuine,46
2492,data/raw/cedar/signatures/full_org/original_46_17.png,data/raw/cedar/signatures/full_org/original_46_20.png,1,genuine_genuine,46
2493,data/raw/cedar/signatures/full_org/original_46_17.png,data/raw/cedar/signatures/full_org/original_46_19.png,1,genuine_genuine,46
2494,data/raw/cedar/signatures/full_org/original_46_1.png,data/raw/cedar/signatures/full_org/original_46_15.png,1,genuine_genuine,46
2495,data/raw/cedar/signatures/full_org/original_46_5.png,data/raw/cedar/signatures/full_org/original_46_11.png,1,genuine_genuine,46
2496,data/raw/cedar/signatures/full_org/original_46_15.png,data/raw/cedar/signatures/full_org/original_46_21.png,1,genuine_genuine,46
2497,data/raw/cedar/signatures/full_org/original_46_1.png,data/raw/cedar/signatures/full_org/original_46_20.png,1,genuine_genuine,46
2498,data/raw/cedar/signatures/full_org/original_46_16.png,data/raw/cedar/signatures/full_org/original_46_20.png,1,genuine_genuine,46
2499,data/raw/cedar/signatures/full_org/original_46_11.png,data/raw/cedar/signatures/full_org/original_46_23.png,1,genuine_genuine,46
2500,data/raw/cedar/signatures/full_org/original_46_3.png,data/raw/cedar/signatures/full_org/original_46_20.png,1,genuine_genuine,46
2501,data/raw/cedar/signatures/full_org/original_46_21.png,data/raw/cedar/signatures/full_org/original_46_23.png,1,genuine_genuine,46
2502,data/raw/cedar/signatures/full_org/original_46_13.png,data/raw/cedar/signatures/full_org/original_46_15.png,1,genuine_genuine,46
2503,data/raw/cedar/signatures/full_org/original_46_11.png,data/raw/cedar/signatures/full_org/original_46_20.png,1,genuine_genuine,46
2504,data/raw/cedar/signatures/full_org/original_46_14.png,data/raw/cedar/signatures/full_org/original_46_17.png,1,genuine_genuine,46
2505,data/raw/cedar/signatures/full_org/original_46_6.png,data/raw/cedar/signatures/full_org/original_46_12.png,1,genuine_genuine,46
2506,data/raw/cedar/signatures/full_org/original_46_11.png,data/raw/cedar/signatures/full_org/original_46_12.png,1,genuine_genuine,46
2507,data/raw/cedar/signatures/full_org/original_46_1.png,data/raw/cedar/signatures/full_org/original_46_9.png,1,genuine_genuine,46
2508,data/raw/cedar/signatures/full_org/original_46_12.png,data/raw/cedar/signatures/full_org/original_46_20.png,1,genuine_genuine,46
2509,data/raw/cedar/signatures/full_org/original_46_5.png,data/raw/cedar/signatures/full_org/original_46_16.png,1,genuine_genuine,46
2510,data/raw/cedar/signatures/full_org/original_46_6.png,data/raw/cedar/signatures/full_org/original_46_16.png,1,genuine_genuine,46
2511,data/raw/cedar/signatures/full_org/original_46_18.png,data/raw/cedar/signatures/full_org/original_46_23.png,1,genuine_genuine,46
2512,data/raw/cedar/signatures/full_org/original_46_2.png,data/raw/cedar/signatures/full_org/original_46_11.png,1,genuine_genuine,46
2513,data/raw/cedar/signatures/full_org/original_46_16.png,data/raw/cedar/signatures/full_org/original_46_21.png,1,genuine_genuine,46
2514,data/raw/cedar/signatures/full_org/original_46_9.png,data/raw/cedar/signatures/full_org/original_46_21.png,1,genuine_genuine,46
2515,data/raw/cedar/signatures/full_org/original_46_2.png,data/raw/cedar/signatures/full_org/original_46_7.png,1,genuine_genuine,46
2516,data/raw/cedar/signatures/full_org/original_46_1.png,data/raw/cedar/signatures/full_org/original_46_18.png,1,genuine_genuine,46
2517,data/raw/cedar/signatures/full_org/original_46_17.png,data/raw/cedar/signatures/full_org/original_46_18.png,1,genuine_genuine,46
2518,data/raw/cedar/signatures/full_org/original_46_4.png,data/raw/cedar/signatures/full_org/original_46_6.png,1,genuine_genuine,46
2519,data/raw/cedar/signatures/full_org/original_46_3.png,data/raw/cedar/signatures/full_org/original_46_19.png,1,genuine_genuine,46
2520,data/raw/cedar/signatures/full_org/original_46_21.png,data/raw/cedar/signatures/full_forg/forgeries_46_14.png,0,skilled_forgery,46
2521,data/raw/cedar/signatures/full_org/original_46_12.png,data/raw/cedar/signatures/full_forg/forgeries_46_5.png,0,skilled_forgery,46
2522,data/raw/cedar/signatures/full_org/original_46_13.png,data/raw/cedar/signatures/full_forg/forgeries_46_14.png,0,skilled_forgery,46
2523,data/raw/cedar/signatures/full_org/original_46_9.png,data/raw/cedar/signatures/full_forg/forgeries_46_4.png,0,skilled_forgery,46
2524,data/raw/cedar/signatures/full_org/original_46_24.png,data/raw/cedar/signatures/full_forg/forgeries_46_20.png,0,skilled_forgery,46
2525,data/raw/cedar/signatures/full_org/original_46_3.png,data/raw/cedar/signatures/full_forg/forgeries_46_7.png,0,skilled_forgery,46
2526,data/raw/cedar/signatures/full_org/original_46_10.png,data/raw/cedar/signatures/full_forg/forgeries_46_7.png,0,skilled_forgery,46
2527,data/raw/cedar/signatures/full_org/original_46_10.png,data/raw/cedar/signatures/full_forg/forgeries_46_5.png,0,skilled_forgery,46
2528,data/raw/cedar/signatures/full_org/original_46_21.png,data/raw/cedar/signatures/full_forg/forgeries_46_4.png,0,skilled_forgery,46
2529,data/raw/cedar/signatures/full_org/original_46_17.png,data/raw/cedar/signatures/full_forg/forgeries_46_21.png,0,skilled_forgery,46
2530,data/raw/cedar/signatures/full_org/original_46_12.png,data/raw/cedar/signatures/full_forg/forgeries_46_9.png,0,skilled_forgery,46
2531,data/raw/cedar/signatures/full_org/original_46_11.png,data/raw/cedar/signatures/full_forg/forgeries_46_6.png,0,skilled_forgery,46
2532,data/raw/cedar/signatures/full_org/original_46_2.png,data/raw/cedar/signatures/full_forg/forgeries_46_20.png,0,skilled_forgery,46
2533,data/raw/cedar/signatures/full_org/original_46_4.png,data/raw/cedar/signatures/full_forg/forgeries_46_17.png,0,skilled_forgery,46
2534,data/raw/cedar/signatures/full_org/original_46_2.png,data/raw/cedar/signatures/full_forg/forgeries_46_5.png,0,skilled_forgery,46
2535,data/raw/cedar/signatures/full_org/original_46_7.png,data/raw/cedar/signatures/full_forg/forgeries_46_4.png,0,skilled_forgery,46
2536,data/raw/cedar/signatures/full_org/original_46_12.png,data/raw/cedar/signatures/full_forg/forgeries_46_3.png,0,skilled_forgery,46
2537,data/raw/cedar/signatures/full_org/original_46_9.png,data/raw/cedar/signatures/full_forg/forgeries_46_10.png,0,skilled_forgery,46
2538,data/raw/cedar/signatures/full_org/original_46_21.png,data/raw/cedar/signatures/full_forg/forgeries_46_23.png,0,skilled_forgery,46
2539,data/raw/cedar/signatures/full_org/original_46_8.png,data/raw/cedar/signatures/full_forg/forgeries_46_18.png,0,skilled_forgery,46
2540,data/raw/cedar/signatures/full_org/original_46_11.png,data/raw/cedar/signatures/full_org/original_24_8.png,0,random_forgery,46
2541,data/raw/cedar/signatures/full_org/original_46_19.png,data/raw/cedar/signatures/full_org/original_4_16.png,0,random_forgery,46
2542,data/raw/cedar/signatures/full_org/original_46_14.png,data/raw/cedar/signatures/full_org/original_40_20.png,0,random_forgery,46
2543,data/raw/cedar/signatures/full_org/original_46_20.png,data/raw/cedar/signatures/full_org/original_13_9.png,0,random_forgery,46
2544,data/raw/cedar/signatures/full_org/original_46_20.png,data/raw/cedar/signatures/full_org/original_52_13.png,0,random_forgery,46
2545,data/raw/cedar/signatures/full_org/original_46_19.png,data/raw/cedar/signatures/full_org/original_17_18.png,0,random_forgery,46
2546,data/raw/cedar/signatures/full_org/original_46_21.png,data/raw/cedar/signatures/full_org/original_5_12.png,0,random_forgery,46
2547,data/raw/cedar/signatures/full_org/original_46_18.png,data/raw/cedar/signatures/full_org/original_37_5.png,0,random_forgery,46
2548,data/raw/cedar/signatures/full_org/original_46_3.png,data/raw/cedar/signatures/full_org/original_1_16.png,0,random_forgery,46
2549,data/raw/cedar/signatures/full_org/original_46_8.png,data/raw/cedar/signatures/full_org/original_34_21.png,0,random_forgery,46
2550,data/raw/cedar/signatures/full_org/original_46_15.png,data/raw/cedar/signatures/full_org/original_1_20.png,0,random_forgery,46
2551,data/raw/cedar/signatures/full_org/original_46_14.png,data/raw/cedar/signatures/full_org/original_39_4.png,0,random_forgery,46
2552,data/raw/cedar/signatures/full_org/original_46_14.png,data/raw/cedar/signatures/full_org/original_50_19.png,0,random_forgery,46
2553,data/raw/cedar/signatures/full_org/original_46_16.png,data/raw/cedar/signatures/full_org/original_32_5.png,0,random_forgery,46
2554,data/raw/cedar/signatures/full_org/original_46_1.png,data/raw/cedar/signatures/full_org/original_29_10.png,0,random_forgery,46
2555,data/raw/cedar/signatures/full_org/original_46_10.png,data/raw/cedar/signatures/full_org/original_25_16.png,0,random_forgery,46
2556,data/raw/cedar/signatures/full_org/original_46_4.png,data/raw/cedar/signatures/full_org/original_26_23.png,0,random_forgery,46
2557,data/raw/cedar/signatures/full_org/original_46_11.png,data/raw/cedar/signatures/full_org/original_20_8.png,0,random_forgery,46
2558,data/raw/cedar/signatures/full_org/original_46_22.png,data/raw/cedar/signatures/full_org/original_11_7.png,0,random_forgery,46
2559,data/raw/cedar/signatures/full_org/original_46_22.png,data/raw/cedar/signatures/full_org/original_45_20.png,0,random_forgery,46
2560,data/raw/cedar/signatures/full_org/original_47_19.png,data/raw/cedar/signatures/full_org/original_47_24.png,1,genuine_genuine,47
2561,data/raw/cedar/signatures/full_org/original_47_18.png,data/raw/cedar/signatures/full_org/original_47_21.png,1,genuine_genuine,47
2562,data/raw/cedar/signatures/full_org/original_47_16.png,data/raw/cedar/signatures/full_org/original_47_17.png,1,genuine_genuine,47
2563,data/raw/cedar/signatures/full_org/original_47_2.png,data/raw/cedar/signatures/full_org/original_47_20.png,1,genuine_genuine,47
2564,data/raw/cedar/signatures/full_org/original_47_5.png,data/raw/cedar/signatures/full_org/original_47_16.png,1,genuine_genuine,47
2565,data/raw/cedar/signatures/full_org/original_47_9.png,data/raw/cedar/signatures/full_org/original_47_14.png,1,genuine_genuine,47
2566,data/raw/cedar/signatures/full_org/original_47_19.png,data/raw/cedar/signatures/full_org/original_47_21.png,1,genuine_genuine,47
2567,data/raw/cedar/signatures/full_org/original_47_11.png,data/raw/cedar/signatures/full_org/original_47_19.png,1,genuine_genuine,47
2568,data/raw/cedar/signatures/full_org/original_47_8.png,data/raw/cedar/signatures/full_org/original_47_19.png,1,genuine_genuine,47
2569,data/raw/cedar/signatures/full_org/original_47_3.png,data/raw/cedar/signatures/full_org/original_47_19.png,1,genuine_genuine,47
2570,data/raw/cedar/signatures/full_org/original_47_1.png,data/raw/cedar/signatures/full_org/original_47_15.png,1,genuine_genuine,47
2571,data/raw/cedar/signatures/full_org/original_47_14.png,data/raw/cedar/signatures/full_org/original_47_22.png,1,genuine_genuine,47
2572,data/raw/cedar/signatures/full_org/original_47_15.png,data/raw/cedar/signatures/full_org/original_47_21.png,1,genuine_genuine,47
2573,data/raw/cedar/signatures/full_org/original_47_20.png,data/raw/cedar/signatures/full_org/original_47_21.png,1,genuine_genuine,47
2574,data/raw/cedar/signatures/full_org/original_47_11.png,data/raw/cedar/signatures/full_org/original_47_13.png,1,genuine_genuine,47
2575,data/raw/cedar/signatures/full_org/original_47_18.png,data/raw/cedar/signatures/full_org/original_47_24.png,1,genuine_genuine,47
2576,data/raw/cedar/signatures/full_org/original_47_2.png,data/raw/cedar/signatures/full_org/original_47_19.png,1,genuine_genuine,47
2577,data/raw/cedar/signatures/full_org/original_47_3.png,data/raw/cedar/signatures/full_org/original_47_17.png,1,genuine_genuine,47
2578,data/raw/cedar/signatures/full_org/original_47_14.png,data/raw/cedar/signatures/full_org/original_47_20.png,1,genuine_genuine,47
2579,data/raw/cedar/signatures/full_org/original_47_8.png,data/raw/cedar/signatures/full_org/original_47_14.png,1,genuine_genuine,47
2580,data/raw/cedar/signatures/full_org/original_47_6.png,data/raw/cedar/signatures/full_org/original_47_20.png,1,genuine_genuine,47
2581,data/raw/cedar/signatures/full_org/original_47_2.png,data/raw/cedar/signatures/full_org/original_47_7.png,1,genuine_genuine,47
2582,data/raw/cedar/signatures/full_org/original_47_3.png,data/raw/cedar/signatures/full_org/original_47_11.png,1,genuine_genuine,47
2583,data/raw/cedar/signatures/full_org/original_47_5.png,data/raw/cedar/signatures/full_org/original_47_19.png,1,genuine_genuine,47
2584,data/raw/cedar/signatures/full_org/original_47_12.png,data/raw/cedar/signatures/full_org/original_47_17.png,1,genuine_genuine,47
2585,data/raw/cedar/signatures/full_org/original_47_3.png,data/raw/cedar/signatures/full_org/original_47_5.png,1,genuine_genuine,47
2586,data/raw/cedar/signatures/full_org/original_47_11.png,data/raw/cedar/signatures/full_org/original_47_24.png,1,genuine_genuine,47
2587,data/raw/cedar/signatures/full_org/original_47_4.png,data/raw/cedar/signatures/full_org/original_47_6.png,1,genuine_genuine,47
2588,data/raw/cedar/signatures/full_org/original_47_15.png,data/raw/cedar/signatures/full_org/original_47_20.png,1,genuine_genuine,47
2589,data/raw/cedar/signatures/full_org/original_47_17.png,data/raw/cedar/signatures/full_org/original_47_19.png,1,genuine_genuine,47
2590,data/raw/cedar/signatures/full_org/original_47_15.png,data/raw/cedar/signatures/full_org/original_47_17.png,1,genuine_genuine,47
2591,data/raw/cedar/signatures/full_org/original_47_7.png,data/raw/cedar/signatures/full_org/original_47_18.png,1,genuine_genuine,47
2592,data/raw/cedar/signatures/full_org/original_47_1.png,data/raw/cedar/signatures/full_org/original_47_16.png,1,genuine_genuine,47
2593,data/raw/cedar/signatures/full_org/original_47_6.png,data/raw/cedar/signatures/full_org/original_47_13.png,1,genuine_genuine,47
2594,data/raw/cedar/signatures/full_org/original_47_9.png,data/raw/cedar/signatures/full_org/original_47_19.png,1,genuine_genuine,47
2595,data/raw/cedar/signatures/full_org/original_47_10.png,data/raw/cedar/signatures/full_org/original_47_18.png,1,genuine_genuine,47
2596,data/raw/cedar/signatures/full_org/original_47_10.png,data/raw/cedar/signatures/full_org/original_47_20.png,1,genuine_genuine,47
2597,data/raw/cedar/signatures/full_org/original_47_9.png,data/raw/cedar/signatures/full_org/original_47_11.png,1,genuine_genuine,47
2598,data/raw/cedar/signatures/full_org/original_47_9.png,data/raw/cedar/signatures/full_org/original_47_23.png,1,genuine_genuine,47
2599,data/raw/cedar/signatures/full_org/original_47_4.png,data/raw/cedar/signatures/full_org/original_47_24.png,1,genuine_genuine,47
2600,data/raw/cedar/signatures/full_org/original_47_8.png,data/raw/cedar/signatures/full_forg/forgeries_47_3.png,0,skilled_forgery,47
2601,data/raw/cedar/signatures/full_org/original_47_3.png,data/raw/cedar/signatures/full_forg/forgeries_47_18.png,0,skilled_forgery,47
2602,data/raw/cedar/signatures/full_org/original_47_16.png,data/raw/cedar/signatures/full_forg/forgeries_47_4.png,0,skilled_forgery,47
2603,data/raw/cedar/signatures/full_org/original_47_3.png,data/raw/cedar/signatures/full_forg/forgeries_47_3.png,0,skilled_forgery,47
2604,data/raw/cedar/signatures/full_org/original_47_2.png,data/raw/cedar/signatures/full_forg/forgeries_47_7.png,0,skilled_forgery,47
2605,data/raw/cedar/signatures/full_org/original_47_18.png,data/raw/cedar/signatures/full_forg/forgeries_47_5.png,0,skilled_forgery,47
2606,data/raw/cedar/signatures/full_org/original_47_8.png,data/raw/cedar/signatures/full_forg/forgeries_47_7.png,0,skilled_forgery,47
2607,data/raw/cedar/signatures/full_org/original_47_12.png,data/raw/cedar/signatures/full_forg/forgeries_47_2.png,0,skilled_forgery,47
2608,data/raw/cedar/signatures/full_org/original_47_6.png,data/raw/cedar/signatures/full_forg/forgeries_47_14.png,0,skilled_forgery,47
2609,data/raw/cedar/signatures/full_org/original_47_3.png,data/raw/cedar/signatures/full_forg/forgeries_47_12.png,0,skilled_forgery,47
2610,data/raw/cedar/signatures/full_org/original_47_14.png,data/raw/cedar/signatures/full_forg/forgeries_47_17.png,0,skilled_forgery,47
2611,data/raw/cedar/signatures/full_org/original_47_4.png,data/raw/cedar/signatures/full_forg/forgeries_47_17.png,0,skilled_forgery,47
2612,data/raw/cedar/signatures/full_org/original_47_24.png,data/raw/cedar/signatures/full_forg/forgeries_47_19.png,0,skilled_forgery,47
2613,data/raw/cedar/signatures/full_org/original_47_20.png,data/raw/cedar/signatures/full_forg/forgeries_47_22.png,0,skilled_forgery,47
2614,data/raw/cedar/signatures/full_org/original_47_19.png,data/raw/cedar/signatures/full_forg/forgeries_47_16.png,0,skilled_forgery,47
2615,data/raw/cedar/signatures/full_org/original_47_5.png,data/raw/cedar/signatures/full_forg/forgeries_47_9.png,0,skilled_forgery,47
2616,data/raw/cedar/signatures/full_org/original_47_16.png,data/raw/cedar/signatures/full_forg/forgeries_47_17.png,0,skilled_forgery,47
2617,data/raw/cedar/signatures/full_org/original_47_7.png,data/raw/cedar/signatures/full_forg/forgeries_47_19.png,0,skilled_forgery,47
2618,data/raw/cedar/signatures/full_org/original_47_18.png,data/raw/cedar/signatures/full_forg/forgeries_47_7.png,0,skilled_forgery,47
2619,data/raw/cedar/signatures/full_org/original_47_9.png,data/raw/cedar/signatures/full_forg/forgeries_47_20.png,0,skilled_forgery,47
2620,data/raw/cedar/signatures/full_org/original_47_20.png,data/raw/cedar/signatures/full_org/original_53_18.png,0,random_forgery,47
2621,data/raw/cedar/signatures/full_org/original_47_13.png,data/raw/cedar/signatures/full_org/original_27_1.png,0,random_forgery,47
2622,data/raw/cedar/signatures/full_org/original_47_17.png,data/raw/cedar/signatures/full_org/original_31_14.png,0,random_forgery,47
2623,data/raw/cedar/signatures/full_org/original_47_20.png,data/raw/cedar/signatures/full_org/original_42_9.png,0,random_forgery,47
2624,data/raw/cedar/signatures/full_org/original_47_13.png,data/raw/cedar/signatures/full_org/original_53_7.png,0,random_forgery,47
2625,data/raw/cedar/signatures/full_org/original_47_8.png,data/raw/cedar/signatures/full_org/original_51_1.png,0,random_forgery,47
2626,data/raw/cedar/signatures/full_org/original_47_5.png,data/raw/cedar/signatures/full_org/original_42_7.png,0,random_forgery,47
2627,data/raw/cedar/signatures/full_org/original_47_4.png,data/raw/cedar/signatures/full_org/original_37_2.png,0,random_forgery,47
2628,data/raw/cedar/signatures/full_org/original_47_2.png,data/raw/cedar/signatures/full_org/original_51_19.png,0,random_forgery,47
2629,data/raw/cedar/signatures/full_org/original_47_14.png,data/raw/cedar/signatures/full_org/original_19_3.png,0,random_forgery,47
2630,data/raw/cedar/signatures/full_org/original_47_13.png,data/raw/cedar/signatures/full_org/original_36_5.png,0,random_forgery,47
2631,data/raw/cedar/signatures/full_org/original_47_4.png,data/raw/cedar/signatures/full_org/original_1_14.png,0,random_forgery,47
2632,data/raw/cedar/signatures/full_org/original_47_12.png,data/raw/cedar/signatures/full_org/original_31_11.png,0,random_forgery,47
2633,data/raw/cedar/signatures/full_org/original_47_22.png,data/raw/cedar/signatures/full_org/original_42_17.png,0,random_forgery,47
2634,data/raw/cedar/signatures/full_org/original_47_9.png,data/raw/cedar/signatures/full_org/original_39_11.png,0,random_forgery,47
2635,data/raw/cedar/signatures/full_org/original_47_22.png,data/raw/cedar/signatures/full_org/original_46_17.png,0,random_forgery,47
2636,data/raw/cedar/signatures/full_org/original_47_11.png,data/raw/cedar/signatures/full_org/original_37_11.png,0,random_forgery,47
2637,data/raw/cedar/signatures/full_org/original_47_16.png,data/raw/cedar/signatures/full_org/original_33_12.png,0,random_forgery,47
2638,data/raw/cedar/signatures/full_org/original_47_6.png,data/raw/cedar/signatures/full_org/original_13_9.png,0,random_forgery,47
2639,data/raw/cedar/signatures/full_org/original_47_14.png,data/raw/cedar/signatures/full_org/original_45_9.png,0,random_forgery,47
2640,data/raw/cedar/signatures/full_org/original_49_5.png,data/raw/cedar/signatures/full_org/original_49_17.png,1,genuine_genuine,49
2641,data/raw/cedar/signatures/full_org/original_49_7.png,data/raw/cedar/signatures/full_org/original_49_22.png,1,genuine_genuine,49
2642,data/raw/cedar/signatures/full_org/original_49_8.png,data/raw/cedar/signatures/full_org/original_49_23.png,1,genuine_genuine,49
2643,data/raw/cedar/signatures/full_org/original_49_13.png,data/raw/cedar/signatures/full_org/original_49_20.png,1,genuine_genuine,49
2644,data/raw/cedar/signatures/full_org/original_49_2.png,data/raw/cedar/signatures/full_org/original_49_18.png,1,genuine_genuine,49
2645,data/raw/cedar/signatures/full_org/original_49_14.png,data/raw/cedar/signatures/full_org/original_49_24.png,1,genuine_genuine,49
2646,data/raw/cedar/signatures/full_org/original_49_14.png,data/raw/cedar/signatures/full_org/original_49_19.png,1,genuine_genuine,49
2647,data/raw/cedar/signatures/full_org/original_49_4.png,data/raw/cedar/signatures/full_org/original_49_13.png,1,genuine_genuine,49
2648,data/raw/cedar/signatures/full_org/original_49_12.png,data/raw/cedar/signatures/full_org/original_49_18.png,1,genuine_genuine,49
2649,data/raw/cedar/signatures/full_org/original_49_16.png,data/raw/cedar/signatures/full_org/original_49_17.png,1,genuine_genuine,49
2650,data/raw/cedar/signatures/full_org/original_49_1.png,data/raw/cedar/signatures/full_org/original_49_24.png,1,genuine_genuine,49
2651,data/raw/cedar/signatures/full_org/original_49_2.png,data/raw/cedar/signatures/full_org/original_49_7.png,1,genuine_genuine,49
2652,data/raw/cedar/signatures/full_org/original_49_7.png,data/raw/cedar/signatures/full_org/original_49_18.png,1,genuine_genuine,49
2653,data/raw/cedar/signatures/full_org/original_49_14.png,data/raw/cedar/signatures/full_org/original_49_16.png,1,genuine_genuine,49
2654,data/raw/cedar/signatures/full_org/original_49_3.png,data/raw/cedar/signatures/full_org/original_49_6.png,1,genuine_genuine,49
2655,data/raw/cedar/signatures/full_org/original_49_5.png,data/raw/cedar/signatures/full_org/original_49_18.png,1,genuine_genuine,49
2656,data/raw/cedar/signatures/full_org/original_49_4.png,data/raw/cedar/signatures/full_org/original_49_18.png,1,genuine_genuine,49
2657,data/raw/cedar/signatures/full_org/original_49_11.png,data/raw/cedar/signatures/full_org/original_49_18.png,1,genuine_genuine,49
2658,data/raw/cedar/signatures/full_org/original_49_9.png,data/raw/cedar/signatures/full_org/original_49_22.png,1,genuine_genuine,49
2659,data/raw/cedar/signatures/full_org/original_49_16.png,data/raw/cedar/signatures/full_org/original_49_22.png,1,genuine_genuine,49
2660,data/raw/cedar/signatures/full_org/original_49_15.png,data/raw/cedar/signatures/full_org/original_49_19.png,1,genuine_genuine,49
2661,data/raw/cedar/signatures/full_org/original_49_5.png,data/raw/cedar/signatures/full_org/original_49_23.png,1,genuine_genuine,49
2662,data/raw/cedar/signatures/full_org/original_49_11.png,data/raw/cedar/signatures/full_org/original_49_21.png,1,genuine_genuine,49
2663,data/raw/cedar/signatures/full_org/original_49_13.png,data/raw/cedar/signatures/full_org/original_49_22.png,1,genuine_genuine,49
2664,data/raw/cedar/signatures/full_org/original_49_13.png,data/raw/cedar/signatures/full_org/original_49_19.png,1,genuine_genuine,49
2665,data/raw/cedar/signatures/full_org/original_49_9.png,data/raw/cedar/signatures/full_org/original_49_11.png,1,genuine_genuine,49
2666,data/raw/cedar/signatures/full_org/original_49_10.png,data/raw/cedar/signatures/full_org/original_49_16.png,1,genuine_genuine,49
2667,data/raw/cedar/signatures/full_org/original_49_9.png,data/raw/cedar/signatures/full_org/original_49_16.png,1,genuine_genuine,49
2668,data/raw/cedar/signatures/full_org/original_49_3.png,data/raw/cedar/signatures/full_org/original_49_20.png,1,genuine_genuine,49
2669,data/raw/cedar/signatures/full_org/original_49_21.png,data/raw/cedar/signatures/full_org/original_49_23.png,1,genuine_genuine,49
2670,data/raw/cedar/signatures/full_org/original_49_22.png,data/raw/cedar/signatures/full_org/original_49_23.png,1,genuine_genuine,49
2671,data/raw/cedar/signatures/full_org/original_49_4.png,data/raw/cedar/signatures/full_org/original_49_19.png,1,genuine_genuine,49
2672,data/raw/cedar/signatures/full_org/original_49_12.png,data/raw/cedar/signatures/full_org/original_49_19.png,1,genuine_genuine,49
2673,data/raw/cedar/signatures/full_org/original_49_6.png,data/raw/cedar/signatures/full_org/original_49_8.png,1,genuine_genuine,49
2674,data/raw/cedar/signatures/full_org/original_49_1.png,data/raw/cedar/signatures/full_org/original_49_11.png,1,genuine_genuine,49
2675,data/raw/cedar/signatures/full_org/original_49_2.png,data/raw/cedar/signatures/full_org/original_49_12.png,1,genuine_genuine,49
2676,data/raw/cedar/signatures/full_org/original_49_16.png,data/raw/cedar/signatures/full_org/original_49_19.png,1,genuine_genuine,49
2677,data/raw/cedar/signatures/full_org/original_49_6.png,data/raw/cedar/signatures/full_org/original_49_15.png,1,genuine_genuine,49
2678,data/raw/cedar/signatures/full_org/original_49_10.png,data/raw/cedar/signatures/full_org/original_49_14.png,1,genuine_genuine,49
2679,data/raw/cedar/signatures/full_org/original_49_8.png,data/raw/cedar/signatures/full_org/original_49_10.png,1,genuine_genuine,49
2680,data/raw/cedar/signatures/full_org/original_49_3.png,data/raw/cedar/signatures/full_forg/forgeries_49_10.png,0,skilled_forgery,49
2681,data/raw/cedar/signatures/full_org/original_49_11.png,data/raw/cedar/signatures/full_forg/forgeries_49_18.png,0,skilled_forgery,49
2682,data/raw/cedar/signatures/full_org/original_49_22.png,data/raw/cedar/signatures/full_forg/forgeries_49_3.png,0,skilled_forgery,49
2683,data/raw/cedar/signatures/full_org/original_49_3.png,data/raw/cedar/signatures/full_forg/forgeries_49_8.png,0,skilled_forgery,49
2684,data/raw/cedar/signatures/full_org/original_49_24.png,data/raw/cedar/signatures/full_forg/forgeries_49_1.png,0,skilled_forgery,49
2685,data/raw/cedar/signatures/full_org/original_49_11.png,data/raw/cedar/signatures/full_forg/forgeries_49_9.png,0,skilled_forgery,49
2686,data/raw/cedar/signatures/full_org/original_49_1.png,data/raw/cedar/signatures/full_forg/forgeries_49_3.png,0,skilled_forgery,49
2687,data/raw/cedar/signatures/full_org/original_49_19.png,data/raw/cedar/signatures/full_forg/forgeries_49_8.png,0,skilled_forgery,49
2688,data/raw/cedar/signatures/full_org/original_49_8.png,data/raw/cedar/signatures/full_forg/forgeries_49_12.png,0,skilled_forgery,49
2689,data/raw/cedar/signatures/full_org/original_49_15.png,data/raw/cedar/signatures/full_forg/forgeries_49_17.png,0,skilled_forgery,49
2690,data/raw/cedar/signatures/full_org/original_49_24.png,data/raw/cedar/signatures/full_forg/forgeries_49_15.png,0,skilled_forgery,49
2691,data/raw/cedar/signatures/full_org/original_49_22.png,data/raw/cedar/signatures/full_forg/forgeries_49_13.png,0,skilled_forgery,49
2692,data/raw/cedar/signatures/full_org/original_49_7.png,data/raw/cedar/signatures/full_forg/forgeries_49_17.png,0,skilled_forgery,49
2693,data/raw/cedar/signatures/full_org/original_49_5.png,data/raw/cedar/signatures/full_forg/forgeries_49_4.png,0,skilled_forgery,49
2694,data/raw/cedar/signatures/full_org/original_49_9.png,data/raw/cedar/signatures/full_forg/forgeries_49_21.png,0,skilled_forgery,49
2695,data/raw/cedar/signatures/full_org/original_49_6.png,data/raw/cedar/signatures/full_forg/forgeries_49_16.png,0,skilled_forgery,49
2696,data/raw/cedar/signatures/full_org/original_49_19.png,data/raw/cedar/signatures/full_forg/forgeries_49_17.png,0,skilled_forgery,49
2697,data/raw/cedar/signatures/full_org/original_49_10.png,data/raw/cedar/signatures/full_forg/forgeries_49_22.png,0,skilled_forgery,49
2698,data/raw/cedar/signatures/full_org/original_49_9.png,data/raw/cedar/signatures/full_forg/forgeries_49_3.png,0,skilled_forgery,49
2699,data/raw/cedar/signatures/full_org/original_49_4.png,data/raw/cedar/signatures/full_forg/forgeries_49_14.png,0,skilled_forgery,49
2700,data/raw/cedar/signatures/full_org/original_49_9.png,data/raw/cedar/signatures/full_org/original_11_8.png,0,random_forgery,49
2701,data/raw/cedar/signatures/full_org/original_49_16.png,data/raw/cedar/signatures/full_org/original_40_18.png,0,random_forgery,49
2702,data/raw/cedar/signatures/full_org/original_49_6.png,data/raw/cedar/signatures/full_org/original_39_21.png,0,random_forgery,49
2703,data/raw/cedar/signatures/full_org/original_49_1.png,data/raw/cedar/signatures/full_org/original_13_16.png,0,random_forgery,49
2704,data/raw/cedar/signatures/full_org/original_49_3.png,data/raw/cedar/signatures/full_org/original_52_18.png,0,random_forgery,49
2705,data/raw/cedar/signatures/full_org/original_49_4.png,data/raw/cedar/signatures/full_org/original_43_2.png,0,random_forgery,49
2706,data/raw/cedar/signatures/full_org/original_49_21.png,data/raw/cedar/signatures/full_org/original_37_17.png,0,random_forgery,49
2707,data/raw/cedar/signatures/full_org/original_49_14.png,data/raw/cedar/signatures/full_org/original_31_10.png,0,random_forgery,49
2708,data/raw/cedar/signatures/full_org/original_49_11.png,data/raw/cedar/signatures/full_org/original_17_15.png,0,random_forgery,49
2709,data/raw/cedar/signatures/full_org/original_49_14.png,data/raw/cedar/signatures/full_org/original_10_21.png,0,random_forgery,49
2710,data/raw/cedar/signatures/full_org/original_49_21.png,data/raw/cedar/signatures/full_org/original_52_1.png,0,random_forgery,49
2711,data/raw/cedar/signatures/full_org/original_49_14.png,data/raw/cedar/signatures/full_org/original_19_19.png,0,random_forgery,49
2712,data/raw/cedar/signatures/full_org/original_49_8.png,data/raw/cedar/signatures/full_org/original_22_24.png,0,random_forgery,49
2713,data/raw/cedar/signatures/full_org/original_49_12.png,data/raw/cedar/signatures/full_org/original_11_9.png,0,random_forgery,49
2714,data/raw/cedar/signatures/full_org/original_49_23.png,data/raw/cedar/signatures/full_org/original_21_24.png,0,random_forgery,49
2715,data/raw/cedar/signatures/full_org/original_49_1.png,data/raw/cedar/signatures/full_org/original_22_13.png,0,random_forgery,49
2716,data/raw/cedar/signatures/full_org/original_49_2.png,data/raw/cedar/signatures/full_org/original_5_6.png,0,random_forgery,49
2717,data/raw/cedar/signatures/full_org/original_49_2.png,data/raw/cedar/signatures/full_org/original_22_6.png,0,random_forgery,49
2718,data/raw/cedar/signatures/full_org/original_49_14.png,data/raw/cedar/signatures/full_org/original_47_11.png,0,random_forgery,49
2719,data/raw/cedar/signatures/full_org/original_49_23.png,data/raw/cedar/signatures/full_org/original_32_1.png,0,random_forgery,49
2720,data/raw/cedar/signatures/full_org/original_50_1.png,data/raw/cedar/signatures/full_org/original_50_23.png,1,genuine_genuine,50
2721,data/raw/cedar/signatures/full_org/original_50_8.png,data/raw/cedar/signatures/full_org/original_50_20.png,1,genuine_genuine,50
2722,data/raw/cedar/signatures/full_org/original_50_7.png,data/raw/cedar/signatures/full_org/original_50_20.png,1,genuine_genuine,50
2723,data/raw/cedar/signatures/full_org/original_50_10.png,data/raw/cedar/signatures/full_org/original_50_23.png,1,genuine_genuine,50
2724,data/raw/cedar/signatures/full_org/original_50_16.png,data/raw/cedar/signatures/full_org/original_50_24.png,1,genuine_genuine,50
2725,data/raw/cedar/signatures/full_org/original_50_10.png,data/raw/cedar/signatures/full_org/original_50_12.png,1,genuine_genuine,50
2726,data/raw/cedar/signatures/full_org/original_50_14.png,data/raw/cedar/signatures/full_org/original_50_21.png,1,genuine_genuine,50
2727,data/raw/cedar/signatures/full_org/original_50_7.png,data/raw/cedar/signatures/full_org/original_50_14.png,1,genuine_genuine,50
2728,data/raw/cedar/signatures/full_org/original_50_13.png,data/raw/cedar/signatures/full_org/original_50_14.png,1,genuine_genuine,50
2729,data/raw/cedar/signatures/full_org/original_50_1.png,data/raw/cedar/signatures/full_org/original_50_19.png,1,genuine_genuine,50
2730,data/raw/cedar/signatures/full_org/original_50_8.png,data/raw/cedar/signatures/full_org/original_50_14.png,1,genuine_genuine,50
2731,data/raw/cedar/signatures/full_org/original_50_16.png,data/raw/cedar/signatures/full_org/original_50_18.png,1,genuine_genuine,50
2732,data/raw/cedar/signatures/full_org/original_50_15.png,data/raw/cedar/signatures/full_org/original_50_19.png,1,genuine_genuine,50
2733,data/raw/cedar/signatures/full_org/original_50_4.png,data/raw/cedar/signatures/full_org/original_50_23.png,1,genuine_genuine,50
2734,data/raw/cedar/signatures/full_org/original_50_4.png,data/raw/cedar/signatures/full_org/original_50_22.png,1,genuine_genuine,50
2735,data/raw/cedar/signatures/full_org/original_50_15.png,data/raw/cedar/signatures/full_org/original_50_22.png,1,genuine_genuine,50
2736,data/raw/cedar/signatures/full_org/original_50_1.png,data/raw/cedar/signatures/full_org/original_50_5.png,1,genuine_genuine,50
2737,data/raw/cedar/signatures/full_org/original_50_4.png,data/raw/cedar/signatures/full_org/original_50_8.png,1,genuine_genuine,50
2738,data/raw/cedar/signatures/full_org/original_50_9.png,data/raw/cedar/signatures/full_org/original_50_12.png,1,genuine_genuine,50
2739,data/raw/cedar/signatures/full_org/original_50_12.png,data/raw/cedar/signatures/full_org/original_50_22.png,1,genuine_genuine,50
2740,data/raw/cedar/signatures/full_org/original_50_4.png,data/raw/cedar/signatures/full_org/original_50_18.png,1,genuine_genuine,50
2741,data/raw/cedar/signatures/full_org/original_50_15.png,data/raw/cedar/signatures/full_org/original_50_17.png,1,genuine_genuine,50
2742,data/raw/cedar/signatures/full_org/original_50_4.png,data/raw/cedar/signatures/full_org/original_50_19.png,1,genuine_genuine,50
2743,data/raw/cedar/signatures/full_org/original_50_5.png,data/raw/cedar/signatures/full_org/original_50_21.png,1,genuine_genuine,50
2744,data/raw/cedar/signatures/full_org/original_50_14.png,data/raw/cedar/signatures/full_org/original_50_19.png,1,genuine_genuine,50
2745,data/raw/cedar/signatures/full_org/original_50_9.png,data/raw/cedar/signatures/full_org/original_50_19.png,1,genuine_genuine,50
2746,data/raw/cedar/signatures/full_org/original_50_6.png,data/raw/cedar/signatures/full_org/original_50_19.png,1,genuine_genuine,50
2747,data/raw/cedar/signatures/full_org/original_50_17.png,data/raw/cedar/signatures/full_org/original_50_23.png,1,genuine_genuine,50
2748,data/raw/cedar/signatures/full_org/original_50_14.png,data/raw/cedar/signatures/full_org/original_50_17.png,1,genuine_genuine,50
2749,data/raw/cedar/signatures/full_org/original_50_1.png,data/raw/cedar/signatures/full_org/original_50_2.png,1,genuine_genuine,50
2750,data/raw/cedar/signatures/full_org/original_50_1.png,data/raw/cedar/signatures/full_org/original_50_4.png,1,genuine_genuine,50
2751,data/raw/cedar/signatures/full_org/original_50_5.png,data/raw/cedar/signatures/full_org/original_50_24.png,1,genuine_genuine,50
2752,data/raw/cedar/signatures/full_org/original_50_17.png,data/raw/cedar/signatures/full_org/original_50_20.png,1,genuine_genuine,50
2753,data/raw/cedar/signatures/full_org/original_50_22.png,data/raw/cedar/signatures/full_org/original_50_23.png,1,genuine_genuine,50
2754,data/raw/cedar/signatures/full_org/original_50_10.png,data/raw/cedar/signatures/full_org/original_50_16.png,1,genuine_genuine,50
2755,data/raw/cedar/signatures/full_org/original_50_18.png,data/raw/cedar/signatures/full_org/original_50_19.png,1,genuine_genuine,50
2756,data/raw/cedar/signatures/full_org/original_50_1.png,data/raw/cedar/signatures/full_org/original_50_7.png,1,genuine_genuine,50
2757,data/raw/cedar/signatures/full_org/original_50_11.png,data/raw/cedar/signatures/full_org/original_50_12.png,1,genuine_genuine,50
2758,data/raw/cedar/signatures/full_org/original_50_1.png,data/raw/cedar/signatures/full_org/original_50_16.png,1,genuine_genuine,50
2759,data/raw/cedar/signatures/full_org/original_50_1.png,data/raw/cedar/signatures/full_org/original_50_24.png,1,genuine_genuine,50
2760,data/raw/cedar/signatures/full_org/original_50_12.png,data/raw/cedar/signatures/full_forg/forgeries_50_9.png,0,skilled_forgery,50
2761,data/raw/cedar/signatures/full_org/original_50_14.png,data/raw/cedar/signatures/full_forg/forgeries_50_21.png,0,skilled_forgery,50
2762,data/raw/cedar/signatures/full_org/original_50_15.png,data/raw/cedar/signatures/full_forg/forgeries_50_19.png,0,skilled_forgery,50
2763,data/raw/cedar/signatures/full_org/original_50_21.png,data/raw/cedar/signatures/full_forg/forgeries_50_24.png,0,skilled_forgery,50
2764,data/raw/cedar/signatures/full_org/original_50_16.png,data/raw/cedar/signatures/full_forg/forgeries_50_20.png,0,skilled_forgery,50
2765,data/raw/cedar/signatures/full_org/original_50_3.png,data/raw/cedar/signatures/full_forg/forgeries_50_1.png,0,skilled_forgery,50
2766,data/raw/cedar/signatures/full_org/original_50_12.png,data/raw/cedar/signatures/full_forg/forgeries_50_1.png,0,skilled_forgery,50
2767,data/raw/cedar/signatures/full_org/original_50_23.png,data/raw/cedar/signatures/full_forg/forgeries_50_2.png,0,skilled_forgery,50
2768,data/raw/cedar/signatures/full_org/original_50_9.png,data/raw/cedar/signatures/full_forg/forgeries_50_24.png,0,skilled_forgery,50
2769,data/raw/cedar/signatures/full_org/original_50_5.png,data/raw/cedar/signatures/full_forg/forgeries_50_3.png,0,skilled_forgery,50
2770,data/raw/cedar/signatures/full_org/original_50_20.png,data/raw/cedar/signatures/full_forg/forgeries_50_18.png,0,skilled_forgery,50
2771,data/raw/cedar/signatures/full_org/original_50_23.png,data/raw/cedar/signatures/full_forg/forgeries_50_6.png,0,skilled_forgery,50
2772,data/raw/cedar/signatures/full_org/original_50_5.png,data/raw/cedar/signatures/full_forg/forgeries_50_8.png,0,skilled_forgery,50
2773,data/raw/cedar/signatures/full_org/original_50_8.png,data/raw/cedar/signatures/full_forg/forgeries_50_8.png,0,skilled_forgery,50
2774,data/raw/cedar/signatures/full_org/original_50_17.png,data/raw/cedar/signatures/full_forg/forgeries_50_10.png,0,skilled_forgery,50
2775,data/raw/cedar/signatures/full_org/original_50_12.png,data/raw/cedar/signatures/full_forg/forgeries_50_13.png,0,skilled_forgery,50
2776,data/raw/cedar/signatures/full_org/original_50_19.png,data/raw/cedar/signatures/full_forg/forgeries_50_8.png,0,skilled_forgery,50
2777,data/raw/cedar/signatures/full_org/original_50_9.png,data/raw/cedar/signatures/full_forg/forgeries_50_11.png,0,skilled_forgery,50
2778,data/raw/cedar/signatures/full_org/original_50_21.png,data/raw/cedar/signatures/full_forg/forgeries_50_5.png,0,skilled_forgery,50
2779,data/raw/cedar/signatures/full_org/original_50_21.png,data/raw/cedar/signatures/full_forg/forgeries_50_6.png,0,skilled_forgery,50
2780,data/raw/cedar/signatures/full_org/original_50_9.png,data/raw/cedar/signatures/full_org/original_29_10.png,0,random_forgery,50
2781,data/raw/cedar/signatures/full_org/original_50_16.png,data/raw/cedar/signatures/full_org/original_43_6.png,0,random_forgery,50
2782,data/raw/cedar/signatures/full_org/original_50_1.png,data/raw/cedar/signatures/full_org/original_31_18.png,0,random_forgery,50
2783,data/raw/cedar/signatures/full_org/original_50_22.png,data/raw/cedar/signatures/full_org/original_29_6.png,0,random_forgery,50
2784,data/raw/cedar/signatures/full_org/original_50_24.png,data/raw/cedar/signatures/full_org/original_25_5.png,0,random_forgery,50
2785,data/raw/cedar/signatures/full_org/original_50_6.png,data/raw/cedar/signatures/full_org/original_26_7.png,0,random_forgery,50
2786,data/raw/cedar/signatures/full_org/original_50_17.png,data/raw/cedar/signatures/full_org/original_30_1.png,0,random_forgery,50
2787,data/raw/cedar/signatures/full_org/original_50_9.png,data/raw/cedar/signatures/full_org/original_5_3.png,0,random_forgery,50
2788,data/raw/cedar/signatures/full_org/original_50_23.png,data/raw/cedar/signatures/full_org/original_43_5.png,0,random_forgery,50
2789,data/raw/cedar/signatures/full_org/original_50_4.png,data/raw/cedar/signatures/full_org/original_30_24.png,0,random_forgery,50
2790,data/raw/cedar/signatures/full_org/original_50_11.png,data/raw/cedar/signatures/full_org/original_32_8.png,0,random_forgery,50
2791,data/raw/cedar/signatures/full_org/original_50_20.png,data/raw/cedar/signatures/full_org/original_37_4.png,0,random_forgery,50
2792,data/raw/cedar/signatures/full_org/original_50_18.png,data/raw/cedar/signatures/full_org/original_31_11.png,0,random_forgery,50
2793,data/raw/cedar/signatures/full_org/original_50_15.png,data/raw/cedar/signatures/full_org/original_31_10.png,0,random_forgery,50
2794,data/raw/cedar/signatures/full_org/original_50_1.png,data/raw/cedar/signatures/full_org/original_54_13.png,0,random_forgery,50
2795,data/raw/cedar/signatures/full_org/original_50_16.png,data/raw/cedar/signatures/full_org/original_21_19.png,0,random_forgery,50
2796,data/raw/cedar/signatures/full_org/original_50_1.png,data/raw/cedar/signatures/full_org/original_36_6.png,0,random_forgery,50
2797,data/raw/cedar/signatures/full_org/original_50_6.png,data/raw/cedar/signatures/full_org/original_27_12.png,0,random_forgery,50
2798,data/raw/cedar/signatures/full_org/original_50_2.png,data/raw/cedar/signatures/full_org/original_42_8.png,0,random_forgery,50
2799,data/raw/cedar/signatures/full_org/original_50_8.png,data/raw/cedar/signatures/full_org/original_23_22.png,0,random_forgery,50
2800,data/raw/cedar/signatures/full_org/original_51_3.png,data/raw/cedar/signatures/full_org/original_51_7.png,1,genuine_genuine,51
2801,data/raw/cedar/signatures/full_org/original_51_15.png,data/raw/cedar/signatures/full_org/original_51_21.png,1,genuine_genuine,51
2802,data/raw/cedar/signatures/full_org/original_51_16.png,data/raw/cedar/signatures/full_org/original_51_19.png,1,genuine_genuine,51
2803,data/raw/cedar/signatures/full_org/original_51_6.png,data/raw/cedar/signatures/full_org/original_51_22.png,1,genuine_genuine,51
2804,data/raw/cedar/signatures/full_org/original_51_7.png,data/raw/cedar/signatures/full_org/original_51_15.png,1,genuine_genuine,51
2805,data/raw/cedar/signatures/full_org/original_51_11.png,data/raw/cedar/signatures/full_org/original_51_24.png,1,genuine_genuine,51
2806,data/raw/cedar/signatures/full_org/original_51_8.png,data/raw/cedar/signatures/full_org/original_51_13.png,1,genuine_genuine,51
2807,data/raw/cedar/signatures/full_org/original_51_7.png,data/raw/cedar/signatures/full_org/original_51_14.png,1,genuine_genuine,51
2808,data/raw/cedar/signatures/full_org/original_51_9.png,data/raw/cedar/signatures/full_org/original_51_21.png,1,genuine_genuine,51
2809,data/raw/cedar/signatures/full_org/original_51_11.png,data/raw/cedar/signatures/full_org/original_51_14.png,1,genuine_genuine,51
2810,data/raw/cedar/signatures/full_org/original_51_9.png,data/raw/cedar/signatures/full_org/original_51_17.png,1,genuine_genuine,51
2811,data/raw/cedar/signatures/full_org/original_51_7.png,data/raw/cedar/signatures/full_org/original_51_24.png,1,genuine_genuine,51
2812,data/raw/cedar/signatures/full_org/original_51_8.png,data/raw/cedar/signatures/full_org/original_51_10.png,1,genuine_genuine,51
2813,data/raw/cedar/signatures/full_org/original_51_4.png,data/raw/cedar/signatures/full_org/original_51_7.png,1,genuine_genuine,51
2814,data/raw/cedar/signatures/full_org/original_51_11.png,data/raw/cedar/signatures/full_org/original_51_20.png,1,genuine_genuine,51
2815,data/raw/cedar/signatures/full_org/original_51_16.png,data/raw/cedar/signatures/full_org/original_51_18.png,1,genuine_genuine,51
2816,data/raw/cedar/signatures/full_org/original_51_4.png,data/raw/cedar/signatures/full_org/original_51_5.png,1,genuine_genuine,51
2817,data/raw/cedar/signatures/full_org/original_51_7.png,data/raw/cedar/signatures/full_org/original_51_20.png,1,genuine_genuine,51
2818,data/raw/cedar/signatures/full_org/original_51_2.png,data/raw/cedar/signatures/full_org/original_51_19.png,1,genuine_genuine,51
2819,data/raw/cedar/signatures/full_org/original_51_4.png,data/raw/cedar/signatures/full_org/original_51_22.png,1,genuine_genuine,51
2820,data/raw/cedar/signatures/full_org/original_51_8.png,data/raw/cedar/signatures/full_org/original_51_15.png,1,genuine_genuine,51
2821,data/raw/cedar/signatures/full_org/original_51_7.png,data/raw/cedar/signatures/full_org/original_51_22.png,1,genuine_genuine,51
2822,data/raw/cedar/signatures/full_org/original_51_6.png,data/raw/cedar/signatures/full_org/original_51_24.png,1,genuine_genuine,51
2823,data/raw/cedar/signatures/full_org/original_51_8.png,data/raw/cedar/signatures/full_org/original_51_21.png,1,genuine_genuine,51
2824,data/raw/cedar/signatures/full_org/original_51_12.png,data/raw/cedar/signatures/full_org/original_51_20.png,1,genuine_genuine,51
2825,data/raw/cedar/signatures/full_org/original_51_16.png,data/raw/cedar/signatures/full_org/original_51_22.png,1,genuine_genuine,51
2826,data/raw/cedar/signatures/full_org/original_51_3.png,data/raw/cedar/signatures/full_org/original_51_24.png,1,genuine_genuine,51
2827,data/raw/cedar/signatures/full_org/original_51_2.png,data/raw/cedar/signatures/full_org/original_51_8.png,1,genuine_genuine,51
2828,data/raw/cedar/signatures/full_org/original_51_6.png,data/raw/cedar/signatures/full_org/original_51_11.png,1,genuine_genuine,51
2829,data/raw/cedar/signatures/full_org/original_51_8.png,data/raw/cedar/signatures/full_org/original_51_11.png,1,genuine_genuine,51
2830,data/raw/cedar/signatures/full_org/original_51_11.png,data/raw/cedar/signatures/full_org/original_51_21.png,1,genuine_genuine,51
2831,data/raw/cedar/signatures/full_org/original_51_12.png,data/raw/cedar/signatures/full_org/original_51_22.png,1,genuine_genuine,51
2832,data/raw/cedar/signatures/full_org/original_51_17.png,data/raw/cedar/signatures/full_org/original_51_18.png,1,genuine_genuine,51
2833,data/raw/cedar/signatures/full_org/original_51_8.png,data/raw/cedar/signatures/full_org/original_51_14.png,1,genuine_genuine,51
2834,data/raw/cedar/signatures/full_org/original_51_2.png,data/raw/cedar/signatures/full_org/original_51_9.png,1,genuine_genuine,51
2835,data/raw/cedar/signatures/full_org/original_51_3.png,data/raw/cedar/signatures/full_org/original_51_23.png,1,genuine_genuine,51
2836,data/raw/cedar/signatures/full_org/original_51_3.png,data/raw/cedar/signatures/full_org/original_51_10.png,1,genuine_genuine,51
2837,data/raw/cedar/signatures/full_org/original_51_1.png,data/raw/cedar/signatures/full_org/original_51_4.png,1,genuine_genuine,51
2838,data/raw/cedar/signatures/full_org/original_51_12.png,data/raw/cedar/signatures/full_org/original_51_18.png,1,genuine_genuine,51
2839,data/raw/cedar/signatures/full_org/original_51_11.png,data/raw/cedar/signatures/full_org/original_51_22.png,1,genuine_genuine,51
2840,data/raw/cedar/signatures/full_org/original_51_8.png,data/raw/cedar/signatures/full_forg/forgeries_51_14.png,0,skilled_forgery,51
2841,data/raw/cedar/signatures/full_org/original_51_15.png,data/raw/cedar/signatures/full_forg/forgeries_51_5.png,0,skilled_forgery,51
2842,data/raw/cedar/signatures/full_org/original_51_7.png,data/raw/cedar/signatures/full_forg/forgeries_51_10.png,0,skilled_forgery,51
2843,data/raw/cedar/signatures/full_org/original_51_1.png,data/raw/cedar/signatures/full_forg/forgeries_51_21.png,0,skilled_forgery,51
2844,data/raw/cedar/signatures/full_org/original_51_14.png,data/raw/cedar/signatures/full_forg/forgeries_51_8.png,0,skilled_forgery,51
2845,data/raw/cedar/signatures/full_org/original_51_5.png,data/raw/cedar/signatures/full_forg/forgeries_51_12.png,0,skilled_forgery,51
2846,data/raw/cedar/signatures/full_org/original_51_13.png,data/raw/cedar/signatures/full_forg/forgeries_51_21.png,0,skilled_forgery,51
2847,data/raw/cedar/signatures/full_org/original_51_21.png,data/raw/cedar/signatures/full_forg/forgeries_51_17.png,0,skilled_forgery,51
2848,data/raw/cedar/signatures/full_org/original_51_11.png,data/raw/cedar/signatures/full_forg/forgeries_51_20.png,0,skilled_forgery,51
2849,data/raw/cedar/signatures/full_org/original_51_7.png,data/raw/cedar/signatures/full_forg/forgeries_51_13.png,0,skilled_forgery,51
2850,data/raw/cedar/signatures/full_org/original_51_7.png,data/raw/cedar/signatures/full_forg/forgeries_51_14.png,0,skilled_forgery,51
2851,data/raw/cedar/signatures/full_org/original_51_6.png,data/raw/cedar/signatures/full_forg/forgeries_51_9.png,0,skilled_forgery,51
2852,data/raw/cedar/signatures/full_org/original_51_16.png,data/raw/cedar/signatures/full_forg/forgeries_51_3.png,0,skilled_forgery,51
2853,data/raw/cedar/signatures/full_org/original_51_22.png,data/raw/cedar/signatures/full_forg/forgeries_51_2.png,0,skilled_forgery,51
2854,data/raw/cedar/signatures/full_org/original_51_8.png,data/raw/cedar/signatures/full_forg/forgeries_51_19.png,0,skilled_forgery,51
2855,data/raw/cedar/signatures/full_org/original_51_16.png,data/raw/cedar/signatures/full_forg/forgeries_51_13.png,0,skilled_forgery,51
2856,data/raw/cedar/signatures/full_org/original_51_21.png,data/raw/cedar/signatures/full_forg/forgeries_51_19.png,0,skilled_forgery,51
2857,data/raw/cedar/signatures/full_org/original_51_20.png,data/raw/cedar/signatures/full_forg/forgeries_51_4.png,0,skilled_forgery,51
2858,data/raw/cedar/signatures/full_org/original_51_21.png,data/raw/cedar/signatures/full_forg/forgeries_51_16.png,0,skilled_forgery,51
2859,data/raw/cedar/signatures/full_org/original_51_22.png,data/raw/cedar/signatures/full_forg/forgeries_51_19.png,0,skilled_forgery,51
2860,data/raw/cedar/signatures/full_org/original_51_17.png,data/raw/cedar/signatures/full_org/original_4_2.png,0,random_forgery,51
2861,data/raw/cedar/signatures/full_org/original_51_13.png,data/raw/cedar/signatures/full_org/original_17_12.png,0,random_forgery,51
2862,data/raw/cedar/signatures/full_org/original_51_19.png,data/raw/cedar/signatures/full_org/original_52_23.png,0,random_forgery,51
2863,data/raw/cedar/signatures/full_org/original_51_22.png,data/raw/cedar/signatures/full_org/original_23_9.png,0,random_forgery,51
2864,data/raw/cedar/signatures/full_org/original_51_11.png,data/raw/cedar/signatures/full_org/original_43_20.png,0,random_forgery,51
2865,data/raw/cedar/signatures/full_org/original_51_18.png,data/raw/cedar/signatures/full_org/original_43_7.png,0,random_forgery,51
2866,data/raw/cedar/signatures/full_org/original_51_11.png,data/raw/cedar/signatures/full_org/original_24_10.png,0,random_forgery,51
2867,data/raw/cedar/signatures/full_org/original_51_17.png,data/raw/cedar/signatures/full_org/original_47_23.png,0,random_forgery,51
2868,data/raw/cedar/signatures/full_org/original_51_12.png,data/raw/cedar/signatures/full_org/original_23_16.png,0,random_forgery,51
2869,data/raw/cedar/signatures/full_org/original_51_20.png,data/raw/cedar/signatures/full_org/original_12_6.png,0,random_forgery,51
2870,data/raw/cedar/signatures/full_org/original_51_10.png,data/raw/cedar/signatures/full_org/original_13_19.png,0,random_forgery,51
2871,data/raw/cedar/signatures/full_org/original_51_16.png,data/raw/cedar/signatures/full_org/original_37_19.png,0,random_forgery,51
2872,data/raw/cedar/signatures/full_org/original_51_9.png,data/raw/cedar/signatures/full_org/original_12_13.png,0,random_forgery,51
2873,data/raw/cedar/signatures/full_org/original_51_23.png,data/raw/cedar/signatures/full_org/original_25_17.png,0,random_forgery,51
2874,data/raw/cedar/signatures/full_org/original_51_21.png,data/raw/cedar/signatures/full_org/original_39_13.png,0,random_forgery,51
2875,data/raw/cedar/signatures/full_org/original_51_22.png,data/raw/cedar/signatures/full_org/original_29_8.png,0,random_forgery,51
2876,data/raw/cedar/signatures/full_org/original_51_1.png,data/raw/cedar/signatures/full_org/original_19_7.png,0,random_forgery,51
2877,data/raw/cedar/signatures/full_org/original_51_16.png,data/raw/cedar/signatures/full_org/original_12_23.png,0,random_forgery,51
2878,data/raw/cedar/signatures/full_org/original_51_22.png,data/raw/cedar/signatures/full_org/original_17_14.png,0,random_forgery,51
2879,data/raw/cedar/signatures/full_org/original_51_12.png,data/raw/cedar/signatures/full_org/original_40_5.png,0,random_forgery,51
2880,data/raw/cedar/signatures/full_org/original_52_2.png,data/raw/cedar/signatures/full_org/original_52_12.png,1,genuine_genuine,52
2881,data/raw/cedar/signatures/full_org/original_52_18.png,data/raw/cedar/signatures/full_org/original_52_23.png,1,genuine_genuine,52
2882,data/raw/cedar/signatures/full_org/original_52_12.png,data/raw/cedar/signatures/full_org/original_52_13.png,1,genuine_genuine,52
2883,data/raw/cedar/signatures/full_org/original_52_5.png,data/raw/cedar/signatures/full_org/original_52_24.png,1,genuine_genuine,52
2884,data/raw/cedar/signatures/full_org/original_52_5.png,data/raw/cedar/signatures/full_org/original_52_10.png,1,genuine_genuine,52
2885,data/raw/cedar/signatures/full_org/original_52_5.png,data/raw/cedar/signatures/full_org/original_52_15.png,1,genuine_genuine,52
2886,data/raw/cedar/signatures/full_org/original_52_14.png,data/raw/cedar/signatures/full_org/original_52_22.png,1,genuine_genuine,52
2887,data/raw/cedar/signatures/full_org/original_52_1.png,data/raw/cedar/signatures/full_org/original_52_9.png,1,genuine_genuine,52
2888,data/raw/cedar/signatures/full_org/original_52_5.png,data/raw/cedar/signatures/full_org/original_52_19.png,1,genuine_genuine,52
2889,data/raw/cedar/signatures/full_org/original_52_4.png,data/raw/cedar/signatures/full_org/original_52_5.png,1,genuine_genuine,52
2890,data/raw/cedar/signatures/full_org/original_52_2.png,data/raw/cedar/signatures/full_org/original_52_8.png,1,genuine_genuine,52
2891,data/raw/cedar/signatures/full_org/original_52_1.png,data/raw/cedar/signatures/full_org/original_52_21.png,1,genuine_genuine,52
2892,data/raw/cedar/signatures/full_org/original_52_1.png,data/raw/cedar/signatures/full_org/original_52_7.png,1,genuine_genuine,52
2893,data/raw/cedar/signatures/full_org/original_52_8.png,data/raw/cedar/signatures/full_org/original_52_20.png,1,genuine_genuine,52
2894,data/raw/cedar/signatures/full_org/original_52_14.png,data/raw/cedar/signatures/full_org/original_52_15.png,1,genuine_genuine,52
2895,data/raw/cedar/signatures/full_org/original_52_1.png,data/raw/cedar/signatures/full_org/original_52_6.png,1,genuine_genuine,52
2896,data/raw/cedar/signatures/full_org/original_52_3.png,data/raw/cedar/signatures/full_org/original_52_6.png,1,genuine_genuine,52
2897,data/raw/cedar/signatures/full_org/original_52_16.png,data/raw/cedar/signatures/full_org/original_52_23.png,1,genuine_genuine,52
2898,data/raw/cedar/signatures/full_org/original_52_3.png,data/raw/cedar/signatures/full_org/original_52_8.png,1,genuine_genuine,52
2899,data/raw/cedar/signatures/full_org/original_52_9.png,data/raw/cedar/signatures/full_org/original_52_11.png,1,genuine_genuine,52
2900,data/raw/cedar/signatures/full_org/original_52_6.png,data/raw/cedar/signatures/full_org/original_52_20.png,1,genuine_genuine,52
2901,data/raw/cedar/signatures/full_org/original_52_4.png,data/raw/cedar/signatures/full_org/original_52_7.png,1,genuine_genuine,52
2902,data/raw/cedar/signatures/full_org/original_52_8.png,data/raw/cedar/signatures/full_org/original_52_23.png,1,genuine_genuine,52
2903,data/raw/cedar/signatures/full_org/original_52_2.png,data/raw/cedar/signatures/full_org/original_52_6.png,1,genuine_genuine,52
2904,data/raw/cedar/signatures/full_org/original_52_13.png,data/raw/cedar/signatures/full_org/original_52_18.png,1,genuine_genuine,52
2905,data/raw/cedar/signatures/full_org/original_52_2.png,data/raw/cedar/signatures/full_org/original_52_20.png,1,genuine_genuine,52
2906,data/raw/cedar/signatures/full_org/original_52_5.png,data/raw/cedar/signatures/full_org/original_52_11.png,1,genuine_genuine,52
2907,data/raw/cedar/signatures/full_org/original_52_5.png,data/raw/cedar/signatures/full_org/original_52_12.png,1,genuine_genuine,52
2908,data/raw/cedar/signatures/full_org/original_52_8.png,data/raw/cedar/signatures/full_org/original_52_13.png,1,genuine_genuine,52
2909,data/raw/cedar/signatures/full_org/original_52_17.png,data/raw/cedar/signatures/full_org/original_52_20.png,1,genuine_genuine,52
2910,data/raw/cedar/signatures/full_org/original_52_13.png,data/raw/cedar/signatures/full_org/original_52_24.png,1,genuine_genuine,52
2911,data/raw/cedar/signatures/full_org/original_52_2.png,data/raw/cedar/signatures/full_org/original_52_13.png,1,genuine_genuine,52
2912,data/raw/cedar/signatures/full_org/original_52_14.png,data/raw/cedar/signatures/full_org/original_52_20.png,1,genuine_genuine,52
2913,data/raw/cedar/signatures/full_org/original_52_2.png,data/raw/cedar/signatures/full_org/original_52_22.png,1,genuine_genuine,52
2914,data/raw/cedar/signatures/full_org/original_52_3.png,data/raw/cedar/signatures/full_org/original_52_23.png,1,genuine_genuine,52
2915,data/raw/cedar/signatures/full_org/original_52_7.png,data/raw/cedar/signatures/full_org/original_52_23.png,1,genuine_genuine,52
2916,data/raw/cedar/signatures/full_org/original_52_10.png,data/raw/cedar/signatures/full_org/original_52_20.png,1,genuine_genuine,52
2917,data/raw/cedar/signatures/full_org/original_52_7.png,data/raw/cedar/signatures/full_org/original_52_14.png,1,genuine_genuine,52
2918,data/raw/cedar/signatures/full_org/original_52_4.png,data/raw/cedar/signatures/full_org/original_52_12.png,1,genuine_genuine,52
2919,data/raw/cedar/signatures/full_org/original_52_9.png,data/raw/cedar/signatures/full_org/original_52_23.png,1,genuine_genuine,52
2920,data/raw/cedar/signatures/full_org/original_52_10.png,data/raw/cedar/signatures/full_forg/forgeries_52_16.png,0,skilled_forgery,52
2921,data/raw/cedar/signatures/full_org/original_52_12.png,data/raw/cedar/signatures/full_forg/forgeries_52_6.png,0,skilled_forgery,52
2922,data/raw/cedar/signatures/full_org/original_52_5.png,data/raw/cedar/signatures/full_forg/forgeries_52_10.png,0,skilled_forgery,52
2923,data/raw/cedar/signatures/full_org/original_52_17.png,data/raw/cedar/signatures/full_forg/forgeries_52_5.png,0,skilled_forgery,52
2924,data/raw/cedar/signatures/full_org/original_52_15.png,data/raw/cedar/signatures/full_forg/forgeries_52_2.png,0,skilled_forgery,52
2925,data/raw/cedar/signatures/full_org/original_52_20.png,data/raw/cedar/signatures/full_forg/forgeries_52_21.png,0,skilled_forgery,52
2926,data/raw/cedar/signatures/full_org/original_52_2.png,data/raw/cedar/signatures/full_forg/forgeries_52_11.png,0,skilled_forgery,52
2927,data/raw/cedar/signatures/full_org/original_52_16.png,data/raw/cedar/signatures/full_forg/forgeries_52_22.png,0,skilled_forgery,52
2928,data/raw/cedar/signatures/full_org/original_52_24.png,data/raw/cedar/signatures/full_forg/forgeries_52_3.png,0,skilled_forgery,52
2929,data/raw/cedar/signatures/full_org/original_52_13.png,data/raw/cedar/signatures/full_forg/forgeries_52_5.png,0,skilled_forgery,52
2930,data/raw/cedar/signatures/full_org/original_52_21.png,data/raw/cedar/signatures/full_forg/forgeries_52_2.png,0,skilled_forgery,52
2931,data/raw/cedar/signatures/full_org/original_52_8.png,data/raw/cedar/signatures/full_forg/forgeries_52_10.png,0,skilled_forgery,52
2932,data/raw/cedar/signatures/full_org/original_52_7.png,data/raw/cedar/signatures/full_forg/forgeries_52_2.png,0,skilled_forgery,52
2933,data/raw/cedar/signatures/full_org/original_52_12.png,data/raw/cedar/signatures/full_forg/forgeries_52_10.png,0,skilled_forgery,52
2934,data/raw/cedar/signatures/full_org/original_52_11.png,data/raw/cedar/signatures/full_forg/forgeries_52_10.png,0,skilled_forgery,52
2935,data/raw/cedar/signatures/full_org/original_52_19.png,data/raw/cedar/signatures/full_forg/forgeries_52_14.png,0,skilled_forgery,52
2936,data/raw/cedar/signatures/full_org/original_52_7.png,data/raw/cedar/signatures/full_forg/forgeries_52_4.png,0,skilled_forgery,52
2937,data/raw/cedar/signatures/full_org/original_52_3.png,data/raw/cedar/signatures/full_forg/forgeries_52_21.png,0,skilled_forgery,52
2938,data/raw/cedar/signatures/full_org/original_52_7.png,data/raw/cedar/signatures/full_forg/forgeries_52_23.png,0,skilled_forgery,52
2939,data/raw/cedar/signatures/full_org/original_52_11.png,data/raw/cedar/signatures/full_forg/forgeries_52_6.png,0,skilled_forgery,52
2940,data/raw/cedar/signatures/full_org/original_52_23.png,data/raw/cedar/signatures/full_org/original_50_24.png,0,random_forgery,52
2941,data/raw/cedar/signatures/full_org/original_52_8.png,data/raw/cedar/signatures/full_org/original_19_14.png,0,random_forgery,52
2942,data/raw/cedar/signatures/full_org/original_52_17.png,data/raw/cedar/signatures/full_org/original_50_4.png,0,random_forgery,52
2943,data/raw/cedar/signatures/full_org/original_52_3.png,data/raw/cedar/signatures/full_org/original_5_8.png,0,random_forgery,52
2944,data/raw/cedar/signatures/full_org/original_52_22.png,data/raw/cedar/signatures/full_org/original_51_5.png,0,random_forgery,52
2945,data/raw/cedar/signatures/full_org/original_52_6.png,data/raw/cedar/signatures/full_org/original_42_3.png,0,random_forgery,52
2946,data/raw/cedar/signatures/full_org/original_52_11.png,data/raw/cedar/signatures/full_org/original_10_4.png,0,random_forgery,52
2947,data/raw/cedar/signatures/full_org/original_52_8.png,data/raw/cedar/signatures/full_org/original_25_9.png,0,random_forgery,52
2948,data/raw/cedar/signatures/full_org/original_52_2.png,data/raw/cedar/signatures/full_org/original_36_4.png,0,random_forgery,52
2949,data/raw/cedar/signatures/full_org/original_52_10.png,data/raw/cedar/signatures/full_org/original_50_6.png,0,random_forgery,52
2950,data/raw/cedar/signatures/full_org/original_52_1.png,data/raw/cedar/signatures/full_org/original_19_4.png,0,random_forgery,52
2951,data/raw/cedar/signatures/full_org/original_52_18.png,data/raw/cedar/signatures/full_org/original_25_22.png,0,random_forgery,52
2952,data/raw/cedar/signatures/full_org/original_52_6.png,data/raw/cedar/signatures/full_org/original_51_12.png,0,random_forgery,52
2953,data/raw/cedar/signatures/full_org/original_52_6.png,data/raw/cedar/signatures/full_org/original_25_2.png,0,random_forgery,52
2954,data/raw/cedar/signatures/full_org/original_52_24.png,data/raw/cedar/signatures/full_org/original_51_7.png,0,random_forgery,52
2955,data/raw/cedar/signatures/full_org/original_52_22.png,data/raw/cedar/signatures/full_org/original_11_13.png,0,random_forgery,52
2956,data/raw/cedar/signatures/full_org/original_52_4.png,data/raw/cedar/signatures/full_org/original_49_24.png,0,random_forgery,52
2957,data/raw/cedar/signatures/full_org/original_52_8.png,data/raw/cedar/signatures/full_org/original_39_14.png,0,random_forgery,52
2958,data/raw/cedar/signatures/full_org/original_52_8.png,data/raw/cedar/signatures/full_org/original_1_18.png,0,random_forgery,52
2959,data/raw/cedar/signatures/full_org/original_52_22.png,data/raw/cedar/signatures/full_org/original_53_22.png,0,random_forgery,52
2960,data/raw/cedar/signatures/full_org/original_53_12.png,data/raw/cedar/signatures/full_org/original_53_13.png,1,genuine_genuine,53
2961,data/raw/cedar/signatures/full_org/original_53_2.png,data/raw/cedar/signatures/full_org/original_53_18.png,1,genuine_genuine,53
2962,data/raw/cedar/signatures/full_org/original_53_5.png,data/raw/cedar/signatures/full_org/original_53_11.png,1,genuine_genuine,53
2963,data/raw/cedar/signatures/full_org/original_53_3.png,data/raw/cedar/signatures/full_org/original_53_13.png,1,genuine_genuine,53
2964,data/raw/cedar/signatures/full_org/original_53_5.png,data/raw/cedar/signatures/full_org/original_53_24.png,1,genuine_genuine,53
2965,data/raw/cedar/signatures/full_org/original_53_13.png,data/raw/cedar/signatures/full_org/original_53_20.png,1,genuine_genuine,53
2966,data/raw/cedar/signatures/full_org/original_53_15.png,data/raw/cedar/signatures/full_org/original_53_17.png,1,genuine_genuine,53
2967,data/raw/cedar/signatures/full_org/original_53_4.png,data/raw/cedar/signatures/full_org/original_53_13.png,1,genuine_genuine,53
2968,data/raw/cedar/signatures/full_org/original_53_6.png,data/raw/cedar/signatures/full_org/original_53_12.png,1,genuine_genuine,53
2969,data/raw/cedar/signatures/full_org/original_53_18.png,data/raw/cedar/signatures/full_org/original_53_24.png,1,genuine_genuine,53
2970,data/raw/cedar/signatures/full_org/original_53_6.png,data/raw/cedar/signatures/full_org/original_53_21.png,1,genuine_genuine,53
2971,data/raw/cedar/signatures/full_org/original_53_1.png,data/raw/cedar/signatures/full_org/original_53_21.png,1,genuine_genuine,53
2972,data/raw/cedar/signatures/full_org/original_53_4.png,data/raw/cedar/signatures/full_org/original_53_18.png,1,genuine_genuine,53
2973,data/raw/cedar/signatures/full_org/original_53_1.png,data/raw/cedar/signatures/full_org/original_53_11.png,1,genuine_genuine,53
2974,data/raw/cedar/signatures/full_org/original_53_1.png,data/raw/cedar/signatures/full_org/original_53_24.png,1,genuine_genuine,53
2975,data/raw/cedar/signatures/full_org/original_53_5.png,data/raw/cedar/signatures/full_org/original_53_9.png,1,genuine_genuine,53
2976,data/raw/cedar/signatures/full_org/original_53_7.png,data/raw/cedar/signatures/full_org/original_53_17.png,1,genuine_genuine,53
2977,data/raw/cedar/signatures/full_org/original_53_20.png,data/raw/cedar/signatures/full_org/original_53_21.png,1,genuine_genuine,53
2978,data/raw/cedar/signatures/full_org/original_53_2.png,data/raw/cedar/signatures/full_org/original_53_11.png,1,genuine_genuine,53
2979,data/raw/cedar/signatures/full_org/original_53_3.png,data/raw/cedar/signatures/full_org/original_53_18.png,1,genuine_genuine,53
2980,data/raw/cedar/signatures/full_org/original_53_1.png,data/raw/cedar/signatures/full_org/original_53_15.png,1,genuine_genuine,53
2981,data/raw/cedar/signatures/full_org/original_53_7.png,data/raw/cedar/signatures/full_org/original_53_14.png,1,genuine_genuine,53
2982,data/raw/cedar/signatures/full_org/original_53_10.png,data/raw/cedar/signatures/full_org/original_53_20.png,1,genuine_genuine,53
2983,data/raw/cedar/signatures/full_org/original_53_7.png,data/raw/cedar/signatures/full_org/original_53_22.png,1,genuine_genuine,53
2984,data/raw/cedar/signatures/full_org/original_53_9.png,data/raw/cedar/signatures/full_org/original_53_15.png,1,genuine_genuine,53
2985,data/raw/cedar/signatures/full_org/original_53_1.png,data/raw/cedar/signatures/full_org/original_53_17.png,1,genuine_genuine,53
2986,data/raw/cedar/signatures/full_org/original_53_14.png,data/raw/cedar/signatures/full_org/original_53_19.png,1,genuine_genuine,53
2987,data/raw/cedar/signatures/full_org/original_53_1.png,data/raw/cedar/signatures/full_org/original_53_6.png,1,genuine_genuine,53
2988,data/raw/cedar/signatures/full_org/original_53_5.png,data/raw/cedar/signatures/full_org/original_53_23.png,1,genuine_genuine,53
2989,data/raw/cedar/signatures/full_org/original_53_13.png,data/raw/cedar/signatures/full_org/original_53_21.png,1,genuine_genuine,53
2990,data/raw/cedar/signatures/full_org/original_53_8.png,data/raw/cedar/signatures/full_org/original_53_14.png,1,genuine_genuine,53
2991,data/raw/cedar/signatures/full_org/original_53_11.png,data/raw/cedar/signatures/full_org/original_53_23.png,1,genuine_genuine,53
2992,data/raw/cedar/signatures/full_org/original_53_13.png,data/raw/cedar/signatures/full_org/original_53_22.png,1,genuine_genuine,53
2993,data/raw/cedar/signatures/full_org/original_53_8.png,data/raw/cedar/signatures/full_org/original_53_17.png,1,genuine_genuine,53
2994,data/raw/cedar/signatures/full_org/original_53_13.png,data/raw/cedar/signatures/full_org/original_53_17.png,1,genuine_genuine,53
2995,data/raw/cedar/signatures/full_org/original_53_2.png,data/raw/cedar/signatures/full_org/original_53_23.png,1,genuine_genuine,53
2996,data/raw/cedar/signatures/full_org/original_53_10.png,data/raw/cedar/signatures/full_org/original_53_24.png,1,genuine_genuine,53
2997,data/raw/cedar/signatures/full_org/original_53_1.png,data/raw/cedar/signatures/full_org/original_53_18.png,1,genuine_genuine,53
2998,data/raw/cedar/signatures/full_org/original_53_10.png,data/raw/cedar/signatures/full_org/original_53_14.png,1,genuine_genuine,53
2999,data/raw/cedar/signatures/full_org/original_53_2.png,data/raw/cedar/signatures/full_org/original_53_19.png,1,genuine_genuine,53
3000,data/raw/cedar/signatures/full_org/original_53_22.png,data/raw/cedar/signatures/full_forg/forgeries_53_21.png,0,skilled_forgery,53
3001,data/raw/cedar/signatures/full_org/original_53_10.png,data/raw/cedar/signatures/full_forg/forgeries_53_14.png,0,skilled_forgery,53
3002,data/raw/cedar/signatures/full_org/original_53_22.png,data/raw/cedar/signatures/full_forg/forgeries_53_4.png,0,skilled_forgery,53
3003,data/raw/cedar/signatures/full_org/original_53_14.png,data/raw/cedar/signatures/full_forg/forgeries_53_3.png,0,skilled_forgery,53
3004,data/raw/cedar/signatures/full_org/original_53_8.png,data/raw/cedar/signatures/full_forg/forgeries_53_9.png,0,skilled_forgery,53
3005,data/raw/cedar/signatures/full_org/original_53_1.png,data/raw/cedar/signatures/full_forg/forgeries_53_18.png,0,skilled_forgery,53
3006,data/raw/cedar/signatures/full_org/original_53_23.png,data/raw/cedar/signatures/full_forg/forgeries_53_21.png,0,skilled_forgery,53
3007,data/raw/cedar/signatures/full_org/original_53_5.png,data/raw/cedar/signatures/full_forg/forgeries_53_5.png,0,skilled_forgery,53
3008,data/raw/cedar/signatures/full_org/original_53_24.png,data/raw/cedar/signatures/full_forg/forgeries_53_4.png,0,skilled_forgery,53
3009,data/raw/cedar/signatures/full_org/original_53_11.png,data/raw/cedar/signatures/full_forg/forgeries_53_15.png,0,skilled_forgery,53
3010,data/raw/cedar/signatures/full_org/original_53_2.png,data/raw/cedar/signatures/full_forg/forgeries_53_17.png,0,skilled_forgery,53
3011,data/raw/cedar/signatures/full_org/original_53_8.png,data/raw/cedar/signatures/full_forg/forgeries_53_22.png,0,skilled_forgery,53
3012,data/raw/cedar/signatures/full_org/original_53_11.png,data/raw/cedar/signatures/full_forg/forgeries_53_10.png,0,skilled_forgery,53
3013,data/raw/cedar/signatures/full_org/original_53_1.png,data/raw/cedar/signatures/full_forg/forgeries_53_7.png,0,skilled_forgery,53
3014,data/raw/cedar/signatures/full_org/original_53_22.png,data/raw/cedar/signatures/full_forg/forgeries_53_23.png,0,skilled_forgery,53
3015,data/raw/cedar/signatures/full_org/original_53_8.png,data/raw/cedar/signatures/full_forg/forgeries_53_14.png,0,skilled_forgery,53
3016,data/raw/cedar/signatures/full_org/original_53_5.png,data/raw/cedar/signatures/full_forg/forgeries_53_4.png,0,skilled_forgery,53
3017,data/raw/cedar/signatures/full_org/original_53_1.png,data/raw/cedar/signatures/full_forg/forgeries_53_23.png,0,skilled_forgery,53
3018,data/raw/cedar/signatures/full_org/original_53_13.png,data/raw/cedar/signatures/full_forg/forgeries_53_14.png,0,skilled_forgery,53
3019,data/raw/cedar/signatures/full_org/original_53_18.png,data/raw/cedar/signatures/full_forg/forgeries_53_2.png,0,skilled_forgery,53
3020,data/raw/cedar/signatures/full_org/original_53_19.png,data/raw/cedar/signatures/full_org/original_51_13.png,0,random_forgery,53
3021,data/raw/cedar/signatures/full_org/original_53_11.png,data/raw/cedar/signatures/full_org/original_55_3.png,0,random_forgery,53
3022,data/raw/cedar/signatures/full_org/original_53_1.png,data/raw/cedar/signatures/full_org/original_23_10.png,0,random_forgery,53
3023,data/raw/cedar/signatures/full_org/original_53_12.png,data/raw/cedar/signatures/full_org/original_47_5.png,0,random_forgery,53
3024,data/raw/cedar/signatures/full_org/original_53_15.png,data/raw/cedar/signatures/full_org/original_46_12.png,0,random_forgery,53
3025,data/raw/cedar/signatures/full_org/original_53_13.png,data/raw/cedar/signatures/full_org/original_49_16.png,0,random_forgery,53
3026,data/raw/cedar/signatures/full_org/original_53_7.png,data/raw/cedar/signatures/full_org/original_10_13.png,0,random_forgery,53
3027,data/raw/cedar/signatures/full_org/original_53_14.png,data/raw/cedar/signatures/full_org/original_31_5.png,0,random_forgery,53
3028,data/raw/cedar/signatures/full_org/original_53_7.png,data/raw/cedar/signatures/full_org/original_10_24.png,0,random_forgery,53
3029,data/raw/cedar/signatures/full_org/original_53_7.png,data/raw/cedar/signatures/full_org/original_40_9.png,0,random_forgery,53
3030,data/raw/cedar/signatures/full_org/original_53_22.png,data/raw/cedar/signatures/full_org/original_30_10.png,0,random_forgery,53
3031,data/raw/cedar/signatures/full_org/original_53_21.png,data/raw/cedar/signatures/full_org/original_23_20.png,0,random_forgery,53
3032,data/raw/cedar/signatures/full_org/original_53_13.png,data/raw/cedar/signatures/full_org/original_26_17.png,0,random_forgery,53
3033,data/raw/cedar/signatures/full_org/original_53_13.png,data/raw/cedar/signatures/full_org/original_55_24.png,0,random_forgery,53
3034,data/raw/cedar/signatures/full_org/original_53_8.png,data/raw/cedar/signatures/full_org/original_25_4.png,0,random_forgery,53
3035,data/raw/cedar/signatures/full_org/original_53_3.png,data/raw/cedar/signatures/full_org/original_50_22.png,0,random_forgery,53
3036,data/raw/cedar/signatures/full_org/original_53_7.png,data/raw/cedar/signatures/full_org/original_19_8.png,0,random_forgery,53
3037,data/raw/cedar/signatures/full_org/original_53_15.png,data/raw/cedar/signatures/full_org/original_34_22.png,0,random_forgery,53
3038,data/raw/cedar/signatures/full_org/original_53_3.png,data/raw/cedar/signatures/full_org/original_39_16.png,0,random_forgery,53
3039,data/raw/cedar/signatures/full_org/original_53_15.png,data/raw/cedar/signatures/full_org/original_10_8.png,0,random_forgery,53
3040,data/raw/cedar/signatures/full_org/original_54_13.png,data/raw/cedar/signatures/full_org/original_54_19.png,1,genuine_genuine,54
3041,data/raw/cedar/signatures/full_org/original_54_7.png,data/raw/cedar/signatures/full_org/original_54_23.png,1,genuine_genuine,54
3042,data/raw/cedar/signatures/full_org/original_54_20.png,data/raw/cedar/signatures/full_org/original_54_22.png,1,genuine_genuine,54
3043,data/raw/cedar/signatures/full_org/original_54_11.png,data/raw/cedar/signatures/full_org/original_54_15.png,1,genuine_genuine,54
3044,data/raw/cedar/signatures/full_org/original_54_17.png,data/raw/cedar/signatures/full_org/original_54_19.png,1,genuine_genuine,54
3045,data/raw/cedar/signatures/full_org/original_54_10.png,data/raw/cedar/signatures/full_org/original_54_18.png,1,genuine_genuine,54
3046,data/raw/cedar/signatures/full_org/original_54_3.png,data/raw/cedar/signatures/full_org/original_54_15.png,1,genuine_genuine,54
3047,data/raw/cedar/signatures/full_org/original_54_5.png,data/raw/cedar/signatures/full_org/original_54_18.png,1,genuine_genuine,54
3048,data/raw/cedar/signatures/full_org/original_54_18.png,data/raw/cedar/signatures/full_org/original_54_24.png,1,genuine_genuine,54
3049,data/raw/cedar/signatures/full_org/original_54_1.png,data/raw/cedar/signatures/full_org/original_54_14.png,1,genuine_genuine,54
3050,data/raw/cedar/signatures/full_org/original_54_2.png,data/raw/cedar/signatures/full_org/original_54_7.png,1,genuine_genuine,54
3051,data/raw/cedar/signatures/full_org/original_54_14.png,data/raw/cedar/signatures/full_org/original_54_23.png,1,genuine_genuine,54
3052,data/raw/cedar/signatures/full_org/original_54_10.png,data/raw/cedar/signatures/full_org/original_54_16.png,1,genuine_genuine,54
3053,data/raw/cedar/signatures/full_org/original_54_3.png,data/raw/cedar/signatures/full_org/original_54_9.png,1,genuine_genuine,54
3054,data/raw/cedar/signatures/full_org/original_54_1.png,data/raw/cedar/signatures/full_org/original_54_3.png,1,genuine_genuine,54
3055,data/raw/cedar/signatures/full_org/original_54_12.png,data/raw/cedar/signatures/full_org/original_54_18.png,1,genuine_genuine,54
3056,data/raw/cedar/signatures/full_org/original_54_2.png,data/raw/cedar/signatures/full_org/original_54_5.png,1,genuine_genuine,54
3057,data/raw/cedar/signatures/full_org/original_54_2.png,data/raw/cedar/signatures/full_org/original_54_24.png,1,genuine_genuine,54
3058,data/raw/cedar/signatures/full_org/original_54_11.png,data/raw/cedar/signatures/full_org/original_54_17.png,1,genuine_genuine,54
3059,data/raw/cedar/signatures/full_org/original_54_12.png,data/raw/cedar/signatures/full_org/original_54_19.png,1,genuine_genuine,54
3060,data/raw/cedar/signatures/full_org/original_54_7.png,data/raw/cedar/signatures/full_org/original_54_15.png,1,genuine_genuine,54
3061,data/raw/cedar/signatures/full_org/original_54_3.png,data/raw/cedar/signatures/full_org/original_54_4.png,1,genuine_genuine,54
3062,data/raw/cedar/signatures/full_org/original_54_7.png,data/raw/cedar/signatures/full_org/original_54_8.png,1,genuine_genuine,54
3063,data/raw/cedar/signatures/full_org/original_54_7.png,data/raw/cedar/signatures/full_org/original_54_9.png,1,genuine_genuine,54
3064,data/raw/cedar/signatures/full_org/original_54_7.png,data/raw/cedar/signatures/full_org/original_54_24.png,1,genuine_genuine,54
3065,data/raw/cedar/signatures/full_org/original_54_5.png,data/raw/cedar/signatures/full_org/original_54_23.png,1,genuine_genuine,54
3066,data/raw/cedar/signatures/full_org/original_54_2.png,data/raw/cedar/signatures/full_org/original_54_22.png,1,genuine_genuine,54
3067,data/raw/cedar/signatures/full_org/original_54_16.png,data/raw/cedar/signatures/full_org/original_54_19.png,1,genuine_genuine,54
3068,data/raw/cedar/signatures/full_org/original_54_5.png,data/raw/cedar/signatures/full_org/original_54_6.png,1,genuine_genuine,54
3069,data/raw/cedar/signatures/full_org/original_54_7.png,data/raw/cedar/signatures/full_org/original_54_18.png,1,genuine_genuine,54
3070,data/raw/cedar/signatures/full_org/original_54_7.png,data/raw/cedar/signatures/full_org/original_54_21.png,1,genuine_genuine,54
3071,data/raw/cedar/signatures/full_org/original_54_2.png,data/raw/cedar/signatures/full_org/original_54_21.png,1,genuine_genuine,54
3072,data/raw/cedar/signatures/full_org/original_54_9.png,data/raw/cedar/signatures/full_org/original_54_16.png,1,genuine_genuine,54
3073,data/raw/cedar/signatures/full_org/original_54_17.png,data/raw/cedar/signatures/full_org/original_54_18.png,1,genuine_genuine,54
3074,data/raw/cedar/signatures/full_org/original_54_19.png,data/raw/cedar/signatures/full_org/original_54_22.png,1,genuine_genuine,54
3075,data/raw/cedar/signatures/full_org/original_54_1.png,data/raw/cedar/signatures/full_org/original_54_12.png,1,genuine_genuine,54
3076,data/raw/cedar/signatures/full_org/original_54_5.png,data/raw/cedar/signatures/full_org/original_54_16.png,1,genuine_genuine,54
3077,data/raw/cedar/signatures/full_org/original_54_2.png,data/raw/cedar/signatures/full_org/original_54_12.png,1,genuine_genuine,54
3078,data/raw/cedar/signatures/full_org/original_54_9.png,data/raw/cedar/signatures/full_org/original_54_17.png,1,genuine_genuine,54
3079,data/raw/cedar/signatures/full_org/original_54_7.png,data/raw/cedar/signatures/full_org/original_54_17.png,1,genuine_genuine,54
3080,data/raw/cedar/signatures/full_org/original_54_9.png,data/raw/cedar/signatures/full_forg/forgeries_54_18.png,0,skilled_forgery,54
3081,data/raw/cedar/signatures/full_org/original_54_12.png,data/raw/cedar/signatures/full_forg/forgeries_54_5.png,0,skilled_forgery,54
3082,data/raw/cedar/signatures/full_org/original_54_21.png,data/raw/cedar/signatures/full_forg/forgeries_54_9.png,0,skilled_forgery,54
3083,data/raw/cedar/signatures/full_org/original_54_21.png,data/raw/cedar/signatures/full_forg/forgeries_54_17.png,0,skilled_forgery,54
3084,data/raw/cedar/signatures/full_org/original_54_5.png,data/raw/cedar/signatures/full_forg/forgeries_54_24.png,0,skilled_forgery,54
3085,data/raw/cedar/signatures/full_org/original_54_16.png,data/raw/cedar/signatures/full_forg/forgeries_54_2.png,0,skilled_forgery,54
3086,data/raw/cedar/signatures/full_org/original_54_13.png,data/raw/cedar/signatures/full_forg/forgeries_54_17.png,0,skilled_forgery,54
3087,data/raw/cedar/signatures/full_org/original_54_21.png,data/raw/cedar/signatures/full_forg/forgeries_54_8.png,0,skilled_forgery,54
3088,data/raw/cedar/signatures/full_org/original_54_8.png,data/raw/cedar/signatures/full_forg/forgeries_54_8.png,0,skilled_forgery,54
3089,data/raw/cedar/signatures/full_org/original_54_5.png,data/raw/cedar/signatures/full_forg/forgeries_54_21.png,0,skilled_forgery,54
3090,data/raw/cedar/signatures/full_org/original_54_16.png,data/raw/cedar/signatures/full_forg/forgeries_54_22.png,0,skilled_forgery,54
3091,data/raw/cedar/signatures/full_org/original_54_13.png,data/raw/cedar/signatures/full_forg/forgeries_54_8.png,0,skilled_forgery,54
3092,data/raw/cedar/signatures/full_org/original_54_8.png,data/raw/cedar/signatures/full_forg/forgeries_54_11.png,0,skilled_forgery,54
3093,data/raw/cedar/signatures/full_org/original_54_6.png,data/raw/cedar/signatures/full_forg/forgeries_54_22.png,0,skilled_forgery,54
3094,data/raw/cedar/signatures/full_org/original_54_7.png,data/raw/cedar/signatures/full_forg/forgeries_54_15.png,0,skilled_forgery,54
3095,data/raw/cedar/signatures/full_org/original_54_3.png,data/raw/cedar/signatures/full_forg/forgeries_54_10.png,0,skilled_forgery,54
3096,data/raw/cedar/signatures/full_org/original_54_11.png,data/raw/cedar/signatures/full_forg/forgeries_54_9.png,0,skilled_forgery,54
3097,data/raw/cedar/signatures/full_org/original_54_13.png,data/raw/cedar/signatures/full_forg/forgeries_54_13.png,0,skilled_forgery,54
3098,data/raw/cedar/signatures/full_org/original_54_12.png,data/raw/cedar/signatures/full_forg/forgeries_54_20.png,0,skilled_forgery,54
3099,data/raw/cedar/signatures/full_org/original_54_12.png,data/raw/cedar/signatures/full_forg/forgeries_54_13.png,0,skilled_forgery,54
3100,data/raw/cedar/signatures/full_org/original_54_17.png,data/raw/cedar/signatures/full_org/original_34_13.png,0,random_forgery,54
3101,data/raw/cedar/signatures/full_org/original_54_24.png,data/raw/cedar/signatures/full_org/original_37_16.png,0,random_forgery,54
3102,data/raw/cedar/signatures/full_org/original_54_12.png,data/raw/cedar/signatures/full_org/original_13_11.png,0,random_forgery,54
3103,data/raw/cedar/signatures/full_org/original_54_9.png,data/raw/cedar/signatures/full_org/original_26_14.png,0,random_forgery,54
3104,data/raw/cedar/signatures/full_org/original_54_12.png,data/raw/cedar/signatures/full_org/original_4_8.png,0,random_forgery,54
3105,data/raw/cedar/signatures/full_org/original_54_5.png,data/raw/cedar/signatures/full_org/original_53_13.png,0,random_forgery,54
3106,data/raw/cedar/signatures/full_org/original_54_20.png,data/raw/cedar/signatures/full_org/original_5_14.png,0,random_forgery,54
3107,data/raw/cedar/signatures/full_org/original_54_9.png,data/raw/cedar/signatures/full_org/original_46_24.png,0,random_forgery,54
3108,data/raw/cedar/signatures/full_org/original_54_21.png,data/raw/cedar/signatures/full_org/original_37_23.png,0,random_forgery,54
3109,data/raw/cedar/signatures/full_org/original_54_16.png,data/raw/cedar/signatures/full_org/original_17_5.png,0,random_forgery,54
3110,data/raw/cedar/signatures/full_org/original_54_21.png,data/raw/cedar/signatures/full_org/original_10_11.png,0,random_forgery,54
3111,data/raw/cedar/signatures/full_org/original_54_13.png,data/raw/cedar/signatures/full_org/original_23_23.png,0,random_forgery,54
3112,data/raw/cedar/signatures/full_org/original_54_20.png,data/raw/cedar/signatures/full_org/original_30_19.png,0,random_forgery,54
3113,data/raw/cedar/signatures/full_org/original_54_4.png,data/raw/cedar/signatures/full_org/original_11_20.png,0,random_forgery,54
3114,data/raw/cedar/signatures/full_org/original_54_23.png,data/raw/cedar/signatures/full_org/original_19_17.png,0,random_forgery,54
3115,data/raw/cedar/signatures/full_org/original_54_14.png,data/raw/cedar/signatures/full_org/original_33_15.png,0,random_forgery,54
3116,data/raw/cedar/signatures/full_org/original_54_17.png,data/raw/cedar/signatures/full_org/original_19_12.png,0,random_forgery,54
3117,data/raw/cedar/signatures/full_org/original_54_6.png,data/raw/cedar/signatures/full_org/original_5_3.png,0,random_forgery,54
3118,data/raw/cedar/signatures/full_org/original_54_11.png,data/raw/cedar/signatures/full_org/original_33_24.png,0,random_forgery,54
3119,data/raw/cedar/signatures/full_org/original_54_18.png,data/raw/cedar/signatures/full_org/original_23_8.png,0,random_forgery,54
3120,data/raw/cedar/signatures/full_org/original_55_1.png,data/raw/cedar/signatures/full_org/original_55_10.png,1,genuine_genuine,55
3121,data/raw/cedar/signatures/full_org/original_55_14.png,data/raw/cedar/signatures/full_org/original_55_21.png,1,genuine_genuine,55
3122,data/raw/cedar/signatures/full_org/original_55_10.png,data/raw/cedar/signatures/full_org/original_55_23.png,1,genuine_genuine,55
3123,data/raw/cedar/signatures/full_org/original_55_4.png,data/raw/cedar/signatures/full_org/original_55_19.png,1,genuine_genuine,55
3124,data/raw/cedar/signatures/full_org/original_55_15.png,data/raw/cedar/signatures/full_org/original_55_16.png,1,genuine_genuine,55
3125,data/raw/cedar/signatures/full_org/original_55_3.png,data/raw/cedar/signatures/full_org/original_55_14.png,1,genuine_genuine,55
3126,data/raw/cedar/signatures/full_org/original_55_18.png,data/raw/cedar/signatures/full_org/original_55_23.png,1,genuine_genuine,55
3127,data/raw/cedar/signatures/full_org/original_55_14.png,data/raw/cedar/signatures/full_org/original_55_24.png,1,genuine_genuine,55
3128,data/raw/cedar/signatures/full_org/original_55_6.png,data/raw/cedar/signatures/full_org/original_55_16.png,1,genuine_genuine,55
3129,data/raw/cedar/signatures/full_org/original_55_8.png,data/raw/cedar/signatures/full_org/original_55_9.png,1,genuine_genuine,55
3130,data/raw/cedar/signatures/full_org/original_55_11.png,data/raw/cedar/signatures/full_org/original_55_13.png,1,genuine_genuine,55
3131,data/raw/cedar/signatures/full_org/original_55_23.png,data/raw/cedar/signatures/full_org/original_55_24.png,1,genuine_genuine,55
3132,data/raw/cedar/signatures/full_org/original_55_3.png,data/raw/cedar/signatures/full_org/original_55_8.png,1,genuine_genuine,55
3133,data/raw/cedar/signatures/full_org/original_55_11.png,data/raw/cedar/signatures/full_org/original_55_15.png,1,genuine_genuine,55
3134,data/raw/cedar/signatures/full_org/original_55_11.png,data/raw/cedar/signatures/full_org/original_55_19.png,1,genuine_genuine,55
3135,data/raw/cedar/signatures/full_org/original_55_13.png,data/raw/cedar/signatures/full_org/original_55_14.png,1,genuine_genuine,55
3136,data/raw/cedar/signatures/full_org/original_55_3.png,data/raw/cedar/signatures/full_org/original_55_22.png,1,genuine_genuine,55
3137,data/raw/cedar/signatures/full_org/original_55_6.png,data/raw/cedar/signatures/full_org/original_55_24.png,1,genuine_genuine,55
3138,data/raw/cedar/signatures/full_org/original_55_12.png,data/raw/cedar/signatures/full_org/original_55_23.png,1,genuine_genuine,55
3139,data/raw/cedar/signatures/full_org/original_55_11.png,data/raw/cedar/signatures/full_org/original_55_23.png,1,genuine_genuine,55
3140,data/raw/cedar/signatures/full_org/original_55_8.png,data/raw/cedar/signatures/full_org/original_55_22.png,1,genuine_genuine,55
3141,data/raw/cedar/signatures/full_org/original_55_3.png,data/raw/cedar/signatures/full_org/original_55_24.png,1,genuine_genuine,55
3142,data/raw/cedar/signatures/full_org/original_55_1.png,data/raw/cedar/signatures/full_org/original_55_13.png,1,genuine_genuine,55
3143,data/raw/cedar/signatures/full_org/original_55_1.png,data/raw/cedar/signatures/full_org/original_55_16.png,1,genuine_genuine,55
3144,data/raw/cedar/signatures/full_org/original_55_20.png,data/raw/cedar/signatures/full_org/original_55_22.png,1,genuine_genuine,55
3145,data/raw/cedar/signatures/full_org/original_55_11.png,data/raw/cedar/signatures/full_org/original_55_18.png,1,genuine_genuine,55
3146,data/raw/cedar/signatures/full_org/original_55_1.png,data/raw/cedar/signatures/full_org/original_55_5.png,1,genuine_genuine,55
3147,data/raw/cedar/signatures/full_org/original_55_22.png,data/raw/cedar/signatures/full_org/original_55_23.png,1,genuine_genuine,55
3148,data/raw/cedar/signatures/full_org/original_55_18.png,data/raw/cedar/signatures/full_org/original_55_24.png,1,genuine_genuine,55
3149,data/raw/cedar/signatures/full_org/original_55_8.png,data/raw/cedar/signatures/full_org/original_55_10.png,1,genuine_genuine,55
3150,data/raw/cedar/signatures/full_org/original_55_3.png,data/raw/cedar/signatures/full_org/original_55_19.png,1,genuine_genuine,55
3151,data/raw/cedar/signatures/full_org/original_55_18.png,data/raw/cedar/signatures/full_org/original_55_20.png,1,genuine_genuine,55
3152,data/raw/cedar/signatures/full_org/original_55_2.png,data/raw/cedar/signatures/full_org/original_55_9.png,1,genuine_genuine,55
3153,data/raw/cedar/signatures/full_org/original_55_5.png,data/raw/cedar/signatures/full_org/original_55_19.png,1,genuine_genuine,55
3154,data/raw/cedar/signatures/full_org/original_55_2.png,data/raw/cedar/signatures/full_org/original_55_21.png,1,genuine_genuine,55
3155,data/raw/cedar/signatures/full_org/original_55_13.png,data/raw/cedar/signatures/full_org/original_55_18.png,1,genuine_genuine,55
3156,data/raw/cedar/signatures/full_org/original_55_2.png,data/raw/cedar/signatures/full_org/original_55_3.png,1,genuine_genuine,55
3157,data/raw/cedar/signatures/full_org/original_55_3.png,data/raw/cedar/signatures/full_org/original_55_7.png,1,genuine_genuine,55
3158,data/raw/cedar/signatures/full_org/original_55_3.png,data/raw/cedar/signatures/full_org/original_55_13.png,1,genuine_genuine,55
3159,data/raw/cedar/signatures/full_org/original_55_4.png,data/raw/cedar/signatures/full_org/original_55_5.png,1,genuine_genuine,55
3160,data/raw/cedar/signatures/full_org/original_55_8.png,data/raw/cedar/signatures/full_forg/forgeries_55_15.png,0,skilled_forgery,55
3161,data/raw/cedar/signatures/full_org/original_55_15.png,data/raw/cedar/signatures/full_forg/forgeries_55_20.png,0,skilled_forgery,55
3162,data/raw/cedar/signatures/full_org/original_55_10.png,data/raw/cedar/signatures/full_forg/forgeries_55_1.png,0,skilled_forgery,55
3163,data/raw/cedar/signatures/full_org/original_55_10.png,data/raw/cedar/signatures/full_forg/forgeries_55_10.png,0,skilled_forgery,55
3164,data/raw/cedar/signatures/full_org/original_55_4.png,data/raw/cedar/signatures/full_forg/forgeries_55_19.png,0,skilled_forgery,55
3165,data/raw/cedar/signatures/full_org/original_55_1.png,data/raw/cedar/signatures/full_forg/forgeries_55_5.png,0,skilled_forgery,55
3166,data/raw/cedar/signatures/full_org/original_55_20.png,data/raw/cedar/signatures/full_forg/forgeries_55_14.png,0,skilled_forgery,55
3167,data/raw/cedar/signatures/full_org/original_55_7.png,data/raw/cedar/signatures/full_forg/forgeries_55_4.png,0,skilled_forgery,55
3168,data/raw/cedar/signatures/full_org/original_55_23.png,data/raw/cedar/signatures/full_forg/forgeries_55_17.png,0,skilled_forgery,55
3169,data/raw/cedar/signatures/full_org/original_55_3.png,data/raw/cedar/signatures/full_forg/forgeries_55_24.png,0,skilled_forgery,55
3170,data/raw/cedar/signatures/full_org/original_55_11.png,data/raw/cedar/signatures/full_forg/forgeries_55_1.png,0,skilled_forgery,55
3171,data/raw/cedar/signatures/full_org/original_55_19.png,data/raw/cedar/signatures/full_forg/forgeries_55_9.png,0,skilled_forgery,55
3172,data/raw/cedar/signatures/full_org/original_55_4.png,data/raw/cedar/signatures/full_forg/forgeries_55_9.png,0,skilled_forgery,55
3173,data/raw/cedar/signatures/full_org/original_55_8.png,data/raw/cedar/signatures/full_forg/forgeries_55_16.png,0,skilled_forgery,55
3174,data/raw/cedar/signatures/full_org/original_55_14.png,data/raw/cedar/signatures/full_forg/forgeries_55_21.png,0,skilled_forgery,55
3175,data/raw/cedar/signatures/full_org/original_55_1.png,data/raw/cedar/signatures/full_forg/forgeries_55_18.png,0,skilled_forgery,55
3176,data/raw/cedar/signatures/full_org/original_55_12.png,data/raw/cedar/signatures/full_forg/forgeries_55_18.png,0,skilled_forgery,55
3177,data/raw/cedar/signatures/full_org/original_55_21.png,data/raw/cedar/signatures/full_forg/forgeries_55_2.png,0,skilled_forgery,55
3178,data/raw/cedar/signatures/full_org/original_55_13.png,data/raw/cedar/signatures/full_forg/forgeries_55_21.png,0,skilled_forgery,55
3179,data/raw/cedar/signatures/full_org/original_55_20.png,data/raw/cedar/signatures/full_forg/forgeries_55_18.png,0,skilled_forgery,55
3180,data/raw/cedar/signatures/full_org/original_55_20.png,data/raw/cedar/signatures/full_org/original_5_15.png,0,random_forgery,55
3181,data/raw/cedar/signatures/full_org/original_55_15.png,data/raw/cedar/signatures/full_org/original_42_15.png,0,random_forgery,55
3182,data/raw/cedar/signatures/full_org/original_55_12.png,data/raw/cedar/signatures/full_org/original_54_15.png,0,random_forgery,55
3183,data/raw/cedar/signatures/full_org/original_55_21.png,data/raw/cedar/signatures/full_org/original_5_7.png,0,random_forgery,55
3184,data/raw/cedar/signatures/full_org/original_55_19.png,data/raw/cedar/signatures/full_org/original_52_14.png,0,random_forgery,55
3185,data/raw/cedar/signatures/full_org/original_55_13.png,data/raw/cedar/signatures/full_org/original_19_8.png,0,random_forgery,55
3186,data/raw/cedar/signatures/full_org/original_55_15.png,data/raw/cedar/signatures/full_org/original_46_19.png,0,random_forgery,55
3187,data/raw/cedar/signatures/full_org/original_55_24.png,data/raw/cedar/signatures/full_org/original_21_15.png,0,random_forgery,55
3188,data/raw/cedar/signatures/full_org/original_55_22.png,data/raw/cedar/signatures/full_org/original_11_3.png,0,random_forgery,55
3189,data/raw/cedar/signatures/full_org/original_55_15.png,data/raw/cedar/signatures/full_org/original_10_8.png,0,random_forgery,55
3190,data/raw/cedar/signatures/full_org/original_55_4.png,data/raw/cedar/signatures/full_org/original_33_5.png,0,random_forgery,55
3191,data/raw/cedar/signatures/full_org/original_55_20.png,data/raw/cedar/signatures/full_org/original_51_14.png,0,random_forgery,55
3192,data/raw/cedar/signatures/full_org/original_55_6.png,data/raw/cedar/signatures/full_org/original_21_22.png,0,random_forgery,55
3193,data/raw/cedar/signatures/full_org/original_55_14.png,data/raw/cedar/signatures/full_org/original_5_18.png,0,random_forgery,55
3194,data/raw/cedar/signatures/full_org/original_55_10.png,data/raw/cedar/signatures/full_org/original_20_7.png,0,random_forgery,55
3195,data/raw/cedar/signatures/full_org/original_55_8.png,data/raw/cedar/signatures/full_org/original_20_7.png,0,random_forgery,55
3196,data/raw/cedar/signatures/full_org/original_55_2.png,data/raw/cedar/signatures/full_org/original_25_5.png,0,random_forgery,55
3197,data/raw/cedar/signatures/full_org/original_55_20.png,data/raw/cedar/signatures/full_org/original_23_19.png,0,random_forgery,55
3198,data/raw/cedar/signatures/full_org/original_55_9.png,data/raw/cedar/signatures/full_org/original_24_9.png,0,random_forgery,55
3199,data/raw/cedar/signatures/full_org/original_55_1.png,data/raw/cedar/signatures/full_org/original_36_13.png,0,random_forgery,55
