pair_id,path_a,path_b,label,forgery_type,writer_id,score,tau_used,prediction
0,data/raw/bhsig260/BHSig100_Bengali/Genuine/B-S-1-G-11.tif,data/raw/bhsig260/BHSig100_Bengali/Genuine/B-S-1-G-15.tif,1,genuine_genuine,1,0.22721675038337708,0.24711237681898562,1
1,data/raw/bhsig260/BHSig100_Bengali/Genuine/B-S-1-G-01.tif,data/raw/bhsig260/BHSig100_Bengali/Genuine/B-S-1-G-07.tif,1,genuine_genuine,1,0.13310256600379944,0.24711237681898562,1
2,data/raw/bhsig260/BHSig100_Bengali/Genuine/B-S-1-G-20.tif,data/raw/bhsig260/BHSig100_Bengali/Genuine/B-S-1-G-23.tif,1,genuine_genuine,1,0.23717612028121948,0.24711237681898562,1
3,data/raw/bhsig260/BHSig100_Bengali/Genuine/B-S-1-G-13.tif,data/raw/bhsig260/BHSig100_Bengali/Genuine/B-S-1-G-14.tif,1,genuine_genuine,1,0.46983492374420166,0.24711237681898562,0
4,data/raw/bhsig260/BHSig100_Bengali/Genuine/B-S-1-G-11.tif,data/raw/bhsig260/BHSig100_Bengali/Genuine/B-S-1-G-18.tif,1,genuine_genuine,1,0.14936469495296478,0.24711237681898562,1
5,data/raw/bhsig260/BHSig100_Bengali/Genuine/B-S-1-G-14.tif,data/raw/bhsig260/BHSig100_Bengali/Genuine/B-S-1-G-19.tif,1,genuine_genuine,1,0.2639537453651428,0.24711237681898562,0
6,data/raw/bhsig260/BHSig100_Bengali/Genuine/B-S-1-G-06.tif,data/raw/bhsig260/BHSig100_Bengali/Genuine/B-S-1-G-23.tif,1,genuine_genuine,1,0.4157320559024811,0.24711237681898562,0
7,data/raw/bhsig260/BHSig100_Bengali/Genuine/B-S-1-G-01.tif,data/raw/bhsig260/BHSig100_Bengali/Genuine/B-S-1-G-11.tif,1,genuine_genuine,1,0.17214317619800568,0.24711237681898562,1
8,data/raw/bhsig260/BHSig100_Bengali/Genuine/B-S-1-G-01.tif,data/raw/bhsig260/BHSig100_Bengali/Genuine/B-S-1-G-08.tif,1,genuine_genuine,1,0.238097682595253,0.24711237681898562,1
9,data/raw/bhsig260/BHSig100_Bengali/Genuine/B-S-1-G-06.tif,data/raw/bhsig260/BHSig100_Bengali/Genuine/B-S-1-G-22.tif,1,genuine_genuine,1,0.5440807342529297,0.24711237681898562,0
10,data/raw/bhsig260/BHSig100_Bengali/Genuine/B-S-1-G-01.tif,data/raw/bhsig260/BHSig100_Bengali/Forged/B-S-1-F-06.tif,0,skilled_forgery,1,0.495092511177063,0.24711237681898562,0
11,data/raw/bhsig260/BHSig100_Bengali/Genuine/B-S-1-G-21.tif,data/raw/bhsig260/BHSig100_Bengali/Forged/B-S-1-F-22.tif,0,skilled_forgery,1,0.4512215256690979,0.24711237681898562,0
12,data/raw/bhsig260/BHSig100_Bengali/Genuine/B-S-1-G-09.tif,data/raw/bhsig260/BHSig100_Bengali/Forged/B-S-1-F-30.tif,0,skilled_forgery,1,0.29334941506385803,0.24711237681898562,0
13,data/raw/bhsig260/BHSig100_Bengali/Genuine/B-S-1-G-16.tif,data/raw/bhsig260/BHSig100_Bengali/Forged/B-S-1-F-24.tif,0,skilled_forgery,1,0.26920199394226074,0.24711237681898562,0
14,data/raw/bhsig260/BHSig100_Bengali/Genuine/B-S-1-G-13.tif,data/raw/bhsig260/BHSig100_Bengali/Forged/B-S-1-F-12.tif,0,skilled_forgery,1,1.1074426174163818,0.24711237681898562,0
15,data/raw/bhsig260/BHSig100_Bengali/Genuine/B-S-1-G-06.tif,data/raw/bhsig260/BHSig160_Hindi/Genuine/H-S-44-G-19.tif,0,random_forgery,1,1.053316354751587,0.24711237681898562,0
16,data/raw/bhsig260/BHSig100_Bengali/Genuine/B-S-1-G-21.tif,data/raw/bhsig260/BHSig160_Hindi/Genuine/H-S-125-G-16.tif,0,random_forgery,1,0.2037399858236313,0.24711237681898562,1
17,data/raw/bhsig260/BHSig100_Bengali/Genuine/B-S-1-G-16.tif,data/raw/bhsig260/BHSig100_Bengali/Genuine/B-S-48-G-12.tif,0,random_forgery,1,0.5640315413475037,0.24711237681898562,0
18,data/raw/bhsig260/BHSig100_Bengali/Genuine/B-S-1-G-11.tif,data/raw/bhsig260/BHSig160_Hindi/Genuine/H-S-111-G-11.tif,0,random_forgery,1,0.6148571968078613,0.24711237681898562,0
19,data/raw/bhsig260/BHSig100_Bengali/Genuine/B-S-1-G-06.tif,data/raw/bhsig260/BHSig100_Bengali/Genuine/B-S-55-G-11.tif,0,random_forgery,1,0.7292071580886841,0.24711237681898562,0
20,data/raw/bhsig260/BHSig100_Bengali/Genuine/B-S-2-G-05.tif,data/raw/bhsig260/BHSig100_Bengali/Genuine/B-S-2-G-14.tif,1,genuine_genuine,2,0.31552332639694214,0.24711237681898562,0
21,data/raw/bhsig260/BHSig100_Bengali/Genuine/B-S-2-G-07.tif,data/raw/bhsig260/BHSig100_Bengali/Genuine/B-S-2-G-18.tif,1,genuine_genuine,2,0.9849108457565308,0.24711237681898562,0
22,data/raw/bhsig260/BHSig100_Bengali/Genuine/B-S-2-G-03.tif,data/raw/bhsig260/BHSig100_Bengali/Genuine/B-S-2-G-05.tif,1,genuine_genuine,2,0.18236830830574036,0.24711237681898562,1
23,data/raw/bhsig260/BHSig100_Bengali/Genuine/B-S-2-G-02.tif,data/raw/bhsig260/BHSig100_Bengali/Genuine/B-S-2-G-04.tif,1,genuine_genuine,2,0.5449144840240479,0.24711237681898562,0
24,data/raw/bhsig260/BHSig100_Bengali/Genuine/B-S-2-G-06.tif,data/raw/bhsig260/BHSig100_Bengali/Genuine/B-S-2-G-12.tif,1,genuine_genuine,2,1.4911302328109741,0.24711237681898562,0
25,data/raw/bhsig260/BHSig100_Bengali/Genuine/B-S-2-G-09.tif,data/raw/bhsig260/BHSig100_Bengali/Genuine/B-S-2-G-23.tif,1,genuine_genuine,2,0.25335371494293213,0.24711237681898562,0
26,data/raw/bhsig260/BHSig100_Bengali/Genuine/B-S-2-G-04.tif,data/raw/bhsig260/BHSig100_Bengali/Genuine/B-S-2-G-10.tif,1,genuine_genuine,2,0.41055408120155334,0.24711237681898562,0
27,data/raw/bhsig260/BHSig100_Bengali/Genuine/B-S-2-G-03.tif,data/raw/bhsig260/BHSig100_Bengali/Genuine/B-S-2-G-24.tif,1,genuine_genuine,2,0.18944686651229858,0.24711237681898562,1
28,data/raw/bhsig260/BHSig100_Bengali/Genuine/B-S-2-G-02.tif,data/raw/bhsig260/BHSig100_Bengali/Genuine/B-S-2-G-06.tif,1,genuine_genuine,2,1.120708703994751,0.24711237681898562,0
29,data/raw/bhsig260/BHSig100_Bengali/Genuine/B-S-2-G-08.tif,data/raw/bhsig260/BHSig100_Bengali/Genuine/B-S-2-G-13.tif,1,genuine_genuine,2,0.24848401546478271,0.24711237681898562,0
30,data/raw/bhsig260/BHSig100_Bengali/Genuine/B-S-2-G-09.tif,data/raw/bhsig260/BHSig100_Bengali/Forged/B-S-2-F-06.tif,0,skilled_forgery,2,0.3687078058719635,0.24711237681898562,0
31,data/raw/bhsig260/BHSig100_Bengali/Genuine/B-S-2-G-16.tif,data/raw/bhsig260/BHSig100_Bengali/Forged/B-S-2-F-25.tif,0,skilled_forgery,2,0.4077123701572418,0.24711237681898562,0
32,data/raw/bhsig260/BHSig100_Bengali/Genuine/B-S-2-G-24.tif,data/raw/bhsig260/BHSig100_Bengali/Forged/B-S-2-F-03.tif,0,skilled_forgery,2,0.28377625346183777,0.24711237681898562,0
33,data/raw/bhsig260/BHSig100_Bengali/Genuine/B-S-2-G-07.tif,data/raw/bhsig260/BHSig100_Bengali/Forged/B-S-2-F-08.tif,0,skilled_forgery,2,0.39705413579940796,0.24711237681898562,0
34,data/raw/bhsig260/BHSig100_Bengali/Genuine/B-S-2-G-14.tif,data/raw/bhsig260/BHSig100_Bengali/Forged/B-S-2-F-09.tif,0,skilled_forgery,2,0.5604181289672852,0.24711237681898562,0
35,data/raw/bhsig260/BHSig100_Bengali/Genuine/B-S-2-G-20.tif,data/raw/bhsig260/BHSig160_Hindi/Genuine/H-S-82-G-14.tif,0,random_forgery,2,1.0706884860992432,0.24711237681898562,0
36,data/raw/bhsig260/BHSig100_Bengali/Genuine/B-S-2-G-21.tif,data/raw/bhsig260/BHSig160_Hindi/Genuine/H-S-42-G-02.tif,0,random_forgery,2,1.045130968093872,0.24711237681898562,0
37,data/raw/bhsig260/BHSig100_Bengali/Genuine/B-S-2-G-22.tif,data/raw/bhsig260/BHSig100_Bengali/Genuine/B-S-40-G-21.tif,0,random_forgery,2,1.4507559537887573,0.24711237681898562,0
38,data/raw/bhsig260/BHSig100_Bengali/Genuine/B-S-2-G-12.tif,data/raw/bhsig260/BHSig160_Hindi/Genuine/H-S-109-G-17.tif,0,random_forgery,2,1.466255784034729,0.24711237681898562,0
39,data/raw/bhsig260/BHSig100_Bengali/Genuine/B-S-2-G-01.tif,data/raw/bhsig260/BHSig100_Bengali/Genuine/B-S-83-G-05.tif,0,random_forgery,2,1.5635820627212524,0.24711237681898562,0
40,data/raw/bhsig260/BHSig100_Bengali/Genuine/B-S-3-G-12.tif,data/raw/bhsig260/BHSig100_Bengali/Genuine/B-S-3-G-23.tif,1,genuine_genuine,3,0.30828118324279785,0.24711237681898562,0
41,data/raw/bhsig260/BHSig100_Bengali/Genuine/B-S-3-G-01.tif,data/raw/bhsig260/BHSig100_Bengali/Genuine/B-S-3-G-03.tif,1,genuine_genuine,3,0.33902114629745483,0.24711237681898562,0
42,data/raw/bhsig260/BHSig100_Bengali/Genuine/B-S-3-G-06.tif,data/raw/bhsig260/BHSig100_Bengali/Genuine/B-S-3-G-14.tif,1,genuine_genuine,3,0.20881889760494232,0.24711237681898562,1
43,data/raw/bhsig260/BHSig100_Bengali/Genuine/B-S-3-G-06.tif,data/raw/bhsig260/BHSig100_Bengali/Genuine/B-S-3-G-11.tif,1,genuine_genuine,3,0.22473596036434174,0.24711237681898562,1
44,data/raw/bhsig260/BHSig100_Bengali/Genuine/B-S-3-G-04.tif,data/raw/bhsig260/BHSig100_Bengali/Genuine/B-S-3-G-22.tif,1,genuine_genuine,3,0.08914090692996979,0.24711237681898562,1
45,data/raw/bhsig260/BHSig100_Bengali/Genuine/B-S-3-G-11.tif,data/raw/bhsig260/BHSig100_Bengali/Genuine/B-S-3-G-21.tif,1,genuine_genuine,3,0.4133826196193695,0.24711237681898562,0
46,data/raw/bhsig260/BHSig100_Bengali/Genuine/B-S-3-G-03.tif,data/raw/bhsig260/BHSig100_Bengali/Genuine/B-S-3-G-04.tif,1,genuine_genuine,3,0.3743683695793152,0.24711237681898562,0
47,data/raw/bhsig260/BHSig100_Bengali/Genuine/B-S-3-G-08.tif,data/raw/bhsig260/BHSig100_Bengali/Genuine/B-S-3-G-24.tif,1,genuine_genuine,3,0.09287087619304657,0.24711237681898562,1
48,data/raw/bhsig260/BHSig100_Bengali/Genuine/B-S-3-G-05.tif,data/raw/bhsig260/BHSig100_Bengali/Genuine/B-S-3-G-15.tif,1,genuine_genuine,3,0.42822033166885376,0.24711237681898562,0
49,data/raw/bhsig260/BHSig100_Bengali/Genuine/B-S-3-G-11.tif,data/raw/bhsig260/BHSig100_Bengali/Genuine/B-S-3-G-19.tif,1,genuine_genuine,3,0.31865134835243225,0.24711237681898562,0
50,data/raw/bhsig260/BHSig100_Bengali/Genuine/B-S-3-G-17.tif,data/raw/bhsig260/BHSig100_Bengali/Forged/B-S-3-F-25.tif,0,skilled_forgery,3,0.32954534888267517,0.24711237681898562,0
51,data/raw/bhsig260/BHSig100_Bengali/Genuine/B-S-3-G-22.tif,data/raw/bhsig260/BHSig100_Bengali/Forged/B-S-3-F-29.tif,0,skilled_forgery,3,0.6021853089332581,0.24711237681898562,0
52,data/raw/bhsig260/BHSig100_Bengali/Genuine/B-S-3-G-15.tif,data/raw/bhsig260/BHSig100_Bengali/Forged/B-S-3-F-14.tif,0,skilled_forgery,3,0.8901941180229187,0.24711237681898562,0
53,data/raw/bhsig260/BHSig100_Bengali/Genuine/B-S-3-G-15.tif,data/raw/bhsig260/BHSig100_Bengali/Forged/B-S-3-F-06.tif,0,skilled_forgery,3,0.6231907606124878,0.24711237681898562,0
54,data/raw/bhsig260/BHSig100_Bengali/Genuine/B-S-3-G-02.tif,data/raw/bhsig260/BHSig100_Bengali/Forged/B-S-3-F-04.tif,0,skilled_forgery,3,0.4871866703033447,0.24711237681898562,0
55,data/raw/bhsig260/BHSig100_Bengali/Genuine/B-S-3-G-12.tif,data/raw/bhsig260/BHSig100_Bengali/Genuine/B-S-47-G-18.tif,0,random_forgery,3,1.211416244506836,0.24711237681898562,0
56,data/raw/bhsig260/BHSig100_Bengali/Genuine/B-S-3-G-20.tif,data/raw/bhsig260/BHSig100_Bengali/Genuine/B-S-49-G-20.tif,0,random_forgery,3,0.20517072081565857,0.24711237681898562,1
57,data/raw/bhsig260/BHSig100_Bengali/Genuine/B-S-3-G-13.tif,data/raw/bhsig260/BHSig160_Hindi/Genuine/H-S-68-G-01.tif,0,random_forgery,3,0.43406206369400024,0.24711237681898562,0
58,data/raw/bhsig260/BHSig100_Bengali/Genuine/B-S-3-G-14.tif,data/raw/bhsig260/BHSig160_Hindi/Genuine/H-S-51-G-13.tif,0,random_forgery,3,0.1321517378091812,0.24711237681898562,1
59,data/raw/bhsig260/BHSig100_Bengali/Genuine/B-S-3-G-24.tif,data/raw/bhsig260/BHSig100_Bengali/Genuine/B-S-45-G-18.tif,0,random_forgery,3,0.5657637715339661,0.24711237681898562,0
60,data/raw/bhsig260/BHSig100_Bengali/Genuine/B-S-4-G-19.tif,data/raw/bhsig260/BHSig100_Bengali/Genuine/B-S-4-G-20.tif,1,genuine_genuine,4,0.23932215571403503,0.24711237681898562,1
61,data/raw/bhsig260/BHSig100_Bengali/Genuine/B-S-4-G-02.tif,data/raw/bhsig260/BHSig100_Bengali/Genuine/B-S-4-G-10.tif,1,genuine_genuine,4,0.3676591217517853,0.24711237681898562,0
62,data/raw/bhsig260/BHSig100_Bengali/Genuine/B-S-4-G-01.tif,data/raw/bhsig260/BHSig100_Bengali/Genuine/B-S-4-G-12.tif,1,genuine_genuine,4,0.3599313497543335,0.24711237681898562,0
63,data/raw/bhsig260/BHSig100_Bengali/Genuine/B-S-4-G-13.tif,data/raw/bhsig260/BHSig100_Bengali/Genuine/B-S-4-G-20.tif,1,genuine_genuine,4,0.12404884397983551,0.24711237681898562,1
64,data/raw/bhsig260/BHSig100_Bengali/Genuine/B-S-4-G-16.tif,data/raw/bhsig260/BHSig100_Bengali/Genuine/B-S-4-G-19.tif,1,genuine_genuine,4,0.09875820577144623,0.24711237681898562,1
65,data/raw/bhsig260/BHSig100_Bengali/Genuine/B-S-4-G-10.tif,data/raw/bhsig260/BHSig100_Bengali/Genuine/B-S-4-G-18.tif,1,genuine_genuine,4,0.026583246886730194,0.24711237681898562,1
66,data/raw/bhsig260/BHSig100_Bengali/Genuine/B-S-4-G-13.tif,data/raw/bhsig260/BHSig100_Bengali/Genuine/B-S-4-G-17.tif,1,genuine_genuine,4,0.19042810797691345,0.24711237681898562,1
67,data/raw/bhsig260/BHSig100_Bengali/Genuine/B-S-4-G-19.tif,data/raw/bhsig260/BHSig100_Bengali/Genuine/B-S-4-G-23.tif,1,genuine_genuine,4,0.3059752583503723,0.24711237681898562,0
68,data/raw/bhsig260/BHSig100_Bengali/Genuine/B-S-4-G-04.tif,data/raw/bhsig260/BHSig100_Bengali/Genuine/B-S-4-G-11.tif,1,genuine_genuine,4,0.41144758462905884,0.24711237681898562,0
69,data/raw/bhsig260/BHSig100_Bengali/Genuine/B-S-4-G-09.tif,data/raw/bhsig260/BHSig100_Bengali/Genuine/B-S-4-G-15.tif,1,genuine_genuine,4,0.2850798964500427,0.24711237681898562,0
70,data/raw/bhsig260/BHSig100_Bengali/Genuine/B-S-4-G-15.tif,data/raw/bhsig260/BHSig100_Bengali/Forged/B-S-4-F-18.tif,0,skilled_forgery,4,0.25776147842407227,0.24711237681898562,0
71,data/raw/bhsig260/BHSig100_Bengali/Genuine/B-S-4-G-16.tif,data/raw/bhsig260/BHSig100_Bengali/Forged/B-S-4-F-17.tif,0,skilled_forgery,4,0.4773629307746887,0.24711237681898562,0
72,data/raw/bhsig260/BHSig100_Bengali/Genuine/B-S-4-G-01.tif,data/raw/bhsig260/BHSig100_Bengali/Forged/B-S-4-F-14.tif,0,skilled_forgery,4,0.13651180267333984,0.24711237681898562,1
73,data/raw/bhsig260/BHSig100_Bengali/Genuine/B-S-4-G-14.tif,data/raw/bhsig260/BHSig100_Bengali/Forged/B-S-4-F-27.tif,0,skilled_forgery,4,0.37477827072143555,0.24711237681898562,0
74,data/raw/bhsig260/BHSig100_Bengali/Genuine/B-S-4-G-17.tif,data/raw/bhsig260/BHSig100_Bengali/Forged/B-S-4-F-16.tif,0,skilled_forgery,4,0.2505044639110565,0.24711237681898562,0
75,data/raw/bhsig260/BHSig100_Bengali/Genuine/B-S-4-G-01.tif,data/raw/bhsig260/BHSig160_Hindi/Genuine/H-S-130-G-09.tif,0,random_forgery,4,0.5843987464904785,0.24711237681898562,0
76,data/raw/bhsig260/BHSig100_Bengali/Genuine/B-S-4-G-08.tif,data/raw/bhsig260/BHSig160_Hindi/Genuine/H-S-9-G-23.tif,0,random_forgery,4,0.3756476640701294,0.24711237681898562,0
77,data/raw/bhsig260/BHSig100_Bengali/Genuine/B-S-4-G-12.tif,data/raw/bhsig260/BHSig100_Bengali/Genuine/B-S-36-G-09.tif,0,random_forgery,4,0.611162006855011,0.24711237681898562,0
78,data/raw/bhsig260/BHSig100_Bengali/Genuine/B-S-4-G-24.tif,data/raw/bhsig260/BHSig100_Bengali/Genuine/B-S-57-G-01.tif,0,random_forgery,4,0.759770393371582,0.24711237681898562,0
79,data/raw/bhsig260/BHSig100_Bengali/Genuine/B-S-4-G-13.tif,data/raw/bhsig260/BHSig100_Bengali/Genuine/B-S-26-G-15.tif,0,random_forgery,4,0.49774518609046936,0.24711237681898562,0
80,data/raw/bhsig260/BHSig100_Bengali/Genuine/B-S-5-G-16.tif,data/raw/bhsig260/BHSig100_Bengali/Genuine/B-S-5-G-21.tif,1,genuine_genuine,5,0.0717332512140274,0.24711237681898562,1
81,data/raw/bhsig260/BHSig100_Bengali/Genuine/B-S-5-G-12.tif,data/raw/bhsig260/BHSig100_Bengali/Genuine/B-S-5-G-14.tif,1,genuine_genuine,5,0.280759334564209,0.24711237681898562,0
82,data/raw/bhsig260/BHSig100_Bengali/Genuine/B-S-5-G-04.tif,data/raw/bhsig260/BHSig100_Bengali/Genuine/B-S-5-G-21.tif,1,genuine_genuine,5,0.09193732589483261,0.24711237681898562,1
83,data/raw/bhsig260/BHSig100_Bengali/Genuine/B-S-5-G-04.tif,data/raw/bhsig260/BHSig100_Bengali/Genuine/B-S-5-G-08.tif,1,genuine_genuine,5,0.21878308057785034,0.24711237681898562,1
84,data/raw/bhsig260/BHSig100_Bengali/Genuine/B-S-5-G-09.tif,data/raw/bhsig260/BHSig100_Bengali/Genuine/B-S-5-G-12.tif,1,genuine_genuine,5,0.1959872990846634,0.24711237681898562,1
85,data/raw/bhsig260/BHSig100_Bengali/Genuine/B-S-5-G-06.tif,data/raw/bhsig260/BHSig100_Bengali/Genuine/B-S-5-G-19.tif,1,genuine_genuine,5,0.7326717376708984,0.24711237681898562,0
86,data/raw/bhsig260/BHSig100_Bengali/Genuine/B-S-5-G-11.tif,data/raw/bhsig260/BHSig100_Bengali/Genuine/B-S-5-G-15.tif,1,genuine_genuine,5,0.2501618564128876,0.24711237681898562,0
87,data/raw/bhsig260/BHSig100_Bengali/Genuine/B-S-5-G-14.tif,data/raw/bhsig260/BHSig100_Bengali/Genuine/B-S-5-G-19.tif,1,genuine_genuine,5,0.5939002633094788,0.24711237681898562,0
88,data/raw/bhsig260/BHSig100_Bengali/Genuine/B-S-5-G-05.tif,data/raw/bhsig260/BHSig100_Bengali/Genuine/B-S-5-G-07.tif,1,genuine_genuine,5,0.19149990379810333,0.24711237681898562,1
89,data/raw/bhsig260/BHSig100_Bengali/Genuine/B-S-5-G-07.tif,data/raw/bhsig260/BHSig100_Bengali/Genuine/B-S-5-G-11.tif,1,genuine_genuine,5,0.09097958356142044,0.24711237681898562,1
90,data/raw/bhsig260/BHSig100_Bengali/Genuine/B-S-5-G-07.tif,data/raw/bhsig260/BHSig100_Bengali/Forged/B-S-5-F-01.tif,0,skilled_forgery,5,1.3638412952423096,0.24711237681898562,0
91,data/raw/bhsig260/BHSig100_Bengali/Genuine/B-S-5-G-23.tif,data/raw/bhsig260/BHSig100_Bengali/Forged/B-S-5-F-11.tif,0,skilled_forgery,5,0.03269306942820549,0.24711237681898562,1
92,data/raw/bhsig260/BHSig100_Bengali/Genuine/B-S-5-G-14.tif,data/raw/bhsig260/BHSig100_Bengali/Forged/B-S-5-F-04.tif,0,skilled_forgery,5,0.235796719789505,0.24711237681898562,1
93,data/raw/bhsig260/BHSig100_Bengali/Genuine/B-S-5-G-06.tif,data/raw/bhsig260/BHSig100_Bengali/Forged/B-S-5-F-03.tif,0,skilled_forgery,5,0.47859421372413635,0.24711237681898562,0
94,data/raw/bhsig260/BHSig100_Bengali/Genuine/B-S-5-G-13.tif,data/raw/bhsig260/BHSig100_Bengali/Forged/B-S-5-F-18.tif,0,skilled_forgery,5,0.97740638256073,0.24711237681898562,0
95,data/raw/bhsig260/BHSig100_Bengali/Genuine/B-S-5-G-06.tif,data/raw/bhsig260/BHSig100_Bengali/Genuine/B-S-51-G-18.tif,0,random_forgery,5,0.5186538696289062,0.24711237681898562,0
96,data/raw/bhsig260/BHSig100_Bengali/Genuine/B-S-5-G-21.tif,data/raw/bhsig260/BHSig100_Bengali/Genuine/B-S-4-G-03.tif,0,random_forgery,5,0.28064393997192383,0.24711237681898562,0
97,data/raw/bhsig260/BHSig100_Bengali/Genuine/B-S-5-G-22.tif,data/raw/bhsig260/BHSig160_Hindi/Genuine/H-S-9-G-21.tif,0,random_forgery,5,0.48436543345451355,0.24711237681898562,0
98,data/raw/bhsig260/BHSig100_Bengali/Genuine/B-S-5-G-22.tif,data/raw/bhsig260/BHSig160_Hindi/Genuine/H-S-011-G-14.tif,0,random_forgery,5,0.09183663874864578,0.24711237681898562,1
99,data/raw/bhsig260/BHSig100_Bengali/Genuine/B-S-5-G-07.tif,data/raw/bhsig260/BHSig100_Bengali/Genuine/B-S-55-G-18.tif,0,random_forgery,5,0.8830965161323547,0.24711237681898562,0
100,data/raw/bhsig260/BHSig100_Bengali/Genuine/B-S-6-G-13.tif,data/raw/bhsig260/BHSig100_Bengali/Genuine/B-S-6-G-15.tif,1,genuine_genuine,6,0.18316137790679932,0.24711237681898562,1
101,data/raw/bhsig260/BHSig100_Bengali/Genuine/B-S-6-G-05.tif,data/raw/bhsig260/BHSig100_Bengali/Genuine/B-S-6-G-24.tif,1,genuine_genuine,6,0.09758948534727097,0.24711237681898562,1
102,data/raw/bhsig260/BHSig100_Bengali/Genuine/B-S-6-G-04.tif,data/raw/bhsig260/BHSig100_Bengali/Genuine/B-S-6-G-10.tif,1,genuine_genuine,6,0.10630939900875092,0.24711237681898562,1
103,data/raw/bhsig260/BHSig100_Bengali/Genuine/B-S-6-G-03.tif,data/raw/bhsig260/BHSig100_Bengali/Genuine/B-S-6-G-11.tif,1,genuine_genuine,6,0.1260509490966797,0.24711237681898562,1
104,data/raw/bhsig260/BHSig100_Bengali/Genuine/B-S-6-G-08.tif,data/raw/bhsig260/BHSig100_Bengali/Genuine/B-S-6-G-23.tif,1,genuine_genuine,6,0.11829867213964462,0.24711237681898562,1
105,data/raw/bhsig260/BHSig100_Bengali/Genuine/B-S-6-G-12.tif,data/raw/bhsig260/BHSig100_Bengali/Genuine/B-S-6-G-17.tif,1,genuine_genuine,6,0.12629935145378113,0.24711237681898562,1
106,data/raw/bhsig260/BHSig100_Bengali/Genuine/B-S-6-G-14.tif,data/raw/bhsig260/BHSig100_Bengali/Genuine/B-S-6-G-19.tif,1,genuine_genuine,6,0.1776442974805832,0.24711237681898562,1
107,data/raw/bhsig260/BHSig100_Bengali/Genuine/B-S-6-G-06.tif,data/raw/bhsig260/BHSig100_Bengali/Genuine/B-S-6-G-12.tif,1,genuine_genuine,6,0.20948776602745056,0.24711237681898562,1
108,data/raw/bhsig260/BHSig100_Bengali/Genuine/B-S-6-G-20.tif,data/raw/bhsig260/BHSig100_Bengali/Genuine/B-S-6-G-23.tif,1,genuine_genuine,6,0.09595181047916412,0.24711237681898562,1
109,data/raw/bhsig260/BHSig100_Bengali/Genuine/B-S-6-G-06.tif,data/raw/bhsig260/BHSig100_Bengali/Genuine/B-S-6-G-15.tif,1,genuine_genuine,6,0.09177003800868988,0.24711237681898562,1
110,data/raw/bhsig260/BHSig100_Bengali/Genuine/B-S-6-G-16.tif,data/raw/bhsig260/BHSig100_Bengali/Forged/B-S-6-F-05.tif,0,skilled_forgery,6,0.19784225523471832,0.24711237681898562,1
111,data/raw/bhsig260/BHSig100_Bengali/Genuine/B-S-6-G-22.tif,data/raw/bhsig260/BHSig100_Bengali/Forged/B-S-6-F-02.tif,0,skilled_forgery,6,0.41676849126815796,0.24711237681898562,0
112,data/raw/bhsig260/BHSig100_Bengali/Genuine/B-S-6-G-20.tif,data/raw/bhsig260/BHSig100_Bengali/Forged/B-S-6-F-11.tif,0,skilled_forgery,6,0.35077962279319763,0.24711237681898562,0
113,data/raw/bhsig260/BHSig100_Bengali/Genuine/B-S-6-G-01.tif,data/raw/bhsig260/BHSig100_Bengali/Forged/B-S-6-F-19.tif,0,skilled_forgery,6,0.2694387435913086,0.24711237681898562,0
114,data/raw/bhsig260/BHSig100_Bengali/Genuine/B-S-6-G-02.tif,data/raw/bhsig260/BHSig100_Bengali/Forged/B-S-6-F-06.tif,0,skilled_forgery,6,0.05131526663899422,0.24711237681898562,1
115,data/raw/bhsig260/BHSig100_Bengali/Genuine/B-S-6-G-02.tif,data/raw/bhsig260/BHSig100_Bengali/Genuine/B-S-5-G-19.tif,0,random_forgery,6,0.18615487217903137,0.24711237681898562,1
116,data/raw/bhsig260/BHSig100_Bengali/Genuine/B-S-6-G-23.tif,data/raw/bhsig260/BHSig160_Hindi/Genuine/H-S-145-G-20.tif,0,random_forgery,6,0.45953983068466187,0.24711237681898562,0
117,data/raw/bhsig260/BHSig100_Bengali/Genuine/B-S-6-G-12.tif,data/raw/bhsig260/BHSig100_Bengali/Genuine/B-S-81-G-03.tif,0,random_forgery,6,0.5687076449394226,0.24711237681898562,0
118,data/raw/bhsig260/BHSig100_Bengali/Genuine/B-S-6-G-06.tif,data/raw/bhsig260/BHSig160_Hindi/Genuine/H-S-29-G-16.tif,0,random_forgery,6,0.6452010273933411,0.24711237681898562,0
119,data/raw/bhsig260/BHSig100_Bengali/Genuine/B-S-6-G-22.tif,data/raw/bhsig260/BHSig100_Bengali/Genuine/B-S-48-G-20.tif,0,random_forgery,6,0.539399266242981,0.24711237681898562,0
120,data/raw/bhsig260/BHSig100_Bengali/Genuine/B-S-7-G-03.tif,data/raw/bhsig260/BHSig100_Bengali/Genuine/B-S-7-G-19.tif,1,genuine_genuine,7,0.05535797402262688,0.24711237681898562,1
121,data/raw/bhsig260/BHSig100_Bengali/Genuine/B-S-7-G-12.tif,data/raw/bhsig260/BHSig100_Bengali/Genuine/B-S-7-G-16.tif,1,genuine_genuine,7,0.2494187355041504,0.24711237681898562,0
122,data/raw/bhsig260/BHSig100_Bengali/Genuine/B-S-7-G-09.tif,data/raw/bhsig260/BHSig100_Bengali/Genuine/B-S-7-G-15.tif,1,genuine_genuine,7,0.4923321604728699,0.24711237681898562,0
123,data/raw/bhsig260/BHSig100_Bengali/Genuine/B-S-7-G-12.tif,data/raw/bhsig260/BHSig100_Bengali/Genuine/B-S-7-G-21.tif,1,genuine_genuine,7,0.10001152008771896,0.24711237681898562,1
124,data/raw/bhsig260/BHSig100_Bengali/Genuine/B-S-7-G-06.tif,data/raw/bhsig260/BHSig100_Bengali/Genuine/B-S-7-G-24.tif,1,genuine_genuine,7,0.17947617173194885,0.24711237681898562,1
125,data/raw/bhsig260/BHSig100_Bengali/Genuine/B-S-7-G-08.tif,data/raw/bhsig260/BHSig100_Bengali/Genuine/B-S-7-G-18.tif,1,genuine_genuine,7,0.1330595165491104,0.24711237681898562,1
126,data/raw/bhsig260/BHSig100_Bengali/Genuine/B-S-7-G-02.tif,data/raw/bhsig260/BHSig100_Bengali/Genuine/B-S-7-G-14.tif,1,genuine_genuine,7,0.18930207192897797,0.24711237681898562,1
127,data/raw/bhsig260/BHSig100_Bengali/Genuine/B-S-7-G-14.tif,data/raw/bhsig260/BHSig100_Bengali/Genuine/B-S-7-G-21.tif,1,genuine_genuine,7,0.28230464458465576,0.24711237681898562,0
128,data/raw/bhsig260/BHSig100_Bengali/Genuine/B-S-7-G-04.tif,data/raw/bhsig260/BHSig100_Bengali/Genuine/B-S-7-G-18.tif,1,genuine_genuine,7,0.23215802013874054,0.24711237681898562,1
129,data/raw/bhsig260/BHSig100_Bengali/Genuine/B-S-7-G-07.tif,data/raw/bhsig260/BHSig100_Bengali/Genuine/B-S-7-G-16.tif,1,genuine_genuine,7,0.16215810179710388,0.24711237681898562,1
130,data/raw/bhsig260/BHSig100_Bengali/Genuine/B-S-7-G-24.tif,data/raw/bhsig260/BHSig100_Bengali/Forged/B-S-7-F-20.tif,0,skilled_forgery,7,0.5093349814414978,0.24711237681898562,0
131,data/raw/bhsig260/BHSig100_Bengali/Genuine/B-S-7-G-18.tif,data/raw/bhsig260/BHSig100_Bengali/Forged/B-S-7-F-22.tif,0,skilled_forgery,7,0.6443480253219604,0.24711237681898562,0
132,data/raw/bhsig260/BHSig100_Bengali/Genuine/B-S-7-G-02.tif,data/raw/bhsig260/BHSig100_Bengali/Forged/B-S-7-F-03.tif,0,skilled_forgery,7,0.2910352051258087,0.24711237681898562,0
133,data/raw/bhsig260/BHSig100_Bengali/Genuine/B-S-7-G-12.tif,data/raw/bhsig260/BHSig100_Bengali/Forged/B-S-7-F-21.tif,0,skilled_forgery,7,0.07976360619068146,0.24711237681898562,1
134,data/raw/bhsig260/BHSig100_Bengali/Genuine/B-S-7-G-08.tif,data/raw/bhsig260/BHSig100_Bengali/Forged/B-S-7-F-06.tif,0,skilled_forgery,7,0.24239948391914368,0.24711237681898562,1
135,data/raw/bhsig260/BHSig100_Bengali/Genuine/B-S-7-G-12.tif,data/raw/bhsig260/BHSig160_Hindi/Genuine/H-S-46-G-20.tif,0,random_forgery,7,0.6676368713378906,0.24711237681898562,0
136,data/raw/bhsig260/BHSig100_Bengali/Genuine/B-S-7-G-17.tif,data/raw/bhsig260/BHSig100_Bengali/Genuine/B-S-67-G-04.tif,0,random_forgery,7,0.4040907621383667,0.24711237681898562,0
137,data/raw/bhsig260/BHSig100_Bengali/Genuine/B-S-7-G-23.tif,data/raw/bhsig260/BHSig160_Hindi/Genuine/H-S-109-G-04.tif,0,random_forgery,7,0.7122140526771545,0.24711237681898562,0
138,data/raw/bhsig260/BHSig100_Bengali/Genuine/B-S-7-G-18.tif,data/raw/bhsig260/BHSig160_Hindi/Genuine/H-S-68-G-21.tif,0,random_forgery,7,0.3652135133743286,0.24711237681898562,0
139,data/raw/bhsig260/BHSig100_Bengali/Genuine/B-S-7-G-10.tif,data/raw/bhsig260/BHSig100_Bengali/Genuine/B-S-38-G-18.tif,0,random_forgery,7,0.3785148561000824,0.24711237681898562,0
140,data/raw/bhsig260/BHSig100_Bengali/Genuine/B-S-8-G-03.tif,data/raw/bhsig260/BHSig100_Bengali/Genuine/B-S-8-G-10.tif,1,genuine_genuine,8,0.061668530106544495,0.24711237681898562,1
141,data/raw/bhsig260/BHSig100_Bengali/Genuine/B-S-8-G-02.tif,data/raw/bhsig260/BHSig100_Bengali/Genuine/B-S-8-G-05.tif,1,genuine_genuine,8,0.24325068295001984,0.24711237681898562,1
142,data/raw/bhsig260/BHSig100_Bengali/Genuine/B-S-8-G-02.tif,data/raw/bhsig260/BHSig100_Bengali/Genuine/B-S-8-G-21.tif,1,genuine_genuine,8,0.14192873239517212,0.24711237681898562,1
143,data/raw/bhsig260/BHSig100_Bengali/Genuine/B-S-8-G-01.tif,data/raw/bhsig260/BHSig100_Bengali/Genuine/B-S-8-G-22.tif,1,genuine_genuine,8,0.32693174481391907,0.24711237681898562,0
144,data/raw/bhsig260/BHSig100_Bengali/Genuine/B-S-8-G-17.tif,data/raw/bhsig260/BHSig100_Bengali/Genuine/B-S-8-G-18.tif,1,genuine_genuine,8,0.2050074189901352,0.24711237681898562,1
145,data/raw/bhsig260/BHSig100_Bengali/Genuine/B-S-8-G-04.tif,data/raw/bhsig260/BHSig100_Bengali/Genuine/B-S-8-G-21.tif,1,genuine_genuine,8,0.27681592106819153,0.24711237681898562,0
146,data/raw/bhsig260/BHSig100_Bengali/Genuine/B-S-8-G-07.tif,data/raw/bhsig260/BHSig100_Bengali/Genuine/B-S-8-G-14.tif,1,genuine_genuine,8,0.3637229800224304,0.24711237681898562,0
147,data/raw/bhsig260/BHSig100_Bengali/Genuine/B-S-8-G-09.tif,data/raw/bhsig260/BHSig100_Bengali/Genuine/B-S-8-G-24.tif,1,genuine_genuine,8,0.4985630214214325,0.24711237681898562,0
148,data/raw/bhsig260/BHSig100_Bengali/Genuine/B-S-8-G-11.tif,data/raw/bhsig260/BHSig100_Bengali/Genuine/B-S-8-G-16.tif,1,genuine_genuine,8,0.6097978353500366,0.24711237681898562,0
149,data/raw/bhsig260/BHSig100_Bengali/Genuine/B-S-8-G-14.tif,data/raw/bhsig260/BHSig100_Bengali/Genuine/B-S-8-G-19.tif,1,genuine_genuine,8,0.15691471099853516,0.24711237681898562,1
150,data/raw/bhsig260/BHSig100_Bengali/Genuine/B-S-8-G-17.tif,data/raw/bhsig260/BHSig100_Bengali/Forged/B-S-8-F-16.tif,0,skilled_forgery,8,1.1895157098770142,0.24711237681898562,0
151,data/raw/bhsig260/BHSig100_Bengali/Genuine/B-S-8-G-11.tif,data/raw/bhsig260/BHSig100_Bengali/Forged/B-S-8-F-12.tif,0,skilled_forgery,8,1.0017284154891968,0.24711237681898562,0
152,data/raw/bhsig260/BHSig100_Bengali/Genuine/B-S-8-G-07.tif,data/raw/bhsig260/BHSig100_Bengali/Forged/B-S-8-F-25.tif,0,skilled_forgery,8,1.0292173624038696,0.24711237681898562,0
153,data/raw/bhsig260/BHSig100_Bengali/Genuine/B-S-8-G-23.tif,data/raw/bhsig260/BHSig100_Bengali/Forged/B-S-8-F-06.tif,0,skilled_forgery,8,1.0561989545822144,0.24711237681898562,0
154,data/raw/bhsig260/BHSig100_Bengali/Genuine/B-S-8-G-22.tif,data/raw/bhsig260/BHSig100_Bengali/Forged/B-S-8-F-16.tif,0,skilled_forgery,8,0.8056650161743164,0.24711237681898562,0
155,data/raw/bhsig260/BHSig100_Bengali/Genuine/B-S-8-G-10.tif,data/raw/bhsig260/BHSig100_Bengali/Genuine/B-S-7-G-12.tif,0,random_forgery,8,1.10512113571167,0.24711237681898562,0
156,data/raw/bhsig260/BHSig100_Bengali/Genuine/B-S-8-G-10.tif,data/raw/bhsig260/BHSig160_Hindi/Genuine/H-S-81-G-15.tif,0,random_forgery,8,1.0529903173446655,0.24711237681898562,0
157,data/raw/bhsig260/BHSig100_Bengali/Genuine/B-S-8-G-07.tif,data/raw/bhsig260/BHSig100_Bengali/Genuine/B-S-46-G-24.tif,0,random_forgery,8,1.218096375465393,0.24711237681898562,0
158,data/raw/bhsig260/BHSig100_Bengali/Genuine/B-S-8-G-24.tif,data/raw/bhsig260/BHSig160_Hindi/Genuine/H-S-129-G-14.tif,0,random_forgery,8,1.7793220281600952,0.24711237681898562,0
159,data/raw/bhsig260/BHSig100_Bengali/Genuine/B-S-8-G-10.tif,data/raw/bhsig260/BHSig160_Hindi/Genuine/H-S-128-G-06.tif,0,random_forgery,8,1.1963024139404297,0.24711237681898562,0
160,data/raw/bhsig260/BHSig100_Bengali/Genuine/B-S-9-G-03.tif,data/raw/bhsig260/BHSig100_Bengali/Genuine/B-S-9-G-10.tif,1,genuine_genuine,9,0.2423364371061325,0.24711237681898562,1
161,data/raw/bhsig260/BHSig100_Bengali/Genuine/B-S-9-G-01.tif,data/raw/bhsig260/BHSig100_Bengali/Genuine/B-S-9-G-23.tif,1,genuine_genuine,9,0.17500239610671997,0.24711237681898562,1
162,data/raw/bhsig260/BHSig100_Bengali/Genuine/B-S-9-G-11.tif,data/raw/bhsig260/BHSig100_Bengali/Genuine/B-S-9-G-13.tif,1,genuine_genuine,9,0.7603414058685303,0.24711237681898562,0
163,data/raw/bhsig260/BHSig100_Bengali/Genuine/B-S-9-G-12.tif,data/raw/bhsig260/BHSig100_Bengali/Genuine/B-S-9-G-22.tif,1,genuine_genuine,9,0.2619030177593231,0.24711237681898562,0
164,data/raw/bhsig260/BHSig100_Bengali/Genuine/B-S-9-G-04.tif,data/raw/bhsig260/BHSig100_Bengali/Genuine/B-S-9-G-24.tif,1,genuine_genuine,9,0.29300516843795776,0.24711237681898562,0
165,data/raw/bhsig260/BHSig100_Bengali/Genuine/B-S-9-G-03.tif,data/raw/bhsig260/BHSig100_Bengali/Genuine/B-S-9-G-22.tif,1,genuine_genuine,9,0.24455618858337402,0.24711237681898562,1
166,data/raw/bhsig260/BHSig100_Bengali/Genuine/B-S-9-G-05.tif,data/raw/bhsig260/BHSig100_Bengali/Genuine/B-S-9-G-13.tif,1,genuine_genuine,9,0.2376602441072464,0.24711237681898562,1
167,data/raw/bhsig260/BHSig100_Bengali/Genuine/B-S-9-G-09.tif,data/raw/bhsig260/BHSig100_Bengali/Genuine/B-S-9-G-18.tif,1,genuine_genuine,9,0.08323714137077332,0.24711237681898562,1
168,data/raw/bhsig260/BHSig100_Bengali/Genuine/B-S-9-G-16.tif,data/raw/bhsig260/BHSig100_Bengali/Genuine/B-S-9-G-21.tif,1,genuine_genuine,9,0.26514652371406555,0.24711237681898562,0
169,data/raw/bhsig260/BHSig100_Bengali/Genuine/B-S-9-G-14.tif,data/raw/bhsig260/BHSig100_Bengali/Genuine/B-S-9-G-18.tif,1,genuine_genuine,9,0.40659859776496887,0.24711237681898562,0
170,data/raw/bhsig260/BHSig100_Bengali/Genuine/B-S-9-G-02.tif,data/raw/bhsig260/BHSig100_Bengali/Forged/B-S-9-F-18.tif,0,skilled_forgery,9,0.29146361351013184,0.24711237681898562,0
171,data/raw/bhsig260/BHSig100_Bengali/Genuine/B-S-9-G-01.tif,data/raw/bhsig260/BHSig100_Bengali/Forged/B-S-9-F-17.tif,0,skilled_forgery,9,0.820453941822052,0.24711237681898562,0
172,data/raw/bhsig260/BHSig100_Bengali/Genuine/B-S-9-G-24.tif,data/raw/bhsig260/BHSig100_Bengali/Forged/B-S-9-F-04.tif,0,skilled_forgery,9,0.6364879608154297,0.24711237681898562,0
173,data/raw/bhsig260/BHSig100_Bengali/Genuine/B-S-9-G-02.tif,data/raw/bhsig260/BHSig100_Bengali/Forged/B-S-9-F-20.tif,0,skilled_forgery,9,0.20691898465156555,0.24711237681898562,1
174,data/raw/bhsig260/BHSig100_Bengali/Genuine/B-S-9-G-21.tif,data/raw/bhsig260/BHSig100_Bengali/Forged/B-S-9-F-15.tif,0,skilled_forgery,9,0.7223778963088989,0.24711237681898562,0
175,data/raw/bhsig260/BHSig100_Bengali/Genuine/B-S-9-G-17.tif,data/raw/bhsig260/BHSig160_Hindi/Genuine/H-S-90-G-07.tif,0,random_forgery,9,1.4069772958755493,0.24711237681898562,0
176,data/raw/bhsig260/BHSig100_Bengali/Genuine/B-S-9-G-15.tif,data/raw/bhsig260/BHSig160_Hindi/Genuine/H-S-152-G-13.tif,0,random_forgery,9,0.5310672521591187,0.24711237681898562,0
177,data/raw/bhsig260/BHSig100_Bengali/Genuine/B-S-9-G-09.tif,data/raw/bhsig260/BHSig160_Hindi/Genuine/H-S-145-G-19.tif,0,random_forgery,9,1.9146775007247925,0.24711237681898562,0
178,data/raw/bhsig260/BHSig100_Bengali/Genuine/B-S-9-G-03.tif,data/raw/bhsig260/BHSig160_Hindi/Genuine/H-S-118-G-14.tif,0,random_forgery,9,0.7034751176834106,0.24711237681898562,0
179,data/raw/bhsig260/BHSig100_Bengali/Genuine/B-S-9-G-20.tif,data/raw/bhsig260/BHSig160_Hindi/Genuine/H-S-90-G-06.tif,0,random_forgery,9,1.2443979978561401,0.24711237681898562,0
180,data/raw/bhsig260/BHSig100_Bengali/Genuine/B-S-10-G-12.tif,data/raw/bhsig260/BHSig100_Bengali/Genuine/B-S-10-G-15.tif,1,genuine_genuine,10,0.14475496113300323,0.24711237681898562,1
181,data/raw/bhsig260/BHSig100_Bengali/Genuine/B-S-10-G-04.tif,data/raw/bhsig260/BHSig100_Bengali/Genuine/B-S-10-G-22.tif,1,genuine_genuine,10,0.4528118371963501,0.24711237681898562,0
182,data/raw/bhsig260/BHSig100_Bengali/Genuine/B-S-10-G-17.tif,data/raw/bhsig260/BHSig100_Bengali/Genuine/B-S-10-G-19.tif,1,genuine_genuine,10,0.07173964381217957,0.24711237681898562,1
183,data/raw/bhsig260/BHSig100_Bengali/Genuine/B-S-10-G-04.tif,data/raw/bhsig260/BHSig100_Bengali/Genuine/B-S-10-G-11.tif,1,genuine_genuine,10,0.3129759132862091,0.24711237681898562,0
184,data/raw/bhsig260/BHSig100_Bengali/Genuine/B-S-10-G-07.tif,data/raw/bhsig260/BHSig100_Bengali/Genuine/B-S-10-G-14.tif,1,genuine_genuine,10,0.43469882011413574,0.24711237681898562,0
185,data/raw/bhsig260/BHSig100_Bengali/Genuine/B-S-10-G-08.tif,data/raw/bhsig260/BHSig100_Bengali/Genuine/B-S-10-G-09.tif,1,genuine_genuine,10,0.22404679656028748,0.24711237681898562,1
186,data/raw/bhsig260/BHSig100_Bengali/Genuine/B-S-10-G-13.tif,data/raw/bhsig260/BHSig100_Bengali/Genuine/B-S-10-G-17.tif,1,genuine_genuine,10,0.26022452116012573,0.24711237681898562,0
187,data/raw/bhsig260/BHSig100_Bengali/Genuine/B-S-10-G-23.tif,data/raw/bhsig260/BHSig100_Bengali/Genuine/B-S-10-G-24.tif,1,genuine_genuine,10,0.27832719683647156,0.24711237681898562,0
188,data/raw/bhsig260/BHSig100_Bengali/Genuine/B-S-10-G-06.tif,data/raw/bhsig260/BHSig100_Bengali/Genuine/B-S-10-G-09.tif,1,genuine_genuine,10,0.24697145819664001,0.24711237681898562,1
189,data/raw/bhsig260/BHSig100_Bengali/Genuine/B-S-10-G-01.tif,data/raw/bhsig260/BHSig100_Bengali/Genuine/B-S-10-G-02.tif,1,genuine_genuine,10,0.688143253326416,0.24711237681898562,0
190,data/raw/bhsig260/BHSig100_Bengali/Genuine/B-S-10-G-21.tif,data/raw/bhsig260/BHSig100_Bengali/Forged/B-S-10-F-02.tif,0,skilled_forgery,10,0.38611680269241333,0.24711237681898562,0
191,data/raw/bhsig260/BHSig100_Bengali/Genuine/B-S-10-G-02.tif,data/raw/bhsig260/BHSig100_Bengali/Forged/B-S-10-F-18.tif,0,skilled_forgery,10,0.6212084889411926,0.24711237681898562,0
192,data/raw/bhsig260/BHSig100_Bengali/Genuine/B-S-10-G-18.tif,data/raw/bhsig260/BHSig100_Bengali/Forged/B-S-10-F-07.tif,0,skilled_forgery,10,0.5040860772132874,0.24711237681898562,0
193,data/raw/bhsig260/BHSig100_Bengali/Genuine/B-S-10-G-03.tif,data/raw/bhsig260/BHSig100_Bengali/Forged/B-S-10-F-30.tif,0,skilled_forgery,10,0.5890237092971802,0.24711237681898562,0
194,data/raw/bhsig260/BHSig100_Bengali/Genuine/B-S-10-G-23.tif,data/raw/bhsig260/BHSig100_Bengali/Forged/B-S-10-F-09.tif,0,skilled_forgery,10,0.5374870300292969,0.24711237681898562,0
195,data/raw/bhsig260/BHSig100_Bengali/Genuine/B-S-10-G-14.tif,data/raw/bhsig260/BHSig160_Hindi/Genuine/H-S-55-G-11.tif,0,random_forgery,10,1.6170631647109985,0.24711237681898562,0
196,data/raw/bhsig260/BHSig100_Bengali/Genuine/B-S-10-G-04.tif,data/raw/bhsig260/BHSig100_Bengali/Genuine/B-S-85-G-15.tif,0,random_forgery,10,0.9543220400810242,0.24711237681898562,0
197,data/raw/bhsig260/BHSig100_Bengali/Genuine/B-S-10-G-16.tif,data/raw/bhsig260/BHSig100_Bengali/Genuine/B-S-23-G-08.tif,0,random_forgery,10,0.3940262794494629,0.24711237681898562,0
198,data/raw/bhsig260/BHSig100_Bengali/Genuine/B-S-10-G-21.tif,data/raw/bhsig260/BHSig100_Bengali/Genuine/B-S-2-G-08.tif,0,random_forgery,10,0.6561071872711182,0.24711237681898562,0
199,data/raw/bhsig260/BHSig100_Bengali/Genuine/B-S-10-G-15.tif,data/raw/bhsig260/BHSig160_Hindi/Genuine/H-S-19-G-20.tif,0,random_forgery,10,1.1385453939437866,0.24711237681898562,0
200,data/raw/bhsig260/BHSig100_Bengali/Genuine/B-S-11-G-01.tif,data/raw/bhsig260/BHSig100_Bengali/Genuine/B-S-11-G-04.tif,1,genuine_genuine,11,0.24686793982982635,0.24711237681898562,1
201,data/raw/bhsig260/BHSig100_Bengali/Genuine/B-S-11-G-17.tif,data/raw/bhsig260/BHSig100_Bengali/Genuine/B-S-11-G-23.tif,1,genuine_genuine,11,0.39957815408706665,0.24711237681898562,0
202,data/raw/bhsig260/BHSig100_Bengali/Genuine/B-S-11-G-08.tif,data/raw/bhsig260/BHSig100_Bengali/Genuine/B-S-11-G-09.tif,1,genuine_genuine,11,0.6938875317573547,0.24711237681898562,0
203,data/raw/bhsig260/BHSig100_Bengali/Genuine/B-S-11-G-06.tif,data/raw/bhsig260/BHSig100_Bengali/Genuine/B-S-11-G-19.tif,1,genuine_genuine,11,0.16016358137130737,0.24711237681898562,1
204,data/raw/bhsig260/BHSig100_Bengali/Genuine/B-S-11-G-10.tif,data/raw/bhsig260/BHSig100_Bengali/Genuine/B-S-11-G-14.tif,1,genuine_genuine,11,0.10649631917476654,0.24711237681898562,1
205,data/raw/bhsig260/BHSig100_Bengali/Genuine/B-S-11-G-08.tif,data/raw/bhsig260/BHSig100_Bengali/Genuine/B-S-11-G-15.tif,1,genuine_genuine,11,0.15064747631549835,0.24711237681898562,1
206,data/raw/bhsig260/BHSig100_Bengali/Genuine/B-S-11-G-11.tif,data/raw/bhsig260/BHSig100_Bengali/Genuine/B-S-11-G-21.tif,1,genuine_genuine,11,0.26888522505760193,0.24711237681898562,0
207,data/raw/bhsig260/BHSig100_Bengali/Genuine/B-S-11-G-13.tif,data/raw/bhsig260/BHSig100_Bengali/Genuine/B-S-11-G-23.tif,1,genuine_genuine,11,0.09838056564331055,0.24711237681898562,1
208,data/raw/bhsig260/BHSig100_Bengali/Genuine/B-S-11-G-01.tif,data/raw/bhsig260/BHSig100_Bengali/Genuine/B-S-11-G-08.tif,1,genuine_genuine,11,0.5688928365707397,0.24711237681898562,0
209,data/raw/bhsig260/BHSig100_Bengali/Genuine/B-S-11-G-09.tif,data/raw/bhsig260/BHSig100_Bengali/Genuine/B-S-11-G-17.tif,1,genuine_genuine,11,0.2882169783115387,0.24711237681898562,0
210,data/raw/bhsig260/BHSig100_Bengali/Genuine/B-S-11-G-12.tif,data/raw/bhsig260/BHSig100_Bengali/Forged/B-S-11-F-21.tif,0,skilled_forgery,11,0.3383706510066986,0.24711237681898562,0
211,data/raw/bhsig260/BHSig100_Bengali/Genuine/B-S-11-G-14.tif,data/raw/bhsig260/BHSig100_Bengali/Forged/B-S-11-F-07.tif,0,skilled_forgery,11,0.6433455348014832,0.24711237681898562,0
212,data/raw/bhsig260/BHSig100_Bengali/Genuine/B-S-11-G-17.tif,data/raw/bhsig260/BHSig100_Bengali/Forged/B-S-11-F-20.tif,0,skilled_forgery,11,0.5541779398918152,0.24711237681898562,0
213,data/raw/bhsig260/BHSig100_Bengali/Genuine/B-S-11-G-13.tif,data/raw/bhsig260/BHSig100_Bengali/Forged/B-S-11-F-13.tif,0,skilled_forgery,11,0.5864097476005554,0.24711237681898562,0
214,data/raw/bhsig260/BHSig100_Bengali/Genuine/B-S-11-G-10.tif,data/raw/bhsig260/BHSig100_Bengali/Forged/B-S-11-F-09.tif,0,skilled_forgery,11,0.3319876492023468,0.24711237681898562,0
215,data/raw/bhsig260/BHSig100_Bengali/Genuine/B-S-11-G-13.tif,data/raw/bhsig260/BHSig100_Bengali/Genuine/B-S-99-G-14.tif,0,random_forgery,11,1.0008785724639893,0.24711237681898562,0
216,data/raw/bhsig260/BHSig100_Bengali/Genuine/B-S-11-G-12.tif,data/raw/bhsig260/BHSig160_Hindi/Genuine/H-S-65-G-22.tif,0,random_forgery,11,0.8600336909294128,0.24711237681898562,0
217,data/raw/bhsig260/BHSig100_Bengali/Genuine/B-S-11-G-17.tif,data/raw/bhsig260/BHSig100_Bengali/Genuine/B-S-66-G-22.tif,0,random_forgery,11,0.7638356685638428,0.24711237681898562,0
218,data/raw/bhsig260/BHSig100_Bengali/Genuine/B-S-11-G-04.tif,data/raw/bhsig260/BHSig160_Hindi/Genuine/H-S-15-G-13.tif,0,random_forgery,11,0.7173500657081604,0.24711237681898562,0
219,data/raw/bhsig260/BHSig100_Bengali/Genuine/B-S-11-G-18.tif,data/raw/bhsig260/BHSig100_Bengali/Genuine/B-S-5-G-15.tif,0,random_forgery,11,0.9627313017845154,0.24711237681898562,0
220,data/raw/bhsig260/BHSig100_Bengali/Genuine/B-S-12-G-17.tif,data/raw/bhsig260/BHSig100_Bengali/Genuine/B-S-12-G-22.tif,1,genuine_genuine,12,0.5864688754081726,0.24711237681898562,0
221,data/raw/bhsig260/BHSig100_Bengali/Genuine/B-S-12-G-05.tif,data/raw/bhsig260/BHSig100_Bengali/Genuine/B-S-12-G-22.tif,1,genuine_genuine,12,0.42702266573905945,0.24711237681898562,0
222,data/raw/bhsig260/BHSig100_Bengali/Genuine/B-S-12-G-06.tif,data/raw/bhsig260/BHSig100_Bengali/Genuine/B-S-12-G-07.tif,1,genuine_genuine,12,0.23150396347045898,0.24711237681898562,1
223,data/raw/bhsig260/BHSig100_Bengali/Genuine/B-S-12-G-12.tif,data/raw/bhsig260/BHSig100_Bengali/Genuine/B-S-12-G-16.tif,1,genuine_genuine,12,0.4031439423561096,0.24711237681898562,0
224,data/raw/bhsig260/BHSig100_Bengali/Genuine/B-S-12-G-03.tif,data/raw/bhsig260/BHSig100_Bengali/Genuine/B-S-12-G-15.tif,1,genuine_genuine,12,0.3460937738418579,0.24711237681898562,0
225,data/raw/bhsig260/BHSig100_Bengali/Genuine/B-S-12-G-01.tif,data/raw/bhsig260/BHSig100_Bengali/Genuine/B-S-12-G-09.tif,1,genuine_genuine,12,0.2015584409236908,0.24711237681898562,1
226,data/raw/bhsig260/BHSig100_Bengali/Genuine/B-S-12-G-11.tif,data/raw/bhsig260/BHSig100_Bengali/Genuine/B-S-12-G-18.tif,1,genuine_genuine,12,0.45827987790107727,0.24711237681898562,0
227,data/raw/bhsig260/BHSig100_Bengali/Genuine/B-S-12-G-06.tif,data/raw/bhsig260/BHSig100_Bengali/Genuine/B-S-12-G-09.tif,1,genuine_genuine,12,0.2435118854045868,0.24711237681898562,1
228,data/raw/bhsig260/BHSig100_Bengali/Genuine/B-S-12-G-03.tif,data/raw/bhsig260/BHSig100_Bengali/Genuine/B-S-12-G-18.tif,1,genuine_genuine,12,0.38854849338531494,0.24711237681898562,0
229,data/raw/bhsig260/BHSig100_Bengali/Genuine/B-S-12-G-08.tif,data/raw/bhsig260/BHSig100_Bengali/Genuine/B-S-12-G-11.tif,1,genuine_genuine,12,0.22232137620449066,0.24711237681898562,1
230,data/raw/bhsig260/BHSig100_Bengali/Genuine/B-S-12-G-09.tif,data/raw/bhsig260/BHSig100_Bengali/Forged/B-S-12-F-20.tif,0,skilled_forgery,12,0.7289876937866211,0.24711237681898562,0
231,data/raw/bhsig260/BHSig100_Bengali/Genuine/B-S-12-G-02.tif,data/raw/bhsig260/BHSig100_Bengali/Forged/B-S-12-F-03.tif,0,skilled_forgery,12,0.3621053397655487,0.24711237681898562,0
232,data/raw/bhsig260/BHSig100_Bengali/Genuine/B-S-12-G-16.tif,data/raw/bhsig260/BHSig100_Bengali/Forged/B-S-12-F-18.tif,0,skilled_forgery,12,0.6147916316986084,0.24711237681898562,0
233,data/raw/bhsig260/BHSig100_Bengali/Genuine/B-S-12-G-24.tif,data/raw/bhsig260/BHSig100_Bengali/Forged/B-S-12-F-03.tif,0,skilled_forgery,12,0.5658568739891052,0.24711237681898562,0
234,data/raw/bhsig260/BHSig100_Bengali/Genuine/B-S-12-G-15.tif,data/raw/bhsig260/BHSig100_Bengali/Forged/B-S-12-F-07.tif,0,skilled_forgery,12,0.6258317232131958,0.24711237681898562,0
235,data/raw/bhsig260/BHSig100_Bengali/Genuine/B-S-12-G-12.tif,data/raw/bhsig260/BHSig100_Bengali/Genuine/B-S-9-G-18.tif,0,random_forgery,12,0.7631641030311584,0.24711237681898562,0
236,data/raw/bhsig260/BHSig100_Bengali/Genuine/B-S-12-G-05.tif,data/raw/bhsig260/BHSig160_Hindi/Genuine/H-S-144-G-04.tif,0,random_forgery,12,0.31914690136909485,0.24711237681898562,0
237,data/raw/bhsig260/BHSig100_Bengali/Genuine/B-S-12-G-12.tif,data/raw/bhsig260/BHSig100_Bengali/Genuine/B-S-32-G-12.tif,0,random_forgery,12,0.6756660342216492,0.24711237681898562,0
238,data/raw/bhsig260/BHSig100_Bengali/Genuine/B-S-12-G-10.tif,data/raw/bhsig260/BHSig100_Bengali/Genuine/B-S-73-G-15.tif,0,random_forgery,12,0.6935297250747681,0.24711237681898562,0
239,data/raw/bhsig260/BHSig100_Bengali/Genuine/B-S-12-G-18.tif,data/raw/bhsig260/BHSig100_Bengali/Genuine/B-S-75-G-14.tif,0,random_forgery,12,0.26993677020072937,0.24711237681898562,0
240,data/raw/bhsig260/BHSig100_Bengali/Genuine/B-S-13-G-03.tif,data/raw/bhsig260/BHSig100_Bengali/Genuine/B-S-13-G-24.tif,1,genuine_genuine,13,0.14945967495441437,0.24711237681898562,1
241,data/raw/bhsig260/BHSig100_Bengali/Genuine/B-S-13-G-15.tif,data/raw/bhsig260/BHSig100_Bengali/Genuine/B-S-13-G-18.tif,1,genuine_genuine,13,0.20704461634159088,0.24711237681898562,1
242,data/raw/bhsig260/BHSig100_Bengali/Genuine/B-S-13-G-05.tif,data/raw/bhsig260/BHSig100_Bengali/Genuine/B-S-13-G-13.tif,1,genuine_genuine,13,0.14386335015296936,0.24711237681898562,1
243,data/raw/bhsig260/BHSig100_Bengali/Genuine/B-S-13-G-09.tif,data/raw/bhsig260/BHSig100_Bengali/Genuine/B-S-13-G-11.tif,1,genuine_genuine,13,0.2827991247177124,0.24711237681898562,0
244,data/raw/bhsig260/BHSig100_Bengali/Genuine/B-S-13-G-03.tif,data/raw/bhsig260/BHSig100_Bengali/Genuine/B-S-13-G-12.tif,1,genuine_genuine,13,0.10450367629528046,0.24711237681898562,1
245,data/raw/bhsig260/BHSig100_Bengali/Genuine/B-S-13-G-17.tif,data/raw/bhsig260/BHSig100_Bengali/Genuine/B-S-13-G-20.tif,1,genuine_genuine,13,0.13375242054462433,0.24711237681898562,1
246,data/raw/bhsig260/BHSig100_Bengali/Genuine/B-S-13-G-15.tif,data/raw/bhsig260/BHSig100_Bengali/Genuine/B-S-13-G-19.tif,1,genuine_genuine,13,0.12915946543216705,0.24711237681898562,1
247,data/raw/bhsig260/BHSig100_Bengali/Genuine/B-S-13-G-07.tif,data/raw/bhsig260/BHSig100_Bengali/Genuine/B-S-13-G-12.tif,1,genuine_genuine,13,0.0886312797665596,0.24711237681898562,1
248,data/raw/bhsig260/BHSig100_Bengali/Genuine/B-S-13-G-02.tif,data/raw/bhsig260/BHSig100_Bengali/Genuine/B-S-13-G-14.tif,1,genuine_genuine,13,0.04365461319684982,0.24711237681898562,1
249,data/raw/bhsig260/BHSig100_Bengali/Genuine/B-S-13-G-06.tif,data/raw/bhsig260/BHSig100_Bengali/Genuine/B-S-13-G-13.tif,1,genuine_genuine,13,0.35910627245903015,0.24711237681898562,0
250,data/raw/bhsig260/BHSig100_Bengali/Genuine/B-S-13-G-09.tif,data/raw/bhsig260/BHSig100_Bengali/Forged/B-S-13-F-20.tif,0,skilled_forgery,13,0.42841851711273193,0.24711237681898562,0
251,data/raw/bhsig260/BHSig100_Bengali/Genuine/B-S-13-G-13.tif,data/raw/bhsig260/BHSig100_Bengali/Forged/B-S-13-F-07.tif,0,skilled_forgery,13,0.44329556822776794,0.24711237681898562,0
252,data/raw/bhsig260/BHSig100_Bengali/Genuine/B-S-13-G-13.tif,data/raw/bhsig260/BHSig100_Bengali/Forged/B-S-13-F-17.tif,0,skilled_forgery,13,0.20793262124061584,0.24711237681898562,1
253,data/raw/bhsig260/BHSig100_Bengali/Genuine/B-S-13-G-24.tif,data/raw/bhsig260/BHSig100_Bengali/Forged/B-S-13-F-19.tif,0,skilled_forgery,13,0.23775407671928406,0.24711237681898562,1
254,data/raw/bhsig260/BHSig100_Bengali/Genuine/B-S-13-G-07.tif,data/raw/bhsig260/BHSig100_Bengali/Forged/B-S-13-F-27.tif,0,skilled_forgery,13,0.2569097876548767,0.24711237681898562,0
255,data/raw/bhsig260/BHSig100_Bengali/Genuine/B-S-13-G-06.tif,data/raw/bhsig260/BHSig100_Bengali/Genuine/B-S-87-G-11.tif,0,random_forgery,13,1.2728846073150635,0.24711237681898562,0
256,data/raw/bhsig260/BHSig100_Bengali/Genuine/B-S-13-G-05.tif,data/raw/bhsig260/BHSig160_Hindi/Genuine/H-S-135-G-01.tif,0,random_forgery,13,0.6196399927139282,0.24711237681898562,0
257,data/raw/bhsig260/BHSig100_Bengali/Genuine/B-S-13-G-14.tif,data/raw/bhsig260/BHSig160_Hindi/Genuine/H-S-144-G-11.tif,0,random_forgery,13,0.8215557932853699,0.24711237681898562,0
258,data/raw/bhsig260/BHSig100_Bengali/Genuine/B-S-13-G-06.tif,data/raw/bhsig260/BHSig100_Bengali/Genuine/B-S-11-G-09.tif,0,random_forgery,13,0.6095812320709229,0.24711237681898562,0
259,data/raw/bhsig260/BHSig100_Bengali/Genuine/B-S-13-G-06.tif,data/raw/bhsig260/BHSig100_Bengali/Genuine/B-S-41-G-22.tif,0,random_forgery,13,1.0630416870117188,0.24711237681898562,0
260,data/raw/bhsig260/BHSig100_Bengali/Genuine/B-S-14-G-04.tif,data/raw/bhsig260/BHSig100_Bengali/Genuine/B-S-14-G-21.tif,1,genuine_genuine,14,0.08665717393159866,0.24711237681898562,1
261,data/raw/bhsig260/BHSig100_Bengali/Genuine/B-S-14-G-10.tif,data/raw/bhsig260/BHSig100_Bengali/Genuine/B-S-14-G-22.tif,1,genuine_genuine,14,0.20685523748397827,0.24711237681898562,1
262,data/raw/bhsig260/BHSig100_Bengali/Genuine/B-S-14-G-09.tif,data/raw/bhsig260/BHSig100_Bengali/Genuine/B-S-14-G-24.tif,1,genuine_genuine,14,0.044158678501844406,0.24711237681898562,1
263,data/raw/bhsig260/BHSig100_Bengali/Genuine/B-S-14-G-15.tif,data/raw/bhsig260/BHSig100_Bengali/Genuine/B-S-14-G-19.tif,1,genuine_genuine,14,0.21187864243984222,0.24711237681898562,1
264,data/raw/bhsig260/BHSig100_Bengali/Genuine/B-S-14-G-01.tif,data/raw/bhsig260/BHSig100_Bengali/Genuine/B-S-14-G-11.tif,1,genuine_genuine,14,0.3168150782585144,0.24711237681898562,0
265,data/raw/bhsig260/BHSig100_Bengali/Genuine/B-S-14-G-02.tif,data/raw/bhsig260/BHSig100_Bengali/Genuine/B-S-14-G-06.tif,1,genuine_genuine,14,0.054560303688049316,0.24711237681898562,1
266,data/raw/bhsig260/BHSig100_Bengali/Genuine/B-S-14-G-08.tif,data/raw/bhsig260/BHSig100_Bengali/Genuine/B-S-14-G-18.tif,1,genuine_genuine,14,0.19032597541809082,0.24711237681898562,1
267,data/raw/bhsig260/BHSig100_Bengali/Genuine/B-S-14-G-02.tif,data/raw/bhsig260/BHSig100_Bengali/Genuine/B-S-14-G-04.tif,1,genuine_genuine,14,0.2210807353258133,0.24711237681898562,1
268,data/raw/bhsig260/BHSig100_Bengali/Genuine/B-S-14-G-11.tif,data/raw/bhsig260/BHSig100_Bengali/Genuine/B-S-14-G-14.tif,1,genuine_genuine,14,0.13537949323654175,0.24711237681898562,1
269,data/raw/bhsig260/BHSig100_Bengali/Genuine/B-S-14-G-19.tif,data/raw/bhsig260/BHSig100_Bengali/Genuine/B-S-14-G-22.tif,1,genuine_genuine,14,0.3480239808559418,0.24711237681898562,0
270,data/raw/bhsig260/BHSig100_Bengali/Genuine/B-S-14-G-08.tif,data/raw/bhsig260/BHSig100_Bengali/Forged/B-S-14-F-17.tif,0,skilled_forgery,14,0.48172980546951294,0.24711237681898562,0
271,data/raw/bhsig260/BHSig100_Bengali/Genuine/B-S-14-G-14.tif,data/raw/bhsig260/BHSig100_Bengali/Forged/B-S-14-F-18.tif,0,skilled_forgery,14,0.6460742354393005,0.24711237681898562,0
272,data/raw/bhsig260/BHSig100_Bengali/Genuine/B-S-14-G-24.tif,data/raw/bhsig260/BHSig100_Bengali/Forged/B-S-14-F-02.tif,0,skilled_forgery,14,0.575593888759613,0.24711237681898562,0
273,data/raw/bhsig260/BHSig100_Bengali/Genuine/B-S-14-G-07.tif,data/raw/bhsig260/BHSig100_Bengali/Forged/B-S-14-F-07.tif,0,skilled_forgery,14,0.5254128575325012,0.24711237681898562,0
274,data/raw/bhsig260/BHSig100_Bengali/Genuine/B-S-14-G-17.tif,data/raw/bhsig260/BHSig100_Bengali/Forged/B-S-14-F-20.tif,0,skilled_forgery,14,0.6402748227119446,0.24711237681898562,0
275,data/raw/bhsig260/BHSig100_Bengali/Genuine/B-S-14-G-11.tif,data/raw/bhsig260/BHSig160_Hindi/Genuine/H-S-48-G-13.tif,0,random_forgery,14,1.183095097541809,0.24711237681898562,0
276,data/raw/bhsig260/BHSig100_Bengali/Genuine/B-S-14-G-06.tif,data/raw/bhsig260/BHSig160_Hindi/Genuine/H-S-65-G-05.tif,0,random_forgery,14,1.0146795511245728,0.24711237681898562,0
277,data/raw/bhsig260/BHSig100_Bengali/Genuine/B-S-14-G-24.tif,data/raw/bhsig260/BHSig100_Bengali/Genuine/B-S-23-G-24.tif,0,random_forgery,14,0.7614701390266418,0.24711237681898562,0
278,data/raw/bhsig260/BHSig100_Bengali/Genuine/B-S-14-G-14.tif,data/raw/bhsig260/BHSig160_Hindi/Genuine/H-S-9-G-17.tif,0,random_forgery,14,0.8655382394790649,0.24711237681898562,0
279,data/raw/bhsig260/BHSig100_Bengali/Genuine/B-S-14-G-19.tif,data/raw/bhsig260/BHSig160_Hindi/Genuine/H-S-44-G-20.tif,0,random_forgery,14,1.1013908386230469,0.24711237681898562,0
280,data/raw/bhsig260/BHSig100_Bengali/Genuine/B-S-15-G-05.tif,data/raw/bhsig260/BHSig100_Bengali/Genuine/B-S-15-G-22.tif,1,genuine_genuine,15,0.0591367669403553,0.24711237681898562,1
281,data/raw/bhsig260/BHSig100_Bengali/Genuine/B-S-15-G-13.tif,data/raw/bhsig260/BHSig100_Bengali/Genuine/B-S-15-G-15.tif,1,genuine_genuine,15,0.054220933467149734,0.24711237681898562,1
282,data/raw/bhsig260/BHSig100_Bengali/Genuine/B-S-15-G-06.tif,data/raw/bhsig260/BHSig100_Bengali/Genuine/B-S-15-G-19.tif,1,genuine_genuine,15,0.3096994161605835,0.24711237681898562,0
283,data/raw/bhsig260/BHSig100_Bengali/Genuine/B-S-15-G-03.tif,data/raw/bhsig260/BHSig100_Bengali/Genuine/B-S-15-G-24.tif,1,genuine_genuine,15,0.16563822329044342,0.24711237681898562,1
284,data/raw/bhsig260/BHSig100_Bengali/Genuine/B-S-15-G-06.tif,data/raw/bhsig260/BHSig100_Bengali/Genuine/B-S-15-G-14.tif,1,genuine_genuine,15,0.21907493472099304,0.24711237681898562,1
285,data/raw/bhsig260/BHSig100_Bengali/Genuine/B-S-15-G-04.tif,data/raw/bhsig260/BHSig100_Bengali/Genuine/B-S-15-G-08.tif,1,genuine_genuine,15,0.07693071663379669,0.24711237681898562,1
286,data/raw/bhsig260/BHSig100_Bengali/Genuine/B-S-15-G-16.tif,data/raw/bhsig260/BHSig100_Bengali/Genuine/B-S-15-G-19.tif,1,genuine_genuine,15,0.4149114489555359,0.24711237681898562,0
287,data/raw/bhsig260/BHSig100_Bengali/Genuine/B-S-15-G-04.tif,data/raw/bhsig260/BHSig100_Bengali/Genuine/B-S-15-G-05.tif,1,genuine_genuine,15,0.23107460141181946,0.24711237681898562,1
288,data/raw/bhsig260/BHSig100_Bengali/Genuine/B-S-15-G-16.tif,data/raw/bhsig260/BHSig100_Bengali/Genuine/B-S-15-G-24.tif,1,genuine_genuine,15,0.4296390116214752,0.24711237681898562,0
289,data/raw/bhsig260/BHSig100_Bengali/Genuine/B-S-15-G-07.tif,data/raw/bhsig260/BHSig100_Bengali/Genuine/B-S-15-G-13.tif,1,genuine_genuine,15,0.189687117934227,0.24711237681898562,1
290,data/raw/bhsig260/BHSig100_Bengali/Genuine/B-S-15-G-09.tif,data/raw/bhsig260/BHSig100_Bengali/Forged/B-S-15-F-14.tif,0,skilled_forgery,15,0.6896296143531799,0.24711237681898562,0
291,data/raw/bhsig260/BHSig100_Bengali/Genuine/B-S-15-G-14.tif,data/raw/bhsig260/BHSig100_Bengali/Forged/B-S-15-F-08.tif,0,skilled_forgery,15,0.5762611031532288,0.24711237681898562,0
292,data/raw/bhsig260/BHSig100_Bengali/Genuine/B-S-15-G-20.tif,data/raw/bhsig260/BHSig100_Bengali/Forged/B-S-15-F-20.tif,0,skilled_forgery,15,0.49385982751846313,0.24711237681898562,0
293,data/raw/bhsig260/BHSig100_Bengali/Genuine/B-S-15-G-03.tif,data/raw/bhsig260/BHSig100_Bengali/Forged/B-S-15-F-30.tif,0,skilled_forgery,15,0.2423977106809616,0.24711237681898562,1
294,data/raw/bhsig260/BHSig100_Bengali/Genuine/B-S-15-G-09.tif,data/raw/bhsig260/BHSig100_Bengali/Forged/B-S-15-F-13.tif,0,skilled_forgery,15,0.3614516854286194,0.24711237681898562,0
295,data/raw/bhsig260/BHSig100_Bengali/Genuine/B-S-15-G-08.tif,data/raw/bhsig260/BHSig160_Hindi/Genuine/H-S-104-G-06.tif,0,random_forgery,15,1.0378541946411133,0.24711237681898562,0
296,data/raw/bhsig260/BHSig100_Bengali/Genuine/B-S-15-G-18.tif,data/raw/bhsig260/BHSig100_Bengali/Genuine/B-S-45-G-04.tif,0,random_forgery,15,0.46177923679351807,0.24711237681898562,0
297,data/raw/bhsig260/BHSig100_Bengali/Genuine/B-S-15-G-24.tif,data/raw/bhsig260/BHSig100_Bengali/Genuine/B-S-66-G-05.tif,0,random_forgery,15,1.175479531288147,0.24711237681898562,0
298,data/raw/bhsig260/BHSig100_Bengali/Genuine/B-S-15-G-14.tif,data/raw/bhsig260/BHSig160_Hindi/Genuine/H-S-154-G-09.tif,0,random_forgery,15,0.6624961495399475,0.24711237681898562,0
299,data/raw/bhsig260/BHSig100_Bengali/Genuine/B-S-15-G-15.tif,data/raw/bhsig260/BHSig160_Hindi/Genuine/H-S-78-G-23.tif,0,random_forgery,15,0.3637738823890686,0.24711237681898562,0
300,data/raw/bhsig260/BHSig100_Bengali/Genuine/B-S-16-G-04.tif,data/raw/bhsig260/BHSig100_Bengali/Genuine/B-S-16-G-21.tif,1,genuine_genuine,16,0.20004959404468536,0.24711237681898562,1
301,data/raw/bhsig260/BHSig100_Bengali/Genuine/B-S-16-G-03.tif,data/raw/bhsig260/BHSig100_Bengali/Genuine/B-S-16-G-07.tif,1,genuine_genuine,16,0.14295487105846405,0.24711237681898562,1
302,data/raw/bhsig260/BHSig100_Bengali/Genuine/B-S-16-G-01.tif,data/raw/bhsig260/BHSig100_Bengali/Genuine/B-S-16-G-11.tif,1,genuine_genuine,16,0.4048963189125061,0.24711237681898562,0
303,data/raw/bhsig260/BHSig100_Bengali/Genuine/B-S-16-G-07.tif,data/raw/bhsig260/BHSig100_Bengali/Genuine/B-S-16-G-14.tif,1,genuine_genuine,16,0.14217707514762878,0.24711237681898562,1
304,data/raw/bhsig260/BHSig100_Bengali/Genuine/B-S-16-G-09.tif,data/raw/bhsig260/BHSig100_Bengali/Genuine/B-S-16-G-17.tif,1,genuine_genuine,16,0.11947210878133774,0.24711237681898562,1
305,data/raw/bhsig260/BHSig100_Bengali/Genuine/B-S-16-G-11.tif,data/raw/bhsig260/BHSig100_Bengali/Genuine/B-S-16-G-16.tif,1,genuine_genuine,16,0.12268959730863571,0.24711237681898562,1
306,data/raw/bhsig260/BHSig100_Bengali/Genuine/B-S-16-G-02.tif,data/raw/bhsig260/BHSig100_Bengali/Genuine/B-S-16-G-24.tif,1,genuine_genuine,16,0.09628014266490936,0.24711237681898562,1
307,data/raw/bhsig260/BHSig100_Bengali/Genuine/B-S-16-G-16.tif,data/raw/bhsig260/BHSig100_Bengali/Genuine/B-S-16-G-20.tif,1,genuine_genuine,16,0.29308396577835083,0.24711237681898562,0
308,data/raw/bhsig260/BHSig100_Bengali/Genuine/B-S-16-G-09.tif,data/raw/bhsig260/BHSig100_Bengali/Genuine/B-S-16-G-19.tif,1,genuine_genuine,16,0.3069382309913635,0.24711237681898562,0
309,data/raw/bhsig260/BHSig100_Bengali/Genuine/B-S-16-G-07.tif,data/raw/bhsig260/BHSig100_Bengali/Genuine/B-S-16-G-15.tif,1,genuine_genuine,16,0.1881641149520874,0.24711237681898562,1
310,data/raw/bhsig260/BHSig100_Bengali/Genuine/B-S-16-G-15.tif,data/raw/bhsig260/BHSig100_Bengali/Forged/B-S-16-F-20.tif,0,skilled_forgery,16,0.20778924226760864,0.24711237681898562,1
311,data/raw/bhsig260/BHSig100_Bengali/Genuine/B-S-16-G-20.tif,data/raw/bhsig260/BHSig100_Bengali/Forged/B-S-16-F-17.tif,0,skilled_forgery,16,0.3631037473678589,0.24711237681898562,0
312,data/raw/bhsig260/BHSig100_Bengali/Genuine/B-S-16-G-01.tif,data/raw/bhsig260/BHSig100_Bengali/Forged/B-S-16-F-23.tif,0,skilled_forgery,16,0.4598005712032318,0.24711237681898562,0
313,data/raw/bhsig260/BHSig100_Bengali/Genuine/B-S-16-G-14.tif,data/raw/bhsig260/BHSig100_Bengali/Forged/B-S-16-F-28.tif,0,skilled_forgery,16,0.6523314118385315,0.24711237681898562,0
314,data/raw/bhsig260/BHSig100_Bengali/Genuine/B-S-16-G-04.tif,data/raw/bhsig260/BHSig100_Bengali/Forged/B-S-16-F-16.tif,0,skilled_forgery,16,0.831138551235199,0.24711237681898562,0
315,data/raw/bhsig260/BHSig100_Bengali/Genuine/B-S-16-G-06.tif,data/raw/bhsig260/BHSig160_Hindi/Genuine/H-S-74-G-09.tif,0,random_forgery,16,1.436672568321228,0.24711237681898562,0
316,data/raw/bhsig260/BHSig100_Bengali/Genuine/B-S-16-G-16.tif,data/raw/bhsig260/BHSig160_Hindi/Genuine/H-S-076-G-18.tif,0,random_forgery,16,0.8722983002662659,0.24711237681898562,0
317,data/raw/bhsig260/BHSig100_Bengali/Genuine/B-S-16-G-22.tif,data/raw/bhsig260/BHSig160_Hindi/Genuine/H-S-135-G-04.tif,0,random_forgery,16,0.9508677124977112,0.24711237681898562,0
318,data/raw/bhsig260/BHSig100_Bengali/Genuine/B-S-16-G-17.tif,data/raw/bhsig260/BHSig160_Hindi/Genuine/H-S-77-G-09.tif,0,random_forgery,16,1.3910409212112427,0.24711237681898562,0
319,data/raw/bhsig260/BHSig100_Bengali/Genuine/B-S-16-G-12.tif,data/raw/bhsig260/BHSig100_Bengali/Genuine/B-S-34-G-14.tif,0,random_forgery,16,0.9275128245353699,0.24711237681898562,0
320,data/raw/bhsig260/BHSig100_Bengali/Genuine/B-S-17-G-12.tif,data/raw/bhsig260/BHSig100_Bengali/Genuine/B-S-17-G-17.tif,1,genuine_genuine,17,0.05242311954498291,0.24711237681898562,1
321,data/raw/bhsig260/BHSig100_Bengali/Genuine/B-S-17-G-02.tif,data/raw/bhsig260/BHSig100_Bengali/Genuine/B-S-17-G-17.tif,1,genuine_genuine,17,0.08992026001214981,0.24711237681898562,1
322,data/raw/bhsig260/BHSig100_Bengali/Genuine/B-S-17-G-10.tif,data/raw/bhsig260/BHSig100_Bengali/Genuine/B-S-17-G-15.tif,1,genuine_genuine,17,0.26490145921707153,0.24711237681898562,0
323,data/raw/bhsig260/BHSig100_Bengali/Genuine/B-S-17-G-02.tif,data/raw/bhsig260/BHSig100_Bengali/Genuine/B-S-17-G-03.tif,1,genuine_genuine,17,0.1776764690876007,0.24711237681898562,1
324,data/raw/bhsig260/BHSig100_Bengali/Genuine/B-S-17-G-18.tif,data/raw/bhsig260/BHSig100_Bengali/Genuine/B-S-17-G-19.tif,1,genuine_genuine,17,0.31623736023902893,0.24711237681898562,0
325,data/raw/bhsig260/BHSig100_Bengali/Genuine/B-S-17-G-01.tif,data/raw/bhsig260/BHSig100_Bengali/Genuine/B-S-17-G-16.tif,1,genuine_genuine,17,0.34810638427734375,0.24711237681898562,0
326,data/raw/bhsig260/BHSig100_Bengali/Genuine/B-S-17-G-06.tif,data/raw/bhsig260/BHSig100_Bengali/Genuine/B-S-17-G-19.tif,1,genuine_genuine,17,0.33179032802581787,0.24711237681898562,0
327,data/raw/bhsig260/BHSig100_Bengali/Genuine/B-S-17-G-14.tif,data/raw/bhsig260/BHSig100_Bengali/Genuine/B-S-17-G-16.tif,1,genuine_genuine,17,0.07171466201543808,0.24711237681898562,1
328,data/raw/bhsig260/BHSig100_Bengali/Genuine/B-S-17-G-03.tif,data/raw/bhsig260/BHSig100_Bengali/Genuine/B-S-17-G-13.tif,1,genuine_genuine,17,0.4454207122325897,0.24711237681898562,0
329,data/raw/bhsig260/BHSig100_Bengali/Genuine/B-S-17-G-08.tif,data/raw/bhsig260/BHSig100_Bengali/Genuine/B-S-17-G-14.tif,1,genuine_genuine,17,0.13247054815292358,0.24711237681898562,1
330,data/raw/bhsig260/BHSig100_Bengali/Genuine/B-S-17-G-09.tif,data/raw/bhsig260/BHSig100_Bengali/Forged/B-S-17-F-17.tif,0,skilled_forgery,17,1.0873771905899048,0.24711237681898562,0
331,data/raw/bhsig260/BHSig100_Bengali/Genuine/B-S-17-G-11.tif,data/raw/bhsig260/BHSig100_Bengali/Forged/B-S-17-F-20.tif,0,skilled_forgery,17,0.7164459824562073,0.24711237681898562,0
332,data/raw/bhsig260/BHSig100_Bengali/Genuine/B-S-17-G-12.tif,data/raw/bhsig260/BHSig100_Bengali/Forged/B-S-17-F-15.tif,0,skilled_forgery,17,0.3681962490081787,0.24711237681898562,0
333,data/raw/bhsig260/BHSig100_Bengali/Genuine/B-S-17-G-03.tif,data/raw/bhsig260/BHSig100_Bengali/Forged/B-S-17-F-09.tif,0,skilled_forgery,17,0.6930838227272034,0.24711237681898562,0
334,data/raw/bhsig260/BHSig100_Bengali/Genuine/B-S-17-G-05.tif,data/raw/bhsig260/BHSig100_Bengali/Forged/B-S-17-F-08.tif,0,skilled_forgery,17,0.2948148548603058,0.24711237681898562,0
335,data/raw/bhsig260/BHSig100_Bengali/Genuine/B-S-17-G-04.tif,data/raw/bhsig260/BHSig160_Hindi/Genuine/H-S-129-G-02.tif,0,random_forgery,17,1.5008183717727661,0.24711237681898562,0
336,data/raw/bhsig260/BHSig100_Bengali/Genuine/B-S-17-G-13.tif,data/raw/bhsig260/BHSig100_Bengali/Genuine/B-S-71-G-16.tif,0,random_forgery,17,0.2599922716617584,0.24711237681898562,0
337,data/raw/bhsig260/BHSig100_Bengali/Genuine/B-S-17-G-16.tif,data/raw/bhsig260/BHSig160_Hindi/Genuine/H-S-96-G-06.tif,0,random_forgery,17,0.9907940626144409,0.24711237681898562,0
338,data/raw/bhsig260/BHSig100_Bengali/Genuine/B-S-17-G-19.tif,data/raw/bhsig260/BHSig100_Bengali/Genuine/B-S-11-G-23.tif,0,random_forgery,17,0.8765073418617249,0.24711237681898562,0
339,data/raw/bhsig260/BHSig100_Bengali/Genuine/B-S-17-G-15.tif,data/raw/bhsig260/BHSig160_Hindi/Genuine/H-S-087-G-19.tif,0,random_forgery,17,0.5106434226036072,0.24711237681898562,0
340,data/raw/bhsig260/BHSig100_Bengali/Genuine/B-S-18-G-17.tif,data/raw/bhsig260/BHSig100_Bengali/Genuine/B-S-18-G-20.tif,1,genuine_genuine,18,0.4432225823402405,0.24711237681898562,0
341,data/raw/bhsig260/BHSig100_Bengali/Genuine/B-S-18-G-01.tif,data/raw/bhsig260/BHSig100_Bengali/Genuine/B-S-18-G-19.tif,1,genuine_genuine,18,0.1848258376121521,0.24711237681898562,1
342,data/raw/bhsig260/BHSig100_Bengali/Genuine/B-S-18-G-06.tif,data/raw/bhsig260/BHSig100_Bengali/Genuine/B-S-18-G-13.tif,1,genuine_genuine,18,0.11735602468252182,0.24711237681898562,1
343,data/raw/bhsig260/BHSig100_Bengali/Genuine/B-S-18-G-08.tif,data/raw/bhsig260/BHSig100_Bengali/Genuine/B-S-18-G-21.tif,1,genuine_genuine,18,0.2368163764476776,0.24711237681898562,1
344,data/raw/bhsig260/BHSig100_Bengali/Genuine/B-S-18-G-08.tif,data/raw/bhsig260/BHSig100_Bengali/Genuine/B-S-18-G-17.tif,1,genuine_genuine,18,0.2447091042995453,0.24711237681898562,1
345,data/raw/bhsig260/BHSig100_Bengali/Genuine/B-S-18-G-11.tif,data/raw/bhsig260/BHSig100_Bengali/Genuine/B-S-18-G-12.tif,1,genuine_genuine,18,0.5656852722167969,0.24711237681898562,0
346,data/raw/bhsig260/BHSig100_Bengali/Genuine/B-S-18-G-11.tif,data/raw/bhsig260/BHSig100_Bengali/Genuine/B-S-18-G-23.tif,1,genuine_genuine,18,0.278813898563385,0.24711237681898562,0
347,data/raw/bhsig260/BHSig100_Bengali/Genuine/B-S-18-G-05.tif,data/raw/bhsig260/BHSig100_Bengali/Genuine/B-S-18-G-12.tif,1,genuine_genuine,18,0.08469537645578384,0.24711237681898562,1
348,data/raw/bhsig260/BHSig100_Bengali/Genuine/B-S-18-G-08.tif,data/raw/bhsig260/BHSig100_Bengali/Genuine/B-S-18-G-16.tif,1,genuine_genuine,18,0.040935758501291275,0.24711237681898562,1
349,data/raw/bhsig260/BHSig100_Bengali/Genuine/B-S-18-G-11.tif,data/raw/bhsig260/BHSig100_Bengali/Genuine/B-S-18-G-13.tif,1,genuine_genuine,18,0.20645800232887268,0.24711237681898562,1
350,data/raw/bhsig260/BHSig100_Bengali/Genuine/B-S-18-G-10.tif,data/raw/bhsig260/BHSig100_Bengali/Forged/B-S-18-F-24.tif,0,skilled_forgery,18,0.5827803611755371,0.24711237681898562,0
351,data/raw/bhsig260/BHSig100_Bengali/Genuine/B-S-18-G-02.tif,data/raw/bhsig260/BHSig100_Bengali/Forged/B-S-18-F-26.tif,0,skilled_forgery,18,0.8039277195930481,0.24711237681898562,0
352,data/raw/bhsig260/BHSig100_Bengali/Genuine/B-S-18-G-20.tif,data/raw/bhsig260/BHSig100_Bengali/Forged/B-S-18-F-30.tif,0,skilled_forgery,18,0.6073581576347351,0.24711237681898562,0
353,data/raw/bhsig260/BHSig100_Bengali/Genuine/B-S-18-G-21.tif,data/raw/bhsig260/BHSig100_Bengali/Forged/B-S-18-F-01.tif,0,skilled_forgery,18,0.6463937759399414,0.24711237681898562,0
354,data/raw/bhsig260/BHSig100_Bengali/Genuine/B-S-18-G-21.tif,data/raw/bhsig260/BHSig100_Bengali/Forged/B-S-18-F-20.tif,0,skilled_forgery,18,0.5136615037918091,0.24711237681898562,0
355,data/raw/bhsig260/BHSig100_Bengali/Genuine/B-S-18-G-04.tif,data/raw/bhsig260/BHSig100_Bengali/Genuine/B-S-72-G-01.tif,0,random_forgery,18,0.4302797019481659,0.24711237681898562,0
356,data/raw/bhsig260/BHSig100_Bengali/Genuine/B-S-18-G-03.tif,data/raw/bhsig260/BHSig100_Bengali/Genuine/B-S-84-G-19.tif,0,random_forgery,18,0.8183174729347229,0.24711237681898562,0
357,data/raw/bhsig260/BHSig100_Bengali/Genuine/B-S-18-G-22.tif,data/raw/bhsig260/BHSig100_Bengali/Genuine/B-S-97-G-07.tif,0,random_forgery,18,0.5067461133003235,0.24711237681898562,0
358,data/raw/bhsig260/BHSig100_Bengali/Genuine/B-S-18-G-22.tif,data/raw/bhsig260/BHSig160_Hindi/Genuine/H-S-130-G-18.tif,0,random_forgery,18,0.695554256439209,0.24711237681898562,0
359,data/raw/bhsig260/BHSig100_Bengali/Genuine/B-S-18-G-18.tif,data/raw/bhsig260/BHSig160_Hindi/Genuine/H-S-093-G-09.tif,0,random_forgery,18,0.47766733169555664,0.24711237681898562,0
360,data/raw/bhsig260/BHSig100_Bengali/Genuine/B-S-19-G-03.tif,data/raw/bhsig260/BHSig100_Bengali/Genuine/B-S-19-G-19.tif,1,genuine_genuine,19,0.18513698875904083,0.24711237681898562,1
361,data/raw/bhsig260/BHSig100_Bengali/Genuine/B-S-19-G-13.tif,data/raw/bhsig260/BHSig100_Bengali/Genuine/B-S-19-G-17.tif,1,genuine_genuine,19,0.1645483672618866,0.24711237681898562,1
362,data/raw/bhsig260/BHSig100_Bengali/Genuine/B-S-19-G-09.tif,data/raw/bhsig260/BHSig100_Bengali/Genuine/B-S-19-G-15.tif,1,genuine_genuine,19,0.03402223438024521,0.24711237681898562,1
363,data/raw/bhsig260/BHSig100_Bengali/Genuine/B-S-19-G-11.tif,data/raw/bhsig260/BHSig100_Bengali/Genuine/B-S-19-G-20.tif,1,genuine_genuine,19,0.4125581383705139,0.24711237681898562,0
364,data/raw/bhsig260/BHSig100_Bengali/Genuine/B-S-19-G-01.tif,data/raw/bhsig260/BHSig100_Bengali/Genuine/B-S-19-G-16.tif,1,genuine_genuine,19,0.1565527766942978,0.24711237681898562,1
365,data/raw/bhsig260/BHSig100_Bengali/Genuine/B-S-19-G-09.tif,data/raw/bhsig260/BHSig100_Bengali/Genuine/B-S-19-G-22.tif,1,genuine_genuine,19,0.16308334469795227,0.24711237681898562,1
366,data/raw/bhsig260/BHSig100_Bengali/Genuine/B-S-19-G-16.tif,data/raw/bhsig260/BHSig100_Bengali/Genuine/B-S-19-G-18.tif,1,genuine_genuine,19,0.22505706548690796,0.24711237681898562,1
367,data/raw/bhsig260/BHSig100_Bengali/Genuine/B-S-19-G-02.tif,data/raw/bhsig260/BHSig100_Bengali/Genuine/B-S-19-G-19.tif,1,genuine_genuine,19,0.1186140701174736,0.24711237681898562,1
368,data/raw/bhsig260/BHSig100_Bengali/Genuine/B-S-19-G-05.tif,data/raw/bhsig260/BHSig100_Bengali/Genuine/B-S-19-G-17.tif,1,genuine_genuine,19,0.09564704447984695,0.24711237681898562,1
369,data/raw/bhsig260/BHSig100_Bengali/Genuine/B-S-19-G-10.tif,data/raw/bhsig260/BHSig100_Bengali/Genuine/B-S-19-G-18.tif,1,genuine_genuine,19,0.16362035274505615,0.24711237681898562,1
370,data/raw/bhsig260/BHSig100_Bengali/Genuine/B-S-19-G-16.tif,data/raw/bhsig260/BHSig100_Bengali/Forged/B-S-19-F-29.tif,0,skilled_forgery,19,0.6445402503013611,0.24711237681898562,0
371,data/raw/bhsig260/BHSig100_Bengali/Genuine/B-S-19-G-21.tif,data/raw/bhsig260/BHSig100_Bengali/Forged/B-S-19-F-07.tif,0,skilled_forgery,19,0.9007922410964966,0.24711237681898562,0
372,data/raw/bhsig260/BHSig100_Bengali/Genuine/B-S-19-G-06.tif,data/raw/bhsig260/BHSig100_Bengali/Forged/B-S-19-F-14.tif,0,skilled_forgery,19,0.5059037804603577,0.24711237681898562,0
373,data/raw/bhsig260/BHSig100_Bengali/Genuine/B-S-19-G-05.tif,data/raw/bhsig260/BHSig100_Bengali/Forged/B-S-19-F-24.tif,0,skilled_forgery,19,0.7506080269813538,0.24711237681898562,0
374,data/raw/bhsig260/BHSig100_Bengali/Genuine/B-S-19-G-13.tif,data/raw/bhsig260/BHSig100_Bengali/Forged/B-S-19-F-15.tif,0,skilled_forgery,19,0.6616731286048889,0.24711237681898562,0
375,data/raw/bhsig260/BHSig100_Bengali/Genuine/B-S-19-G-08.tif,data/raw/bhsig260/BHSig160_Hindi/Genuine/H-S-132-G-13.tif,0,random_forgery,19,0.8226554989814758,0.24711237681898562,0
376,data/raw/bhsig260/BHSig100_Bengali/Genuine/B-S-19-G-14.tif,data/raw/bhsig260/BHSig100_Bengali/Genuine/B-S-2-G-02.tif,0,random_forgery,19,1.2159574031829834,0.24711237681898562,0
377,data/raw/bhsig260/BHSig100_Bengali/Genuine/B-S-19-G-09.tif,data/raw/bhsig260/BHSig100_Bengali/Genuine/B-S-40-G-18.tif,0,random_forgery,19,0.0989166721701622,0.24711237681898562,1
378,data/raw/bhsig260/BHSig100_Bengali/Genuine/B-S-19-G-01.tif,data/raw/bhsig260/BHSig160_Hindi/Genuine/H-S-115-G-17.tif,0,random_forgery,19,0.8421723246574402,0.24711237681898562,0
379,data/raw/bhsig260/BHSig100_Bengali/Genuine/B-S-19-G-20.tif,data/raw/bhsig260/BHSig160_Hindi/Genuine/H-S-58-G-22.tif,0,random_forgery,19,1.0654171705245972,0.24711237681898562,0
380,data/raw/bhsig260/BHSig100_Bengali/Genuine/B-S-20-G-14.tif,data/raw/bhsig260/BHSig100_Bengali/Genuine/B-S-20-G-24.tif,1,genuine_genuine,20,0.18317696452140808,0.24711237681898562,1
381,data/raw/bhsig260/BHSig100_Bengali/Genuine/B-S-20-G-03.tif,data/raw/bhsig260/BHSig100_Bengali/Genuine/B-S-20-G-16.tif,1,genuine_genuine,20,0.04298616200685501,0.24711237681898562,1
382,data/raw/bhsig260/BHSig100_Bengali/Genuine/B-S-20-G-02.tif,data/raw/bhsig260/BHSig100_Bengali/Genuine/B-S-20-G-12.tif,1,genuine_genuine,20,0.04298616200685501,0.24711237681898562,1
383,data/raw/bhsig260/BHSig100_Bengali/Genuine/B-S-20-G-12.tif,data/raw/bhsig260/BHSig100_Bengali/Genuine/B-S-20-G-20.tif,1,genuine_genuine,20,0.4040551781654358,0.24711237681898562,0
384,data/raw/bhsig260/BHSig100_Bengali/Genuine/B-S-20-G-09.tif,data/raw/bhsig260/BHSig100_Bengali/Genuine/B-S-20-G-10.tif,1,genuine_genuine,20,0.3881761431694031,0.24711237681898562,0
385,data/raw/bhsig260/BHSig100_Bengali/Genuine/B-S-20-G-09.tif,data/raw/bhsig260/BHSig100_Bengali/Genuine/B-S-20-G-13.tif,1,genuine_genuine,20,0.46163538098335266,0.24711237681898562,0
386,data/raw/bhsig260/BHSig100_Bengali/Genuine/B-S-20-G-04.tif,data/raw/bhsig260/BHSig100_Bengali/Genuine/B-S-20-G-23.tif,1,genuine_genuine,20,0.20081092417240143,0.24711237681898562,1
387,data/raw/bhsig260/BHSig100_Bengali/Genuine/B-S-20-G-07.tif,data/raw/bhsig260/BHSig100_Bengali/Genuine/B-S-20-G-12.tif,1,genuine_genuine,20,0.18317696452140808,0.24711237681898562,1
388,data/raw/bhsig260/BHSig100_Bengali/Genuine/B-S-20-G-03.tif,data/raw/bhsig260/BHSig100_Bengali/Genuine/B-S-20-G-14.tif,1,genuine_genuine,20,0.18317696452140808,0.24711237681898562,1
389,data/raw/bhsig260/BHSig100_Bengali/Genuine/B-S-20-G-06.tif,data/raw/bhsig260/BHSig100_Bengali/Genuine/B-S-20-G-10.tif,1,genuine_genuine,20,0.3881761431694031,0.24711237681898562,0
390,data/raw/bhsig260/BHSig100_Bengali/Genuine/B-S-20-G-01.tif,data/raw/bhsig260/BHSig100_Bengali/Forged/B-S-20-F-19.tif,0,skilled_forgery,20,0.37584203481674194,0.24711237681898562,0
391,data/raw/bhsig260/BHSig100_Bengali/Genuine/B-S-20-G-19.tif,data/raw/bhsig260/BHSig100_Bengali/Forged/B-S-20-F-08.tif,0,skilled_forgery,20,0.5356048941612244,0.24711237681898562,0
392,data/raw/bhsig260/BHSig100_Bengali/Genuine/B-S-20-G-05.tif,data/raw/bhsig260/BHSig100_Bengali/Forged/B-S-20-F-24.tif,0,skilled_forgery,20,0.7119268774986267,0.24711237681898562,0
393,data/raw/bhsig260/BHSig100_Bengali/Genuine/B-S-20-G-11.tif,data/raw/bhsig260/BHSig100_Bengali/Forged/B-S-20-F-25.tif,0,skilled_forgery,20,0.5696401596069336,0.24711237681898562,0
394,data/raw/bhsig260/BHSig100_Bengali/Genuine/B-S-20-G-24.tif,data/raw/bhsig260/BHSig100_Bengali/Forged/B-S-20-F-18.tif,0,skilled_forgery,20,0.2837137281894684,0.24711237681898562,0
395,data/raw/bhsig260/BHSig100_Bengali/Genuine/B-S-20-G-18.tif,data/raw/bhsig260/BHSig100_Bengali/Genuine/B-S-59-G-05.tif,0,random_forgery,20,0.6216391324996948,0.24711237681898562,0
396,data/raw/bhsig260/BHSig100_Bengali/Genuine/B-S-20-G-08.tif,data/raw/bhsig260/BHSig100_Bengali/Genuine/B-S-7-G-23.tif,0,random_forgery,20,0.827962338924408,0.24711237681898562,0
397,data/raw/bhsig260/BHSig100_Bengali/Genuine/B-S-20-G-11.tif,data/raw/bhsig260/BHSig160_Hindi/Genuine/H-S-95-G-16.tif,0,random_forgery,20,0.7033662796020508,0.24711237681898562,0
398,data/raw/bhsig260/BHSig100_Bengali/Genuine/B-S-20-G-09.tif,data/raw/bhsig260/BHSig160_Hindi/Genuine/H-S-156-G-24.tif,0,random_forgery,20,1.5919321775436401,0.24711237681898562,0
399,data/raw/bhsig260/BHSig100_Bengali/Genuine/B-S-20-G-20.tif,data/raw/bhsig260/BHSig160_Hindi/Genuine/H-S-47-G-04.tif,0,random_forgery,20,0.981287956237793,0.24711237681898562,0
400,data/raw/bhsig260/BHSig100_Bengali/Genuine/B-S-21-G-18.tif,data/raw/bhsig260/BHSig100_Bengali/Genuine/B-S-21-G-23.tif,1,genuine_genuine,21,0.9195880889892578,0.24711237681898562,0
401,data/raw/bhsig260/BHSig100_Bengali/Genuine/B-S-21-G-02.tif,data/raw/bhsig260/BHSig100_Bengali/Genuine/B-S-21-G-21.tif,1,genuine_genuine,21,0.1928817480802536,0.24711237681898562,1
402,data/raw/bhsig260/BHSig100_Bengali/Genuine/B-S-21-G-16.tif,data/raw/bhsig260/BHSig100_Bengali/Genuine/B-S-21-G-22.tif,1,genuine_genuine,21,0.2142084836959839,0.24711237681898562,1
403,data/raw/bhsig260/BHSig100_Bengali/Genuine/B-S-21-G-07.tif,data/raw/bhsig260/BHSig100_Bengali/Genuine/B-S-21-G-24.tif,1,genuine_genuine,21,0.2993583083152771,0.24711237681898562,0
404,data/raw/bhsig260/BHSig100_Bengali/Genuine/B-S-21-G-19.tif,data/raw/bhsig260/BHSig100_Bengali/Genuine/B-S-21-G-23.tif,1,genuine_genuine,21,0.2993583083152771,0.24711237681898562,0
405,data/raw/bhsig260/BHSig100_Bengali/Genuine/B-S-21-G-10.tif,data/raw/bhsig260/BHSig100_Bengali/Genuine/B-S-21-G-13.tif,1,genuine_genuine,21,0.9001857042312622,0.24711237681898562,0
406,data/raw/bhsig260/BHSig100_Bengali/Genuine/B-S-21-G-01.tif,data/raw/bhsig260/BHSig100_Bengali/Genuine/B-S-21-G-17.tif,1,genuine_genuine,21,0.6769101619720459,0.24711237681898562,0
407,data/raw/bhsig260/BHSig100_Bengali/Genuine/B-S-21-G-14.tif,data/raw/bhsig260/BHSig100_Bengali/Genuine/B-S-21-G-17.tif,1,genuine_genuine,21,0.5345879793167114,0.24711237681898562,0
408,data/raw/bhsig260/BHSig100_Bengali/Genuine/B-S-21-G-01.tif,data/raw/bhsig260/BHSig100_Bengali/Genuine/B-S-21-G-14.tif,1,genuine_genuine,21,0.5695550441741943,0.24711237681898562,0
409,data/raw/bhsig260/BHSig100_Bengali/Genuine/B-S-21-G-11.tif,data/raw/bhsig260/BHSig100_Bengali/Genuine/B-S-21-G-16.tif,1,genuine_genuine,21,0.31470951437950134,0.24711237681898562,0
410,data/raw/bhsig260/BHSig100_Bengali/Genuine/B-S-21-G-13.tif,data/raw/bhsig260/BHSig100_Bengali/Forged/B-S-21-F-05.tif,0,skilled_forgery,21,0.21759994328022003,0.24711237681898562,1
411,data/raw/bhsig260/BHSig100_Bengali/Genuine/B-S-21-G-17.tif,data/raw/bhsig260/BHSig100_Bengali/Forged/B-S-21-F-19.tif,0,skilled_forgery,21,0.9933011531829834,0.24711237681898562,0
412,data/raw/bhsig260/BHSig100_Bengali/Genuine/B-S-21-G-20.tif,data/raw/bhsig260/BHSig100_Bengali/Forged/B-S-21-F-10.tif,0,skilled_forgery,21,0.4122421443462372,0.24711237681898562,0
413,data/raw/bhsig260/BHSig100_Bengali/Genuine/B-S-21-G-01.tif,data/raw/bhsig260/BHSig100_Bengali/Forged/B-S-21-F-30.tif,0,skilled_forgery,21,0.44976407289505005,0.24711237681898562,0
414,data/raw/bhsig260/BHSig100_Bengali/Genuine/B-S-21-G-10.tif,data/raw/bhsig260/BHSig100_Bengali/Forged/B-S-21-F-05.tif,0,skilled_forgery,21,1.0129222869873047,0.24711237681898562,0
415,data/raw/bhsig260/BHSig100_Bengali/Genuine/B-S-21-G-07.tif,data/raw/bhsig260/BHSig100_Bengali/Genuine/B-S-70-G-03.tif,0,random_forgery,21,0.33630189299583435,0.24711237681898562,0
416,data/raw/bhsig260/BHSig100_Bengali/Genuine/B-S-21-G-07.tif,data/raw/bhsig260/BHSig100_Bengali/Genuine/B-S-66-G-20.tif,0,random_forgery,21,0.8717167377471924,0.24711237681898562,0
417,data/raw/bhsig260/BHSig100_Bengali/Genuine/B-S-21-G-21.tif,data/raw/bhsig260/BHSig100_Bengali/Genuine/B-S-75-G-01.tif,0,random_forgery,21,0.403715044260025,0.24711237681898562,0
418,data/raw/bhsig260/BHSig100_Bengali/Genuine/B-S-21-G-20.tif,data/raw/bhsig260/BHSig160_Hindi/Genuine/H-S-58-G-03.tif,0,random_forgery,21,0.1966542899608612,0.24711237681898562,1
419,data/raw/bhsig260/BHSig100_Bengali/Genuine/B-S-21-G-13.tif,data/raw/bhsig260/BHSig100_Bengali/Genuine/B-S-32-G-24.tif,0,random_forgery,21,0.6404838562011719,0.24711237681898562,0
420,data/raw/bhsig260/BHSig100_Bengali/Genuine/B-S-22-G-04.tif,data/raw/bhsig260/BHSig100_Bengali/Genuine/B-S-22-G-06.tif,1,genuine_genuine,22,0.2265920788049698,0.24711237681898562,1
421,data/raw/bhsig260/BHSig100_Bengali/Genuine/B-S-22-G-07.tif,data/raw/bhsig260/BHSig100_Bengali/Genuine/B-S-22-G-16.tif,1,genuine_genuine,22,0.26868605613708496,0.24711237681898562,0
422,data/raw/bhsig260/BHSig100_Bengali/Genuine/B-S-22-G-11.tif,data/raw/bhsig260/BHSig100_Bengali/Genuine/B-S-22-G-20.tif,1,genuine_genuine,22,0.22284041345119476,0.24711237681898562,1
423,data/raw/bhsig260/BHSig100_Bengali/Genuine/B-S-22-G-02.tif,data/raw/bhsig260/BHSig100_Bengali/Genuine/B-S-22-G-07.tif,1,genuine_genuine,22,0.35008111596107483,0.24711237681898562,0
424,data/raw/bhsig260/BHSig100_Bengali/Genuine/B-S-22-G-15.tif,data/raw/bhsig260/BHSig100_Bengali/Genuine/B-S-22-G-19.tif,1,genuine_genuine,22,0.19193696975708008,0.24711237681898562,1
425,data/raw/bhsig260/BHSig100_Bengali/Genuine/B-S-22-G-09.tif,data/raw/bhsig260/BHSig100_Bengali/Genuine/B-S-22-G-20.tif,1,genuine_genuine,22,0.16463004052639008,0.24711237681898562,1
426,data/raw/bhsig260/BHSig100_Bengali/Genuine/B-S-22-G-16.tif,data/raw/bhsig260/BHSig100_Bengali/Genuine/B-S-22-G-21.tif,1,genuine_genuine,22,0.07494830340147018,0.24711237681898562,1
427,data/raw/bhsig260/BHSig100_Bengali/Genuine/B-S-22-G-05.tif,data/raw/bhsig260/BHSig100_Bengali/Genuine/B-S-22-G-18.tif,1,genuine_genuine,22,0.17314888536930084,0.24711237681898562,1
428,data/raw/bhsig260/BHSig100_Bengali/Genuine/B-S-22-G-03.tif,data/raw/bhsig260/BHSig100_Bengali/Genuine/B-S-22-G-07.tif,1,genuine_genuine,22,0.383145272731781,0.24711237681898562,0
429,data/raw/bhsig260/BHSig100_Bengali/Genuine/B-S-22-G-15.tif,data/raw/bhsig260/BHSig100_Bengali/Genuine/B-S-22-G-21.tif,1,genuine_genuine,22,0.17587551474571228,0.24711237681898562,1
430,data/raw/bhsig260/BHSig100_Bengali/Genuine/B-S-22-G-23.tif,data/raw/bhsig260/BHSig100_Bengali/Forged/B-S-22-F-14.tif,0,skilled_forgery,22,0.48093703389167786,0.24711237681898562,0
431,data/raw/bhsig260/BHSig100_Bengali/Genuine/B-S-22-G-18.tif,data/raw/bhsig260/BHSig100_Bengali/Forged/B-S-22-F-01.tif,0,skilled_forgery,22,0.4553849697113037,0.24711237681898562,0
432,data/raw/bhsig260/BHSig100_Bengali/Genuine/B-S-22-G-15.tif,data/raw/bhsig260/BHSig100_Bengali/Forged/B-S-22-F-23.tif,0,skilled_forgery,22,0.36435580253601074,0.24711237681898562,0
433,data/raw/bhsig260/BHSig100_Bengali/Genuine/B-S-22-G-04.tif,data/raw/bhsig260/BHSig100_Bengali/Forged/B-S-22-F-08.tif,0,skilled_forgery,22,0.42816200852394104,0.24711237681898562,0
434,data/raw/bhsig260/BHSig100_Bengali/Genuine/B-S-22-G-09.tif,data/raw/bhsig260/BHSig100_Bengali/Forged/B-S-22-F-02.tif,0,skilled_forgery,22,0.6442657113075256,0.24711237681898562,0
435,data/raw/bhsig260/BHSig100_Bengali/Genuine/B-S-22-G-11.tif,data/raw/bhsig260/BHSig160_Hindi/Genuine/H-S-69-G-19.tif,0,random_forgery,22,0.46831798553466797,0.24711237681898562,0
436,data/raw/bhsig260/BHSig100_Bengali/Genuine/B-S-22-G-11.tif,data/raw/bhsig260/BHSig160_Hindi/Genuine/H-S-035-G-22.tif,0,random_forgery,22,0.6023353934288025,0.24711237681898562,0
437,data/raw/bhsig260/BHSig100_Bengali/Genuine/B-S-22-G-04.tif,data/raw/bhsig260/BHSig100_Bengali/Genuine/B-S-27-G-04.tif,0,random_forgery,22,0.20172056555747986,0.24711237681898562,1
438,data/raw/bhsig260/BHSig100_Bengali/Genuine/B-S-22-G-24.tif,data/raw/bhsig260/BHSig100_Bengali/Genuine/B-S-71-G-20.tif,0,random_forgery,22,0.12256725132465363,0.24711237681898562,1
439,data/raw/bhsig260/BHSig100_Bengali/Genuine/B-S-22-G-02.tif,data/raw/bhsig260/BHSig100_Bengali/Genuine/B-S-94-G-22.tif,0,random_forgery,22,0.8502067923545837,0.24711237681898562,0
440,data/raw/bhsig260/BHSig100_Bengali/Genuine/B-S-23-G-16.tif,data/raw/bhsig260/BHSig100_Bengali/Genuine/B-S-23-G-17.tif,1,genuine_genuine,23,0.16801920533180237,0.24711237681898562,1
441,data/raw/bhsig260/BHSig100_Bengali/Genuine/B-S-23-G-18.tif,data/raw/bhsig260/BHSig100_Bengali/Genuine/B-S-23-G-24.tif,1,genuine_genuine,23,0.3822939991950989,0.24711237681898562,0
442,data/raw/bhsig260/BHSig100_Bengali/Genuine/B-S-23-G-10.tif,data/raw/bhsig260/BHSig100_Bengali/Genuine/B-S-23-G-23.tif,1,genuine_genuine,23,0.2392265647649765,0.24711237681898562,1
443,data/raw/bhsig260/BHSig100_Bengali/Genuine/B-S-23-G-11.tif,data/raw/bhsig260/BHSig100_Bengali/Genuine/B-S-23-G-17.tif,1,genuine_genuine,23,0.2646186351776123,0.24711237681898562,0
444,data/raw/bhsig260/BHSig100_Bengali/Genuine/B-S-23-G-10.tif,data/raw/bhsig260/BHSig100_Bengali/Genuine/B-S-23-G-21.tif,1,genuine_genuine,23,0.4497382938861847,0.24711237681898562,0
445,data/raw/bhsig260/BHSig100_Bengali/Genuine/B-S-23-G-18.tif,data/raw/bhsig260/BHSig100_Bengali/Genuine/B-S-23-G-19.tif,1,genuine_genuine,23,0.3942727744579315,0.24711237681898562,0
446,data/raw/bhsig260/BHSig100_Bengali/Genuine/B-S-23-G-20.tif,data/raw/bhsig260/BHSig100_Bengali/Genuine/B-S-23-G-21.tif,1,genuine_genuine,23,0.11226361989974976,0.24711237681898562,1
447,data/raw/bhsig260/BHSig100_Bengali/Genuine/B-S-23-G-05.tif,data/raw/bhsig260/BHSig100_Bengali/Genuine/B-S-23-G-18.tif,1,genuine_genuine,23,0.33870863914489746,0.24711237681898562,0
448,data/raw/bhsig260/BHSig100_Bengali/Genuine/B-S-23-G-10.tif,data/raw/bhsig260/BHSig100_Bengali/Genuine/B-S-23-G-15.tif,1,genuine_genuine,23,0.5543726086616516,0.24711237681898562,0
449,data/raw/bhsig260/BHSig100_Bengali/Genuine/B-S-23-G-03.tif,data/raw/bhsig260/BHSig100_Bengali/Genuine/B-S-23-G-07.tif,1,genuine_genuine,23,0.23753561079502106,0.24711237681898562,1
450,data/raw/bhsig260/BHSig100_Bengali/Genuine/B-S-23-G-24.tif,data/raw/bhsig260/BHSig100_Bengali/Forged/B-S-23-F-21.tif,0,skilled_forgery,23,0.9010777473449707,0.24711237681898562,0
451,data/raw/bhsig260/BHSig100_Bengali/Genuine/B-S-23-G-21.tif,data/raw/bhsig260/BHSig100_Bengali/Forged/B-S-23-F-06.tif,0,skilled_forgery,23,0.5922791957855225,0.24711237681898562,0
452,data/raw/bhsig260/BHSig100_Bengali/Genuine/B-S-23-G-23.tif,data/raw/bhsig260/BHSig100_Bengali/Forged/B-S-23-F-11.tif,0,skilled_forgery,23,0.7669615149497986,0.24711237681898562,0
453,data/raw/bhsig260/BHSig100_Bengali/Genuine/B-S-23-G-04.tif,data/raw/bhsig260/BHSig100_Bengali/Forged/B-S-23-F-15.tif,0,skilled_forgery,23,0.4904698431491852,0.24711237681898562,0
454,data/raw/bhsig260/BHSig100_Bengali/Genuine/B-S-23-G-16.tif,data/raw/bhsig260/BHSig100_Bengali/Forged/B-S-23-F-29.tif,0,skilled_forgery,23,1.0844299793243408,0.24711237681898562,0
455,data/raw/bhsig260/BHSig100_Bengali/Genuine/B-S-23-G-16.tif,data/raw/bhsig260/BHSig160_Hindi/Genuine/H-S-110-G-19.tif,0,random_forgery,23,0.9007189869880676,0.24711237681898562,0
456,data/raw/bhsig260/BHSig100_Bengali/Genuine/B-S-23-G-21.tif,data/raw/bhsig260/BHSig100_Bengali/Genuine/B-S-7-G-01.tif,0,random_forgery,23,0.6956083178520203,0.24711237681898562,0
457,data/raw/bhsig260/BHSig100_Bengali/Genuine/B-S-23-G-19.tif,data/raw/bhsig260/BHSig160_Hindi/Genuine/H-S-105-G-14.tif,0,random_forgery,23,1.5993902683258057,0.24711237681898562,0
458,data/raw/bhsig260/BHSig100_Bengali/Genuine/B-S-23-G-03.tif,data/raw/bhsig260/BHSig100_Bengali/Genuine/B-S-32-G-18.tif,0,random_forgery,23,0.21300871670246124,0.24711237681898562,1
459,data/raw/bhsig260/BHSig100_Bengali/Genuine/B-S-23-G-23.tif,data/raw/bhsig260/BHSig160_Hindi/Genuine/H-S-100-G-15.tif,0,random_forgery,23,0.9594423174858093,0.24711237681898562,0
460,data/raw/bhsig260/BHSig100_Bengali/Genuine/B-S-24-G-14.tif,data/raw/bhsig260/BHSig100_Bengali/Genuine/B-S-24-G-22.tif,1,genuine_genuine,24,0.17657263576984406,0.24711237681898562,1
461,data/raw/bhsig260/BHSig100_Bengali/Genuine/B-S-24-G-05.tif,data/raw/bhsig260/BHSig100_Bengali/Genuine/B-S-24-G-16.tif,1,genuine_genuine,24,0.05564333125948906,0.24711237681898562,1
462,data/raw/bhsig260/BHSig100_Bengali/Genuine/B-S-24-G-07.tif,data/raw/bhsig260/BHSig100_Bengali/Genuine/B-S-24-G-10.tif,1,genuine_genuine,24,0.2828003466129303,0.24711237681898562,0
463,data/raw/bhsig260/BHSig100_Bengali/Genuine/B-S-24-G-10.tif,data/raw/bhsig260/BHSig100_Bengali/Genuine/B-S-24-G-23.tif,1,genuine_genuine,24,0.12094417214393616,0.24711237681898562,1
464,data/raw/bhsig260/BHSig100_Bengali/Genuine/B-S-24-G-19.tif,data/raw/bhsig260/BHSig100_Bengali/Genuine/B-S-24-G-22.tif,1,genuine_genuine,24,0.4501463770866394,0.24711237681898562,0
465,data/raw/bhsig260/BHSig100_Bengali/Genuine/B-S-24-G-13.tif,data/raw/bhsig260/BHSig100_Bengali/Genuine/B-S-24-G-19.tif,1,genuine_genuine,24,0.07995646446943283,0.24711237681898562,1
466,data/raw/bhsig260/BHSig100_Bengali/Genuine/B-S-24-G-05.tif,data/raw/bhsig260/BHSig100_Bengali/Genuine/B-S-24-G-06.tif,1,genuine_genuine,24,0.17724889516830444,0.24711237681898562,1
467,data/raw/bhsig260/BHSig100_Bengali/Genuine/B-S-24-G-11.tif,data/raw/bhsig260/BHSig100_Bengali/Genuine/B-S-24-G-12.tif,1,genuine_genuine,24,0.26229020953178406,0.24711237681898562,0
468,data/raw/bhsig260/BHSig100_Bengali/Genuine/B-S-24-G-21.tif,data/raw/bhsig260/BHSig100_Bengali/Genuine/B-S-24-G-24.tif,1,genuine_genuine,24,0.1638278365135193,0.24711237681898562,1
469,data/raw/bhsig260/BHSig100_Bengali/Genuine/B-S-24-G-06.tif,data/raw/bhsig260/BHSig100_Bengali/Genuine/B-S-24-G-16.tif,1,genuine_genuine,24,0.15957072377204895,0.24711237681898562,1
470,data/raw/bhsig260/BHSig100_Bengali/Genuine/B-S-24-G-20.tif,data/raw/bhsig260/BHSig100_Bengali/Forged/B-S-24-F-22.tif,0,skilled_forgery,24,0.2344290018081665,0.24711237681898562,1
471,data/raw/bhsig260/BHSig100_Bengali/Genuine/B-S-24-G-09.tif,data/raw/bhsig260/BHSig100_Bengali/Forged/B-S-24-F-23.tif,0,skilled_forgery,24,0.11209353059530258,0.24711237681898562,1
472,data/raw/bhsig260/BHSig100_Bengali/Genuine/B-S-24-G-05.tif,data/raw/bhsig260/BHSig100_Bengali/Forged/B-S-24-F-08.tif,0,skilled_forgery,24,0.45911353826522827,0.24711237681898562,0
473,data/raw/bhsig260/BHSig100_Bengali/Genuine/B-S-24-G-21.tif,data/raw/bhsig260/BHSig100_Bengali/Forged/B-S-24-F-11.tif,0,skilled_forgery,24,0.5243842601776123,0.24711237681898562,0
474,data/raw/bhsig260/BHSig100_Bengali/Genuine/B-S-24-G-12.tif,data/raw/bhsig260/BHSig100_Bengali/Forged/B-S-24-F-13.tif,0,skilled_forgery,24,0.5766942501068115,0.24711237681898562,0
475,data/raw/bhsig260/BHSig100_Bengali/Genuine/B-S-24-G-10.tif,data/raw/bhsig260/BHSig160_Hindi/Genuine/H-S-135-G-16.tif,0,random_forgery,24,0.4552478492259979,0.24711237681898562,0
476,data/raw/bhsig260/BHSig100_Bengali/Genuine/B-S-24-G-23.tif,data/raw/bhsig260/BHSig100_Bengali/Genuine/B-S-4-G-02.tif,0,random_forgery,24,0.48679783940315247,0.24711237681898562,0
477,data/raw/bhsig260/BHSig100_Bengali/Genuine/B-S-24-G-05.tif,data/raw/bhsig260/BHSig100_Bengali/Genuine/B-S-1-G-14.tif,0,random_forgery,24,0.4860835075378418,0.24711237681898562,0
478,data/raw/bhsig260/BHSig100_Bengali/Genuine/B-S-24-G-13.tif,data/raw/bhsig260/BHSig160_Hindi/Genuine/H-S-139-G-10.tif,0,random_forgery,24,0.236454039812088,0.24711237681898562,1
479,data/raw/bhsig260/BHSig100_Bengali/Genuine/B-S-24-G-18.tif,data/raw/bhsig260/BHSig160_Hindi/Genuine/H-S-60-G-22.tif,0,random_forgery,24,0.9515679478645325,0.24711237681898562,0
480,data/raw/bhsig260/BHSig100_Bengali/Genuine/B-S-25-G-04.tif,data/raw/bhsig260/BHSig100_Bengali/Genuine/B-S-25-G-12.tif,1,genuine_genuine,25,0.21962092816829681,0.24711237681898562,1
481,data/raw/bhsig260/BHSig100_Bengali/Genuine/B-S-25-G-08.tif,data/raw/bhsig260/BHSig100_Bengali/Genuine/B-S-25-G-18.tif,1,genuine_genuine,25,0.10711269825696945,0.24711237681898562,1
482,data/raw/bhsig260/BHSig100_Bengali/Genuine/B-S-25-G-05.tif,data/raw/bhsig260/BHSig100_Bengali/Genuine/B-S-25-G-13.tif,1,genuine_genuine,25,0.22918067872524261,0.24711237681898562,1
483,data/raw/bhsig260/BHSig100_Bengali/Genuine/B-S-25-G-05.tif,data/raw/bhsig260/BHSig100_Bengali/Genuine/B-S-25-G-15.tif,1,genuine_genuine,25,0.2397080808877945,0.24711237681898562,1
484,data/raw/bhsig260/BHSig100_Bengali/Genuine/B-S-25-G-07.tif,data/raw/bhsig260/BHSig100_Bengali/Genuine/B-S-25-G-12.tif,1,genuine_genuine,25,0.28118300437927246,0.24711237681898562,0
485,data/raw/bhsig260/BHSig100_Bengali/Genuine/B-S-25-G-06.tif,data/raw/bhsig260/BHSig100_Bengali/Genuine/B-S-25-G-19.tif,1,genuine_genuine,25,0.2337139993906021,0.24711237681898562,1
486,data/raw/bhsig260/BHSig100_Bengali/Genuine/B-S-25-G-10.tif,data/raw/bhsig260/BHSig100_Bengali/Genuine/B-S-25-G-21.tif,1,genuine_genuine,25,0.21166889369487762,0.24711237681898562,1
487,data/raw/bhsig260/BHSig100_Bengali/Genuine/B-S-25-G-03.tif,data/raw/bhsig260/BHSig100_Bengali/Genuine/B-S-25-G-23.tif,1,genuine_genuine,25,0.14041462540626526,0.24711237681898562,1
488,data/raw/bhsig260/BHSig100_Bengali/Genuine/B-S-25-G-13.tif,data/raw/bhsig260/BHSig100_Bengali/Genuine/B-S-25-G-15.tif,1,genuine_genuine,25,0.028948793187737465,0.24711237681898562,1
489,data/raw/bhsig260/BHSig100_Bengali/Genuine/B-S-25-G-03.tif,data/raw/bhsig260/BHSig100_Bengali/Genuine/B-S-25-G-17.tif,1,genuine_genuine,25,0.2009294331073761,0.24711237681898562,1
490,data/raw/bhsig260/BHSig100_Bengali/Genuine/B-S-25-G-14.tif,data/raw/bhsig260/BHSig100_Bengali/Forged/B-S-25-F-19.tif,0,skilled_forgery,25,0.24226820468902588,0.24711237681898562,1
491,data/raw/bhsig260/BHSig100_Bengali/Genuine/B-S-25-G-23.tif,data/raw/bhsig260/BHSig100_Bengali/Forged/B-S-25-F-07.tif,0,skilled_forgery,25,0.24350108206272125,0.24711237681898562,1
492,data/raw/bhsig260/BHSig100_Bengali/Genuine/B-S-25-G-14.tif,data/raw/bhsig260/BHSig100_Bengali/Forged/B-S-25-F-16.tif,0,skilled_forgery,25,0.34002670645713806,0.24711237681898562,0
493,data/raw/bhsig260/BHSig100_Bengali/Genuine/B-S-25-G-05.tif,data/raw/bhsig260/BHSig100_Bengali/Forged/B-S-25-F-24.tif,0,skilled_forgery,25,0.512267529964447,0.24711237681898562,0
494,data/raw/bhsig260/BHSig100_Bengali/Genuine/B-S-25-G-09.tif,data/raw/bhsig260/BHSig100_Bengali/Forged/B-S-25-F-10.tif,0,skilled_forgery,25,0.13029518723487854,0.24711237681898562,1
495,data/raw/bhsig260/BHSig100_Bengali/Genuine/B-S-25-G-04.tif,data/raw/bhsig260/BHSig100_Bengali/Genuine/B-S-89-G-02.tif,0,random_forgery,25,1.1718755960464478,0.24711237681898562,0
496,data/raw/bhsig260/BHSig100_Bengali/Genuine/B-S-25-G-13.tif,data/raw/bhsig260/BHSig100_Bengali/Genuine/B-S-85-G-05.tif,0,random_forgery,25,0.6275474429130554,0.24711237681898562,0
497,data/raw/bhsig260/BHSig100_Bengali/Genuine/B-S-25-G-02.tif,data/raw/bhsig260/BHSig160_Hindi/Genuine/H-S-136-G-13.tif,0,random_forgery,25,0.877098560333252,0.24711237681898562,0
498,data/raw/bhsig260/BHSig100_Bengali/Genuine/B-S-25-G-10.tif,data/raw/bhsig260/BHSig160_Hindi/Genuine/H-S-106-G-18.tif,0,random_forgery,25,1.2753208875656128,0.24711237681898562,0
499,data/raw/bhsig260/BHSig100_Bengali/Genuine/B-S-25-G-01.tif,data/raw/bhsig260/BHSig100_Bengali/Genuine/B-S-33-G-18.tif,0,random_forgery,25,0.2985359728336334,0.24711237681898562,0
500,data/raw/bhsig260/BHSig100_Bengali/Genuine/B-S-26-G-01.tif,data/raw/bhsig260/BHSig100_Bengali/Genuine/B-S-26-G-17.tif,1,genuine_genuine,26,0.24100102484226227,0.24711237681898562,1
501,data/raw/bhsig260/BHSig100_Bengali/Genuine/B-S-26-G-08.tif,data/raw/bhsig260/BHSig100_Bengali/Genuine/B-S-26-G-15.tif,1,genuine_genuine,26,0.03694229945540428,0.24711237681898562,1
502,data/raw/bhsig260/BHSig100_Bengali/Genuine/B-S-26-G-03.tif,data/raw/bhsig260/BHSig100_Bengali/Genuine/B-S-26-G-24.tif,1,genuine_genuine,26,0.027897432446479797,0.24711237681898562,1
503,data/raw/bhsig260/BHSig100_Bengali/Genuine/B-S-26-G-01.tif,data/raw/bhsig260/BHSig100_Bengali/Genuine/B-S-26-G-03.tif,1,genuine_genuine,26,0.29744285345077515,0.24711237681898562,0
504,data/raw/bhsig260/BHSig100_Bengali/Genuine/B-S-26-G-06.tif,data/raw/bhsig260/BHSig100_Bengali/Genuine/B-S-26-G-17.tif,1,genuine_genuine,26,0.18641698360443115,0.24711237681898562,1
505,data/raw/bhsig260/BHSig100_Bengali/Genuine/B-S-26-G-07.tif,data/raw/bhsig260/BHSig100_Bengali/Genuine/B-S-26-G-18.tif,1,genuine_genuine,26,0.42613324522972107,0.24711237681898562,0
506,data/raw/bhsig260/BHSig100_Bengali/Genuine/B-S-26-G-07.tif,data/raw/bhsig260/BHSig100_Bengali/Genuine/B-S-26-G-15.tif,1,genuine_genuine,26,0.1729036271572113,0.24711237681898562,1
507,data/raw/bhsig260/BHSig100_Bengali/Genuine/B-S-26-G-10.tif,data/raw/bhsig260/BHSig100_Bengali/Genuine/B-S-26-G-14.tif,1,genuine_genuine,26,0.09120464324951172,0.24711237681898562,1
508,data/raw/bhsig260/BHSig100_Bengali/Genuine/B-S-26-G-11.tif,data/raw/bhsig260/BHSig100_Bengali/Genuine/B-S-26-G-17.tif,1,genuine_genuine,26,0.17734166979789734,0.24711237681898562,1
509,data/raw/bhsig260/BHSig100_Bengali/Genuine/B-S-26-G-12.tif,data/raw/bhsig260/BHSig100_Bengali/Genuine/B-S-26-G-21.tif,1,genuine_genuine,26,0.10893340408802032,0.24711237681898562,1
510,data/raw/bhsig260/BHSig100_Bengali/Genuine/B-S-26-G-20.tif,data/raw/bhsig260/BHSig100_Bengali/Forged/B-S-26-F-28.tif,0,skilled_forgery,26,0.7579451203346252,0.24711237681898562,0
511,data/raw/bhsig260/BHSig100_Bengali/Genuine/B-S-26-G-23.tif,data/raw/bhsig260/BHSig100_Bengali/Forged/B-S-26-F-08.tif,0,skilled_forgery,26,0.5435816645622253,0.24711237681898562,0
512,data/raw/bhsig260/BHSig100_Bengali/Genuine/B-S-26-G-21.tif,data/raw/bhsig260/BHSig100_Bengali/Forged/B-S-26-F-08.tif,0,skilled_forgery,26,0.6224774718284607,0.24711237681898562,0
513,data/raw/bhsig260/BHSig100_Bengali/Genuine/B-S-26-G-07.tif,data/raw/bhsig260/BHSig100_Bengali/Forged/B-S-26-F-27.tif,0,skilled_forgery,26,0.6929255723953247,0.24711237681898562,0
514,data/raw/bhsig260/BHSig100_Bengali/Genuine/B-S-26-G-10.tif,data/raw/bhsig260/BHSig100_Bengali/Forged/B-S-26-F-15.tif,0,skilled_forgery,26,0.9650093913078308,0.24711237681898562,0
515,data/raw/bhsig260/BHSig100_Bengali/Genuine/B-S-26-G-05.tif,data/raw/bhsig260/BHSig160_Hindi/Genuine/H-S-017-G-16.tif,0,random_forgery,26,0.5708950757980347,0.24711237681898562,0
516,data/raw/bhsig260/BHSig100_Bengali/Genuine/B-S-26-G-03.tif,data/raw/bhsig260/BHSig160_Hindi/Genuine/H-S-111-G-21.tif,0,random_forgery,26,0.9407714605331421,0.24711237681898562,0
517,data/raw/bhsig260/BHSig100_Bengali/Genuine/B-S-26-G-20.tif,data/raw/bhsig260/BHSig160_Hindi/Genuine/H-S-140-G-10.tif,0,random_forgery,26,1.3795137405395508,0.24711237681898562,0
518,data/raw/bhsig260/BHSig100_Bengali/Genuine/B-S-26-G-22.tif,data/raw/bhsig260/BHSig100_Bengali/Genuine/B-S-13-G-05.tif,0,random_forgery,26,1.0597466230392456,0.24711237681898562,0
519,data/raw/bhsig260/BHSig100_Bengali/Genuine/B-S-26-G-12.tif,data/raw/bhsig260/BHSig160_Hindi/Genuine/H-S-40-G-23.tif,0,random_forgery,26,0.9746482968330383,0.24711237681898562,0
520,data/raw/bhsig260/BHSig100_Bengali/Genuine/B-S-27-G-11.tif,data/raw/bhsig260/BHSig100_Bengali/Genuine/B-S-27-G-14.tif,1,genuine_genuine,27,0.4323047399520874,0.24711237681898562,0
521,data/raw/bhsig260/BHSig100_Bengali/Genuine/B-S-27-G-09.tif,data/raw/bhsig260/BHSig100_Bengali/Genuine/B-S-27-G-15.tif,1,genuine_genuine,27,0.14912186563014984,0.24711237681898562,1
522,data/raw/bhsig260/BHSig100_Bengali/Genuine/B-S-27-G-17.tif,data/raw/bhsig260/BHSig100_Bengali/Genuine/B-S-27-G-23.tif,1,genuine_genuine,27,0.2534346282482147,0.24711237681898562,0
523,data/raw/bhsig260/BHSig100_Bengali/Genuine/B-S-27-G-12.tif,data/raw/bhsig260/BHSig100_Bengali/Genuine/B-S-27-G-19.tif,1,genuine_genuine,27,0.1126946210861206,0.24711237681898562,1
524,data/raw/bhsig260/BHSig100_Bengali/Genuine/B-S-27-G-01.tif,data/raw/bhsig260/BHSig100_Bengali/Genuine/B-S-27-G-15.tif,1,genuine_genuine,27,0.12182576209306717,0.24711237681898562,1
525,data/raw/bhsig260/BHSig100_Bengali/Genuine/B-S-27-G-12.tif,data/raw/bhsig260/BHSig100_Bengali/Genuine/B-S-27-G-13.tif,1,genuine_genuine,27,0.19691242277622223,0.24711237681898562,1
526,data/raw/bhsig260/BHSig100_Bengali/Genuine/B-S-27-G-15.tif,data/raw/bhsig260/BHSig100_Bengali/Genuine/B-S-27-G-19.tif,1,genuine_genuine,27,0.06598526984453201,0.24711237681898562,1
527,data/raw/bhsig260/BHSig100_Bengali/Genuine/B-S-27-G-20.tif,data/raw/bhsig260/BHSig100_Bengali/Genuine/B-S-27-G-21.tif,1,genuine_genuine,27,0.04614177718758583,0.24711237681898562,1
528,data/raw/bhsig260/BHSig100_Bengali/Genuine/B-S-27-G-05.tif,data/raw/bhsig260/BHSig100_Bengali/Genuine/B-S-27-G-08.tif,1,genuine_genuine,27,0.0905718207359314,0.24711237681898562,1
529,data/raw/bhsig260/BHSig100_Bengali/Genuine/B-S-27-G-03.tif,data/raw/bhsig260/BHSig100_Bengali/Genuine/B-S-27-G-21.tif,1,genuine_genuine,27,0.21835505962371826,0.24711237681898562,1
530,data/raw/bhsig260/BHSig100_Bengali/Genuine/B-S-27-G-05.tif,data/raw/bhsig260/BHSig100_Bengali/Forged/B-S-27-F-15.tif,0,skilled_forgery,27,0.3925892412662506,0.24711237681898562,0
531,data/raw/bhsig260/BHSig100_Bengali/Genuine/B-S-27-G-21.tif,data/raw/bhsig260/BHSig100_Bengali/Forged/B-S-27-F-01.tif,0,skilled_forgery,27,0.4661597013473511,0.24711237681898562,0
532,data/raw/bhsig260/BHSig100_Bengali/Genuine/B-S-27-G-16.tif,data/raw/bhsig260/BHSig100_Bengali/Forged/B-S-27-F-13.tif,0,skilled_forgery,27,0.5293015241622925,0.24711237681898562,0
533,data/raw/bhsig260/BHSig100_Bengali/Genuine/B-S-27-G-05.tif,data/raw/bhsig260/BHSig100_Bengali/Forged/B-S-27-F-18.tif,0,skilled_forgery,27,0.5877885818481445,0.24711237681898562,0
534,data/raw/bhsig260/BHSig100_Bengali/Genuine/B-S-27-G-06.tif,data/raw/bhsig260/BHSig100_Bengali/Forged/B-S-27-F-17.tif,0,skilled_forgery,27,0.1448906660079956,0.24711237681898562,1
535,data/raw/bhsig260/BHSig100_Bengali/Genuine/B-S-27-G-21.tif,data/raw/bhsig260/BHSig100_Bengali/Genuine/B-S-91-G-05.tif,0,random_forgery,27,0.5093427896499634,0.24711237681898562,0
536,data/raw/bhsig260/BHSig100_Bengali/Genuine/B-S-27-G-04.tif,data/raw/bhsig260/BHSig160_Hindi/Genuine/H-S-148-G-04.tif,0,random_forgery,27,0.8549419045448303,0.24711237681898562,0
537,data/raw/bhsig260/BHSig100_Bengali/Genuine/B-S-27-G-15.tif,data/raw/bhsig260/BHSig100_Bengali/Genuine/B-S-40-G-12.tif,0,random_forgery,27,0.5261919498443604,0.24711237681898562,0
538,data/raw/bhsig260/BHSig100_Bengali/Genuine/B-S-27-G-14.tif,data/raw/bhsig260/BHSig160_Hindi/Genuine/H-S-152-G-20.tif,0,random_forgery,27,0.5474211573600769,0.24711237681898562,0
539,data/raw/bhsig260/BHSig100_Bengali/Genuine/B-S-27-G-16.tif,data/raw/bhsig260/BHSig100_Bengali/Genuine/B-S-63-G-04.tif,0,random_forgery,27,0.426456481218338,0.24711237681898562,0
540,data/raw/bhsig260/BHSig100_Bengali/Genuine/B-S-28-G-01.tif,data/raw/bhsig260/BHSig100_Bengali/Genuine/B-S-28-G-13.tif,1,genuine_genuine,28,0.14762389659881592,0.24711237681898562,1
541,data/raw/bhsig260/BHSig100_Bengali/Genuine/B-S-28-G-19.tif,data/raw/bhsig260/BHSig100_Bengali/Genuine/B-S-28-G-23.tif,1,genuine_genuine,28,0.2795056998729706,0.24711237681898562,0
542,data/raw/bhsig260/BHSig100_Bengali/Genuine/B-S-28-G-03.tif,data/raw/bhsig260/BHSig100_Bengali/Genuine/B-S-28-G-18.tif,1,genuine_genuine,28,0.1460694670677185,0.24711237681898562,1
543,data/raw/bhsig260/BHSig100_Bengali/Genuine/B-S-28-G-14.tif,data/raw/bhsig260/BHSig100_Bengali/Genuine/B-S-28-G-15.tif,1,genuine_genuine,28,0.21740804612636566,0.24711237681898562,1
544,data/raw/bhsig260/BHSig100_Bengali/Genuine/B-S-28-G-07.tif,data/raw/bhsig260/BHSig100_Bengali/Genuine/B-S-28-G-20.tif,1,genuine_genuine,28,0.3309206962585449,0.24711237681898562,0
545,data/raw/bhsig260/BHSig100_Bengali/Genuine/B-S-28-G-04.tif,data/raw/bhsig260/BHSig100_Bengali/Genuine/B-S-28-G-21.tif,1,genuine_genuine,28,0.10190188884735107,0.24711237681898562,1
546,data/raw/bhsig260/BHSig100_Bengali/Genuine/B-S-28-G-07.tif,data/raw/bhsig260/BHSig100_Bengali/Genuine/B-S-28-G-16.tif,1,genuine_genuine,28,0.22776742279529572,0.24711237681898562,1
547,data/raw/bhsig260/BHSig100_Bengali/Genuine/B-S-28-G-04.tif,data/raw/bhsig260/BHSig100_Bengali/Genuine/B-S-28-G-14.tif,1,genuine_genuine,28,0.28650999069213867,0.24711237681898562,0
548,data/raw/bhsig260/BHSig100_Bengali/Genuine/B-S-28-G-03.tif,data/raw/bhsig260/BHSig100_Bengali/Genuine/B-S-28-G-13.tif,1,genuine_genuine,28,0.18559640645980835,0.24711237681898562,1
549,data/raw/bhsig260/BHSig100_Bengali/Genuine/B-S-28-G-11.tif,data/raw/bhsig260/BHSig100_Bengali/Genuine/B-S-28-G-22.tif,1,genuine_genuine,28,0.07733182609081268,0.24711237681898562,1
550,data/raw/bhsig260/BHSig100_Bengali/Genuine/B-S-28-G-16.tif,data/raw/bhsig260/BHSig100_Bengali/Forged/B-S-28-F-19.tif,0,skilled_forgery,28,0.302109032869339,0.24711237681898562,0
551,data/raw/bhsig260/BHSig100_Bengali/Genuine/B-S-28-G-23.tif,data/raw/bhsig260/BHSig100_Bengali/Forged/B-S-28-F-27.tif,0,skilled_forgery,28,0.17782504856586456,0.24711237681898562,1
552,data/raw/bhsig260/BHSig100_Bengali/Genuine/B-S-28-G-09.tif,data/raw/bhsig260/BHSig100_Bengali/Forged/B-S-28-F-27.tif,0,skilled_forgery,28,0.7418020367622375,0.24711237681898562,0
553,data/raw/bhsig260/BHSig100_Bengali/Genuine/B-S-28-G-07.tif,data/raw/bhsig260/BHSig100_Bengali/Forged/B-S-28-F-12.tif,0,skilled_forgery,28,0.48525288701057434,0.24711237681898562,0
554,data/raw/bhsig260/BHSig100_Bengali/Genuine/B-S-28-G-11.tif,data/raw/bhsig260/BHSig100_Bengali/Forged/B-S-28-F-15.tif,0,skilled_forgery,28,0.2820263206958771,0.24711237681898562,0
555,data/raw/bhsig260/BHSig100_Bengali/Genuine/B-S-28-G-15.tif,data/raw/bhsig260/BHSig100_Bengali/Genuine/B-S-35-G-06.tif,0,random_forgery,28,0.9559041857719421,0.24711237681898562,0
556,data/raw/bhsig260/BHSig100_Bengali/Genuine/B-S-28-G-05.tif,data/raw/bhsig260/BHSig160_Hindi/Genuine/H-S-107-G-17.tif,0,random_forgery,28,1.0193778276443481,0.24711237681898562,0
557,data/raw/bhsig260/BHSig100_Bengali/Genuine/B-S-28-G-20.tif,data/raw/bhsig260/BHSig100_Bengali/Genuine/B-S-86-G-14.tif,0,random_forgery,28,1.037427544593811,0.24711237681898562,0
558,data/raw/bhsig260/BHSig100_Bengali/Genuine/B-S-28-G-21.tif,data/raw/bhsig260/BHSig100_Bengali/Genuine/B-S-91-G-10.tif,0,random_forgery,28,0.9981441497802734,0.24711237681898562,0
559,data/raw/bhsig260/BHSig100_Bengali/Genuine/B-S-28-G-17.tif,data/raw/bhsig260/BHSig160_Hindi/Genuine/H-S-55-G-11.tif,0,random_forgery,28,1.0213615894317627,0.24711237681898562,0
560,data/raw/bhsig260/BHSig100_Bengali/Genuine/B-S-29-G-09.tif,data/raw/bhsig260/BHSig100_Bengali/Genuine/B-S-29-G-19.tif,1,genuine_genuine,29,0.20684683322906494,0.24711237681898562,1
561,data/raw/bhsig260/BHSig100_Bengali/Genuine/B-S-29-G-06.tif,data/raw/bhsig260/BHSig100_Bengali/Genuine/B-S-29-G-12.tif,1,genuine_genuine,29,0.2865143418312073,0.24711237681898562,0
562,data/raw/bhsig260/BHSig100_Bengali/Genuine/B-S-29-G-01.tif,data/raw/bhsig260/BHSig100_Bengali/Genuine/B-S-29-G-15.tif,1,genuine_genuine,29,0.3245697021484375,0.24711237681898562,0
563,data/raw/bhsig260/BHSig100_Bengali/Genuine/B-S-29-G-18.tif,data/raw/bhsig260/BHSig100_Bengali/Genuine/B-S-29-G-20.tif,1,genuine_genuine,29,0.07014676928520203,0.24711237681898562,1
564,data/raw/bhsig260/BHSig100_Bengali/Genuine/B-S-29-G-19.tif,data/raw/bhsig260/BHSig100_Bengali/Genuine/B-S-29-G-22.tif,1,genuine_genuine,29,0.4774450361728668,0.24711237681898562,0
565,data/raw/bhsig260/BHSig100_Bengali/Genuine/B-S-29-G-08.tif,data/raw/bhsig260/BHSig100_Bengali/Genuine/B-S-29-G-15.tif,1,genuine_genuine,29,0.11040892452001572,0.24711237681898562,1
566,data/raw/bhsig260/BHSig100_Bengali/Genuine/B-S-29-G-07.tif,data/raw/bhsig260/BHSig100_Bengali/Genuine/B-S-29-G-22.tif,1,genuine_genuine,29,0.21915630996227264,0.24711237681898562,1
567,data/raw/bhsig260/BHSig100_Bengali/Genuine/B-S-29-G-06.tif,data/raw/bhsig260/BHSig100_Bengali/Genuine/B-S-29-G-13.tif,1,genuine_genuine,29,0.2881062626838684,0.24711237681898562,0
568,data/raw/bhsig260/BHSig100_Bengali/Genuine/B-S-29-G-02.tif,data/raw/bhsig260/BHSig100_Bengali/Genuine/B-S-29-G-23.tif,1,genuine_genuine,29,0.25462785363197327,0.24711237681898562,0
569,data/raw/bhsig260/BHSig100_Bengali/Genuine/B-S-29-G-05.tif,data/raw/bhsig260/BHSig100_Bengali/Genuine/B-S-29-G-08.tif,1,genuine_genuine,29,0.09747087210416794,0.24711237681898562,1
570,data/raw/bhsig260/BHSig100_Bengali/Genuine/B-S-29-G-11.tif,data/raw/bhsig260/BHSig100_Bengali/Forged/B-S-29-F-09.tif,0,skilled_forgery,29,0.4029169976711273,0.24711237681898562,0
571,data/raw/bhsig260/BHSig100_Bengali/Genuine/B-S-29-G-02.tif,data/raw/bhsig260/BHSig100_Bengali/Forged/B-S-29-F-30.tif,0,skilled_forgery,29,0.45829644799232483,0.24711237681898562,0
572,data/raw/bhsig260/BHSig100_Bengali/Genuine/B-S-29-G-13.tif,data/raw/bhsig260/BHSig100_Bengali/Forged/B-S-29-F-24.tif,0,skilled_forgery,29,0.46245667338371277,0.24711237681898562,0
573,data/raw/bhsig260/BHSig100_Bengali/Genuine/B-S-29-G-16.tif,data/raw/bhsig260/BHSig100_Bengali/Forged/B-S-29-F-07.tif,0,skilled_forgery,29,0.448748916387558,0.24711237681898562,0
574,data/raw/bhsig260/BHSig100_Bengali/Genuine/B-S-29-G-10.tif,data/raw/bhsig260/BHSig100_Bengali/Forged/B-S-29-F-19.tif,0,skilled_forgery,29,0.6551926732063293,0.24711237681898562,0
575,data/raw/bhsig260/BHSig100_Bengali/Genuine/B-S-29-G-15.tif,data/raw/bhsig260/BHSig160_Hindi/Genuine/H-S-141-G-07.tif,0,random_forgery,29,0.9464564919471741,0.24711237681898562,0
576,data/raw/bhsig260/BHSig100_Bengali/Genuine/B-S-29-G-03.tif,data/raw/bhsig260/BHSig160_Hindi/Genuine/H-S-6-G-14.tif,0,random_forgery,29,0.5061233043670654,0.24711237681898562,0
577,data/raw/bhsig260/BHSig100_Bengali/Genuine/B-S-29-G-13.tif,data/raw/bhsig260/BHSig100_Bengali/Genuine/B-S-18-G-13.tif,0,random_forgery,29,0.7132949233055115,0.24711237681898562,0
578,data/raw/bhsig260/BHSig100_Bengali/Genuine/B-S-29-G-24.tif,data/raw/bhsig260/BHSig160_Hindi/Genuine/H-S-54-G-16.tif,0,random_forgery,29,0.8898024559020996,0.24711237681898562,0
579,data/raw/bhsig260/BHSig100_Bengali/Genuine/B-S-29-G-15.tif,data/raw/bhsig260/BHSig100_Bengali/Genuine/B-S-15-G-01.tif,0,random_forgery,29,0.5923874378204346,0.24711237681898562,0
580,data/raw/bhsig260/BHSig100_Bengali/Genuine/B-S-30-G-16.tif,data/raw/bhsig260/BHSig100_Bengali/Genuine/B-S-30-G-18.tif,1,genuine_genuine,30,0.22473709285259247,0.24711237681898562,1
581,data/raw/bhsig260/BHSig100_Bengali/Genuine/B-S-30-G-04.tif,data/raw/bhsig260/BHSig100_Bengali/Genuine/B-S-30-G-09.tif,1,genuine_genuine,30,0.15706300735473633,0.24711237681898562,1
582,data/raw/bhsig260/BHSig100_Bengali/Genuine/B-S-30-G-05.tif,data/raw/bhsig260/BHSig100_Bengali/Genuine/B-S-30-G-20.tif,1,genuine_genuine,30,0.16547733545303345,0.24711237681898562,1
583,data/raw/bhsig260/BHSig100_Bengali/Genuine/B-S-30-G-09.tif,data/raw/bhsig260/BHSig100_Bengali/Genuine/B-S-30-G-10.tif,1,genuine_genuine,30,0.4610188603401184,0.24711237681898562,0
584,data/raw/bhsig260/BHSig100_Bengali/Genuine/B-S-30-G-11.tif,data/raw/bhsig260/BHSig100_Bengali/Genuine/B-S-30-G-19.tif,1,genuine_genuine,30,0.44214507937431335,0.24711237681898562,0
585,data/raw/bhsig260/BHSig100_Bengali/Genuine/B-S-30-G-11.tif,data/raw/bhsig260/BHSig100_Bengali/Genuine/B-S-30-G-22.tif,1,genuine_genuine,30,0.3070724904537201,0.24711237681898562,0
586,data/raw/bhsig260/BHSig100_Bengali/Genuine/B-S-30-G-01.tif,data/raw/bhsig260/BHSig100_Bengali/Genuine/B-S-30-G-04.tif,1,genuine_genuine,30,0.22914330661296844,0.24711237681898562,1
587,data/raw/bhsig260/BHSig100_Bengali/Genuine/B-S-30-G-01.tif,data/raw/bhsig260/BHSig100_Bengali/Genuine/B-S-30-G-13.tif,1,genuine_genuine,30,0.1901055872440338,0.24711237681898562,1
588,data/raw/bhsig260/BHSig100_Bengali/Genuine/B-S-30-G-06.tif,data/raw/bhsig260/BHSig100_Bengali/Genuine/B-S-30-G-15.tif,1,genuine_genuine,30,0.2646423578262329,0.24711237681898562,0
589,data/raw/bhsig260/BHSig100_Bengali/Genuine/B-S-30-G-13.tif,data/raw/bhsig260/BHSig100_Bengali/Genuine/B-S-30-G-17.tif,1,genuine_genuine,30,0.09629982709884644,0.24711237681898562,1
590,data/raw/bhsig260/BHSig100_Bengali/Genuine/B-S-30-G-03.tif,data/raw/bhsig260/BHSig100_Bengali/Forged/B-S-30-F-24.tif,0,skilled_forgery,30,0.1808573305606842,0.24711237681898562,1
591,data/raw/bhsig260/BHSig100_Bengali/Genuine/B-S-30-G-17.tif,data/raw/bhsig260/BHSig100_Bengali/Forged/B-S-30-F-09.tif,0,skilled_forgery,30,0.2910410463809967,0.24711237681898562,0
592,data/raw/bhsig260/BHSig100_Bengali/Genuine/B-S-30-G-20.tif,data/raw/bhsig260/BHSig100_Bengali/Forged/B-S-30-F-03.tif,0,skilled_forgery,30,0.27265629172325134,0.24711237681898562,0
593,data/raw/bhsig260/BHSig100_Bengali/Genuine/B-S-30-G-11.tif,data/raw/bhsig260/BHSig100_Bengali/Forged/B-S-30-F-16.tif,0,skilled_forgery,30,0.3677341639995575,0.24711237681898562,0
594,data/raw/bhsig260/BHSig100_Bengali/Genuine/B-S-30-G-23.tif,data/raw/bhsig260/BHSig100_Bengali/Forged/B-S-30-F-05.tif,0,skilled_forgery,30,0.2817091643810272,0.24711237681898562,0
595,data/raw/bhsig260/BHSig100_Bengali/Genuine/B-S-30-G-03.tif,data/raw/bhsig260/BHSig160_Hindi/Genuine/H-S-77-G-24.tif,0,random_forgery,30,1.250490427017212,0.24711237681898562,0
596,data/raw/bhsig260/BHSig100_Bengali/Genuine/B-S-30-G-09.tif,data/raw/bhsig260/BHSig160_Hindi/Genuine/H-S-8-G-10.tif,0,random_forgery,30,0.8564406633377075,0.24711237681898562,0
597,data/raw/bhsig260/BHSig100_Bengali/Genuine/B-S-30-G-18.tif,data/raw/bhsig260/BHSig160_Hindi/Genuine/H-S-32-G-13.tif,0,random_forgery,30,1.3490453958511353,0.24711237681898562,0
598,data/raw/bhsig260/BHSig100_Bengali/Genuine/B-S-30-G-05.tif,data/raw/bhsig260/BHSig160_Hindi/Genuine/H-S-148-G-06.tif,0,random_forgery,30,1.5441571474075317,0.24711237681898562,0
599,data/raw/bhsig260/BHSig100_Bengali/Genuine/B-S-30-G-19.tif,data/raw/bhsig260/BHSig160_Hindi/Genuine/H-S-19-G-01.tif,0,random_forgery,30,1.5238642692565918,0.24711237681898562,0
600,data/raw/bhsig260/BHSig100_Bengali/Genuine/B-S-31-G-10.tif,data/raw/bhsig260/BHSig100_Bengali/Genuine/B-S-31-G-22.tif,1,genuine_genuine,31,0.162303164601326,0.24711237681898562,1
601,data/raw/bhsig260/BHSig100_Bengali/Genuine/B-S-31-G-01.tif,data/raw/bhsig260/BHSig100_Bengali/Genuine/B-S-31-G-09.tif,1,genuine_genuine,31,0.35386237502098083,0.24711237681898562,0
602,data/raw/bhsig260/BHSig100_Bengali/Genuine/B-S-31-G-01.tif,data/raw/bhsig260/BHSig100_Bengali/Genuine/B-S-31-G-03.tif,1,genuine_genuine,31,0.06407395750284195,0.24711237681898562,1
603,data/raw/bhsig260/BHSig100_Bengali/Genuine/B-S-31-G-15.tif,data/raw/bhsig260/BHSig100_Bengali/Genuine/B-S-31-G-24.tif,1,genuine_genuine,31,0.28193870186805725,0.24711237681898562,0
604,data/raw/bhsig260/BHSig100_Bengali/Genuine/B-S-31-G-10.tif,data/raw/bhsig260/BHSig100_Bengali/Genuine/B-S-31-G-12.tif,1,genuine_genuine,31,0.16112515330314636,0.24711237681898562,1
605,data/raw/bhsig260/BHSig100_Bengali/Genuine/B-S-31-G-08.tif,data/raw/bhsig260/BHSig100_Bengali/Genuine/B-S-31-G-14.tif,1,genuine_genuine,31,0.19069910049438477,0.24711237681898562,1
606,data/raw/bhsig260/BHSig100_Bengali/Genuine/B-S-31-G-03.tif,data/raw/bhsig260/BHSig100_Bengali/Genuine/B-S-31-G-18.tif,1,genuine_genuine,31,0.48275187611579895,0.24711237681898562,0
607,data/raw/bhsig260/BHSig100_Bengali/Genuine/B-S-31-G-09.tif,data/raw/bhsig260/BHSig100_Bengali/Genuine/B-S-31-G-12.tif,1,genuine_genuine,31,0.1771351844072342,0.24711237681898562,1
608,data/raw/bhsig260/BHSig100_Bengali/Genuine/B-S-31-G-17.tif,data/raw/bhsig260/BHSig100_Bengali/Genuine/B-S-31-G-21.tif,1,genuine_genuine,31,0.14864885807037354,0.24711237681898562,1
609,data/raw/bhsig260/BHSig100_Bengali/Genuine/B-S-31-G-04.tif,data/raw/bhsig260/BHSig100_Bengali/Genuine/B-S-31-G-10.tif,1,genuine_genuine,31,0.2812201976776123,0.24711237681898562,0
610,data/raw/bhsig260/BHSig100_Bengali/Genuine/B-S-31-G-05.tif,data/raw/bhsig260/BHSig100_Bengali/Forged/B-S-31-F-04.tif,0,skilled_forgery,31,0.9812332391738892,0.24711237681898562,0
611,data/raw/bhsig260/BHSig100_Bengali/Genuine/B-S-31-G-18.tif,data/raw/bhsig260/BHSig100_Bengali/Forged/B-S-31-F-07.tif,0,skilled_forgery,31,0.6366903185844421,0.24711237681898562,0
612,data/raw/bhsig260/BHSig100_Bengali/Genuine/B-S-31-G-19.tif,data/raw/bhsig260/BHSig100_Bengali/Forged/B-S-31-F-18.tif,0,skilled_forgery,31,1.0964432954788208,0.24711237681898562,0
613,data/raw/bhsig260/BHSig100_Bengali/Genuine/B-S-31-G-21.tif,data/raw/bhsig260/BHSig100_Bengali/Forged/B-S-31-F-03.tif,0,skilled_forgery,31,0.8302428126335144,0.24711237681898562,0
614,data/raw/bhsig260/BHSig100_Bengali/Genuine/B-S-31-G-16.tif,data/raw/bhsig260/BHSig100_Bengali/Forged/B-S-31-F-21.tif,0,skilled_forgery,31,0.38954976201057434,0.24711237681898562,0
615,data/raw/bhsig260/BHSig100_Bengali/Genuine/B-S-31-G-15.tif,data/raw/bhsig260/BHSig160_Hindi/Genuine/H-S-90-G-02.tif,0,random_forgery,31,0.6947731971740723,0.24711237681898562,0
616,data/raw/bhsig260/BHSig100_Bengali/Genuine/B-S-31-G-07.tif,data/raw/bhsig260/BHSig160_Hindi/Genuine/H-S-24-G-08.tif,0,random_forgery,31,0.6529217958450317,0.24711237681898562,0
617,data/raw/bhsig260/BHSig100_Bengali/Genuine/B-S-31-G-20.tif,data/raw/bhsig260/BHSig100_Bengali/Genuine/B-S-75-G-11.tif,0,random_forgery,31,1.0351853370666504,0.24711237681898562,0
618,data/raw/bhsig260/BHSig100_Bengali/Genuine/B-S-31-G-12.tif,data/raw/bhsig260/BHSig160_Hindi/Genuine/H-S-51-G-06.tif,0,random_forgery,31,1.0692954063415527,0.24711237681898562,0
619,data/raw/bhsig260/BHSig100_Bengali/Genuine/B-S-31-G-03.tif,data/raw/bhsig260/BHSig160_Hindi/Genuine/H-S-15-G-11.tif,0,random_forgery,31,0.9559399485588074,0.24711237681898562,0
620,data/raw/bhsig260/BHSig100_Bengali/Genuine/B-S-32-G-07.tif,data/raw/bhsig260/BHSig100_Bengali/Genuine/B-S-32-G-20.tif,1,genuine_genuine,32,0.4526779055595398,0.24711237681898562,0
621,data/raw/bhsig260/BHSig100_Bengali/Genuine/B-S-32-G-02.tif,data/raw/bhsig260/BHSig100_Bengali/Genuine/B-S-32-G-13.tif,1,genuine_genuine,32,0.33184075355529785,0.24711237681898562,0
622,data/raw/bhsig260/BHSig100_Bengali/Genuine/B-S-32-G-05.tif,data/raw/bhsig260/BHSig100_Bengali/Genuine/B-S-32-G-13.tif,1,genuine_genuine,32,0.4139639139175415,0.24711237681898562,0
623,data/raw/bhsig260/BHSig100_Bengali/Genuine/B-S-32-G-06.tif,data/raw/bhsig260/BHSig100_Bengali/Genuine/B-S-32-G-07.tif,1,genuine_genuine,32,0.39403703808784485,0.24711237681898562,0
624,data/raw/bhsig260/BHSig100_Bengali/Genuine/B-S-32-G-04.tif,data/raw/bhsig260/BHSig100_Bengali/Genuine/B-S-32-G-17.tif,1,genuine_genuine,32,0.4379158318042755,0.24711237681898562,0
625,data/raw/bhsig260/BHSig100_Bengali/Genuine/B-S-32-G-09.tif,data/raw/bhsig260/BHSig100_Bengali/Genuine/B-S-32-G-11.tif,1,genuine_genuine,32,0.2713985741138458,0.24711237681898562,0
626,data/raw/bhsig260/BHSig100_Bengali/Genuine/B-S-32-G-04.tif,data/raw/bhsig260/BHSig100_Bengali/Genuine/B-S-32-G-07.tif,1,genuine_genuine,32,0.16925516724586487,0.24711237681898562,1
627,data/raw/bhsig260/BHSig100_Bengali/Genuine/B-S-32-G-09.tif,data/raw/bhsig260/BHSig100_Bengali/Genuine/B-S-32-G-24.tif,1,genuine_genuine,32,0.2164040207862854,0.24711237681898562,1
628,data/raw/bhsig260/BHSig100_Bengali/Genuine/B-S-32-G-09.tif,data/raw/bhsig260/BHSig100_Bengali/Genuine/B-S-32-G-10.tif,1,genuine_genuine,32,0.2008514106273651,0.24711237681898562,1
629,data/raw/bhsig260/BHSig100_Bengali/Genuine/B-S-32-G-03.tif,data/raw/bhsig260/BHSig100_Bengali/Genuine/B-S-32-G-23.tif,1,genuine_genuine,32,0.581707775592804,0.24711237681898562,0
630,data/raw/bhsig260/BHSig100_Bengali/Genuine/B-S-32-G-10.tif,data/raw/bhsig260/BHSig100_Bengali/Forged/B-S-32-F-20.tif,0,skilled_forgery,32,0.27889284491539,0.24711237681898562,0
631,data/raw/bhsig260/BHSig100_Bengali/Genuine/B-S-32-G-24.tif,data/raw/bhsig260/BHSig100_Bengali/Forged/B-S-32-F-07.tif,0,skilled_forgery,32,0.6115249395370483,0.24711237681898562,0
632,data/raw/bhsig260/BHSig100_Bengali/Genuine/B-S-32-G-01.tif,data/raw/bhsig260/BHSig100_Bengali/Forged/B-S-32-F-11.tif,0,skilled_forgery,32,0.29267004132270813,0.24711237681898562,0
633,data/raw/bhsig260/BHSig100_Bengali/Genuine/B-S-32-G-05.tif,data/raw/bhsig260/BHSig100_Bengali/Forged/B-S-32-F-12.tif,0,skilled_forgery,32,0.2359766960144043,0.24711237681898562,1
634,data/raw/bhsig260/BHSig100_Bengali/Genuine/B-S-32-G-06.tif,data/raw/bhsig260/BHSig100_Bengali/Forged/B-S-32-F-26.tif,0,skilled_forgery,32,0.7980259656906128,0.24711237681898562,0
635,data/raw/bhsig260/BHSig100_Bengali/Genuine/B-S-32-G-01.tif,data/raw/bhsig260/BHSig160_Hindi/Genuine/H-S-27-G-20.tif,0,random_forgery,32,0.5413861274719238,0.24711237681898562,0
636,data/raw/bhsig260/BHSig100_Bengali/Genuine/B-S-32-G-16.tif,data/raw/bhsig260/BHSig160_Hindi/Genuine/H-S-123-G-07.tif,0,random_forgery,32,0.2480480968952179,0.24711237681898562,0
637,data/raw/bhsig260/BHSig100_Bengali/Genuine/B-S-32-G-20.tif,data/raw/bhsig260/BHSig160_Hindi/Genuine/H-S-131-G-17.tif,0,random_forgery,32,0.5406146049499512,0.24711237681898562,0
638,data/raw/bhsig260/BHSig100_Bengali/Genuine/B-S-32-G-05.tif,data/raw/bhsig260/BHSig160_Hindi/Genuine/H-S-50-G-04.tif,0,random_forgery,32,0.42188093066215515,0.24711237681898562,0
639,data/raw/bhsig260/BHSig100_Bengali/Genuine/B-S-32-G-24.tif,data/raw/bhsig260/BHSig100_Bengali/Genuine/B-S-65-G-10.tif,0,random_forgery,32,1.0157190561294556,0.24711237681898562,0
640,data/raw/bhsig260/BHSig100_Bengali/Genuine/B-S-33-G-20.tif,data/raw/bhsig260/BHSig100_Bengali/Genuine/B-S-33-G-22.tif,1,genuine_genuine,33,0.5796781778335571,0.24711237681898562,0
641,data/raw/bhsig260/BHSig100_Bengali/Genuine/B-S-33-G-09.tif,data/raw/bhsig260/BHSig100_Bengali/Genuine/B-S-33-G-23.tif,1,genuine_genuine,33,0.15973138809204102,0.24711237681898562,1
642,data/raw/bhsig260/BHSig100_Bengali/Genuine/B-S-33-G-12.tif,data/raw/bhsig260/BHSig100_Bengali/Genuine/B-S-33-G-16.tif,1,genuine_genuine,33,0.2683134078979492,0.24711237681898562,0
643,data/raw/bhsig260/BHSig100_Bengali/Genuine/B-S-33-G-02.tif,data/raw/bhsig260/BHSig100_Bengali/Genuine/B-S-33-G-19.tif,1,genuine_genuine,33,0.09307193756103516,0.24711237681898562,1
644,data/raw/bhsig260/BHSig100_Bengali/Genuine/B-S-33-G-08.tif,data/raw/bhsig260/BHSig100_Bengali/Genuine/B-S-33-G-22.tif,1,genuine_genuine,33,0.42218145728111267,0.24711237681898562,0
645,data/raw/bhsig260/BHSig100_Bengali/Genuine/B-S-33-G-03.tif,data/raw/bhsig260/BHSig100_Bengali/Genuine/B-S-33-G-21.tif,1,genuine_genuine,33,0.22536806762218475,0.24711237681898562,1
646,data/raw/bhsig260/BHSig100_Bengali/Genuine/B-S-33-G-01.tif,data/raw/bhsig260/BHSig100_Bengali/Genuine/B-S-33-G-11.tif,1,genuine_genuine,33,0.24265322089195251,0.24711237681898562,1
647,data/raw/bhsig260/BHSig100_Bengali/Genuine/B-S-33-G-04.tif,data/raw/bhsig260/BHSig100_Bengali/Genuine/B-S-33-G-24.tif,1,genuine_genuine,33,0.1892840564250946,0.24711237681898562,1
648,data/raw/bhsig260/BHSig100_Bengali/Genuine/B-S-33-G-02.tif,data/raw/bhsig260/BHSig100_Bengali/Genuine/B-S-33-G-17.tif,1,genuine_genuine,33,0.2561793923377991,0.24711237681898562,0
649,data/raw/bhsig260/BHSig100_Bengali/Genuine/B-S-33-G-04.tif,data/raw/bhsig260/BHSig100_Bengali/Genuine/B-S-33-G-09.tif,1,genuine_genuine,33,0.2073662430047989,0.24711237681898562,1
650,data/raw/bhsig260/BHSig100_Bengali/Genuine/B-S-33-G-08.tif,data/raw/bhsig260/BHSig100_Bengali/Forged/B-S-33-F-06.tif,0,skilled_forgery,33,0.36642709374427795,0.24711237681898562,0
651,data/raw/bhsig260/BHSig100_Bengali/Genuine/B-S-33-G-15.tif,data/raw/bhsig260/BHSig100_Bengali/Forged/B-S-33-F-02.tif,0,skilled_forgery,33,0.17553791403770447,0.24711237681898562,1
652,data/raw/bhsig260/BHSig100_Bengali/Genuine/B-S-33-G-23.tif,data/raw/bhsig260/BHSig100_Bengali/Forged/B-S-33-F-06.tif,0,skilled_forgery,33,0.5731709599494934,0.24711237681898562,0
653,data/raw/bhsig260/BHSig100_Bengali/Genuine/B-S-33-G-23.tif,data/raw/bhsig260/BHSig100_Bengali/Forged/B-S-33-F-17.tif,0,skilled_forgery,33,0.2381329983472824,0.24711237681898562,1
654,data/raw/bhsig260/BHSig100_Bengali/Genuine/B-S-33-G-24.tif,data/raw/bhsig260/BHSig100_Bengali/Forged/B-S-33-F-10.tif,0,skilled_forgery,33,0.27720770239830017,0.24711237681898562,0
655,data/raw/bhsig260/BHSig100_Bengali/Genuine/B-S-33-G-06.tif,data/raw/bhsig260/BHSig160_Hindi/Genuine/H-S-63-G-05.tif,0,random_forgery,33,0.5310627222061157,0.24711237681898562,0
656,data/raw/bhsig260/BHSig100_Bengali/Genuine/B-S-33-G-16.tif,data/raw/bhsig260/BHSig100_Bengali/Genuine/B-S-56-G-04.tif,0,random_forgery,33,0.7680548429489136,0.24711237681898562,0
657,data/raw/bhsig260/BHSig100_Bengali/Genuine/B-S-33-G-09.tif,data/raw/bhsig260/BHSig100_Bengali/Genuine/B-S-58-G-18.tif,0,random_forgery,33,0.4890148341655731,0.24711237681898562,0
658,data/raw/bhsig260/BHSig100_Bengali/Genuine/B-S-33-G-11.tif,data/raw/bhsig260/BHSig160_Hindi/Genuine/H-S-111-G-14.tif,0,random_forgery,33,0.44189131259918213,0.24711237681898562,0
659,data/raw/bhsig260/BHSig100_Bengali/Genuine/B-S-33-G-17.tif,data/raw/bhsig260/BHSig160_Hindi/Genuine/H-S-84-G-24.tif,0,random_forgery,33,0.3532366156578064,0.24711237681898562,0
660,data/raw/bhsig260/BHSig100_Bengali/Genuine/B-S-34-G-02.tif,data/raw/bhsig260/BHSig100_Bengali/Genuine/B-S-34-G-18.tif,1,genuine_genuine,34,0.10040868818759918,0.24711237681898562,1
661,data/raw/bhsig260/BHSig100_Bengali/Genuine/B-S-34-G-03.tif,data/raw/bhsig260/BHSig100_Bengali/Genuine/B-S-34-G-09.tif,1,genuine_genuine,34,0.22575035691261292,0.24711237681898562,1
662,data/raw/bhsig260/BHSig100_Bengali/Genuine/B-S-34-G-06.tif,data/raw/bhsig260/BHSig100_Bengali/Genuine/B-S-34-G-18.tif,1,genuine_genuine,34,0.051426004618406296,0.24711237681898562,1
663,data/raw/bhsig260/BHSig100_Bengali/Genuine/B-S-34-G-20.tif,data/raw/bhsig260/BHSig100_Bengali/Genuine/B-S-34-G-23.tif,1,genuine_genuine,34,0.1386701464653015,0.24711237681898562,1
664,data/raw/bhsig260/BHSig100_Bengali/Genuine/B-S-34-G-01.tif,data/raw/bhsig260/BHSig100_Bengali/Genuine/B-S-34-G-04.tif,1,genuine_genuine,34,0.5411514639854431,0.24711237681898562,0
665,data/raw/bhsig260/BHSig100_Bengali/Genuine/B-S-34-G-01.tif,data/raw/bhsig260/BHSig100_Bengali/Genuine/B-S-34-G-18.tif,1,genuine_genuine,34,0.43093064427375793,0.24711237681898562,0
666,data/raw/bhsig260/BHSig100_Bengali/Genuine/B-S-34-G-08.tif,data/raw/bhsig260/BHSig100_Bengali/Genuine/B-S-34-G-14.tif,1,genuine_genuine,34,0.22640728950500488,0.24711237681898562,1
667,data/raw/bhsig260/BHSig100_Bengali/Genuine/B-S-34-G-18.tif,data/raw/bhsig260/BHSig100_Bengali/Genuine/B-S-34-G-24.tif,1,genuine_genuine,34,0.48042619228363037,0.24711237681898562,0
668,data/raw/bhsig260/BHSig100_Bengali/Genuine/B-S-34-G-02.tif,data/raw/bhsig260/BHSig100_Bengali/Genuine/B-S-34-G-12.tif,1,genuine_genuine,34,0.04942181333899498,0.24711237681898562,1
669,data/raw/bhsig260/BHSig100_Bengali/Genuine/B-S-34-G-07.tif,data/raw/bhsig260/BHSig100_Bengali/Genuine/B-S-34-G-21.tif,1,genuine_genuine,34,0.4401659369468689,0.24711237681898562,0
670,data/raw/bhsig260/BHSig100_Bengali/Genuine/B-S-34-G-08.tif,data/raw/bhsig260/BHSig100_Bengali/Forged/B-S-34-F-21.tif,0,skilled_forgery,34,0.3879689574241638,0.24711237681898562,0
671,data/raw/bhsig260/BHSig100_Bengali/Genuine/B-S-34-G-21.tif,data/raw/bhsig260/BHSig100_Bengali/Forged/B-S-34-F-07.tif,0,skilled_forgery,34,0.4812980890274048,0.24711237681898562,0
672,data/raw/bhsig260/BHSig100_Bengali/Genuine/B-S-34-G-01.tif,data/raw/bhsig260/BHSig100_Bengali/Forged/B-S-34-F-19.tif,0,skilled_forgery,34,0.2695813477039337,0.24711237681898562,0
673,data/raw/bhsig260/BHSig100_Bengali/Genuine/B-S-34-G-15.tif,data/raw/bhsig260/BHSig100_Bengali/Forged/B-S-34-F-08.tif,0,skilled_forgery,34,0.48413291573524475,0.24711237681898562,0
674,data/raw/bhsig260/BHSig100_Bengali/Genuine/B-S-34-G-19.tif,data/raw/bhsig260/BHSig100_Bengali/Forged/B-S-34-F-20.tif,0,skilled_forgery,34,0.5588918328285217,0.24711237681898562,0
675,data/raw/bhsig260/BHSig100_Bengali/Genuine/B-S-34-G-05.tif,data/raw/bhsig260/BHSig160_Hindi/Genuine/H-S-34-G-23.tif,0,random_forgery,34,0.5859419703483582,0.24711237681898562,0
676,data/raw/bhsig260/BHSig100_Bengali/Genuine/B-S-34-G-10.tif,data/raw/bhsig260/BHSig100_Bengali/Genuine/B-S-90-G-06.tif,0,random_forgery,34,0.7662317752838135,0.24711237681898562,0
677,data/raw/bhsig260/BHSig100_Bengali/Genuine/B-S-34-G-23.tif,data/raw/bhsig260/BHSig100_Bengali/Genuine/B-S-54-G-20.tif,0,random_forgery,34,0.45744380354881287,0.24711237681898562,0
678,data/raw/bhsig260/BHSig100_Bengali/Genuine/B-S-34-G-19.tif,data/raw/bhsig260/BHSig160_Hindi/Genuine/H-S-91-G-15.tif,0,random_forgery,34,0.8890193700790405,0.24711237681898562,0
679,data/raw/bhsig260/BHSig100_Bengali/Genuine/B-S-34-G-02.tif,data/raw/bhsig260/BHSig160_Hindi/Genuine/H-S-25-G-19.tif,0,random_forgery,34,0.22933821380138397,0.24711237681898562,1
680,data/raw/bhsig260/BHSig100_Bengali/Genuine/B-S-35-G-09.tif,data/raw/bhsig260/BHSig100_Bengali/Genuine/B-S-35-G-22.tif,1,genuine_genuine,35,0.25134021043777466,0.24711237681898562,0
681,data/raw/bhsig260/BHSig100_Bengali/Genuine/B-S-35-G-06.tif,data/raw/bhsig260/BHSig100_Bengali/Genuine/B-S-35-G-13.tif,1,genuine_genuine,35,0.4376278519630432,0.24711237681898562,0
682,data/raw/bhsig260/BHSig100_Bengali/Genuine/B-S-35-G-06.tif,data/raw/bhsig260/BHSig100_Bengali/Genuine/B-S-35-G-23.tif,1,genuine_genuine,35,0.4143999516963959,0.24711237681898562,0
683,data/raw/bhsig260/BHSig100_Bengali/Genuine/B-S-35-G-08.tif,data/raw/bhsig260/BHSig100_Bengali/Genuine/B-S-35-G-15.tif,1,genuine_genuine,35,0.2731325030326843,0.24711237681898562,0
684,data/raw/bhsig260/BHSig100_Bengali/Genuine/B-S-35-G-13.tif,data/raw/bhsig260/BHSig100_Bengali/Genuine/B-S-35-G-19.tif,1,genuine_genuine,35,0.30781593918800354,0.24711237681898562,0
685,data/raw/bhsig260/BHSig100_Bengali/Genuine/B-S-35-G-17.tif,data/raw/bhsig260/BHSig100_Bengali/Genuine/B-S-35-G-18.tif,1,genuine_genuine,35,0.3674400746822357,0.24711237681898562,0
686,data/raw/bhsig260/BHSig100_Bengali/Genuine/B-S-35-G-07.tif,data/raw/bhsig260/BHSig100_Bengali/Genuine/B-S-35-G-15.tif,1,genuine_genuine,35,0.30037790536880493,0.24711237681898562,0
687,data/raw/bhsig260/BHSig100_Bengali/Genuine/B-S-35-G-06.tif,data/raw/bhsig260/BHSig100_Bengali/Genuine/B-S-35-G-19.tif,1,genuine_genuine,35,0.19573180377483368,0.24711237681898562,1
688,data/raw/bhsig260/BHSig100_Bengali/Genuine/B-S-35-G-05.tif,data/raw/bhsig260/BHSig100_Bengali/Genuine/B-S-35-G-21.tif,1,genuine_genuine,35,0.5770513415336609,0.24711237681898562,0
689,data/raw/bhsig260/BHSig100_Bengali/Genuine/B-S-35-G-08.tif,data/raw/bhsig260/BHSig100_Bengali/Genuine/B-S-35-G-17.tif,1,genuine_genuine,35,0.1983361691236496,0.24711237681898562,1
690,data/raw/bhsig260/BHSig100_Bengali/Genuine/B-S-35-G-19.tif,data/raw/bhsig260/BHSig100_Bengali/Forged/B-S-35-F-01.tif,0,skilled_forgery,35,0.21174576878547668,0.24711237681898562,1
691,data/raw/bhsig260/BHSig100_Bengali/Genuine/B-S-35-G-01.tif,data/raw/bhsig260/BHSig100_Bengali/Forged/B-S-35-F-16.tif,0,skilled_forgery,35,0.40172886848449707,0.24711237681898562,0
692,data/raw/bhsig260/BHSig100_Bengali/Genuine/B-S-35-G-14.tif,data/raw/bhsig260/BHSig100_Bengali/Forged/B-S-35-F-05.tif,0,skilled_forgery,35,0.9359848499298096,0.24711237681898562,0
693,data/raw/bhsig260/BHSig100_Bengali/Genuine/B-S-35-G-13.tif,data/raw/bhsig260/BHSig100_Bengali/Forged/B-S-35-F-12.tif,0,skilled_forgery,35,0.35052281618118286,0.24711237681898562,0
694,data/raw/bhsig260/BHSig100_Bengali/Genuine/B-S-35-G-20.tif,data/raw/bhsig260/BHSig100_Bengali/Forged/B-S-35-F-16.tif,0,skilled_forgery,35,0.2391761690378189,0.24711237681898562,1
695,data/raw/bhsig260/BHSig100_Bengali/Genuine/B-S-35-G-04.tif,data/raw/bhsig260/BHSig160_Hindi/Genuine/H-S-56-G-18.tif,0,random_forgery,35,0.5031445026397705,0.24711237681898562,0
696,data/raw/bhsig260/BHSig100_Bengali/Genuine/B-S-35-G-16.tif,data/raw/bhsig260/BHSig160_Hindi/Genuine/H-S-45-G-03.tif,0,random_forgery,35,1.153723120689392,0.24711237681898562,0
697,data/raw/bhsig260/BHSig100_Bengali/Genuine/B-S-35-G-13.tif,data/raw/bhsig260/BHSig160_Hindi/Genuine/H-S-035-G-22.tif,0,random_forgery,35,0.3847067058086395,0.24711237681898562,0
698,data/raw/bhsig260/BHSig100_Bengali/Genuine/B-S-35-G-06.tif,data/raw/bhsig260/BHSig100_Bengali/Genuine/B-S-70-G-01.tif,0,random_forgery,35,1.718640685081482,0.24711237681898562,0
699,data/raw/bhsig260/BHSig100_Bengali/Genuine/B-S-35-G-09.tif,data/raw/bhsig260/BHSig100_Bengali/Genuine/B-S-40-G-22.tif,0,random_forgery,35,0.6753042340278625,0.24711237681898562,0
700,data/raw/bhsig260/BHSig100_Bengali/Genuine/B-S-36-G-04.tif,data/raw/bhsig260/BHSig100_Bengali/Genuine/B-S-36-G-13.tif,1,genuine_genuine,36,0.1544376164674759,0.24711237681898562,1
701,data/raw/bhsig260/BHSig100_Bengali/Genuine/B-S-36-G-12.tif,data/raw/bhsig260/BHSig100_Bengali/Genuine/B-S-36-G-20.tif,1,genuine_genuine,36,0.255437433719635,0.24711237681898562,0
702,data/raw/bhsig260/BHSig100_Bengali/Genuine/B-S-36-G-05.tif,data/raw/bhsig260/BHSig100_Bengali/Genuine/B-S-36-G-23.tif,1,genuine_genuine,36,0.4661617577075958,0.24711237681898562,0
703,data/raw/bhsig260/BHSig100_Bengali/Genuine/B-S-36-G-06.tif,data/raw/bhsig260/BHSig100_Bengali/Genuine/B-S-36-G-23.tif,1,genuine_genuine,36,0.230667382478714,0.24711237681898562,1
704,data/raw/bhsig260/BHSig100_Bengali/Genuine/B-S-36-G-10.tif,data/raw/bhsig260/BHSig100_Bengali/Genuine/B-S-36-G-22.tif,1,genuine_genuine,36,0.0174926295876503,0.24711237681898562,1
705,data/raw/bhsig260/BHSig100_Bengali/Genuine/B-S-36-G-05.tif,data/raw/bhsig260/BHSig100_Bengali/Genuine/B-S-36-G-13.tif,1,genuine_genuine,36,0.5812911987304688,0.24711237681898562,0
706,data/raw/bhsig260/BHSig100_Bengali/Genuine/B-S-36-G-03.tif,data/raw/bhsig260/BHSig100_Bengali/Genuine/B-S-36-G-09.tif,1,genuine_genuine,36,0.18166156113147736,0.24711237681898562,1
707,data/raw/bhsig260/BHSig100_Bengali/Genuine/B-S-36-G-20.tif,data/raw/bhsig260/BHSig100_Bengali/Genuine/B-S-36-G-23.tif,1,genuine_genuine,36,0.10685937851667404,0.24711237681898562,1
708,data/raw/bhsig260/BHSig100_Bengali/Genuine/B-S-36-G-03.tif,data/raw/bhsig260/BHSig100_Bengali/Genuine/B-S-36-G-12.tif,1,genuine_genuine,36,0.43426084518432617,0.24711237681898562,0
709,data/raw/bhsig260/BHSig100_Bengali/Genuine/B-S-36-G-16.tif,data/raw/bhsig260/BHSig100_Bengali/Genuine/B-S-36-G-17.tif,1,genuine_genuine,36,0.3279646337032318,0.24711237681898562,0
710,data/raw/bhsig260/BHSig100_Bengali/Genuine/B-S-36-G-18.tif,data/raw/bhsig260/BHSig100_Bengali/Forged/B-S-36-F-19.tif,0,skilled_forgery,36,0.33431774377822876,0.24711237681898562,0
711,data/raw/bhsig260/BHSig100_Bengali/Genuine/B-S-36-G-08.tif,data/raw/bhsig260/BHSig100_Bengali/Forged/B-S-36-F-04.tif,0,skilled_forgery,36,0.7354736328125,0.24711237681898562,0
712,data/raw/bhsig260/BHSig100_Bengali/Genuine/B-S-36-G-20.tif,data/raw/bhsig260/BHSig100_Bengali/Forged/B-S-36-F-17.tif,0,skilled_forgery,36,0.8829522728919983,0.24711237681898562,0
713,data/raw/bhsig260/BHSig100_Bengali/Genuine/B-S-36-G-16.tif,data/raw/bhsig260/BHSig100_Bengali/Forged/B-S-36-F-15.tif,0,skilled_forgery,36,0.5368859171867371,0.24711237681898562,0
714,data/raw/bhsig260/BHSig100_Bengali/Genuine/B-S-36-G-04.tif,data/raw/bhsig260/BHSig100_Bengali/Forged/B-S-36-F-26.tif,0,skilled_forgery,36,0.27998703718185425,0.24711237681898562,0
715,data/raw/bhsig260/BHSig100_Bengali/Genuine/B-S-36-G-06.tif,data/raw/bhsig260/BHSig100_Bengali/Genuine/B-S-26-G-08.tif,0,random_forgery,36,0.342622846364975,0.24711237681898562,0
716,data/raw/bhsig260/BHSig100_Bengali/Genuine/B-S-36-G-10.tif,data/raw/bhsig260/BHSig160_Hindi/Genuine/H-S-118-G-04.tif,0,random_forgery,36,1.4083064794540405,0.24711237681898562,0
717,data/raw/bhsig260/BHSig100_Bengali/Genuine/B-S-36-G-05.tif,data/raw/bhsig260/BHSig100_Bengali/Genuine/B-S-93-G-10.tif,0,random_forgery,36,0.6324262022972107,0.24711237681898562,0
718,data/raw/bhsig260/BHSig100_Bengali/Genuine/B-S-36-G-09.tif,data/raw/bhsig260/BHSig160_Hindi/Genuine/H-S-145-G-01.tif,0,random_forgery,36,0.9195961952209473,0.24711237681898562,0
719,data/raw/bhsig260/BHSig100_Bengali/Genuine/B-S-36-G-07.tif,data/raw/bhsig260/BHSig160_Hindi/Genuine/H-S-093-G-23.tif,0,random_forgery,36,0.7282535433769226,0.24711237681898562,0
720,data/raw/bhsig260/BHSig100_Bengali/Genuine/B-S-37-G-08.tif,data/raw/bhsig260/BHSig100_Bengali/Genuine/B-S-37-G-09.tif,1,genuine_genuine,37,0.07650560885667801,0.24711237681898562,1
721,data/raw/bhsig260/BHSig100_Bengali/Genuine/B-S-37-G-16.tif,data/raw/bhsig260/BHSig100_Bengali/Genuine/B-S-37-G-19.tif,1,genuine_genuine,37,0.1055917739868164,0.24711237681898562,1
722,data/raw/bhsig260/BHSig100_Bengali/Genuine/B-S-37-G-08.tif,data/raw/bhsig260/BHSig100_Bengali/Genuine/B-S-37-G-16.tif,1,genuine_genuine,37,0.10490193963050842,0.24711237681898562,1
723,data/raw/bhsig260/BHSig100_Bengali/Genuine/B-S-37-G-05.tif,data/raw/bhsig260/BHSig100_Bengali/Genuine/B-S-37-G-17.tif,1,genuine_genuine,37,0.2576545774936676,0.24711237681898562,0
724,data/raw/bhsig260/BHSig100_Bengali/Genuine/B-S-37-G-07.tif,data/raw/bhsig260/BHSig100_Bengali/Genuine/B-S-37-G-19.tif,1,genuine_genuine,37,0.09230593591928482,0.24711237681898562,1
725,data/raw/bhsig260/BHSig100_Bengali/Genuine/B-S-37-G-06.tif,data/raw/bhsig260/BHSig100_Bengali/Genuine/B-S-37-G-21.tif,1,genuine_genuine,37,0.19567880034446716,0.24711237681898562,1
726,data/raw/bhsig260/BHSig100_Bengali/Genuine/B-S-37-G-02.tif,data/raw/bhsig260/BHSig100_Bengali/Genuine/B-S-37-G-23.tif,1,genuine_genuine,37,0.28205329179763794,0.24711237681898562,0
727,data/raw/bhsig260/BHSig100_Bengali/Genuine/B-S-37-G-05.tif,data/raw/bhsig260/BHSig100_Bengali/Genuine/B-S-37-G-12.tif,1,genuine_genuine,37,0.25778383016586304,0.24711237681898562,0
728,data/raw/bhsig260/BHSig100_Bengali/Genuine/B-S-37-G-05.tif,data/raw/bhsig260/BHSig100_Bengali/Genuine/B-S-37-G-19.tif,1,genuine_genuine,37,0.23228351771831512,0.24711237681898562,1
729,data/raw/bhsig260/BHSig100_Bengali/Genuine/B-S-37-G-07.tif,data/raw/bhsig260/BHSig100_Bengali/Genuine/B-S-37-G-23.tif,1,genuine_genuine,37,0.2813725769519806,0.24711237681898562,0
730,data/raw/bhsig260/BHSig100_Bengali/Genuine/B-S-37-G-01.tif,data/raw/bhsig260/BHSig100_Bengali/Forged/B-S-37-F-06.tif,0,skilled_forgery,37,0.3745426535606384,0.24711237681898562,0
731,data/raw/bhsig260/BHSig100_Bengali/Genuine/B-S-37-G-22.tif,data/raw/bhsig260/BHSig100_Bengali/Forged/B-S-37-F-24.tif,0,skilled_forgery,37,0.420943021774292,0.24711237681898562,0
732,data/raw/bhsig260/BHSig100_Bengali/Genuine/B-S-37-G-08.tif,data/raw/bhsig260/BHSig100_Bengali/Forged/B-S-37-F-15.tif,0,skilled_forgery,37,0.36481526494026184,0.24711237681898562,0
733,data/raw/bhsig260/BHSig100_Bengali/Genuine/B-S-37-G-18.tif,data/raw/bhsig260/BHSig100_Bengali/Forged/B-S-37-F-02.tif,0,skilled_forgery,37,0.49560192227363586,0.24711237681898562,0
734,data/raw/bhsig260/BHSig100_Bengali/Genuine/B-S-37-G-24.tif,data/raw/bhsig260/BHSig100_Bengali/Forged/B-S-37-F-18.tif,0,skilled_forgery,37,0.5330156087875366,0.24711237681898562,0
735,data/raw/bhsig260/BHSig100_Bengali/Genuine/B-S-37-G-01.tif,data/raw/bhsig260/BHSig160_Hindi/Genuine/H-S-16-G-05.tif,0,random_forgery,37,0.97463458776474,0.24711237681898562,0
736,data/raw/bhsig260/BHSig100_Bengali/Genuine/B-S-37-G-14.tif,data/raw/bhsig260/BHSig100_Bengali/Genuine/B-S-99-G-09.tif,0,random_forgery,37,0.8551446795463562,0.24711237681898562,0
737,data/raw/bhsig260/BHSig100_Bengali/Genuine/B-S-37-G-23.tif,data/raw/bhsig260/BHSig100_Bengali/Genuine/B-S-61-G-21.tif,0,random_forgery,37,0.4637584090232849,0.24711237681898562,0
738,data/raw/bhsig260/BHSig100_Bengali/Genuine/B-S-37-G-20.tif,data/raw/bhsig260/BHSig160_Hindi/Genuine/H-S-125-G-08.tif,0,random_forgery,37,0.5677499771118164,0.24711237681898562,0
739,data/raw/bhsig260/BHSig100_Bengali/Genuine/B-S-37-G-17.tif,data/raw/bhsig260/BHSig160_Hindi/Genuine/H-S-118-G-07.tif,0,random_forgery,37,1.4551552534103394,0.24711237681898562,0
740,data/raw/bhsig260/BHSig100_Bengali/Genuine/B-S-38-G-10.tif,data/raw/bhsig260/BHSig100_Bengali/Genuine/B-S-38-G-22.tif,1,genuine_genuine,38,0.30275604128837585,0.24711237681898562,0
741,data/raw/bhsig260/BHSig100_Bengali/Genuine/B-S-38-G-03.tif,data/raw/bhsig260/BHSig100_Bengali/Genuine/B-S-38-G-12.tif,1,genuine_genuine,38,0.381955623626709,0.24711237681898562,0
742,data/raw/bhsig260/BHSig100_Bengali/Genuine/B-S-38-G-22.tif,data/raw/bhsig260/BHSig100_Bengali/Genuine/B-S-38-G-23.tif,1,genuine_genuine,38,0.2106516808271408,0.24711237681898562,1
743,data/raw/bhsig260/BHSig100_Bengali/Genuine/B-S-38-G-03.tif,data/raw/bhsig260/BHSig100_Bengali/Genuine/B-S-38-G-10.tif,1,genuine_genuine,38,0.45179125666618347,0.24711237681898562,0
744,data/raw/bhsig260/BHSig100_Bengali/Genuine/B-S-38-G-14.tif,data/raw/bhsig260/BHSig100_Bengali/Genuine/B-S-38-G-20.tif,1,genuine_genuine,38,0.07794375717639923,0.24711237681898562,1
745,data/raw/bhsig260/BHSig100_Bengali/Genuine/B-S-38-G-02.tif,data/raw/bhsig260/BHSig100_Bengali/Genuine/B-S-38-G-16.tif,1,genuine_genuine,38,0.1407824009656906,0.24711237681898562,1
746,data/raw/bhsig260/BHSig100_Bengali/Genuine/B-S-38-G-05.tif,data/raw/bhsig260/BHSig100_Bengali/Genuine/B-S-38-G-22.tif,1,genuine_genuine,38,0.007532469462603331,0.24711237681898562,1
747,data/raw/bhsig260/BHSig100_Bengali/Genuine/B-S-38-G-02.tif,data/raw/bhsig260/BHSig100_Bengali/Genuine/B-S-38-G-21.tif,1,genuine_genuine,38,0.32458066940307617,0.24711237681898562,0
748,data/raw/bhsig260/BHSig100_Bengali/Genuine/B-S-38-G-20.tif,data/raw/bhsig260/BHSig100_Bengali/Genuine/B-S-38-G-24.tif,1,genuine_genuine,38,0.09947346150875092,0.24711237681898562,1
749,data/raw/bhsig260/BHSig100_Bengali/Genuine/B-S-38-G-01.tif,data/raw/bhsig260/BHSig100_Bengali/Genuine/B-S-38-G-14.tif,1,genuine_genuine,38,0.18920011818408966,0.24711237681898562,1
750,data/raw/bhsig260/BHSig100_Bengali/Genuine/B-S-38-G-03.tif,data/raw/bhsig260/BHSig100_Bengali/Forged/B-S-38-F-09.tif,0,skilled_forgery,38,0.08205647021532059,0.24711237681898562,1
751,data/raw/bhsig260/BHSig100_Bengali/Genuine/B-S-38-G-23.tif,data/raw/bhsig260/BHSig100_Bengali/Forged/B-S-38-F-09.tif,0,skilled_forgery,38,0.17921710014343262,0.24711237681898562,1
752,data/raw/bhsig260/BHSig100_Bengali/Genuine/B-S-38-G-09.tif,data/raw/bhsig260/BHSig100_Bengali/Forged/B-S-38-F-14.tif,0,skilled_forgery,38,0.3141354024410248,0.24711237681898562,0
753,data/raw/bhsig260/BHSig100_Bengali/Genuine/B-S-38-G-15.tif,data/raw/bhsig260/BHSig100_Bengali/Forged/B-S-38-F-14.tif,0,skilled_forgery,38,0.3814953863620758,0.24711237681898562,0
754,data/raw/bhsig260/BHSig100_Bengali/Genuine/B-S-38-G-12.tif,data/raw/bhsig260/BHSig100_Bengali/Forged/B-S-38-F-28.tif,0,skilled_forgery,38,0.2933361828327179,0.24711237681898562,0
755,data/raw/bhsig260/BHSig100_Bengali/Genuine/B-S-38-G-23.tif,data/raw/bhsig260/BHSig100_Bengali/Genuine/B-S-2-G-23.tif,0,random_forgery,38,0.9913011789321899,0.24711237681898562,0
756,data/raw/bhsig260/BHSig100_Bengali/Genuine/B-S-38-G-14.tif,data/raw/bhsig260/BHSig160_Hindi/Genuine/H-S-41-G-11.tif,0,random_forgery,38,0.703105092048645,0.24711237681898562,0
757,data/raw/bhsig260/BHSig100_Bengali/Genuine/B-S-38-G-15.tif,data/raw/bhsig260/BHSig160_Hindi/Genuine/H-S-147-G-15.tif,0,random_forgery,38,0.9662540555000305,0.24711237681898562,0
758,data/raw/bhsig260/BHSig100_Bengali/Genuine/B-S-38-G-14.tif,data/raw/bhsig260/BHSig100_Bengali/Genuine/B-S-28-G-03.tif,0,random_forgery,38,0.359479695558548,0.24711237681898562,0
759,data/raw/bhsig260/BHSig100_Bengali/Genuine/B-S-38-G-20.tif,data/raw/bhsig260/BHSig100_Bengali/Genuine/B-S-74-G-17.tif,0,random_forgery,38,0.5982187390327454,0.24711237681898562,0
760,data/raw/bhsig260/BHSig100_Bengali/Genuine/B-S-39-G-07.tif,data/raw/bhsig260/BHSig100_Bengali/Genuine/B-S-39-G-21.tif,1,genuine_genuine,39,0.5557937622070312,0.24711237681898562,0
761,data/raw/bhsig260/BHSig100_Bengali/Genuine/B-S-39-G-11.tif,data/raw/bhsig260/BHSig100_Bengali/Genuine/B-S-39-G-19.tif,1,genuine_genuine,39,0.37233179807662964,0.24711237681898562,0
762,data/raw/bhsig260/BHSig100_Bengali/Genuine/B-S-39-G-07.tif,data/raw/bhsig260/BHSig100_Bengali/Genuine/B-S-39-G-22.tif,1,genuine_genuine,39,0.3759872615337372,0.24711237681898562,0
763,data/raw/bhsig260/BHSig100_Bengali/Genuine/B-S-39-G-13.tif,data/raw/bhsig260/BHSig100_Bengali/Genuine/B-S-39-G-19.tif,1,genuine_genuine,39,0.08196988701820374,0.24711237681898562,1
764,data/raw/bhsig260/BHSig100_Bengali/Genuine/B-S-39-G-14.tif,data/raw/bhsig260/BHSig100_Bengali/Genuine/B-S-39-G-19.tif,1,genuine_genuine,39,0.05920394882559776,0.24711237681898562,1
765,data/raw/bhsig260/BHSig100_Bengali/Genuine/B-S-39-G-03.tif,data/raw/bhsig260/BHSig100_Bengali/Genuine/B-S-39-G-12.tif,1,genuine_genuine,39,0.12586772441864014,0.24711237681898562,1
766,data/raw/bhsig260/BHSig100_Bengali/Genuine/B-S-39-G-05.tif,data/raw/bhsig260/BHSig100_Bengali/Genuine/B-S-39-G-24.tif,1,genuine_genuine,39,0.47032928466796875,0.24711237681898562,0
767,data/raw/bhsig260/BHSig100_Bengali/Genuine/B-S-39-G-03.tif,data/raw/bhsig260/BHSig100_Bengali/Genuine/B-S-39-G-18.tif,1,genuine_genuine,39,0.44488945603370667,0.24711237681898562,0
768,data/raw/bhsig260/BHSig100_Bengali/Genuine/B-S-39-G-01.tif,data/raw/bhsig260/BHSig100_Bengali/Genuine/B-S-39-G-17.tif,1,genuine_genuine,39,0.563782274723053,0.24711237681898562,0
769,data/raw/bhsig260/BHSig100_Bengali/Genuine/B-S-39-G-02.tif,data/raw/bhsig260/BHSig100_Bengali/Genuine/B-S-39-G-20.tif,1,genuine_genuine,39,0.21692794561386108,0.24711237681898562,1
770,data/raw/bhsig260/BHSig100_Bengali/Genuine/B-S-39-G-07.tif,data/raw/bhsig260/BHSig100_Bengali/Forged/B-S-39-F-22.tif,0,skilled_forgery,39,0.6667459607124329,0.24711237681898562,0
771,data/raw/bhsig260/BHSig100_Bengali/Genuine/B-S-39-G-14.tif,data/raw/bhsig260/BHSig100_Bengali/Forged/B-S-39-F-24.tif,0,skilled_forgery,39,0.40963971614837646,0.24711237681898562,0
772,data/raw/bhsig260/BHSig100_Bengali/Genuine/B-S-39-G-05.tif,data/raw/bhsig260/BHSig100_Bengali/Forged/B-S-39-F-13.tif,0,skilled_forgery,39,0.45406895875930786,0.24711237681898562,0
773,data/raw/bhsig260/BHSig100_Bengali/Genuine/B-S-39-G-23.tif,data/raw/bhsig260/BHSig100_Bengali/Forged/B-S-39-F-30.tif,0,skilled_forgery,39,0.624320387840271,0.24711237681898562,0
774,data/raw/bhsig260/BHSig100_Bengali/Genuine/B-S-39-G-17.tif,data/raw/bhsig260/BHSig100_Bengali/Forged/B-S-39-F-09.tif,0,skilled_forgery,39,0.4245031177997589,0.24711237681898562,0
775,data/raw/bhsig260/BHSig100_Bengali/Genuine/B-S-39-G-10.tif,data/raw/bhsig260/BHSig160_Hindi/Genuine/H-S-113-G-12.tif,0,random_forgery,39,0.3608242869377136,0.24711237681898562,0
776,data/raw/bhsig260/BHSig100_Bengali/Genuine/B-S-39-G-07.tif,data/raw/bhsig260/BHSig100_Bengali/Genuine/B-S-82-G-04.tif,0,random_forgery,39,0.5881866812705994,0.24711237681898562,0
777,data/raw/bhsig260/BHSig100_Bengali/Genuine/B-S-39-G-22.tif,data/raw/bhsig260/BHSig100_Bengali/Genuine/B-S-57-G-19.tif,0,random_forgery,39,1.2139025926589966,0.24711237681898562,0
778,data/raw/bhsig260/BHSig100_Bengali/Genuine/B-S-39-G-17.tif,data/raw/bhsig260/BHSig100_Bengali/Genuine/B-S-19-G-05.tif,0,random_forgery,39,0.34987926483154297,0.24711237681898562,0
779,data/raw/bhsig260/BHSig100_Bengali/Genuine/B-S-39-G-22.tif,data/raw/bhsig260/BHSig100_Bengali/Genuine/B-S-36-G-07.tif,0,random_forgery,39,0.6917012929916382,0.24711237681898562,0
780,data/raw/bhsig260/BHSig100_Bengali/Genuine/B-S-40-G-03.tif,data/raw/bhsig260/BHSig100_Bengali/Genuine/B-S-40-G-18.tif,1,genuine_genuine,40,0.24199803173542023,0.24711237681898562,1
781,data/raw/bhsig260/BHSig100_Bengali/Genuine/B-S-40-G-09.tif,data/raw/bhsig260/BHSig100_Bengali/Genuine/B-S-40-G-13.tif,1,genuine_genuine,40,0.5621894598007202,0.24711237681898562,0
782,data/raw/bhsig260/BHSig100_Bengali/Genuine/B-S-40-G-02.tif,data/raw/bhsig260/BHSig100_Bengali/Genuine/B-S-40-G-22.tif,1,genuine_genuine,40,0.14805135130882263,0.24711237681898562,1
783,data/raw/bhsig260/BHSig100_Bengali/Genuine/B-S-40-G-02.tif,data/raw/bhsig260/BHSig100_Bengali/Genuine/B-S-40-G-17.tif,1,genuine_genuine,40,0.09239751845598221,0.24711237681898562,1
784,data/raw/bhsig260/BHSig100_Bengali/Genuine/B-S-40-G-17.tif,data/raw/bhsig260/BHSig100_Bengali/Genuine/B-S-40-G-24.tif,1,genuine_genuine,40,0.37897688150405884,0.24711237681898562,0
785,data/raw/bhsig260/BHSig100_Bengali/Genuine/B-S-40-G-10.tif,data/raw/bhsig260/BHSig100_Bengali/Genuine/B-S-40-G-17.tif,1,genuine_genuine,40,0.19160693883895874,0.24711237681898562,1
786,data/raw/bhsig260/BHSig100_Bengali/Genuine/B-S-40-G-02.tif,data/raw/bhsig260/BHSig100_Bengali/Genuine/B-S-40-G-14.tif,1,genuine_genuine,40,0.18695729970932007,0.24711237681898562,1
787,data/raw/bhsig260/BHSig100_Bengali/Genuine/B-S-40-G-05.tif,data/raw/bhsig260/BHSig100_Bengali/Genuine/B-S-40-G-09.tif,1,genuine_genuine,40,0.3353802561759949,0.24711237681898562,0
788,data/raw/bhsig260/BHSig100_Bengali/Genuine/B-S-40-G-07.tif,data/raw/bhsig260/BHSig100_Bengali/Genuine/B-S-40-G-19.tif,1,genuine_genuine,40,0.10496921092271805,0.24711237681898562,1
789,data/raw/bhsig260/BHSig100_Bengali/Genuine/B-S-40-G-06.tif,data/raw/bhsig260/BHSig100_Bengali/Genuine/B-S-40-G-11.tif,1,genuine_genuine,40,0.17167246341705322,0.24711237681898562,1
790,data/raw/bhsig260/BHSig100_Bengali/Genuine/B-S-40-G-15.tif,data/raw/bhsig260/BHSig100_Bengali/Forged/B-S-40-F-21.tif,0,skilled_forgery,40,0.3613843023777008,0.24711237681898562,0
791,data/raw/bhsig260/BHSig100_Bengali/Genuine/B-S-40-G-04.tif,data/raw/bhsig260/BHSig100_Bengali/Forged/B-S-40-F-11.tif,0,skilled_forgery,40,0.5065224170684814,0.24711237681898562,0
792,data/raw/bhsig260/BHSig100_Bengali/Genuine/B-S-40-G-11.tif,data/raw/bhsig260/BHSig100_Bengali/Forged/B-S-40-F-06.tif,0,skilled_forgery,40,0.8442013263702393,0.24711237681898562,0
793,data/raw/bhsig260/BHSig100_Bengali/Genuine/B-S-40-G-11.tif,data/raw/bhsig260/BHSig100_Bengali/Forged/B-S-40-F-18.tif,0,skilled_forgery,40,0.8243431448936462,0.24711237681898562,0
794,data/raw/bhsig260/BHSig100_Bengali/Genuine/B-S-40-G-21.tif,data/raw/bhsig260/BHSig100_Bengali/Forged/B-S-40-F-01.tif,0,skilled_forgery,40,0.5883908867835999,0.24711237681898562,0
795,data/raw/bhsig260/BHSig100_Bengali/Genuine/B-S-40-G-24.tif,data/raw/bhsig260/BHSig160_Hindi/Genuine/H-S-81-G-13.tif,0,random_forgery,40,0.8370229601860046,0.24711237681898562,0
796,data/raw/bhsig260/BHSig100_Bengali/Genuine/B-S-40-G-07.tif,data/raw/bhsig260/BHSig160_Hindi/Genuine/H-S-138-G-24.tif,0,random_forgery,40,0.7602769136428833,0.24711237681898562,0
797,data/raw/bhsig260/BHSig100_Bengali/Genuine/B-S-40-G-06.tif,data/raw/bhsig260/BHSig100_Bengali/Genuine/B-S-97-G-24.tif,0,random_forgery,40,1.0978494882583618,0.24711237681898562,0
798,data/raw/bhsig260/BHSig100_Bengali/Genuine/B-S-40-G-10.tif,data/raw/bhsig260/BHSig160_Hindi/Genuine/H-S-6-G-17.tif,0,random_forgery,40,0.9212064146995544,0.24711237681898562,0
799,data/raw/bhsig260/BHSig100_Bengali/Genuine/B-S-40-G-09.tif,data/raw/bhsig260/BHSig160_Hindi/Genuine/H-S-133-G-19.tif,0,random_forgery,40,0.9942507147789001,0.24711237681898562,0
800,data/raw/bhsig260/BHSig100_Bengali/Genuine/B-S-41-G-09.tif,data/raw/bhsig260/BHSig100_Bengali/Genuine/B-S-41-G-18.tif,1,genuine_genuine,41,0.12833845615386963,0.24711237681898562,1
801,data/raw/bhsig260/BHSig100_Bengali/Genuine/B-S-41-G-13.tif,data/raw/bhsig260/BHSig100_Bengali/Genuine/B-S-41-G-23.tif,1,genuine_genuine,41,0.2678483724594116,0.24711237681898562,0
802,data/raw/bhsig260/BHSig100_Bengali/Genuine/B-S-41-G-05.tif,data/raw/bhsig260/BHSig100_Bengali/Genuine/B-S-41-G-18.tif,1,genuine_genuine,41,0.27446475625038147,0.24711237681898562,0
803,data/raw/bhsig260/BHSig100_Bengali/Genuine/B-S-41-G-07.tif,data/raw/bhsig260/BHSig100_Bengali/Genuine/B-S-41-G-19.tif,1,genuine_genuine,41,0.10714440792798996,0.24711237681898562,1
804,data/raw/bhsig260/BHSig100_Bengali/Genuine/B-S-41-G-01.tif,data/raw/bhsig260/BHSig100_Bengali/Genuine/B-S-41-G-18.tif,1,genuine_genuine,41,0.22006452083587646,0.24711237681898562,1
805,data/raw/bhsig260/BHSig100_Bengali/Genuine/B-S-41-G-04.tif,data/raw/bhsig260/BHSig100_Bengali/Genuine/B-S-41-G-19.tif,1,genuine_genuine,41,0.191706582903862,0.24711237681898562,1
806,data/raw/bhsig260/BHSig100_Bengali/Genuine/B-S-41-G-05.tif,data/raw/bhsig260/BHSig100_Bengali/Genuine/B-S-41-G-17.tif,1,genuine_genuine,41,0.17726098001003265,0.24711237681898562,1
807,data/raw/bhsig260/BHSig100_Bengali/Genuine/B-S-41-G-05.tif,data/raw/bhsig260/BHSig100_Bengali/Genuine/B-S-41-G-15.tif,1,genuine_genuine,41,0.2028074413537979,0.24711237681898562,1
808,data/raw/bhsig260/BHSig100_Bengali/Genuine/B-S-41-G-14.tif,data/raw/bhsig260/BHSig100_Bengali/Genuine/B-S-41-G-21.tif,1,genuine_genuine,41,0.2191917598247528,0.24711237681898562,1
809,data/raw/bhsig260/BHSig100_Bengali/Genuine/B-S-41-G-01.tif,data/raw/bhsig260/BHSig100_Bengali/Genuine/B-S-41-G-15.tif,1,genuine_genuine,41,0.2669060528278351,0.24711237681898562,0
810,data/raw/bhsig260/BHSig100_Bengali/Genuine/B-S-41-G-10.tif,data/raw/bhsig260/BHSig100_Bengali/Forged/B-S-41-F-08.tif,0,skilled_forgery,41,0.6686856150627136,0.24711237681898562,0
811,data/raw/bhsig260/BHSig100_Bengali/Genuine/B-S-41-G-16.tif,data/raw/bhsig260/BHSig100_Bengali/Forged/B-S-41-F-25.tif,0,skilled_forgery,41,0.7306026816368103,0.24711237681898562,0
812,data/raw/bhsig260/BHSig100_Bengali/Genuine/B-S-41-G-05.tif,data/raw/bhsig260/BHSig100_Bengali/Forged/B-S-41-F-14.tif,0,skilled_forgery,41,0.6796684861183167,0.24711237681898562,0
813,data/raw/bhsig260/BHSig100_Bengali/Genuine/B-S-41-G-07.tif,data/raw/bhsig260/BHSig100_Bengali/Forged/B-S-41-F-09.tif,0,skilled_forgery,41,0.9072415828704834,0.24711237681898562,0
814,data/raw/bhsig260/BHSig100_Bengali/Genuine/B-S-41-G-18.tif,data/raw/bhsig260/BHSig100_Bengali/Forged/B-S-41-F-21.tif,0,skilled_forgery,41,0.21870984137058258,0.24711237681898562,1
815,data/raw/bhsig260/BHSig100_Bengali/Genuine/B-S-41-G-18.tif,data/raw/bhsig260/BHSig160_Hindi/Genuine/H-S-59-G-23.tif,0,random_forgery,41,0.5551444888114929,0.24711237681898562,0
816,data/raw/bhsig260/BHSig100_Bengali/Genuine/B-S-41-G-13.tif,data/raw/bhsig260/BHSig160_Hindi/Genuine/H-S-017-G-09.tif,0,random_forgery,41,0.24966181814670563,0.24711237681898562,0
817,data/raw/bhsig260/BHSig100_Bengali/Genuine/B-S-41-G-03.tif,data/raw/bhsig260/BHSig100_Bengali/Genuine/B-S-50-G-23.tif,0,random_forgery,41,0.3584451377391815,0.24711237681898562,0
818,data/raw/bhsig260/BHSig100_Bengali/Genuine/B-S-41-G-24.tif,data/raw/bhsig260/BHSig160_Hindi/Genuine/H-S-112-G-11.tif,0,random_forgery,41,0.5275072455406189,0.24711237681898562,0
819,data/raw/bhsig260/BHSig100_Bengali/Genuine/B-S-41-G-12.tif,data/raw/bhsig260/BHSig160_Hindi/Genuine/H-S-81-G-24.tif,0,random_forgery,41,0.47137221693992615,0.24711237681898562,0
820,data/raw/bhsig260/BHSig100_Bengali/Genuine/B-S-42-G-08.tif,data/raw/bhsig260/BHSig100_Bengali/Genuine/B-S-42-G-16.tif,1,genuine_genuine,42,0.022306254133582115,0.24711237681898562,1
821,data/raw/bhsig260/BHSig100_Bengali/Genuine/B-S-42-G-03.tif,data/raw/bhsig260/BHSig100_Bengali/Genuine/B-S-42-G-14.tif,1,genuine_genuine,42,0.13676144182682037,0.24711237681898562,1
822,data/raw/bhsig260/BHSig100_Bengali/Genuine/B-S-42-G-03.tif,data/raw/bhsig260/BHSig100_Bengali/Genuine/B-S-42-G-17.tif,1,genuine_genuine,42,0.0,0.24711237681898562,1
823,data/raw/bhsig260/BHSig100_Bengali/Genuine/B-S-42-G-11.tif,data/raw/bhsig260/BHSig100_Bengali/Genuine/B-S-42-G-12.tif,1,genuine_genuine,42,0.223465234041214,0.24711237681898562,1
824,data/raw/bhsig260/BHSig100_Bengali/Genuine/B-S-42-G-01.tif,data/raw/bhsig260/BHSig100_Bengali/Genuine/B-S-42-G-04.tif,1,genuine_genuine,42,0.12449617683887482,0.24711237681898562,1
825,data/raw/bhsig260/BHSig100_Bengali/Genuine/B-S-42-G-04.tif,data/raw/bhsig260/BHSig100_Bengali/Genuine/B-S-42-G-20.tif,1,genuine_genuine,42,0.18854904174804688,0.24711237681898562,1
826,data/raw/bhsig260/BHSig100_Bengali/Genuine/B-S-42-G-06.tif,data/raw/bhsig260/BHSig100_Bengali/Genuine/B-S-42-G-09.tif,1,genuine_genuine,42,0.17096616327762604,0.24711237681898562,1
827,data/raw/bhsig260/BHSig100_Bengali/Genuine/B-S-42-G-10.tif,data/raw/bhsig260/BHSig100_Bengali/Genuine/B-S-42-G-21.tif,1,genuine_genuine,42,0.16682343184947968,0.24711237681898562,1
828,data/raw/bhsig260/BHSig100_Bengali/Genuine/B-S-42-G-08.tif,data/raw/bhsig260/BHSig100_Bengali/Genuine/B-S-42-G-13.tif,1,genuine_genuine,42,0.1168748140335083,0.24711237681898562,1
829,data/raw/bhsig260/BHSig100_Bengali/Genuine/B-S-42-G-10.tif,data/raw/bhsig260/BHSig100_Bengali/Genuine/B-S-42-G-24.tif,1,genuine_genuine,42,0.12113474309444427,0.24711237681898562,1
830,data/raw/bhsig260/BHSig100_Bengali/Genuine/B-S-42-G-12.tif,data/raw/bhsig260/BHSig100_Bengali/Forged/B-S-42-F-21.tif,0,skilled_forgery,42,0.7152475118637085,0.24711237681898562,0
831,data/raw/bhsig260/BHSig100_Bengali/Genuine/B-S-42-G-06.tif,data/raw/bhsig260/BHSig100_Bengali/Forged/B-S-42-F-16.tif,0,skilled_forgery,42,1.1344666481018066,0.24711237681898562,0
832,data/raw/bhsig260/BHSig100_Bengali/Genuine/B-S-42-G-21.tif,data/raw/bhsig260/BHSig100_Bengali/Forged/B-S-42-F-18.tif,0,skilled_forgery,42,1.032444953918457,0.24711237681898562,0
833,data/raw/bhsig260/BHSig100_Bengali/Genuine/B-S-42-G-12.tif,data/raw/bhsig260/BHSig100_Bengali/Forged/B-S-42-F-17.tif,0,skilled_forgery,42,0.6442214250564575,0.24711237681898562,0
834,data/raw/bhsig260/BHSig100_Bengali/Genuine/B-S-42-G-19.tif,data/raw/bhsig260/BHSig100_Bengali/Forged/B-S-42-F-23.tif,0,skilled_forgery,42,0.5123821496963501,0.24711237681898562,0
835,data/raw/bhsig260/BHSig100_Bengali/Genuine/B-S-42-G-08.tif,data/raw/bhsig260/BHSig160_Hindi/Genuine/H-S-110-G-15.tif,0,random_forgery,42,0.8044713139533997,0.24711237681898562,0
836,data/raw/bhsig260/BHSig100_Bengali/Genuine/B-S-42-G-17.tif,data/raw/bhsig260/BHSig160_Hindi/Genuine/H-S-69-G-03.tif,0,random_forgery,42,1.1970970630645752,0.24711237681898562,0
837,data/raw/bhsig260/BHSig100_Bengali/Genuine/B-S-42-G-15.tif,data/raw/bhsig260/BHSig160_Hindi/Genuine/H-S-144-G-10.tif,0,random_forgery,42,0.7773516774177551,0.24711237681898562,0
838,data/raw/bhsig260/BHSig100_Bengali/Genuine/B-S-42-G-20.tif,data/raw/bhsig260/BHSig160_Hindi/Genuine/H-S-41-G-19.tif,0,random_forgery,42,1.2499333620071411,0.24711237681898562,0
839,data/raw/bhsig260/BHSig100_Bengali/Genuine/B-S-42-G-10.tif,data/raw/bhsig260/BHSig100_Bengali/Genuine/B-S-88-G-13.tif,0,random_forgery,42,0.6443865299224854,0.24711237681898562,0
840,data/raw/bhsig260/BHSig100_Bengali/Genuine/B-S-43-G-06.tif,data/raw/bhsig260/BHSig100_Bengali/Genuine/B-S-43-G-20.tif,1,genuine_genuine,43,0.08664523810148239,0.24711237681898562,1
841,data/raw/bhsig260/BHSig100_Bengali/Genuine/B-S-43-G-08.tif,data/raw/bhsig260/BHSig100_Bengali/Genuine/B-S-43-G-14.tif,1,genuine_genuine,43,0.10923408716917038,0.24711237681898562,1
842,data/raw/bhsig260/BHSig100_Bengali/Genuine/B-S-43-G-03.tif,data/raw/bhsig260/BHSig100_Bengali/Genuine/B-S-43-G-20.tif,1,genuine_genuine,43,0.15029893815517426,0.24711237681898562,1
843,data/raw/bhsig260/BHSig100_Bengali/Genuine/B-S-43-G-03.tif,data/raw/bhsig260/BHSig100_Bengali/Genuine/B-S-43-G-22.tif,1,genuine_genuine,43,0.06424646079540253,0.24711237681898562,1
844,data/raw/bhsig260/BHSig100_Bengali/Genuine/B-S-43-G-06.tif,data/raw/bhsig260/BHSig100_Bengali/Genuine/B-S-43-G-14.tif,1,genuine_genuine,43,0.05285460129380226,0.24711237681898562,1
845,data/raw/bhsig260/BHSig100_Bengali/Genuine/B-S-43-G-06.tif,data/raw/bhsig260/BHSig100_Bengali/Genuine/B-S-43-G-22.tif,1,genuine_genuine,43,0.17047160863876343,0.24711237681898562,1
846,data/raw/bhsig260/BHSig100_Bengali/Genuine/B-S-43-G-04.tif,data/raw/bhsig260/BHSig100_Bengali/Genuine/B-S-43-G-18.tif,1,genuine_genuine,43,0.0,0.24711237681898562,1
847,data/raw/bhsig260/BHSig100_Bengali/Genuine/B-S-43-G-05.tif,data/raw/bhsig260/BHSig100_Bengali/Genuine/B-S-43-G-12.tif,1,genuine_genuine,43,0.10295748710632324,0.24711237681898562,1
848,data/raw/bhsig260/BHSig100_Bengali/Genuine/B-S-43-G-03.tif,data/raw/bhsig260/BHSig100_Bengali/Genuine/B-S-43-G-09.tif,1,genuine_genuine,43,0.06424646079540253,0.24711237681898562,1
849,data/raw/bhsig260/BHSig100_Bengali/Genuine/B-S-43-G-16.tif,data/raw/bhsig260/BHSig100_Bengali/Genuine/B-S-43-G-18.tif,1,genuine_genuine,43,0.17884206771850586,0.24711237681898562,1
850,data/raw/bhsig260/BHSig100_Bengali/Genuine/B-S-43-G-21.tif,data/raw/bhsig260/BHSig100_Bengali/Forged/B-S-43-F-03.tif,0,skilled_forgery,43,0.4621759057044983,0.24711237681898562,0
851,data/raw/bhsig260/BHSig100_Bengali/Genuine/B-S-43-G-19.tif,data/raw/bhsig260/BHSig100_Bengali/Forged/B-S-43-F-04.tif,0,skilled_forgery,43,0.49194830656051636,0.24711237681898562,0
852,data/raw/bhsig260/BHSig100_Bengali/Genuine/B-S-43-G-24.tif,data/raw/bhsig260/BHSig100_Bengali/Forged/B-S-43-F-27.tif,0,skilled_forgery,43,0.44562312960624695,0.24711237681898562,0
853,data/raw/bhsig260/BHSig100_Bengali/Genuine/B-S-43-G-23.tif,data/raw/bhsig260/BHSig100_Bengali/Forged/B-S-43-F-22.tif,0,skilled_forgery,43,0.3199516236782074,0.24711237681898562,0
854,data/raw/bhsig260/BHSig100_Bengali/Genuine/B-S-43-G-13.tif,data/raw/bhsig260/BHSig100_Bengali/Forged/B-S-43-F-26.tif,0,skilled_forgery,43,0.5609866976737976,0.24711237681898562,0
855,data/raw/bhsig260/BHSig100_Bengali/Genuine/B-S-43-G-17.tif,data/raw/bhsig260/BHSig100_Bengali/Genuine/B-S-45-G-24.tif,0,random_forgery,43,0.3972177505493164,0.24711237681898562,0
856,data/raw/bhsig260/BHSig100_Bengali/Genuine/B-S-43-G-09.tif,data/raw/bhsig260/BHSig160_Hindi/Genuine/H-S-73-G-04.tif,0,random_forgery,43,1.1211035251617432,0.24711237681898562,0
857,data/raw/bhsig260/BHSig100_Bengali/Genuine/B-S-43-G-07.tif,data/raw/bhsig260/BHSig100_Bengali/Genuine/B-S-100-G-22.tif,0,random_forgery,43,1.2234259843826294,0.24711237681898562,0
858,data/raw/bhsig260/BHSig100_Bengali/Genuine/B-S-43-G-14.tif,data/raw/bhsig260/BHSig160_Hindi/Genuine/H-S-2-G-13.tif,0,random_forgery,43,0.9161916375160217,0.24711237681898562,0
859,data/raw/bhsig260/BHSig100_Bengali/Genuine/B-S-43-G-24.tif,data/raw/bhsig260/BHSig160_Hindi/Genuine/H-S-86-G-01.tif,0,random_forgery,43,1.2724692821502686,0.24711237681898562,0
860,data/raw/bhsig260/BHSig100_Bengali/Genuine/B-S-44-G-04.tif,data/raw/bhsig260/BHSig100_Bengali/Genuine/B-S-44-G-09.tif,1,genuine_genuine,44,0.38283494114875793,0.24711237681898562,0
861,data/raw/bhsig260/BHSig100_Bengali/Genuine/B-S-44-G-06.tif,data/raw/bhsig260/BHSig100_Bengali/Genuine/B-S-44-G-10.tif,1,genuine_genuine,44,0.34621545672416687,0.24711237681898562,0
862,data/raw/bhsig260/BHSig100_Bengali/Genuine/B-S-44-G-05.tif,data/raw/bhsig260/BHSig100_Bengali/Genuine/B-S-44-G-06.tif,1,genuine_genuine,44,0.08885117620229721,0.24711237681898562,1
863,data/raw/bhsig260/BHSig100_Bengali/Genuine/B-S-44-G-09.tif,data/raw/bhsig260/BHSig100_Bengali/Genuine/B-S-44-G-16.tif,1,genuine_genuine,44,0.38442420959472656,0.24711237681898562,0
864,data/raw/bhsig260/BHSig100_Bengali/Genuine/B-S-44-G-01.tif,data/raw/bhsig260/BHSig100_Bengali/Genuine/B-S-44-G-21.tif,1,genuine_genuine,44,0.47245126962661743,0.24711237681898562,0
865,data/raw/bhsig260/BHSig100_Bengali/Genuine/B-S-44-G-03.tif,data/raw/bhsig260/BHSig100_Bengali/Genuine/B-S-44-G-24.tif,1,genuine_genuine,44,0.5213227272033691,0.24711237681898562,0
866,data/raw/bhsig260/BHSig100_Bengali/Genuine/B-S-44-G-11.tif,data/raw/bhsig260/BHSig100_Bengali/Genuine/B-S-44-G-23.tif,1,genuine_genuine,44,0.5795106887817383,0.24711237681898562,0
867,data/raw/bhsig260/BHSig100_Bengali/Genuine/B-S-44-G-02.tif,data/raw/bhsig260/BHSig100_Bengali/Genuine/B-S-44-G-13.tif,1,genuine_genuine,44,0.19771458208560944,0.24711237681898562,1
868,data/raw/bhsig260/BHSig100_Bengali/Genuine/B-S-44-G-02.tif,data/raw/bhsig260/BHSig100_Bengali/Genuine/B-S-44-G-03.tif,1,genuine_genuine,44,0.3344389498233795,0.24711237681898562,0
869,data/raw/bhsig260/BHSig100_Bengali/Genuine/B-S-44-G-16.tif,data/raw/bhsig260/BHSig100_Bengali/Genuine/B-S-44-G-17.tif,1,genuine_genuine,44,0.2842852473258972,0.24711237681898562,0
870,data/raw/bhsig260/BHSig100_Bengali/Genuine/B-S-44-G-14.tif,data/raw/bhsig260/BHSig100_Bengali/Forged/B-S-44-F-04.tif,0,skilled_forgery,44,0.4258485436439514,0.24711237681898562,0
871,data/raw/bhsig260/BHSig100_Bengali/Genuine/B-S-44-G-21.tif,data/raw/bhsig260/BHSig100_Bengali/Forged/B-S-44-F-13.tif,0,skilled_forgery,44,0.09192804247140884,0.24711237681898562,1
872,data/raw/bhsig260/BHSig100_Bengali/Genuine/B-S-44-G-10.tif,data/raw/bhsig260/BHSig100_Bengali/Forged/B-S-44-F-08.tif,0,skilled_forgery,44,0.38614925742149353,0.24711237681898562,0
873,data/raw/bhsig260/BHSig100_Bengali/Genuine/B-S-44-G-18.tif,data/raw/bhsig260/BHSig100_Bengali/Forged/B-S-44-F-15.tif,0,skilled_forgery,44,0.34067729115486145,0.24711237681898562,0
874,data/raw/bhsig260/BHSig100_Bengali/Genuine/B-S-44-G-22.tif,data/raw/bhsig260/BHSig100_Bengali/Forged/B-S-44-F-03.tif,0,skilled_forgery,44,0.29071635007858276,0.24711237681898562,0
875,data/raw/bhsig260/BHSig100_Bengali/Genuine/B-S-44-G-02.tif,data/raw/bhsig260/BHSig160_Hindi/Genuine/H-S-46-G-02.tif,0,random_forgery,44,0.5520586371421814,0.24711237681898562,0
876,data/raw/bhsig260/BHSig100_Bengali/Genuine/B-S-44-G-01.tif,data/raw/bhsig260/BHSig160_Hindi/Genuine/H-S-124-G-13.tif,0,random_forgery,44,1.1093010902404785,0.24711237681898562,0
877,data/raw/bhsig260/BHSig100_Bengali/Genuine/B-S-44-G-13.tif,data/raw/bhsig260/BHSig100_Bengali/Genuine/B-S-71-G-10.tif,0,random_forgery,44,0.3476332724094391,0.24711237681898562,0
878,data/raw/bhsig260/BHSig100_Bengali/Genuine/B-S-44-G-05.tif,data/raw/bhsig260/BHSig160_Hindi/Genuine/H-S-124-G-24.tif,0,random_forgery,44,0.7494181394577026,0.24711237681898562,0
879,data/raw/bhsig260/BHSig100_Bengali/Genuine/B-S-44-G-12.tif,data/raw/bhsig260/BHSig160_Hindi/Genuine/H-S-136-G-12.tif,0,random_forgery,44,1.1647220849990845,0.24711237681898562,0
880,data/raw/bhsig260/BHSig100_Bengali/Genuine/B-S-45-G-01.tif,data/raw/bhsig260/BHSig100_Bengali/Genuine/B-S-45-G-11.tif,1,genuine_genuine,45,0.2814810276031494,0.24711237681898562,0
881,data/raw/bhsig260/BHSig100_Bengali/Genuine/B-S-45-G-18.tif,data/raw/bhsig260/BHSig100_Bengali/Genuine/B-S-45-G-24.tif,1,genuine_genuine,45,0.11602382361888885,0.24711237681898562,1
882,data/raw/bhsig260/BHSig100_Bengali/Genuine/B-S-45-G-06.tif,data/raw/bhsig260/BHSig100_Bengali/Genuine/B-S-45-G-10.tif,1,genuine_genuine,45,0.15601249039173126,0.24711237681898562,1
883,data/raw/bhsig260/BHSig100_Bengali/Genuine/B-S-45-G-01.tif,data/raw/bhsig260/BHSig100_Bengali/Genuine/B-S-45-G-04.tif,1,genuine_genuine,45,0.12866608798503876,0.24711237681898562,1
884,data/raw/bhsig260/BHSig100_Bengali/Genuine/B-S-45-G-06.tif,data/raw/bhsig260/BHSig100_Bengali/Genuine/B-S-45-G-09.tif,1,genuine_genuine,45,0.19984255731105804,0.24711237681898562,1
885,data/raw/bhsig260/BHSig100_Bengali/Genuine/B-S-45-G-07.tif,data/raw/bhsig260/BHSig100_Bengali/Genuine/B-S-45-G-19.tif,1,genuine_genuine,45,0.138808473944664,0.24711237681898562,1
886,data/raw/bhsig260/BHSig100_Bengali/Genuine/B-S-45-G-13.tif,data/raw/bhsig260/BHSig100_Bengali/Genuine/B-S-45-G-14.tif,1,genuine_genuine,45,0.08928105235099792,0.24711237681898562,1
887,data/raw/bhsig260/BHSig100_Bengali/Genuine/B-S-45-G-11.tif,data/raw/bhsig260/BHSig100_Bengali/Genuine/B-S-45-G-15.tif,1,genuine_genuine,45,0.15590135753154755,0.24711237681898562,1
888,data/raw/bhsig260/BHSig100_Bengali/Genuine/B-S-45-G-04.tif,data/raw/bhsig260/BHSig100_Bengali/Genuine/B-S-45-G-11.tif,1,genuine_genuine,45,0.1560758650302887,0.24711237681898562,1
889,data/raw/bhsig260/BHSig100_Bengali/Genuine/B-S-45-G-19.tif,data/raw/bhsig260/BHSig100_Bengali/Genuine/B-S-45-G-20.tif,1,genuine_genuine,45,0.21549706161022186,0.24711237681898562,1
890,data/raw/bhsig260/BHSig100_Bengali/Genuine/B-S-45-G-16.tif,data/raw/bhsig260/BHSig100_Bengali/Forged/B-S-45-F-24.tif,0,skilled_forgery,45,0.7529540061950684,0.24711237681898562,0
891,data/raw/bhsig260/BHSig100_Bengali/Genuine/B-S-45-G-11.tif,data/raw/bhsig260/BHSig100_Bengali/Forged/B-S-45-F-19.tif,0,skilled_forgery,45,0.6633803248405457,0.24711237681898562,0
892,data/raw/bhsig260/BHSig100_Bengali/Genuine/B-S-45-G-01.tif,data/raw/bhsig260/BHSig100_Bengali/Forged/B-S-45-F-30.tif,0,skilled_forgery,45,0.6069253087043762,0.24711237681898562,0
893,data/raw/bhsig260/BHSig100_Bengali/Genuine/B-S-45-G-16.tif,data/raw/bhsig260/BHSig100_Bengali/Forged/B-S-45-F-18.tif,0,skilled_forgery,45,0.733492374420166,0.24711237681898562,0
894,data/raw/bhsig260/BHSig100_Bengali/Genuine/B-S-45-G-24.tif,data/raw/bhsig260/BHSig100_Bengali/Forged/B-S-45-F-20.tif,0,skilled_forgery,45,0.8145504593849182,0.24711237681898562,0
895,data/raw/bhsig260/BHSig100_Bengali/Genuine/B-S-45-G-05.tif,data/raw/bhsig260/BHSig100_Bengali/Genuine/B-S-13-G-09.tif,0,random_forgery,45,1.3140381574630737,0.24711237681898562,0
896,data/raw/bhsig260/BHSig100_Bengali/Genuine/B-S-45-G-01.tif,data/raw/bhsig260/BHSig160_Hindi/Genuine/H-S-40-G-10.tif,0,random_forgery,45,0.6507847309112549,0.24711237681898562,0
897,data/raw/bhsig260/BHSig100_Bengali/Genuine/B-S-45-G-03.tif,data/raw/bhsig260/BHSig160_Hindi/Genuine/H-S-5-G-01.tif,0,random_forgery,45,1.037631630897522,0.24711237681898562,0
898,data/raw/bhsig260/BHSig100_Bengali/Genuine/B-S-45-G-15.tif,data/raw/bhsig260/BHSig100_Bengali/Genuine/B-S-7-G-16.tif,0,random_forgery,45,0.3518752455711365,0.24711237681898562,0
899,data/raw/bhsig260/BHSig100_Bengali/Genuine/B-S-45-G-22.tif,data/raw/bhsig260/BHSig100_Bengali/Genuine/B-S-51-G-18.tif,0,random_forgery,45,0.693795382976532,0.24711237681898562,0
900,data/raw/bhsig260/BHSig100_Bengali/Genuine/B-S-46-G-09.tif,data/raw/bhsig260/BHSig100_Bengali/Genuine/B-S-46-G-19.tif,1,genuine_genuine,46,0.284008651971817,0.24711237681898562,0
901,data/raw/bhsig260/BHSig100_Bengali/Genuine/B-S-46-G-05.tif,data/raw/bhsig260/BHSig100_Bengali/Genuine/B-S-46-G-11.tif,1,genuine_genuine,46,0.48441022634506226,0.24711237681898562,0
902,data/raw/bhsig260/BHSig100_Bengali/Genuine/B-S-46-G-05.tif,data/raw/bhsig260/BHSig100_Bengali/Genuine/B-S-46-G-18.tif,1,genuine_genuine,46,0.4800335764884949,0.24711237681898562,0
903,data/raw/bhsig260/BHSig100_Bengali/Genuine/B-S-46-G-12.tif,data/raw/bhsig260/BHSig100_Bengali/Genuine/B-S-46-G-22.tif,1,genuine_genuine,46,0.207101970911026,0.24711237681898562,1
904,data/raw/bhsig260/BHSig100_Bengali/Genuine/B-S-46-G-05.tif,data/raw/bhsig260/BHSig100_Bengali/Genuine/B-S-46-G-10.tif,1,genuine_genuine,46,0.3730009198188782,0.24711237681898562,0
905,data/raw/bhsig260/BHSig100_Bengali/Genuine/B-S-46-G-14.tif,data/raw/bhsig260/BHSig100_Bengali/Genuine/B-S-46-G-23.tif,1,genuine_genuine,46,0.0829470083117485,0.24711237681898562,1
906,data/raw/bhsig260/BHSig100_Bengali/Genuine/B-S-46-G-04.tif,data/raw/bhsig260/BHSig100_Bengali/Genuine/B-S-46-G-11.tif,1,genuine_genuine,46,0.15051443874835968,0.24711237681898562,1
907,data/raw/bhsig260/BHSig100_Bengali/Genuine/B-S-46-G-09.tif,data/raw/bhsig260/BHSig100_Bengali/Genuine/B-S-46-G-23.tif,1,genuine_genuine,46,0.3316221237182617,0.24711237681898562,0
908,data/raw/bhsig260/BHSig100_Bengali/Genuine/B-S-46-G-01.tif,data/raw/bhsig260/BHSig100_Bengali/Genuine/B-S-46-G-18.tif,1,genuine_genuine,46,0.22262421250343323,0.24711237681898562,1
909,data/raw/bhsig260/BHSig100_Bengali/Genuine/B-S-46-G-12.tif,data/raw/bhsig260/BHSig100_Bengali/Genuine/B-S-46-G-16.tif,1,genuine_genuine,46,0.3353378176689148,0.24711237681898562,0
910,data/raw/bhsig260/BHSig100_Bengali/Genuine/B-S-46-G-17.tif,data/raw/bhsig260/BHSig100_Bengali/Forged/B-S-46-F-27.tif,0,skilled_forgery,46,0.3053257465362549,0.24711237681898562,0
911,data/raw/bhsig260/BHSig100_Bengali/Genuine/B-S-46-G-18.tif,data/raw/bhsig260/BHSig100_Bengali/Forged/B-S-46-F-10.tif,0,skilled_forgery,46,0.5832235813140869,0.24711237681898562,0
912,data/raw/bhsig260/BHSig100_Bengali/Genuine/B-S-46-G-19.tif,data/raw/bhsig260/BHSig100_Bengali/Forged/B-S-46-F-26.tif,0,skilled_forgery,46,0.35362663865089417,0.24711237681898562,0
913,data/raw/bhsig260/BHSig100_Bengali/Genuine/B-S-46-G-17.tif,data/raw/bhsig260/BHSig100_Bengali/Forged/B-S-46-F-15.tif,0,skilled_forgery,46,0.17456327378749847,0.24711237681898562,1
914,data/raw/bhsig260/BHSig100_Bengali/Genuine/B-S-46-G-13.tif,data/raw/bhsig260/BHSig100_Bengali/Forged/B-S-46-F-26.tif,0,skilled_forgery,46,0.28572970628738403,0.24711237681898562,0
915,data/raw/bhsig260/BHSig100_Bengali/Genuine/B-S-46-G-12.tif,data/raw/bhsig260/BHSig100_Bengali/Genuine/B-S-49-G-13.tif,0,random_forgery,46,0.5029798746109009,0.24711237681898562,0
916,data/raw/bhsig260/BHSig100_Bengali/Genuine/B-S-46-G-09.tif,data/raw/bhsig260/BHSig160_Hindi/Genuine/H-S-2-G-23.tif,0,random_forgery,46,0.18703873455524445,0.24711237681898562,1
917,data/raw/bhsig260/BHSig100_Bengali/Genuine/B-S-46-G-06.tif,data/raw/bhsig260/BHSig160_Hindi/Genuine/H-S-77-G-14.tif,0,random_forgery,46,0.6144434809684753,0.24711237681898562,0
918,data/raw/bhsig260/BHSig100_Bengali/Genuine/B-S-46-G-13.tif,data/raw/bhsig260/BHSig160_Hindi/Genuine/H-S-10-G-06.tif,0,random_forgery,46,0.8776038289070129,0.24711237681898562,0
919,data/raw/bhsig260/BHSig100_Bengali/Genuine/B-S-46-G-06.tif,data/raw/bhsig260/BHSig160_Hindi/Genuine/H-S-116-G-07.tif,0,random_forgery,46,1.0492068529129028,0.24711237681898562,0
920,data/raw/bhsig260/BHSig100_Bengali/Genuine/B-S-47-G-03.tif,data/raw/bhsig260/BHSig100_Bengali/Genuine/B-S-47-G-05.tif,1,genuine_genuine,47,0.2785334289073944,0.24711237681898562,0
921,data/raw/bhsig260/BHSig100_Bengali/Genuine/B-S-47-G-08.tif,data/raw/bhsig260/BHSig100_Bengali/Genuine/B-S-47-G-22.tif,1,genuine_genuine,47,0.19188201427459717,0.24711237681898562,1
922,data/raw/bhsig260/BHSig100_Bengali/Genuine/B-S-47-G-08.tif,data/raw/bhsig260/BHSig100_Bengali/Genuine/B-S-47-G-13.tif,1,genuine_genuine,47,0.1842023879289627,0.24711237681898562,1
923,data/raw/bhsig260/BHSig100_Bengali/Genuine/B-S-47-G-01.tif,data/raw/bhsig260/BHSig100_Bengali/Genuine/B-S-47-G-04.tif,1,genuine_genuine,47,0.17629016935825348,0.24711237681898562,1
924,data/raw/bhsig260/BHSig100_Bengali/Genuine/B-S-47-G-20.tif,data/raw/bhsig260/BHSig100_Bengali/Genuine/B-S-47-G-22.tif,1,genuine_genuine,47,0.23285244405269623,0.24711237681898562,1
925,data/raw/bhsig260/BHSig100_Bengali/Genuine/B-S-47-G-07.tif,data/raw/bhsig260/BHSig100_Bengali/Genuine/B-S-47-G-09.tif,1,genuine_genuine,47,0.1037462130188942,0.24711237681898562,1
926,data/raw/bhsig260/BHSig100_Bengali/Genuine/B-S-47-G-10.tif,data/raw/bhsig260/BHSig100_Bengali/Genuine/B-S-47-G-20.tif,1,genuine_genuine,47,0.20121298730373383,0.24711237681898562,1
927,data/raw/bhsig260/BHSig100_Bengali/Genuine/B-S-47-G-07.tif,data/raw/bhsig260/BHSig100_Bengali/Genuine/B-S-47-G-22.tif,1,genuine_genuine,47,0.11868806928396225,0.24711237681898562,1
928,data/raw/bhsig260/BHSig100_Bengali/Genuine/B-S-47-G-16.tif,data/raw/bhsig260/BHSig100_Bengali/Genuine/B-S-47-G-17.tif,1,genuine_genuine,47,0.12109793722629547,0.24711237681898562,1
929,data/raw/bhsig260/BHSig100_Bengali/Genuine/B-S-47-G-06.tif,data/raw/bhsig260/BHSig100_Bengali/Genuine/B-S-47-G-18.tif,1,genuine_genuine,47,0.22900205850601196,0.24711237681898562,1
930,data/raw/bhsig260/BHSig100_Bengali/Genuine/B-S-47-G-08.tif,data/raw/bhsig260/BHSig100_Bengali/Forged/B-S-47-F-18.tif,0,skilled_forgery,47,0.5529616475105286,0.24711237681898562,0
931,data/raw/bhsig260/BHSig100_Bengali/Genuine/B-S-47-G-03.tif,data/raw/bhsig260/BHSig100_Bengali/Forged/B-S-47-F-15.tif,0,skilled_forgery,47,0.8973132967948914,0.24711237681898562,0
932,data/raw/bhsig260/BHSig100_Bengali/Genuine/B-S-47-G-20.tif,data/raw/bhsig260/BHSig100_Bengali/Forged/B-S-47-F-11.tif,0,skilled_forgery,47,0.7173091173171997,0.24711237681898562,0
933,data/raw/bhsig260/BHSig100_Bengali/Genuine/B-S-47-G-07.tif,data/raw/bhsig260/BHSig100_Bengali/Forged/B-S-47-F-02.tif,0,skilled_forgery,47,0.5815623998641968,0.24711237681898562,0
934,data/raw/bhsig260/BHSig100_Bengali/Genuine/B-S-47-G-14.tif,data/raw/bhsig260/BHSig100_Bengali/Forged/B-S-47-F-27.tif,0,skilled_forgery,47,0.42314544320106506,0.24711237681898562,0
935,data/raw/bhsig260/BHSig100_Bengali/Genuine/B-S-47-G-06.tif,data/raw/bhsig260/BHSig160_Hindi/Genuine/H-S-147-G-17.tif,0,random_forgery,47,1.468518853187561,0.24711237681898562,0
936,data/raw/bhsig260/BHSig100_Bengali/Genuine/B-S-47-G-21.tif,data/raw/bhsig260/BHSig100_Bengali/Genuine/B-S-38-G-08.tif,0,random_forgery,47,0.8394757509231567,0.24711237681898562,0
937,data/raw/bhsig260/BHSig100_Bengali/Genuine/B-S-47-G-14.tif,data/raw/bhsig260/BHSig100_Bengali/Genuine/B-S-83-G-11.tif,0,random_forgery,47,0.973255455493927,0.24711237681898562,0
938,data/raw/bhsig260/BHSig100_Bengali/Genuine/B-S-47-G-11.tif,data/raw/bhsig260/BHSig160_Hindi/Genuine/H-S-45-G-01.tif,0,random_forgery,47,0.6589524745941162,0.24711237681898562,0
939,data/raw/bhsig260/BHSig100_Bengali/Genuine/B-S-47-G-07.tif,data/raw/bhsig260/BHSig100_Bengali/Genuine/B-S-100-G-22.tif,0,random_forgery,47,1.6918772459030151,0.24711237681898562,0
940,data/raw/bhsig260/BHSig100_Bengali/Genuine/B-S-48-G-01.tif,data/raw/bhsig260/BHSig100_Bengali/Genuine/B-S-48-G-16.tif,1,genuine_genuine,48,0.09266556799411774,0.24711237681898562,1
941,data/raw/bhsig260/BHSig100_Bengali/Genuine/B-S-48-G-16.tif,data/raw/bhsig260/BHSig100_Bengali/Genuine/B-S-48-G-24.tif,1,genuine_genuine,48,0.1568060666322708,0.24711237681898562,1
942,data/raw/bhsig260/BHSig100_Bengali/Genuine/B-S-48-G-01.tif,data/raw/bhsig260/BHSig100_Bengali/Genuine/B-S-48-G-13.tif,1,genuine_genuine,48,0.21352022886276245,0.24711237681898562,1
943,data/raw/bhsig260/BHSig100_Bengali/Genuine/B-S-48-G-02.tif,data/raw/bhsig260/BHSig100_Bengali/Genuine/B-S-48-G-06.tif,1,genuine_genuine,48,0.0809563472867012,0.24711237681898562,1
944,data/raw/bhsig260/BHSig100_Bengali/Genuine/B-S-48-G-13.tif,data/raw/bhsig260/BHSig100_Bengali/Genuine/B-S-48-G-15.tif,1,genuine_genuine,48,0.5276663303375244,0.24711237681898562,0
945,data/raw/bhsig260/BHSig100_Bengali/Genuine/B-S-48-G-13.tif,data/raw/bhsig260/BHSig100_Bengali/Genuine/B-S-48-G-18.tif,1,genuine_genuine,48,0.2982993721961975,0.24711237681898562,0
946,data/raw/bhsig260/BHSig100_Bengali/Genuine/B-S-48-G-14.tif,data/raw/bhsig260/BHSig100_Bengali/Genuine/B-S-48-G-15.tif,1,genuine_genuine,48,0.4850976765155792,0.24711237681898562,0
947,data/raw/bhsig260/BHSig100_Bengali/Genuine/B-S-48-G-15.tif,data/raw/bhsig260/BHSig100_Bengali/Genuine/B-S-48-G-20.tif,1,genuine_genuine,48,0.34418341517448425,0.24711237681898562,0
948,data/raw/bhsig260/BHSig100_Bengali/Genuine/B-S-48-G-03.tif,data/raw/bhsig260/BHSig100_Bengali/Genuine/B-S-48-G-18.tif,1,genuine_genuine,48,0.14010900259017944,0.24711237681898562,1
949,data/raw/bhsig260/BHSig100_Bengali/Genuine/B-S-48-G-04.tif,data/raw/bhsig260/BHSig100_Bengali/Genuine/B-S-48-G-08.tif,1,genuine_genuine,48,0.23147109150886536,0.24711237681898562,1
950,data/raw/bhsig260/BHSig100_Bengali/Genuine/B-S-48-G-06.tif,data/raw/bhsig260/BHSig100_Bengali/Forged/B-S-48-F-01.tif,0,skilled_forgery,48,0.5697745680809021,0.24711237681898562,0
951,data/raw/bhsig260/BHSig100_Bengali/Genuine/B-S-48-G-20.tif,data/raw/bhsig260/BHSig100_Bengali/Forged/B-S-48-F-30.tif,0,skilled_forgery,48,0.5815276503562927,0.24711237681898562,0
952,data/raw/bhsig260/BHSig100_Bengali/Genuine/B-S-48-G-14.tif,data/raw/bhsig260/BHSig100_Bengali/Forged/B-S-48-F-08.tif,0,skilled_forgery,48,0.596262514591217,0.24711237681898562,0
953,data/raw/bhsig260/BHSig100_Bengali/Genuine/B-S-48-G-01.tif,data/raw/bhsig260/BHSig100_Bengali/Forged/B-S-48-F-17.tif,0,skilled_forgery,48,0.6957092881202698,0.24711237681898562,0
954,data/raw/bhsig260/BHSig100_Bengali/Genuine/B-S-48-G-12.tif,data/raw/bhsig260/BHSig100_Bengali/Forged/B-S-48-F-22.tif,0,skilled_forgery,48,0.45527324080467224,0.24711237681898562,0
955,data/raw/bhsig260/BHSig100_Bengali/Genuine/B-S-48-G-10.tif,data/raw/bhsig260/BHSig160_Hindi/Genuine/H-S-160-G-10.tif,0,random_forgery,48,1.6076103448867798,0.24711237681898562,0
956,data/raw/bhsig260/BHSig100_Bengali/Genuine/B-S-48-G-22.tif,data/raw/bhsig260/BHSig100_Bengali/Genuine/B-S-25-G-08.tif,0,random_forgery,48,0.8703429698944092,0.24711237681898562,0
957,data/raw/bhsig260/BHSig100_Bengali/Genuine/B-S-48-G-21.tif,data/raw/bhsig260/BHSig160_Hindi/Genuine/H-S-148-G-13.tif,0,random_forgery,48,0.17726737260818481,0.24711237681898562,1
958,data/raw/bhsig260/BHSig100_Bengali/Genuine/B-S-48-G-09.tif,data/raw/bhsig260/BHSig160_Hindi/Genuine/H-S-83-G-07.tif,0,random_forgery,48,0.5723161101341248,0.24711237681898562,0
959,data/raw/bhsig260/BHSig100_Bengali/Genuine/B-S-48-G-05.tif,data/raw/bhsig260/BHSig160_Hindi/Genuine/H-S-38-G-24.tif,0,random_forgery,48,0.6335380673408508,0.24711237681898562,0
960,data/raw/bhsig260/BHSig100_Bengali/Genuine/B-S-49-G-05.tif,data/raw/bhsig260/BHSig100_Bengali/Genuine/B-S-49-G-06.tif,1,genuine_genuine,49,0.10724964737892151,0.24711237681898562,1
961,data/raw/bhsig260/BHSig100_Bengali/Genuine/B-S-49-G-13.tif,data/raw/bhsig260/BHSig100_Bengali/Genuine/B-S-49-G-19.tif,1,genuine_genuine,49,0.23392708599567413,0.24711237681898562,1
962,data/raw/bhsig260/BHSig100_Bengali/Genuine/B-S-49-G-08.tif,data/raw/bhsig260/BHSig100_Bengali/Genuine/B-S-49-G-12.tif,1,genuine_genuine,49,0.13305144011974335,0.24711237681898562,1
963,data/raw/bhsig260/BHSig100_Bengali/Genuine/B-S-49-G-09.tif,data/raw/bhsig260/BHSig100_Bengali/Genuine/B-S-49-G-15.tif,1,genuine_genuine,49,0.4004494547843933,0.24711237681898562,0
964,data/raw/bhsig260/BHSig100_Bengali/Genuine/B-S-49-G-07.tif,data/raw/bhsig260/BHSig100_Bengali/Genuine/B-S-49-G-16.tif,1,genuine_genuine,49,0.0,0.24711237681898562,1
965,data/raw/bhsig260/BHSig100_Bengali/Genuine/B-S-49-G-10.tif,data/raw/bhsig260/BHSig100_Bengali/Genuine/B-S-49-G-15.tif,1,genuine_genuine,49,0.2320394665002823,0.24711237681898562,1
966,data/raw/bhsig260/BHSig100_Bengali/Genuine/B-S-49-G-17.tif,data/raw/bhsig260/BHSig100_Bengali/Genuine/B-S-49-G-22.tif,1,genuine_genuine,49,0.38687464594841003,0.24711237681898562,0
967,data/raw/bhsig260/BHSig100_Bengali/Genuine/B-S-49-G-22.tif,data/raw/bhsig260/BHSig100_Bengali/Genuine/B-S-49-G-23.tif,1,genuine_genuine,49,0.20339341461658478,0.24711237681898562,1
968,data/raw/bhsig260/BHSig100_Bengali/Genuine/B-S-49-G-05.tif,data/raw/bhsig260/BHSig100_Bengali/Genuine/B-S-49-G-12.tif,1,genuine_genuine,49,0.2534092664718628,0.24711237681898562,0
969,data/raw/bhsig260/BHSig100_Bengali/Genuine/B-S-49-G-09.tif,data/raw/bhsig260/BHSig100_Bengali/Genuine/B-S-49-G-22.tif,1,genuine_genuine,49,0.0,0.24711237681898562,1
970,data/raw/bhsig260/BHSig100_Bengali/Genuine/B-S-49-G-20.tif,data/raw/bhsig260/BHSig100_Bengali/Forged/B-S-49-F-19.tif,0,skilled_forgery,49,0.6740075349807739,0.24711237681898562,0
971,data/raw/bhsig260/BHSig100_Bengali/Genuine/B-S-49-G-24.tif,data/raw/bhsig260/BHSig100_Bengali/Forged/B-S-49-F-07.tif,0,skilled_forgery,49,0.6607544422149658,0.24711237681898562,0
972,data/raw/bhsig260/BHSig100_Bengali/Genuine/B-S-49-G-08.tif,data/raw/bhsig260/BHSig100_Bengali/Forged/B-S-49-F-26.tif,0,skilled_forgery,49,0.44115856289863586,0.24711237681898562,0
973,data/raw/bhsig260/BHSig100_Bengali/Genuine/B-S-49-G-04.tif,data/raw/bhsig260/BHSig100_Bengali/Forged/B-S-49-F-27.tif,0,skilled_forgery,49,0.5847549438476562,0.24711237681898562,0
974,data/raw/bhsig260/BHSig100_Bengali/Genuine/B-S-49-G-23.tif,data/raw/bhsig260/BHSig100_Bengali/Forged/B-S-49-F-14.tif,0,skilled_forgery,49,0.3973448574542999,0.24711237681898562,0
975,data/raw/bhsig260/BHSig100_Bengali/Genuine/B-S-49-G-24.tif,data/raw/bhsig260/BHSig100_Bengali/Genuine/B-S-16-G-07.tif,0,random_forgery,49,0.9420924782752991,0.24711237681898562,0
976,data/raw/bhsig260/BHSig100_Bengali/Genuine/B-S-49-G-08.tif,data/raw/bhsig260/BHSig100_Bengali/Genuine/B-S-97-G-24.tif,0,random_forgery,49,0.8485654592514038,0.24711237681898562,0
977,data/raw/bhsig260/BHSig100_Bengali/Genuine/B-S-49-G-17.tif,data/raw/bhsig260/BHSig100_Bengali/Genuine/B-S-65-G-14.tif,0,random_forgery,49,0.7373092770576477,0.24711237681898562,0
978,data/raw/bhsig260/BHSig100_Bengali/Genuine/B-S-49-G-15.tif,data/raw/bhsig260/BHSig160_Hindi/Genuine/H-S-120-G-19.tif,0,random_forgery,49,0.8336237072944641,0.24711237681898562,0
979,data/raw/bhsig260/BHSig100_Bengali/Genuine/B-S-49-G-14.tif,data/raw/bhsig260/BHSig100_Bengali/Genuine/B-S-26-G-14.tif,0,random_forgery,49,0.7768007516860962,0.24711237681898562,0
980,data/raw/bhsig260/BHSig100_Bengali/Genuine/B-S-50-G-04.tif,data/raw/bhsig260/BHSig100_Bengali/Genuine/B-S-50-G-14.tif,1,genuine_genuine,50,0.2052481472492218,0.24711237681898562,1
981,data/raw/bhsig260/BHSig100_Bengali/Genuine/B-S-50-G-12.tif,data/raw/bhsig260/BHSig100_Bengali/Genuine/B-S-50-G-13.tif,1,genuine_genuine,50,0.11039034277200699,0.24711237681898562,1
982,data/raw/bhsig260/BHSig100_Bengali/Genuine/B-S-50-G-13.tif,data/raw/bhsig260/BHSig100_Bengali/Genuine/B-S-50-G-19.tif,1,genuine_genuine,50,0.08605482429265976,0.24711237681898562,1
983,data/raw/bhsig260/BHSig100_Bengali/Genuine/B-S-50-G-09.tif,data/raw/bhsig260/BHSig100_Bengali/Genuine/B-S-50-G-10.tif,1,genuine_genuine,50,0.12207066267728806,0.24711237681898562,1
984,data/raw/bhsig260/BHSig100_Bengali/Genuine/B-S-50-G-08.tif,data/raw/bhsig260/BHSig100_Bengali/Genuine/B-S-50-G-09.tif,1,genuine_genuine,50,0.4265895485877991,0.24711237681898562,0
985,data/raw/bhsig260/BHSig100_Bengali/Genuine/B-S-50-G-04.tif,data/raw/bhsig260/BHSig100_Bengali/Genuine/B-S-50-G-17.tif,1,genuine_genuine,50,0.31311583518981934,0.24711237681898562,0
986,data/raw/bhsig260/BHSig100_Bengali/Genuine/B-S-50-G-15.tif,data/raw/bhsig260/BHSig100_Bengali/Genuine/B-S-50-G-20.tif,1,genuine_genuine,50,0.46713733673095703,0.24711237681898562,0
987,data/raw/bhsig260/BHSig100_Bengali/Genuine/B-S-50-G-02.tif,data/raw/bhsig260/BHSig100_Bengali/Genuine/B-S-50-G-04.tif,1,genuine_genuine,50,0.4552936553955078,0.24711237681898562,0
988,data/raw/bhsig260/BHSig100_Bengali/Genuine/B-S-50-G-08.tif,data/raw/bhsig260/BHSig100_Bengali/Genuine/B-S-50-G-22.tif,1,genuine_genuine,50,0.31039121747016907,0.24711237681898562,0
989,data/raw/bhsig260/BHSig100_Bengali/Genuine/B-S-50-G-05.tif,data/raw/bhsig260/BHSig100_Bengali/Genuine/B-S-50-G-11.tif,1,genuine_genuine,50,0.06171402335166931,0.24711237681898562,1
990,data/raw/bhsig260/BHSig100_Bengali/Genuine/B-S-50-G-12.tif,data/raw/bhsig260/BHSig100_Bengali/Forged/B-S-50-F-26.tif,0,skilled_forgery,50,0.5436169505119324,0.24711237681898562,0
991,data/raw/bhsig260/BHSig100_Bengali/Genuine/B-S-50-G-03.tif,data/raw/bhsig260/BHSig100_Bengali/Forged/B-S-50-F-02.tif,0,skilled_forgery,50,0.8694363832473755,0.24711237681898562,0
992,data/raw/bhsig260/BHSig100_Bengali/Genuine/B-S-50-G-22.tif,data/raw/bhsig260/BHSig100_Bengali/Forged/B-S-50-F-30.tif,0,skilled_forgery,50,0.3291756510734558,0.24711237681898562,0
993,data/raw/bhsig260/BHSig100_Bengali/Genuine/B-S-50-G-13.tif,data/raw/bhsig260/BHSig100_Bengali/Forged/B-S-50-F-15.tif,0,skilled_forgery,50,0.42951881885528564,0.24711237681898562,0
994,data/raw/bhsig260/BHSig100_Bengali/Genuine/B-S-50-G-12.tif,data/raw/bhsig260/BHSig100_Bengali/Forged/B-S-50-F-30.tif,0,skilled_forgery,50,0.47761204838752747,0.24711237681898562,0
995,data/raw/bhsig260/BHSig100_Bengali/Genuine/B-S-50-G-17.tif,data/raw/bhsig260/BHSig160_Hindi/Genuine/H-S-149-G-11.tif,0,random_forgery,50,0.5040238499641418,0.24711237681898562,0
996,data/raw/bhsig260/BHSig100_Bengali/Genuine/B-S-50-G-15.tif,data/raw/bhsig260/BHSig160_Hindi/Genuine/H-S-16-G-19.tif,0,random_forgery,50,0.15411518514156342,0.24711237681898562,1
997,data/raw/bhsig260/BHSig100_Bengali/Genuine/B-S-50-G-04.tif,data/raw/bhsig260/BHSig100_Bengali/Genuine/B-S-81-G-10.tif,0,random_forgery,50,0.8715148568153381,0.24711237681898562,0
998,data/raw/bhsig260/BHSig100_Bengali/Genuine/B-S-50-G-10.tif,data/raw/bhsig260/BHSig100_Bengali/Genuine/B-S-89-G-03.tif,0,random_forgery,50,0.815396785736084,0.24711237681898562,0
999,data/raw/bhsig260/BHSig100_Bengali/Genuine/B-S-50-G-16.tif,data/raw/bhsig260/BHSig160_Hindi/Genuine/H-S-16-G-04.tif,0,random_forgery,50,0.7997741103172302,0.24711237681898562,0
1000,data/raw/bhsig260/BHSig100_Bengali/Genuine/B-S-51-G-17.tif,data/raw/bhsig260/BHSig100_Bengali/Genuine/B-S-51-G-24.tif,1,genuine_genuine,51,0.3443925380706787,0.24711237681898562,0
1001,data/raw/bhsig260/BHSig100_Bengali/Genuine/B-S-51-G-13.tif,data/raw/bhsig260/BHSig100_Bengali/Genuine/B-S-51-G-18.tif,1,genuine_genuine,51,0.07928698509931564,0.24711237681898562,1
1002,data/raw/bhsig260/BHSig100_Bengali/Genuine/B-S-51-G-08.tif,data/raw/bhsig260/BHSig100_Bengali/Genuine/B-S-51-G-21.tif,1,genuine_genuine,51,0.17934459447860718,0.24711237681898562,1
1003,data/raw/bhsig260/BHSig100_Bengali/Genuine/B-S-51-G-04.tif,data/raw/bhsig260/BHSig100_Bengali/Genuine/B-S-51-G-05.tif,1,genuine_genuine,51,0.36194270849227905,0.24711237681898562,0
1004,data/raw/bhsig260/BHSig100_Bengali/Genuine/B-S-51-G-01.tif,data/raw/bhsig260/BHSig100_Bengali/Genuine/B-S-51-G-21.tif,1,genuine_genuine,51,0.11766330152750015,0.24711237681898562,1
1005,data/raw/bhsig260/BHSig100_Bengali/Genuine/B-S-51-G-08.tif,data/raw/bhsig260/BHSig100_Bengali/Genuine/B-S-51-G-22.tif,1,genuine_genuine,51,0.0,0.24711237681898562,1
1006,data/raw/bhsig260/BHSig100_Bengali/Genuine/B-S-51-G-03.tif,data/raw/bhsig260/BHSig100_Bengali/Genuine/B-S-51-G-15.tif,1,genuine_genuine,51,0.1816767454147339,0.24711237681898562,1
1007,data/raw/bhsig260/BHSig100_Bengali/Genuine/B-S-51-G-09.tif,data/raw/bhsig260/BHSig100_Bengali/Genuine/B-S-51-G-12.tif,1,genuine_genuine,51,0.11374083906412125,0.24711237681898562,1
1008,data/raw/bhsig260/BHSig100_Bengali/Genuine/B-S-51-G-06.tif,data/raw/bhsig260/BHSig100_Bengali/Genuine/B-S-51-G-09.tif,1,genuine_genuine,51,0.050386566668748856,0.24711237681898562,1
1009,data/raw/bhsig260/BHSig100_Bengali/Genuine/B-S-51-G-12.tif,data/raw/bhsig260/BHSig100_Bengali/Genuine/B-S-51-G-19.tif,1,genuine_genuine,51,0.38791096210479736,0.24711237681898562,0
1010,data/raw/bhsig260/BHSig100_Bengali/Genuine/B-S-51-G-17.tif,data/raw/bhsig260/BHSig100_Bengali/Forged/B-S-51-F-14.tif,0,skilled_forgery,51,0.2906385064125061,0.24711237681898562,0
1011,data/raw/bhsig260/BHSig100_Bengali/Genuine/B-S-51-G-23.tif,data/raw/bhsig260/BHSig100_Bengali/Forged/B-S-51-F-01.tif,0,skilled_forgery,51,0.5864007472991943,0.24711237681898562,0
1012,data/raw/bhsig260/BHSig100_Bengali/Genuine/B-S-51-G-14.tif,data/raw/bhsig260/BHSig100_Bengali/Forged/B-S-51-F-20.tif,0,skilled_forgery,51,0.1740480214357376,0.24711237681898562,1
1013,data/raw/bhsig260/BHSig100_Bengali/Genuine/B-S-51-G-03.tif,data/raw/bhsig260/BHSig100_Bengali/Forged/B-S-51-F-06.tif,0,skilled_forgery,51,0.1984061747789383,0.24711237681898562,1
1014,data/raw/bhsig260/BHSig100_Bengali/Genuine/B-S-51-G-07.tif,data/raw/bhsig260/BHSig100_Bengali/Forged/B-S-51-F-04.tif,0,skilled_forgery,51,0.3886610269546509,0.24711237681898562,0
1015,data/raw/bhsig260/BHSig100_Bengali/Genuine/B-S-51-G-06.tif,data/raw/bhsig260/BHSig160_Hindi/Genuine/H-S-134-G-01.tif,0,random_forgery,51,0.6673688292503357,0.24711237681898562,0
1016,data/raw/bhsig260/BHSig100_Bengali/Genuine/B-S-51-G-11.tif,data/raw/bhsig260/BHSig160_Hindi/Genuine/H-S-27-G-16.tif,0,random_forgery,51,0.6082742810249329,0.24711237681898562,0
1017,data/raw/bhsig260/BHSig100_Bengali/Genuine/B-S-51-G-12.tif,data/raw/bhsig260/BHSig160_Hindi/Genuine/H-S-96-G-14.tif,0,random_forgery,51,0.35777321457862854,0.24711237681898562,0
1018,data/raw/bhsig260/BHSig100_Bengali/Genuine/B-S-51-G-01.tif,data/raw/bhsig260/BHSig160_Hindi/Genuine/H-S-34-G-01.tif,0,random_forgery,51,0.15241317451000214,0.24711237681898562,1
1019,data/raw/bhsig260/BHSig100_Bengali/Genuine/B-S-51-G-19.tif,data/raw/bhsig260/BHSig100_Bengali/Genuine/B-S-33-G-03.tif,0,random_forgery,51,0.42353421449661255,0.24711237681898562,0
1020,data/raw/bhsig260/BHSig100_Bengali/Genuine/B-S-52-G-02.tif,data/raw/bhsig260/BHSig100_Bengali/Genuine/B-S-52-G-03.tif,1,genuine_genuine,52,0.043364666402339935,0.24711237681898562,1
1021,data/raw/bhsig260/BHSig100_Bengali/Genuine/B-S-52-G-07.tif,data/raw/bhsig260/BHSig100_Bengali/Genuine/B-S-52-G-09.tif,1,genuine_genuine,52,0.3211519718170166,0.24711237681898562,0
1022,data/raw/bhsig260/BHSig100_Bengali/Genuine/B-S-52-G-08.tif,data/raw/bhsig260/BHSig100_Bengali/Genuine/B-S-52-G-23.tif,1,genuine_genuine,52,0.0,0.24711237681898562,1
1023,data/raw/bhsig260/BHSig100_Bengali/Genuine/B-S-52-G-08.tif,data/raw/bhsig260/BHSig100_Bengali/Genuine/B-S-52-G-20.tif,1,genuine_genuine,52,0.4207579791545868,0.24711237681898562,0
1024,data/raw/bhsig260/BHSig100_Bengali/Genuine/B-S-52-G-02.tif,data/raw/bhsig260/BHSig100_Bengali/Genuine/B-S-52-G-23.tif,1,genuine_genuine,52,0.28616246581077576,0.24711237681898562,0
1025,data/raw/bhsig260/BHSig100_Bengali/Genuine/B-S-52-G-03.tif,data/raw/bhsig260/BHSig100_Bengali/Genuine/B-S-52-G-06.tif,1,genuine_genuine,52,0.3705984652042389,0.24711237681898562,0
1026,data/raw/bhsig260/BHSig100_Bengali/Genuine/B-S-52-G-16.tif,data/raw/bhsig260/BHSig100_Bengali/Genuine/B-S-52-G-23.tif,1,genuine_genuine,52,0.280296266078949,0.24711237681898562,0
1027,data/raw/bhsig260/BHSig100_Bengali/Genuine/B-S-52-G-05.tif,data/raw/bhsig260/BHSig100_Bengali/Genuine/B-S-52-G-07.tif,1,genuine_genuine,52,0.10511449724435806,0.24711237681898562,1
1028,data/raw/bhsig260/BHSig100_Bengali/Genuine/B-S-52-G-21.tif,data/raw/bhsig260/BHSig100_Bengali/Genuine/B-S-52-G-24.tif,1,genuine_genuine,52,0.27461645007133484,0.24711237681898562,0
1029,data/raw/bhsig260/BHSig100_Bengali/Genuine/B-S-52-G-15.tif,data/raw/bhsig260/BHSig100_Bengali/Genuine/B-S-52-G-19.tif,1,genuine_genuine,52,0.6588609218597412,0.24711237681898562,0
1030,data/raw/bhsig260/BHSig100_Bengali/Genuine/B-S-52-G-01.tif,data/raw/bhsig260/BHSig100_Bengali/Forged/B-S-52-F-01.tif,0,skilled_forgery,52,0.8323596119880676,0.24711237681898562,0
1031,data/raw/bhsig260/BHSig100_Bengali/Genuine/B-S-52-G-15.tif,data/raw/bhsig260/BHSig100_Bengali/Forged/B-S-52-F-19.tif,0,skilled_forgery,52,0.3936619460582733,0.24711237681898562,0
1032,data/raw/bhsig260/BHSig100_Bengali/Genuine/B-S-52-G-07.tif,data/raw/bhsig260/BHSig100_Bengali/Forged/B-S-52-F-12.tif,0,skilled_forgery,52,0.757857084274292,0.24711237681898562,0
1033,data/raw/bhsig260/BHSig100_Bengali/Genuine/B-S-52-G-19.tif,data/raw/bhsig260/BHSig100_Bengali/Forged/B-S-52-F-24.tif,0,skilled_forgery,52,0.7061878442764282,0.24711237681898562,0
1034,data/raw/bhsig260/BHSig100_Bengali/Genuine/B-S-52-G-03.tif,data/raw/bhsig260/BHSig100_Bengali/Forged/B-S-52-F-21.tif,0,skilled_forgery,52,0.9789775609970093,0.24711237681898562,0
1035,data/raw/bhsig260/BHSig100_Bengali/Genuine/B-S-52-G-08.tif,data/raw/bhsig260/BHSig160_Hindi/Genuine/H-S-9-G-11.tif,0,random_forgery,52,0.41197678446769714,0.24711237681898562,0
1036,data/raw/bhsig260/BHSig100_Bengali/Genuine/B-S-52-G-06.tif,data/raw/bhsig260/BHSig160_Hindi/Genuine/H-S-41-G-01.tif,0,random_forgery,52,0.46740850806236267,0.24711237681898562,0
1037,data/raw/bhsig260/BHSig100_Bengali/Genuine/B-S-52-G-01.tif,data/raw/bhsig260/BHSig160_Hindi/Genuine/H-S-72-G-19.tif,0,random_forgery,52,0.17310695350170135,0.24711237681898562,1
1038,data/raw/bhsig260/BHSig100_Bengali/Genuine/B-S-52-G-07.tif,data/raw/bhsig260/BHSig160_Hindi/Genuine/H-S-076-G-01.tif,0,random_forgery,52,0.4297464191913605,0.24711237681898562,0
1039,data/raw/bhsig260/BHSig100_Bengali/Genuine/B-S-52-G-06.tif,data/raw/bhsig260/BHSig160_Hindi/Genuine/H-S-132-G-16.tif,0,random_forgery,52,0.8486699461936951,0.24711237681898562,0
1040,data/raw/bhsig260/BHSig100_Bengali/Genuine/B-S-53-G-01.tif,data/raw/bhsig260/BHSig100_Bengali/Genuine/B-S-53-G-05.tif,1,genuine_genuine,53,0.3643140196800232,0.24711237681898562,0
1041,data/raw/bhsig260/BHSig100_Bengali/Genuine/B-S-53-G-13.tif,data/raw/bhsig260/BHSig100_Bengali/Genuine/B-S-53-G-23.tif,1,genuine_genuine,53,0.18087059259414673,0.24711237681898562,1
1042,data/raw/bhsig260/BHSig100_Bengali/Genuine/B-S-53-G-20.tif,data/raw/bhsig260/BHSig100_Bengali/Genuine/B-S-53-G-24.tif,1,genuine_genuine,53,0.10183602571487427,0.24711237681898562,1
1043,data/raw/bhsig260/BHSig100_Bengali/Genuine/B-S-53-G-08.tif,data/raw/bhsig260/BHSig100_Bengali/Genuine/B-S-53-G-21.tif,1,genuine_genuine,53,0.10003279894590378,0.24711237681898562,1
1044,data/raw/bhsig260/BHSig100_Bengali/Genuine/B-S-53-G-04.tif,data/raw/bhsig260/BHSig100_Bengali/Genuine/B-S-53-G-14.tif,1,genuine_genuine,53,0.3913467228412628,0.24711237681898562,0
1045,data/raw/bhsig260/BHSig100_Bengali/Genuine/B-S-53-G-07.tif,data/raw/bhsig260/BHSig100_Bengali/Genuine/B-S-53-G-21.tif,1,genuine_genuine,53,0.4481894075870514,0.24711237681898562,0
1046,data/raw/bhsig260/BHSig100_Bengali/Genuine/B-S-53-G-07.tif,data/raw/bhsig260/BHSig100_Bengali/Genuine/B-S-53-G-14.tif,1,genuine_genuine,53,0.233449324965477,0.24711237681898562,1
1047,data/raw/bhsig260/BHSig100_Bengali/Genuine/B-S-53-G-03.tif,data/raw/bhsig260/BHSig100_Bengali/Genuine/B-S-53-G-11.tif,1,genuine_genuine,53,0.4322128891944885,0.24711237681898562,0
1048,data/raw/bhsig260/BHSig100_Bengali/Genuine/B-S-53-G-05.tif,data/raw/bhsig260/BHSig100_Bengali/Genuine/B-S-53-G-16.tif,1,genuine_genuine,53,0.3077976107597351,0.24711237681898562,0
1049,data/raw/bhsig260/BHSig100_Bengali/Genuine/B-S-53-G-07.tif,data/raw/bhsig260/BHSig100_Bengali/Genuine/B-S-53-G-18.tif,1,genuine_genuine,53,0.3870948255062103,0.24711237681898562,0
1050,data/raw/bhsig260/BHSig100_Bengali/Genuine/B-S-53-G-07.tif,data/raw/bhsig260/BHSig100_Bengali/Forged/B-S-53-F-25.tif,0,skilled_forgery,53,0.6842023730278015,0.24711237681898562,0
1051,data/raw/bhsig260/BHSig100_Bengali/Genuine/B-S-53-G-19.tif,data/raw/bhsig260/BHSig100_Bengali/Forged/B-S-53-F-18.tif,0,skilled_forgery,53,0.6693133115768433,0.24711237681898562,0
1052,data/raw/bhsig260/BHSig100_Bengali/Genuine/B-S-53-G-05.tif,data/raw/bhsig260/BHSig100_Bengali/Forged/B-S-53-F-23.tif,0,skilled_forgery,53,0.6360624432563782,0.24711237681898562,0
1053,data/raw/bhsig260/BHSig100_Bengali/Genuine/B-S-53-G-20.tif,data/raw/bhsig260/BHSig100_Bengali/Forged/B-S-53-F-07.tif,0,skilled_forgery,53,0.55435711145401,0.24711237681898562,0
1054,data/raw/bhsig260/BHSig100_Bengali/Genuine/B-S-53-G-05.tif,data/raw/bhsig260/BHSig100_Bengali/Forged/B-S-53-F-12.tif,0,skilled_forgery,53,0.5629259943962097,0.24711237681898562,0
1055,data/raw/bhsig260/BHSig100_Bengali/Genuine/B-S-53-G-04.tif,data/raw/bhsig260/BHSig160_Hindi/Genuine/H-S-24-G-22.tif,0,random_forgery,53,0.1231285110116005,0.24711237681898562,1
1056,data/raw/bhsig260/BHSig100_Bengali/Genuine/B-S-53-G-01.tif,data/raw/bhsig260/BHSig160_Hindi/Genuine/H-S-99-G-05.tif,0,random_forgery,53,0.30596333742141724,0.24711237681898562,0
1057,data/raw/bhsig260/BHSig100_Bengali/Genuine/B-S-53-G-01.tif,data/raw/bhsig260/BHSig160_Hindi/Genuine/H-S-68-G-20.tif,0,random_forgery,53,0.8387314081192017,0.24711237681898562,0
1058,data/raw/bhsig260/BHSig100_Bengali/Genuine/B-S-53-G-16.tif,data/raw/bhsig260/BHSig100_Bengali/Genuine/B-S-80-G-01.tif,0,random_forgery,53,0.6834402084350586,0.24711237681898562,0
1059,data/raw/bhsig260/BHSig100_Bengali/Genuine/B-S-53-G-01.tif,data/raw/bhsig260/BHSig160_Hindi/Genuine/H-S-34-G-01.tif,0,random_forgery,53,0.1420007348060608,0.24711237681898562,1
1060,data/raw/bhsig260/BHSig100_Bengali/Genuine/B-S-54-G-10.tif,data/raw/bhsig260/BHSig100_Bengali/Genuine/B-S-54-G-18.tif,1,genuine_genuine,54,0.18267981708049774,0.24711237681898562,1
1061,data/raw/bhsig260/BHSig100_Bengali/Genuine/B-S-54-G-03.tif,data/raw/bhsig260/BHSig100_Bengali/Genuine/B-S-54-G-18.tif,1,genuine_genuine,54,0.06580225378274918,0.24711237681898562,1
1062,data/raw/bhsig260/BHSig100_Bengali/Genuine/B-S-54-G-01.tif,data/raw/bhsig260/BHSig100_Bengali/Genuine/B-S-54-G-06.tif,1,genuine_genuine,54,0.2611483037471771,0.24711237681898562,0
1063,data/raw/bhsig260/BHSig100_Bengali/Genuine/B-S-54-G-20.tif,data/raw/bhsig260/BHSig100_Bengali/Genuine/B-S-54-G-22.tif,1,genuine_genuine,54,0.32754525542259216,0.24711237681898562,0
1064,data/raw/bhsig260/BHSig100_Bengali/Genuine/B-S-54-G-07.tif,data/raw/bhsig260/BHSig100_Bengali/Genuine/B-S-54-G-17.tif,1,genuine_genuine,54,0.15878762304782867,0.24711237681898562,1
1065,data/raw/bhsig260/BHSig100_Bengali/Genuine/B-S-54-G-07.tif,data/raw/bhsig260/BHSig100_Bengali/Genuine/B-S-54-G-21.tif,1,genuine_genuine,54,0.0,0.24711237681898562,1
1066,data/raw/bhsig260/BHSig100_Bengali/Genuine/B-S-54-G-01.tif,data/raw/bhsig260/BHSig100_Bengali/Genuine/B-S-54-G-20.tif,1,genuine_genuine,54,0.2611483037471771,0.24711237681898562,0
1067,data/raw/bhsig260/BHSig100_Bengali/Genuine/B-S-54-G-01.tif,data/raw/bhsig260/BHSig100_Bengali/Genuine/B-S-54-G-08.tif,1,genuine_genuine,54,0.10016556084156036,0.24711237681898562,1
1068,data/raw/bhsig260/BHSig100_Bengali/Genuine/B-S-54-G-09.tif,data/raw/bhsig260/BHSig100_Bengali/Genuine/B-S-54-G-22.tif,1,genuine_genuine,54,0.20939241349697113,0.24711237681898562,1
1069,data/raw/bhsig260/BHSig100_Bengali/Genuine/B-S-54-G-10.tif,data/raw/bhsig260/BHSig100_Bengali/Genuine/B-S-54-G-21.tif,1,genuine_genuine,54,0.2644491195678711,0.24711237681898562,0
1070,data/raw/bhsig260/BHSig100_Bengali/Genuine/B-S-54-G-23.tif,data/raw/bhsig260/BHSig100_Bengali/Forged/B-S-54-F-27.tif,0,skilled_forgery,54,0.24609661102294922,0.24711237681898562,1
1071,data/raw/bhsig260/BHSig100_Bengali/Genuine/B-S-54-G-10.tif,data/raw/bhsig260/BHSig100_Bengali/Forged/B-S-54-F-10.tif,0,skilled_forgery,54,0.1848093867301941,0.24711237681898562,1
1072,data/raw/bhsig260/BHSig100_Bengali/Genuine/B-S-54-G-10.tif,data/raw/bhsig260/BHSig100_Bengali/Forged/B-S-54-F-30.tif,0,skilled_forgery,54,0.1848093867301941,0.24711237681898562,1
1073,data/raw/bhsig260/BHSig100_Bengali/Genuine/B-S-54-G-01.tif,data/raw/bhsig260/BHSig100_Bengali/Forged/B-S-54-F-03.tif,0,skilled_forgery,54,0.3176933526992798,0.24711237681898562,0
1074,data/raw/bhsig260/BHSig100_Bengali/Genuine/B-S-54-G-24.tif,data/raw/bhsig260/BHSig100_Bengali/Forged/B-S-54-F-03.tif,0,skilled_forgery,54,0.20418064296245575,0.24711237681898562,1
1075,data/raw/bhsig260/BHSig100_Bengali/Genuine/B-S-54-G-08.tif,data/raw/bhsig260/BHSig100_Bengali/Genuine/B-S-79-G-08.tif,0,random_forgery,54,0.8276433348655701,0.24711237681898562,0
1076,data/raw/bhsig260/BHSig100_Bengali/Genuine/B-S-54-G-20.tif,data/raw/bhsig260/BHSig100_Bengali/Genuine/B-S-28-G-10.tif,0,random_forgery,54,0.8378837704658508,0.24711237681898562,0
1077,data/raw/bhsig260/BHSig100_Bengali/Genuine/B-S-54-G-23.tif,data/raw/bhsig260/BHSig160_Hindi/Genuine/H-S-120-G-06.tif,0,random_forgery,54,1.732321858406067,0.24711237681898562,0
1078,data/raw/bhsig260/BHSig100_Bengali/Genuine/B-S-54-G-10.tif,data/raw/bhsig260/BHSig100_Bengali/Genuine/B-S-62-G-23.tif,0,random_forgery,54,0.8424310684204102,0.24711237681898562,0
1079,data/raw/bhsig260/BHSig100_Bengali/Genuine/B-S-54-G-21.tif,data/raw/bhsig260/BHSig160_Hindi/Genuine/H-S-150-G-01.tif,0,random_forgery,54,0.6541056632995605,0.24711237681898562,0
1080,data/raw/bhsig260/BHSig100_Bengali/Genuine/B-S-55-G-05.tif,data/raw/bhsig260/BHSig100_Bengali/Genuine/B-S-55-G-15.tif,1,genuine_genuine,55,0.38752901554107666,0.24711237681898562,0
1081,data/raw/bhsig260/BHSig100_Bengali/Genuine/B-S-55-G-08.tif,data/raw/bhsig260/BHSig100_Bengali/Genuine/B-S-55-G-12.tif,1,genuine_genuine,55,0.5888243317604065,0.24711237681898562,0
1082,data/raw/bhsig260/BHSig100_Bengali/Genuine/B-S-55-G-15.tif,data/raw/bhsig260/BHSig100_Bengali/Genuine/B-S-55-G-23.tif,1,genuine_genuine,55,0.3670579493045807,0.24711237681898562,0
1083,data/raw/bhsig260/BHSig100_Bengali/Genuine/B-S-55-G-07.tif,data/raw/bhsig260/BHSig100_Bengali/Genuine/B-S-55-G-21.tif,1,genuine_genuine,55,0.4994296133518219,0.24711237681898562,0
1084,data/raw/bhsig260/BHSig100_Bengali/Genuine/B-S-55-G-14.tif,data/raw/bhsig260/BHSig100_Bengali/Genuine/B-S-55-G-19.tif,1,genuine_genuine,55,0.5220491886138916,0.24711237681898562,0
1085,data/raw/bhsig260/BHSig100_Bengali/Genuine/B-S-55-G-03.tif,data/raw/bhsig260/BHSig100_Bengali/Genuine/B-S-55-G-17.tif,1,genuine_genuine,55,0.2796873450279236,0.24711237681898562,0
1086,data/raw/bhsig260/BHSig100_Bengali/Genuine/B-S-55-G-04.tif,data/raw/bhsig260/BHSig100_Bengali/Genuine/B-S-55-G-05.tif,1,genuine_genuine,55,0.23984453082084656,0.24711237681898562,1
1087,data/raw/bhsig260/BHSig100_Bengali/Genuine/B-S-55-G-09.tif,data/raw/bhsig260/BHSig100_Bengali/Genuine/B-S-55-G-21.tif,1,genuine_genuine,55,0.7744636535644531,0.24711237681898562,0
1088,data/raw/bhsig260/BHSig100_Bengali/Genuine/B-S-55-G-05.tif,data/raw/bhsig260/BHSig100_Bengali/Genuine/B-S-55-G-07.tif,1,genuine_genuine,55,0.18074721097946167,0.24711237681898562,1
1089,data/raw/bhsig260/BHSig100_Bengali/Genuine/B-S-55-G-15.tif,data/raw/bhsig260/BHSig100_Bengali/Genuine/B-S-55-G-20.tif,1,genuine_genuine,55,0.3098488748073578,0.24711237681898562,0
1090,data/raw/bhsig260/BHSig100_Bengali/Genuine/B-S-55-G-16.tif,data/raw/bhsig260/BHSig100_Bengali/Forged/B-S-55-F-17.tif,0,skilled_forgery,55,0.4841253459453583,0.24711237681898562,0
1091,data/raw/bhsig260/BHSig100_Bengali/Genuine/B-S-55-G-09.tif,data/raw/bhsig260/BHSig100_Bengali/Forged/B-S-55-F-06.tif,0,skilled_forgery,55,0.44605451822280884,0.24711237681898562,0
1092,data/raw/bhsig260/BHSig100_Bengali/Genuine/B-S-55-G-04.tif,data/raw/bhsig260/BHSig100_Bengali/Forged/B-S-55-F-23.tif,0,skilled_forgery,55,0.981416642665863,0.24711237681898562,0
1093,data/raw/bhsig260/BHSig100_Bengali/Genuine/B-S-55-G-04.tif,data/raw/bhsig260/BHSig100_Bengali/Forged/B-S-55-F-11.tif,0,skilled_forgery,55,0.5851519107818604,0.24711237681898562,0
1094,data/raw/bhsig260/BHSig100_Bengali/Genuine/B-S-55-G-19.tif,data/raw/bhsig260/BHSig100_Bengali/Forged/B-S-55-F-07.tif,0,skilled_forgery,55,1.2259514331817627,0.24711237681898562,0
1095,data/raw/bhsig260/BHSig100_Bengali/Genuine/B-S-55-G-13.tif,data/raw/bhsig260/BHSig160_Hindi/Genuine/H-S-151-G-10.tif,0,random_forgery,55,1.3671090602874756,0.24711237681898562,0
1096,data/raw/bhsig260/BHSig100_Bengali/Genuine/B-S-55-G-09.tif,data/raw/bhsig260/BHSig100_Bengali/Genuine/B-S-46-G-10.tif,0,random_forgery,55,1.4248634576797485,0.24711237681898562,0
1097,data/raw/bhsig260/BHSig100_Bengali/Genuine/B-S-55-G-24.tif,data/raw/bhsig260/BHSig100_Bengali/Genuine/B-S-75-G-23.tif,0,random_forgery,55,0.29602912068367004,0.24711237681898562,0
1098,data/raw/bhsig260/BHSig100_Bengali/Genuine/B-S-55-G-04.tif,data/raw/bhsig260/BHSig160_Hindi/Genuine/H-S-142-G-22.tif,0,random_forgery,55,0.5472275614738464,0.24711237681898562,0
1099,data/raw/bhsig260/BHSig100_Bengali/Genuine/B-S-55-G-10.tif,data/raw/bhsig260/BHSig160_Hindi/Genuine/H-S-126-G-11.tif,0,random_forgery,55,0.6805168390274048,0.24711237681898562,0
1100,data/raw/bhsig260/BHSig100_Bengali/Genuine/B-S-56-G-10.tif,data/raw/bhsig260/BHSig100_Bengali/Genuine/B-S-56-G-24.tif,1,genuine_genuine,56,0.5445113778114319,0.24711237681898562,0
1101,data/raw/bhsig260/BHSig100_Bengali/Genuine/B-S-56-G-09.tif,data/raw/bhsig260/BHSig100_Bengali/Genuine/B-S-56-G-20.tif,1,genuine_genuine,56,0.227958083152771,0.24711237681898562,1
1102,data/raw/bhsig260/BHSig100_Bengali/Genuine/B-S-56-G-03.tif,data/raw/bhsig260/BHSig100_Bengali/Genuine/B-S-56-G-20.tif,1,genuine_genuine,56,0.24789434671401978,0.24711237681898562,0
1103,data/raw/bhsig260/BHSig100_Bengali/Genuine/B-S-56-G-11.tif,data/raw/bhsig260/BHSig100_Bengali/Genuine/B-S-56-G-14.tif,1,genuine_genuine,56,0.3213006258010864,0.24711237681898562,0
1104,data/raw/bhsig260/BHSig100_Bengali/Genuine/B-S-56-G-18.tif,data/raw/bhsig260/BHSig100_Bengali/Genuine/B-S-56-G-21.tif,1,genuine_genuine,56,0.3447352647781372,0.24711237681898562,0
1105,data/raw/bhsig260/BHSig100_Bengali/Genuine/B-S-56-G-07.tif,data/raw/bhsig260/BHSig100_Bengali/Genuine/B-S-56-G-22.tif,1,genuine_genuine,56,0.3956581950187683,0.24711237681898562,0
1106,data/raw/bhsig260/BHSig100_Bengali/Genuine/B-S-56-G-08.tif,data/raw/bhsig260/BHSig100_Bengali/Genuine/B-S-56-G-21.tif,1,genuine_genuine,56,0.227958083152771,0.24711237681898562,1
1107,data/raw/bhsig260/BHSig100_Bengali/Genuine/B-S-56-G-11.tif,data/raw/bhsig260/BHSig100_Bengali/Genuine/B-S-56-G-19.tif,1,genuine_genuine,56,0.16101770102977753,0.24711237681898562,1
1108,data/raw/bhsig260/BHSig100_Bengali/Genuine/B-S-56-G-05.tif,data/raw/bhsig260/BHSig100_Bengali/Genuine/B-S-56-G-22.tif,1,genuine_genuine,56,0.14280609786510468,0.24711237681898562,1
1109,data/raw/bhsig260/BHSig100_Bengali/Genuine/B-S-56-G-07.tif,data/raw/bhsig260/BHSig100_Bengali/Genuine/B-S-56-G-23.tif,1,genuine_genuine,56,0.16101770102977753,0.24711237681898562,1
1110,data/raw/bhsig260/BHSig100_Bengali/Genuine/B-S-56-G-01.tif,data/raw/bhsig260/BHSig100_Bengali/Forged/B-S-56-F-10.tif,0,skilled_forgery,56,0.9696639776229858,0.24711237681898562,0
1111,data/raw/bhsig260/BHSig100_Bengali/Genuine/B-S-56-G-21.tif,data/raw/bhsig260/BHSig100_Bengali/Forged/B-S-56-F-27.tif,0,skilled_forgery,56,0.8973230123519897,0.24711237681898562,0
1112,data/raw/bhsig260/BHSig100_Bengali/Genuine/B-S-56-G-06.tif,data/raw/bhsig260/BHSig100_Bengali/Forged/B-S-56-F-18.tif,0,skilled_forgery,56,1.0871620178222656,0.24711237681898562,0
1113,data/raw/bhsig260/BHSig100_Bengali/Genuine/B-S-56-G-23.tif,data/raw/bhsig260/BHSig100_Bengali/Forged/B-S-56-F-26.tif,0,skilled_forgery,56,0.6310908794403076,0.24711237681898562,0
1114,data/raw/bhsig260/BHSig100_Bengali/Genuine/B-S-56-G-08.tif,data/raw/bhsig260/BHSig100_Bengali/Forged/B-S-56-F-28.tif,0,skilled_forgery,56,0.8562608957290649,0.24711237681898562,0
1115,data/raw/bhsig260/BHSig100_Bengali/Genuine/B-S-56-G-13.tif,data/raw/bhsig260/BHSig160_Hindi/Genuine/H-S-149-G-16.tif,0,random_forgery,56,0.20186680555343628,0.24711237681898562,1
1116,data/raw/bhsig260/BHSig100_Bengali/Genuine/B-S-56-G-19.tif,data/raw/bhsig260/BHSig160_Hindi/Genuine/H-S-86-G-22.tif,0,random_forgery,56,0.3772423565387726,0.24711237681898562,0
1117,data/raw/bhsig260/BHSig100_Bengali/Genuine/B-S-56-G-24.tif,data/raw/bhsig260/BHSig160_Hindi/Genuine/H-S-5-G-05.tif,0,random_forgery,56,0.4593794643878937,0.24711237681898562,0
1118,data/raw/bhsig260/BHSig100_Bengali/Genuine/B-S-56-G-09.tif,data/raw/bhsig260/BHSig100_Bengali/Genuine/B-S-69-G-20.tif,0,random_forgery,56,0.6292293667793274,0.24711237681898562,0
1119,data/raw/bhsig260/BHSig100_Bengali/Genuine/B-S-56-G-16.tif,data/raw/bhsig260/BHSig160_Hindi/Genuine/H-S-98-G-07.tif,0,random_forgery,56,0.2736159563064575,0.24711237681898562,0
1120,data/raw/bhsig260/BHSig100_Bengali/Genuine/B-S-57-G-07.tif,data/raw/bhsig260/BHSig100_Bengali/Genuine/B-S-57-G-19.tif,1,genuine_genuine,57,0.14090020954608917,0.24711237681898562,1
1121,data/raw/bhsig260/BHSig100_Bengali/Genuine/B-S-57-G-03.tif,data/raw/bhsig260/BHSig100_Bengali/Genuine/B-S-57-G-24.tif,1,genuine_genuine,57,0.25129666924476624,0.24711237681898562,0
1122,data/raw/bhsig260/BHSig100_Bengali/Genuine/B-S-57-G-06.tif,data/raw/bhsig260/BHSig100_Bengali/Genuine/B-S-57-G-08.tif,1,genuine_genuine,57,0.051940470933914185,0.24711237681898562,1
1123,data/raw/bhsig260/BHSig100_Bengali/Genuine/B-S-57-G-13.tif,data/raw/bhsig260/BHSig100_Bengali/Genuine/B-S-57-G-21.tif,1,genuine_genuine,57,0.1645624190568924,0.24711237681898562,1
1124,data/raw/bhsig260/BHSig100_Bengali/Genuine/B-S-57-G-18.tif,data/raw/bhsig260/BHSig100_Bengali/Genuine/B-S-57-G-22.tif,1,genuine_genuine,57,0.11445114016532898,0.24711237681898562,1
1125,data/raw/bhsig260/BHSig100_Bengali/Genuine/B-S-57-G-07.tif,data/raw/bhsig260/BHSig100_Bengali/Genuine/B-S-57-G-13.tif,1,genuine_genuine,57,0.16164572536945343,0.24711237681898562,1
1126,data/raw/bhsig260/BHSig100_Bengali/Genuine/B-S-57-G-09.tif,data/raw/bhsig260/BHSig100_Bengali/Genuine/B-S-57-G-19.tif,1,genuine_genuine,57,0.1651057004928589,0.24711237681898562,1
1127,data/raw/bhsig260/BHSig100_Bengali/Genuine/B-S-57-G-13.tif,data/raw/bhsig260/BHSig100_Bengali/Genuine/B-S-57-G-17.tif,1,genuine_genuine,57,0.15854376554489136,0.24711237681898562,1
1128,data/raw/bhsig260/BHSig100_Bengali/Genuine/B-S-57-G-19.tif,data/raw/bhsig260/BHSig100_Bengali/Genuine/B-S-57-G-20.tif,1,genuine_genuine,57,0.14090020954608917,0.24711237681898562,1
1129,data/raw/bhsig260/BHSig100_Bengali/Genuine/B-S-57-G-10.tif,data/raw/bhsig260/BHSig100_Bengali/Genuine/B-S-57-G-19.tif,1,genuine_genuine,57,0.07989315688610077,0.24711237681898562,1
1130,data/raw/bhsig260/BHSig100_Bengali/Genuine/B-S-57-G-14.tif,data/raw/bhsig260/BHSig100_Bengali/Forged/B-S-57-F-03.tif,0,skilled_forgery,57,1.050490379333496,0.24711237681898562,0
1131,data/raw/bhsig260/BHSig100_Bengali/Genuine/B-S-57-G-02.tif,data/raw/bhsig260/BHSig100_Bengali/Forged/B-S-57-F-26.tif,0,skilled_forgery,57,1.0540955066680908,0.24711237681898562,0
1132,data/raw/bhsig260/BHSig100_Bengali/Genuine/B-S-57-G-20.tif,data/raw/bhsig260/BHSig100_Bengali/Forged/B-S-57-F-26.tif,0,skilled_forgery,57,0.846352219581604,0.24711237681898562,0
1133,data/raw/bhsig260/BHSig100_Bengali/Genuine/B-S-57-G-05.tif,data/raw/bhsig260/BHSig100_Bengali/Forged/B-S-57-F-05.tif,0,skilled_forgery,57,0.6311386227607727,0.24711237681898562,0
1134,data/raw/bhsig260/BHSig100_Bengali/Genuine/B-S-57-G-22.tif,data/raw/bhsig260/BHSig100_Bengali/Forged/B-S-57-F-12.tif,0,skilled_forgery,57,0.8303937315940857,0.24711237681898562,0
1135,data/raw/bhsig260/BHSig100_Bengali/Genuine/B-S-57-G-16.tif,data/raw/bhsig260/BHSig160_Hindi/Genuine/H-S-47-G-05.tif,0,random_forgery,57,0.5708292722702026,0.24711237681898562,0
1136,data/raw/bhsig260/BHSig100_Bengali/Genuine/B-S-57-G-23.tif,data/raw/bhsig260/BHSig160_Hindi/Genuine/H-S-52-G-09.tif,0,random_forgery,57,0.7090687155723572,0.24711237681898562,0
1137,data/raw/bhsig260/BHSig100_Bengali/Genuine/B-S-57-G-23.tif,data/raw/bhsig260/BHSig100_Bengali/Genuine/B-S-49-G-14.tif,0,random_forgery,57,0.6757447123527527,0.24711237681898562,0
1138,data/raw/bhsig260/BHSig100_Bengali/Genuine/B-S-57-G-13.tif,data/raw/bhsig260/BHSig160_Hindi/Genuine/H-S-139-G-05.tif,0,random_forgery,57,0.3310733437538147,0.24711237681898562,0
1139,data/raw/bhsig260/BHSig100_Bengali/Genuine/B-S-57-G-18.tif,data/raw/bhsig260/BHSig100_Bengali/Genuine/B-S-49-G-16.tif,0,random_forgery,57,0.6739408373832703,0.24711237681898562,0
1140,data/raw/bhsig260/BHSig100_Bengali/Genuine/B-S-58-G-14.tif,data/raw/bhsig260/BHSig100_Bengali/Genuine/B-S-58-G-15.tif,1,genuine_genuine,58,0.0870882123708725,0.24711237681898562,1
1141,data/raw/bhsig260/BHSig100_Bengali/Genuine/B-S-58-G-05.tif,data/raw/bhsig260/BHSig100_Bengali/Genuine/B-S-58-G-11.tif,1,genuine_genuine,58,0.40109968185424805,0.24711237681898562,0
1142,data/raw/bhsig260/BHSig100_Bengali/Genuine/B-S-58-G-11.tif,data/raw/bhsig260/BHSig100_Bengali/Genuine/B-S-58-G-14.tif,1,genuine_genuine,58,0.8071286082267761,0.24711237681898562,0
1143,data/raw/bhsig260/BHSig100_Bengali/Genuine/B-S-58-G-04.tif,data/raw/bhsig260/BHSig100_Bengali/Genuine/B-S-58-G-14.tif,1,genuine_genuine,58,0.9698094725608826,0.24711237681898562,0
1144,data/raw/bhsig260/BHSig100_Bengali/Genuine/B-S-58-G-02.tif,data/raw/bhsig260/BHSig100_Bengali/Genuine/B-S-58-G-03.tif,1,genuine_genuine,58,0.33710744976997375,0.24711237681898562,0
1145,data/raw/bhsig260/BHSig100_Bengali/Genuine/B-S-58-G-01.tif,data/raw/bhsig260/BHSig100_Bengali/Genuine/B-S-58-G-21.tif,1,genuine_genuine,58,0.11279955506324768,0.24711237681898562,1
1146,data/raw/bhsig260/BHSig100_Bengali/Genuine/B-S-58-G-01.tif,data/raw/bhsig260/BHSig100_Bengali/Genuine/B-S-58-G-24.tif,1,genuine_genuine,58,0.14761921763420105,0.24711237681898562,1
1147,data/raw/bhsig260/BHSig100_Bengali/Genuine/B-S-58-G-07.tif,data/raw/bhsig260/BHSig100_Bengali/Genuine/B-S-58-G-12.tif,1,genuine_genuine,58,0.13584598898887634,0.24711237681898562,1
1148,data/raw/bhsig260/BHSig100_Bengali/Genuine/B-S-58-G-07.tif,data/raw/bhsig260/BHSig100_Bengali/Genuine/B-S-58-G-14.tif,1,genuine_genuine,58,0.6968374848365784,0.24711237681898562,0
1149,data/raw/bhsig260/BHSig100_Bengali/Genuine/B-S-58-G-08.tif,data/raw/bhsig260/BHSig100_Bengali/Genuine/B-S-58-G-19.tif,1,genuine_genuine,58,0.8482235074043274,0.24711237681898562,0
1150,data/raw/bhsig260/BHSig100_Bengali/Genuine/B-S-58-G-17.tif,data/raw/bhsig260/BHSig100_Bengali/Forged/B-S-58-F-07.tif,0,skilled_forgery,58,0.36822402477264404,0.24711237681898562,0
1151,data/raw/bhsig260/BHSig100_Bengali/Genuine/B-S-58-G-07.tif,data/raw/bhsig260/BHSig100_Bengali/Forged/B-S-58-F-24.tif,0,skilled_forgery,58,0.403727650642395,0.24711237681898562,0
1152,data/raw/bhsig260/BHSig100_Bengali/Genuine/B-S-58-G-18.tif,data/raw/bhsig260/BHSig100_Bengali/Forged/B-S-58-F-30.tif,0,skilled_forgery,58,0.46887874603271484,0.24711237681898562,0
1153,data/raw/bhsig260/BHSig100_Bengali/Genuine/B-S-58-G-23.tif,data/raw/bhsig260/BHSig100_Bengali/Forged/B-S-58-F-01.tif,0,skilled_forgery,58,0.37933671474456787,0.24711237681898562,0
1154,data/raw/bhsig260/BHSig100_Bengali/Genuine/B-S-58-G-07.tif,data/raw/bhsig260/BHSig100_Bengali/Forged/B-S-58-F-27.tif,0,skilled_forgery,58,0.2268330603837967,0.24711237681898562,1
1155,data/raw/bhsig260/BHSig100_Bengali/Genuine/B-S-58-G-22.tif,data/raw/bhsig260/BHSig160_Hindi/Genuine/H-S-113-G-13.tif,0,random_forgery,58,0.7574136257171631,0.24711237681898562,0
1156,data/raw/bhsig260/BHSig100_Bengali/Genuine/B-S-58-G-11.tif,data/raw/bhsig260/BHSig160_Hindi/Genuine/H-S-79-G-17.tif,0,random_forgery,58,0.7124800086021423,0.24711237681898562,0
1157,data/raw/bhsig260/BHSig100_Bengali/Genuine/B-S-58-G-21.tif,data/raw/bhsig260/BHSig100_Bengali/Genuine/B-S-20-G-13.tif,0,random_forgery,58,0.8056294322013855,0.24711237681898562,0
1158,data/raw/bhsig260/BHSig100_Bengali/Genuine/B-S-58-G-18.tif,data/raw/bhsig260/BHSig160_Hindi/Genuine/H-S-67-G-13.tif,0,random_forgery,58,0.8529603481292725,0.24711237681898562,0
1159,data/raw/bhsig260/BHSig100_Bengali/Genuine/B-S-58-G-24.tif,data/raw/bhsig260/BHSig160_Hindi/Genuine/H-S-156-G-23.tif,0,random_forgery,58,0.7132574319839478,0.24711237681898562,0
1160,data/raw/bhsig260/BHSig100_Bengali/Genuine/B-S-59-G-15.tif,data/raw/bhsig260/BHSig100_Bengali/Genuine/B-S-59-G-24.tif,1,genuine_genuine,59,0.08650349080562592,0.24711237681898562,1
1161,data/raw/bhsig260/BHSig100_Bengali/Genuine/B-S-59-G-03.tif,data/raw/bhsig260/BHSig100_Bengali/Genuine/B-S-59-G-24.tif,1,genuine_genuine,59,0.20980863273143768,0.24711237681898562,1
1162,data/raw/bhsig260/BHSig100_Bengali/Genuine/B-S-59-G-12.tif,data/raw/bhsig260/BHSig100_Bengali/Genuine/B-S-59-G-14.tif,1,genuine_genuine,59,0.13564139604568481,0.24711237681898562,1
1163,data/raw/bhsig260/BHSig100_Bengali/Genuine/B-S-59-G-15.tif,data/raw/bhsig260/BHSig100_Bengali/Genuine/B-S-59-G-17.tif,1,genuine_genuine,59,0.19250017404556274,0.24711237681898562,1
1164,data/raw/bhsig260/BHSig100_Bengali/Genuine/B-S-59-G-15.tif,data/raw/bhsig260/BHSig100_Bengali/Genuine/B-S-59-G-21.tif,1,genuine_genuine,59,0.0875721275806427,0.24711237681898562,1
1165,data/raw/bhsig260/BHSig100_Bengali/Genuine/B-S-59-G-16.tif,data/raw/bhsig260/BHSig100_Bengali/Genuine/B-S-59-G-23.tif,1,genuine_genuine,59,0.059367429465055466,0.24711237681898562,1
1166,data/raw/bhsig260/BHSig100_Bengali/Genuine/B-S-59-G-07.tif,data/raw/bhsig260/BHSig100_Bengali/Genuine/B-S-59-G-13.tif,1,genuine_genuine,59,0.147029846906662,0.24711237681898562,1
1167,data/raw/bhsig260/BHSig100_Bengali/Genuine/B-S-59-G-14.tif,data/raw/bhsig260/BHSig100_Bengali/Genuine/B-S-59-G-23.tif,1,genuine_genuine,59,0.13550470769405365,0.24711237681898562,1
1168,data/raw/bhsig260/BHSig100_Bengali/Genuine/B-S-59-G-14.tif,data/raw/bhsig260/BHSig100_Bengali/Genuine/B-S-59-G-17.tif,1,genuine_genuine,59,0.18592961132526398,0.24711237681898562,1
1169,data/raw/bhsig260/BHSig100_Bengali/Genuine/B-S-59-G-03.tif,data/raw/bhsig260/BHSig100_Bengali/Genuine/B-S-59-G-04.tif,1,genuine_genuine,59,0.20482519268989563,0.24711237681898562,1
1170,data/raw/bhsig260/BHSig100_Bengali/Genuine/B-S-59-G-05.tif,data/raw/bhsig260/BHSig100_Bengali/Forged/B-S-59-F-25.tif,0,skilled_forgery,59,0.21635034680366516,0.24711237681898562,1
1171,data/raw/bhsig260/BHSig100_Bengali/Genuine/B-S-59-G-04.tif,data/raw/bhsig260/BHSig100_Bengali/Forged/B-S-59-F-10.tif,0,skilled_forgery,59,0.41517531871795654,0.24711237681898562,0
1172,data/raw/bhsig260/BHSig100_Bengali/Genuine/B-S-59-G-17.tif,data/raw/bhsig260/BHSig100_Bengali/Forged/B-S-59-F-22.tif,0,skilled_forgery,59,0.20537832379341125,0.24711237681898562,1
1173,data/raw/bhsig260/BHSig100_Bengali/Genuine/B-S-59-G-04.tif,data/raw/bhsig260/BHSig100_Bengali/Forged/B-S-59-F-04.tif,0,skilled_forgery,59,0.2730984687805176,0.24711237681898562,0
1174,data/raw/bhsig260/BHSig100_Bengali/Genuine/B-S-59-G-09.tif,data/raw/bhsig260/BHSig100_Bengali/Forged/B-S-59-F-29.tif,0,skilled_forgery,59,0.2568186819553375,0.24711237681898562,0
1175,data/raw/bhsig260/BHSig100_Bengali/Genuine/B-S-59-G-24.tif,data/raw/bhsig260/BHSig100_Bengali/Genuine/B-S-10-G-06.tif,0,random_forgery,59,0.6689877510070801,0.24711237681898562,0
1176,data/raw/bhsig260/BHSig100_Bengali/Genuine/B-S-59-G-14.tif,data/raw/bhsig260/BHSig160_Hindi/Genuine/H-S-56-G-12.tif,0,random_forgery,59,1.1464060544967651,0.24711237681898562,0
1177,data/raw/bhsig260/BHSig100_Bengali/Genuine/B-S-59-G-19.tif,data/raw/bhsig260/BHSig160_Hindi/Genuine/H-S-71-G-05.tif,0,random_forgery,59,0.9898533225059509,0.24711237681898562,0
1178,data/raw/bhsig260/BHSig100_Bengali/Genuine/B-S-59-G-23.tif,data/raw/bhsig260/BHSig100_Bengali/Genuine/B-S-47-G-17.tif,0,random_forgery,59,0.5334423780441284,0.24711237681898562,0
1179,data/raw/bhsig260/BHSig100_Bengali/Genuine/B-S-59-G-13.tif,data/raw/bhsig260/BHSig160_Hindi/Genuine/H-S-64-G-18.tif,0,random_forgery,59,0.7808963060379028,0.24711237681898562,0
1180,data/raw/bhsig260/BHSig100_Bengali/Genuine/B-S-60-G-10.tif,data/raw/bhsig260/BHSig100_Bengali/Genuine/B-S-60-G-14.tif,1,genuine_genuine,60,0.39399296045303345,0.24711237681898562,0
1181,data/raw/bhsig260/BHSig100_Bengali/Genuine/B-S-60-G-07.tif,data/raw/bhsig260/BHSig100_Bengali/Genuine/B-S-60-G-17.tif,1,genuine_genuine,60,0.30983543395996094,0.24711237681898562,0
1182,data/raw/bhsig260/BHSig100_Bengali/Genuine/B-S-60-G-02.tif,data/raw/bhsig260/BHSig100_Bengali/Genuine/B-S-60-G-11.tif,1,genuine_genuine,60,0.3402358889579773,0.24711237681898562,0
1183,data/raw/bhsig260/BHSig100_Bengali/Genuine/B-S-60-G-17.tif,data/raw/bhsig260/BHSig100_Bengali/Genuine/B-S-60-G-24.tif,1,genuine_genuine,60,0.14987137913703918,0.24711237681898562,1
1184,data/raw/bhsig260/BHSig100_Bengali/Genuine/B-S-60-G-07.tif,data/raw/bhsig260/BHSig100_Bengali/Genuine/B-S-60-G-24.tif,1,genuine_genuine,60,0.32647982239723206,0.24711237681898562,0
1185,data/raw/bhsig260/BHSig100_Bengali/Genuine/B-S-60-G-12.tif,data/raw/bhsig260/BHSig100_Bengali/Genuine/B-S-60-G-23.tif,1,genuine_genuine,60,0.5682191252708435,0.24711237681898562,0
1186,data/raw/bhsig260/BHSig100_Bengali/Genuine/B-S-60-G-18.tif,data/raw/bhsig260/BHSig100_Bengali/Genuine/B-S-60-G-24.tif,1,genuine_genuine,60,0.2134048342704773,0.24711237681898562,1
1187,data/raw/bhsig260/BHSig100_Bengali/Genuine/B-S-60-G-15.tif,data/raw/bhsig260/BHSig100_Bengali/Genuine/B-S-60-G-22.tif,1,genuine_genuine,60,0.026424342766404152,0.24711237681898562,1
1188,data/raw/bhsig260/BHSig100_Bengali/Genuine/B-S-60-G-16.tif,data/raw/bhsig260/BHSig100_Bengali/Genuine/B-S-60-G-18.tif,1,genuine_genuine,60,0.08902345597743988,0.24711237681898562,1
1189,data/raw/bhsig260/BHSig100_Bengali/Genuine/B-S-60-G-06.tif,data/raw/bhsig260/BHSig100_Bengali/Genuine/B-S-60-G-24.tif,1,genuine_genuine,60,0.12936876714229584,0.24711237681898562,1
1190,data/raw/bhsig260/BHSig100_Bengali/Genuine/B-S-60-G-22.tif,data/raw/bhsig260/BHSig100_Bengali/Forged/B-S-60-F-12.tif,0,skilled_forgery,60,0.368069589138031,0.24711237681898562,0
1191,data/raw/bhsig260/BHSig100_Bengali/Genuine/B-S-60-G-21.tif,data/raw/bhsig260/BHSig100_Bengali/Forged/B-S-60-F-22.tif,0,skilled_forgery,60,0.20249220728874207,0.24711237681898562,1
1192,data/raw/bhsig260/BHSig100_Bengali/Genuine/B-S-60-G-14.tif,data/raw/bhsig260/BHSig100_Bengali/Forged/B-S-60-F-22.tif,0,skilled_forgery,60,0.28280436992645264,0.24711237681898562,0
1193,data/raw/bhsig260/BHSig100_Bengali/Genuine/B-S-60-G-04.tif,data/raw/bhsig260/BHSig100_Bengali/Forged/B-S-60-F-26.tif,0,skilled_forgery,60,0.3746647834777832,0.24711237681898562,0
1194,data/raw/bhsig260/BHSig100_Bengali/Genuine/B-S-60-G-09.tif,data/raw/bhsig260/BHSig100_Bengali/Forged/B-S-60-F-28.tif,0,skilled_forgery,60,0.20188146829605103,0.24711237681898562,1
1195,data/raw/bhsig260/BHSig100_Bengali/Genuine/B-S-60-G-22.tif,data/raw/bhsig260/BHSig100_Bengali/Genuine/B-S-71-G-07.tif,0,random_forgery,60,0.23831599950790405,0.24711237681898562,1
1196,data/raw/bhsig260/BHSig100_Bengali/Genuine/B-S-60-G-17.tif,data/raw/bhsig260/BHSig160_Hindi/Genuine/H-S-30-G-04.tif,0,random_forgery,60,0.224384143948555,0.24711237681898562,1
1197,data/raw/bhsig260/BHSig100_Bengali/Genuine/B-S-60-G-24.tif,data/raw/bhsig260/BHSig100_Bengali/Genuine/B-S-5-G-19.tif,0,random_forgery,60,0.1253015697002411,0.24711237681898562,1
1198,data/raw/bhsig260/BHSig100_Bengali/Genuine/B-S-60-G-22.tif,data/raw/bhsig260/BHSig160_Hindi/Genuine/H-S-47-G-11.tif,0,random_forgery,60,0.4828086197376251,0.24711237681898562,0
1199,data/raw/bhsig260/BHSig100_Bengali/Genuine/B-S-60-G-11.tif,data/raw/bhsig260/BHSig100_Bengali/Genuine/B-S-86-G-11.tif,0,random_forgery,60,0.7569363713264465,0.24711237681898562,0
1200,data/raw/bhsig260/BHSig100_Bengali/Genuine/B-S-61-G-10.tif,data/raw/bhsig260/BHSig100_Bengali/Genuine/B-S-61-G-16.tif,1,genuine_genuine,61,0.16823245584964752,0.24711237681898562,1
1201,data/raw/bhsig260/BHSig100_Bengali/Genuine/B-S-61-G-17.tif,data/raw/bhsig260/BHSig100_Bengali/Genuine/B-S-61-G-23.tif,1,genuine_genuine,61,0.11188199371099472,0.24711237681898562,1
1202,data/raw/bhsig260/BHSig100_Bengali/Genuine/B-S-61-G-12.tif,data/raw/bhsig260/BHSig100_Bengali/Genuine/B-S-61-G-15.tif,1,genuine_genuine,61,0.03528963029384613,0.24711237681898562,1
1203,data/raw/bhsig260/BHSig100_Bengali/Genuine/B-S-61-G-06.tif,data/raw/bhsig260/BHSig100_Bengali/Genuine/B-S-61-G-22.tif,1,genuine_genuine,61,0.17810575664043427,0.24711237681898562,1
1204,data/raw/bhsig260/BHSig100_Bengali/Genuine/B-S-61-G-04.tif,data/raw/bhsig260/BHSig100_Bengali/Genuine/B-S-61-G-10.tif,1,genuine_genuine,61,0.09133387356996536,0.24711237681898562,1
1205,data/raw/bhsig260/BHSig100_Bengali/Genuine/B-S-61-G-05.tif,data/raw/bhsig260/BHSig100_Bengali/Genuine/B-S-61-G-10.tif,1,genuine_genuine,61,0.19851213693618774,0.24711237681898562,1
1206,data/raw/bhsig260/BHSig100_Bengali/Genuine/B-S-61-G-11.tif,data/raw/bhsig260/BHSig100_Bengali/Genuine/B-S-61-G-22.tif,1,genuine_genuine,61,0.3283703327178955,0.24711237681898562,0
1207,data/raw/bhsig260/BHSig100_Bengali/Genuine/B-S-61-G-05.tif,data/raw/bhsig260/BHSig100_Bengali/Genuine/B-S-61-G-08.tif,1,genuine_genuine,61,0.2912132143974304,0.24711237681898562,0
1208,data/raw/bhsig260/BHSig100_Bengali/Genuine/B-S-61-G-02.tif,data/raw/bhsig260/BHSig100_Bengali/Genuine/B-S-61-G-06.tif,1,genuine_genuine,61,0.2721066176891327,0.24711237681898562,0
1209,data/raw/bhsig260/BHSig100_Bengali/Genuine/B-S-61-G-17.tif,data/raw/bhsig260/BHSig100_Bengali/Genuine/B-S-61-G-19.tif,1,genuine_genuine,61,0.0993293970823288,0.24711237681898562,1
1210,data/raw/bhsig260/BHSig100_Bengali/Genuine/B-S-61-G-24.tif,data/raw/bhsig260/BHSig100_Bengali/Forged/B-S-61-F-26.tif,0,skilled_forgery,61,0.25460129976272583,0.24711237681898562,0
1211,data/raw/bhsig260/BHSig100_Bengali/Genuine/B-S-61-G-02.tif,data/raw/bhsig260/BHSig100_Bengali/Forged/B-S-61-F-05.tif,0,skilled_forgery,61,0.275103896856308,0.24711237681898562,0
1212,data/raw/bhsig260/BHSig100_Bengali/Genuine/B-S-61-G-19.tif,data/raw/bhsig260/BHSig100_Bengali/Forged/B-S-61-F-05.tif,0,skilled_forgery,61,0.3649352490901947,0.24711237681898562,0
1213,data/raw/bhsig260/BHSig100_Bengali/Genuine/B-S-61-G-14.tif,data/raw/bhsig260/BHSig100_Bengali/Forged/B-S-61-F-08.tif,0,skilled_forgery,61,0.45903870463371277,0.24711237681898562,0
1214,data/raw/bhsig260/BHSig100_Bengali/Genuine/B-S-61-G-22.tif,data/raw/bhsig260/BHSig100_Bengali/Forged/B-S-61-F-25.tif,0,skilled_forgery,61,0.19031168520450592,0.24711237681898562,1
1215,data/raw/bhsig260/BHSig100_Bengali/Genuine/B-S-61-G-22.tif,data/raw/bhsig260/BHSig100_Bengali/Genuine/B-S-39-G-17.tif,0,random_forgery,61,0.16294114291667938,0.24711237681898562,1
1216,data/raw/bhsig260/BHSig100_Bengali/Genuine/B-S-61-G-19.tif,data/raw/bhsig260/BHSig100_Bengali/Genuine/B-S-14-G-17.tif,0,random_forgery,61,0.35254427790641785,0.24711237681898562,0
1217,data/raw/bhsig260/BHSig100_Bengali/Genuine/B-S-61-G-20.tif,data/raw/bhsig260/BHSig100_Bengali/Genuine/B-S-16-G-18.tif,0,random_forgery,61,0.5699885487556458,0.24711237681898562,0
1218,data/raw/bhsig260/BHSig100_Bengali/Genuine/B-S-61-G-09.tif,data/raw/bhsig260/BHSig100_Bengali/Genuine/B-S-32-G-01.tif,0,random_forgery,61,0.44601622223854065,0.24711237681898562,0
1219,data/raw/bhsig260/BHSig100_Bengali/Genuine/B-S-61-G-08.tif,data/raw/bhsig260/BHSig160_Hindi/Genuine/H-S-8-G-13.tif,0,random_forgery,61,0.2934591770172119,0.24711237681898562,0
1220,data/raw/bhsig260/BHSig100_Bengali/Genuine/B-S-62-G-09.tif,data/raw/bhsig260/BHSig100_Bengali/Genuine/B-S-62-G-14.tif,1,genuine_genuine,62,0.08932502567768097,0.24711237681898562,1
1221,data/raw/bhsig260/BHSig100_Bengali/Genuine/B-S-62-G-01.tif,data/raw/bhsig260/BHSig100_Bengali/Genuine/B-S-62-G-09.tif,1,genuine_genuine,62,0.4356357455253601,0.24711237681898562,0
1222,data/raw/bhsig260/BHSig100_Bengali/Genuine/B-S-62-G-16.tif,data/raw/bhsig260/BHSig100_Bengali/Genuine/B-S-62-G-21.tif,1,genuine_genuine,62,0.34271928668022156,0.24711237681898562,0
1223,data/raw/bhsig260/BHSig100_Bengali/Genuine/B-S-62-G-01.tif,data/raw/bhsig260/BHSig100_Bengali/Genuine/B-S-62-G-08.tif,1,genuine_genuine,62,0.11362563073635101,0.24711237681898562,1
1224,data/raw/bhsig260/BHSig100_Bengali/Genuine/B-S-62-G-01.tif,data/raw/bhsig260/BHSig100_Bengali/Genuine/B-S-62-G-11.tif,1,genuine_genuine,62,0.2838558554649353,0.24711237681898562,0
1225,data/raw/bhsig260/BHSig100_Bengali/Genuine/B-S-62-G-18.tif,data/raw/bhsig260/BHSig100_Bengali/Genuine/B-S-62-G-19.tif,1,genuine_genuine,62,0.18612326681613922,0.24711237681898562,1
1226,data/raw/bhsig260/BHSig100_Bengali/Genuine/B-S-62-G-18.tif,data/raw/bhsig260/BHSig100_Bengali/Genuine/B-S-62-G-21.tif,1,genuine_genuine,62,0.19518829882144928,0.24711237681898562,1
1227,data/raw/bhsig260/BHSig100_Bengali/Genuine/B-S-62-G-07.tif,data/raw/bhsig260/BHSig100_Bengali/Genuine/B-S-62-G-13.tif,1,genuine_genuine,62,0.30462846159935,0.24711237681898562,0
1228,data/raw/bhsig260/BHSig100_Bengali/Genuine/B-S-62-G-11.tif,data/raw/bhsig260/BHSig100_Bengali/Genuine/B-S-62-G-23.tif,1,genuine_genuine,62,0.17263388633728027,0.24711237681898562,1
1229,data/raw/bhsig260/BHSig100_Bengali/Genuine/B-S-62-G-08.tif,data/raw/bhsig260/BHSig100_Bengali/Genuine/B-S-62-G-11.tif,1,genuine_genuine,62,0.28479087352752686,0.24711237681898562,0
1230,data/raw/bhsig260/BHSig100_Bengali/Genuine/B-S-62-G-20.tif,data/raw/bhsig260/BHSig100_Bengali/Forged/B-S-62-F-19.tif,0,skilled_forgery,62,0.5075250267982483,0.24711237681898562,0
1231,data/raw/bhsig260/BHSig100_Bengali/Genuine/B-S-62-G-11.tif,data/raw/bhsig260/BHSig100_Bengali/Forged/B-S-62-F-05.tif,0,skilled_forgery,62,0.35816147923469543,0.24711237681898562,0
1232,data/raw/bhsig260/BHSig100_Bengali/Genuine/B-S-62-G-22.tif,data/raw/bhsig260/BHSig100_Bengali/Forged/B-S-62-F-23.tif,0,skilled_forgery,62,0.16645479202270508,0.24711237681898562,1
1233,data/raw/bhsig260/BHSig100_Bengali/Genuine/B-S-62-G-22.tif,data/raw/bhsig260/BHSig100_Bengali/Forged/B-S-62-F-10.tif,0,skilled_forgery,62,0.07670100033283234,0.24711237681898562,1
1234,data/raw/bhsig260/BHSig100_Bengali/Genuine/B-S-62-G-09.tif,data/raw/bhsig260/BHSig100_Bengali/Forged/B-S-62-F-12.tif,0,skilled_forgery,62,0.13187386095523834,0.24711237681898562,1
1235,data/raw/bhsig260/BHSig100_Bengali/Genuine/B-S-62-G-20.tif,data/raw/bhsig260/BHSig160_Hindi/Genuine/H-S-62-G-05.tif,0,random_forgery,62,0.7113687992095947,0.24711237681898562,0
1236,data/raw/bhsig260/BHSig100_Bengali/Genuine/B-S-62-G-14.tif,data/raw/bhsig260/BHSig160_Hindi/Genuine/H-S-71-G-17.tif,0,random_forgery,62,0.5934093594551086,0.24711237681898562,0
1237,data/raw/bhsig260/BHSig100_Bengali/Genuine/B-S-62-G-01.tif,data/raw/bhsig260/BHSig160_Hindi/Genuine/H-S-135-G-10.tif,0,random_forgery,62,0.17658649384975433,0.24711237681898562,1
1238,data/raw/bhsig260/BHSig100_Bengali/Genuine/B-S-62-G-14.tif,data/raw/bhsig260/BHSig100_Bengali/Genuine/B-S-86-G-09.tif,0,random_forgery,62,0.9496986865997314,0.24711237681898562,0
1239,data/raw/bhsig260/BHSig100_Bengali/Genuine/B-S-62-G-20.tif,data/raw/bhsig260/BHSig160_Hindi/Genuine/H-S-95-G-16.tif,0,random_forgery,62,0.11338985711336136,0.24711237681898562,1
1240,data/raw/bhsig260/BHSig100_Bengali/Genuine/B-S-63-G-01.tif,data/raw/bhsig260/BHSig100_Bengali/Genuine/B-S-63-G-14.tif,1,genuine_genuine,63,0.28763285279273987,0.24711237681898562,0
1241,data/raw/bhsig260/BHSig100_Bengali/Genuine/B-S-63-G-05.tif,data/raw/bhsig260/BHSig100_Bengali/Genuine/B-S-63-G-22.tif,1,genuine_genuine,63,0.31624144315719604,0.24711237681898562,0
1242,data/raw/bhsig260/BHSig100_Bengali/Genuine/B-S-63-G-09.tif,data/raw/bhsig260/BHSig100_Bengali/Genuine/B-S-63-G-22.tif,1,genuine_genuine,63,0.0,0.24711237681898562,1
1243,data/raw/bhsig260/BHSig100_Bengali/Genuine/B-S-63-G-16.tif,data/raw/bhsig260/BHSig100_Bengali/Genuine/B-S-63-G-21.tif,1,genuine_genuine,63,0.0250196885317564,0.24711237681898562,1
1244,data/raw/bhsig260/BHSig100_Bengali/Genuine/B-S-63-G-10.tif,data/raw/bhsig260/BHSig100_Bengali/Genuine/B-S-63-G-18.tif,1,genuine_genuine,63,0.14565366506576538,0.24711237681898562,1
1245,data/raw/bhsig260/BHSig100_Bengali/Genuine/B-S-63-G-06.tif,data/raw/bhsig260/BHSig100_Bengali/Genuine/B-S-63-G-16.tif,1,genuine_genuine,63,0.03913294896483421,0.24711237681898562,1
1246,data/raw/bhsig260/BHSig100_Bengali/Genuine/B-S-63-G-05.tif,data/raw/bhsig260/BHSig100_Bengali/Genuine/B-S-63-G-10.tif,1,genuine_genuine,63,0.14565366506576538,0.24711237681898562,1
1247,data/raw/bhsig260/BHSig100_Bengali/Genuine/B-S-63-G-02.tif,data/raw/bhsig260/BHSig100_Bengali/Genuine/B-S-63-G-23.tif,1,genuine_genuine,63,0.03547444939613342,0.24711237681898562,1
1248,data/raw/bhsig260/BHSig100_Bengali/Genuine/B-S-63-G-08.tif,data/raw/bhsig260/BHSig100_Bengali/Genuine/B-S-63-G-14.tif,1,genuine_genuine,63,0.16977322101593018,0.24711237681898562,1
1249,data/raw/bhsig260/BHSig100_Bengali/Genuine/B-S-63-G-01.tif,data/raw/bhsig260/BHSig100_Bengali/Genuine/B-S-63-G-20.tif,1,genuine_genuine,63,0.06076208874583244,0.24711237681898562,1
1250,data/raw/bhsig260/BHSig100_Bengali/Genuine/B-S-63-G-10.tif,data/raw/bhsig260/BHSig100_Bengali/Forged/B-S-63-F-14.tif,0,skilled_forgery,63,0.2112303525209427,0.24711237681898562,1
1251,data/raw/bhsig260/BHSig100_Bengali/Genuine/B-S-63-G-18.tif,data/raw/bhsig260/BHSig100_Bengali/Forged/B-S-63-F-04.tif,0,skilled_forgery,63,0.5325994491577148,0.24711237681898562,0
1252,data/raw/bhsig260/BHSig100_Bengali/Genuine/B-S-63-G-13.tif,data/raw/bhsig260/BHSig100_Bengali/Forged/B-S-63-F-20.tif,0,skilled_forgery,63,0.3776264190673828,0.24711237681898562,0
1253,data/raw/bhsig260/BHSig100_Bengali/Genuine/B-S-63-G-02.tif,data/raw/bhsig260/BHSig100_Bengali/Forged/B-S-63-F-01.tif,0,skilled_forgery,63,0.3571666479110718,0.24711237681898562,0
1254,data/raw/bhsig260/BHSig100_Bengali/Genuine/B-S-63-G-15.tif,data/raw/bhsig260/BHSig100_Bengali/Forged/B-S-63-F-10.tif,0,skilled_forgery,63,0.1275416761636734,0.24711237681898562,1
1255,data/raw/bhsig260/BHSig100_Bengali/Genuine/B-S-63-G-21.tif,data/raw/bhsig260/BHSig160_Hindi/Genuine/H-S-36-G-18.tif,0,random_forgery,63,0.5136642456054688,0.24711237681898562,0
1256,data/raw/bhsig260/BHSig100_Bengali/Genuine/B-S-63-G-12.tif,data/raw/bhsig260/BHSig160_Hindi/Genuine/H-S-131-G-20.tif,0,random_forgery,63,1.2115817070007324,0.24711237681898562,0
1257,data/raw/bhsig260/BHSig100_Bengali/Genuine/B-S-63-G-19.tif,data/raw/bhsig260/BHSig160_Hindi/Genuine/H-S-131-G-19.tif,0,random_forgery,63,0.41769567131996155,0.24711237681898562,0
1258,data/raw/bhsig260/BHSig100_Bengali/Genuine/B-S-63-G-09.tif,data/raw/bhsig260/BHSig160_Hindi/Genuine/H-S-149-G-05.tif,0,random_forgery,63,0.6220274567604065,0.24711237681898562,0
1259,data/raw/bhsig260/BHSig100_Bengali/Genuine/B-S-63-G-24.tif,data/raw/bhsig260/BHSig160_Hindi/Genuine/H-S-80-G-10.tif,0,random_forgery,63,0.3191240429878235,0.24711237681898562,0
1260,data/raw/bhsig260/BHSig100_Bengali/Genuine/B-S-64-G-03.tif,data/raw/bhsig260/BHSig100_Bengali/Genuine/B-S-64-G-04.tif,1,genuine_genuine,64,0.07884901016950607,0.24711237681898562,1
1261,data/raw/bhsig260/BHSig100_Bengali/Genuine/B-S-64-G-02.tif,data/raw/bhsig260/BHSig100_Bengali/Genuine/B-S-64-G-08.tif,1,genuine_genuine,64,0.37854552268981934,0.24711237681898562,0
1262,data/raw/bhsig260/BHSig100_Bengali/Genuine/B-S-64-G-08.tif,data/raw/bhsig260/BHSig100_Bengali/Genuine/B-S-64-G-17.tif,1,genuine_genuine,64,0.19137072563171387,0.24711237681898562,1
1263,data/raw/bhsig260/BHSig100_Bengali/Genuine/B-S-64-G-01.tif,data/raw/bhsig260/BHSig100_Bengali/Genuine/B-S-64-G-17.tif,1,genuine_genuine,64,0.30128589272499084,0.24711237681898562,0
1264,data/raw/bhsig260/BHSig100_Bengali/Genuine/B-S-64-G-18.tif,data/raw/bhsig260/BHSig100_Bengali/Genuine/B-S-64-G-22.tif,1,genuine_genuine,64,0.47550517320632935,0.24711237681898562,0
1265,data/raw/bhsig260/BHSig100_Bengali/Genuine/B-S-64-G-13.tif,data/raw/bhsig260/BHSig100_Bengali/Genuine/B-S-64-G-18.tif,1,genuine_genuine,64,0.15988899767398834,0.24711237681898562,1
1266,data/raw/bhsig260/BHSig100_Bengali/Genuine/B-S-64-G-02.tif,data/raw/bhsig260/BHSig100_Bengali/Genuine/B-S-64-G-12.tif,1,genuine_genuine,64,0.15855282545089722,0.24711237681898562,1
1267,data/raw/bhsig260/BHSig100_Bengali/Genuine/B-S-64-G-02.tif,data/raw/bhsig260/BHSig100_Bengali/Genuine/B-S-64-G-06.tif,1,genuine_genuine,64,0.17928709089756012,0.24711237681898562,1
1268,data/raw/bhsig260/BHSig100_Bengali/Genuine/B-S-64-G-17.tif,data/raw/bhsig260/BHSig100_Bengali/Genuine/B-S-64-G-21.tif,1,genuine_genuine,64,0.19137072563171387,0.24711237681898562,1
1269,data/raw/bhsig260/BHSig100_Bengali/Genuine/B-S-64-G-03.tif,data/raw/bhsig260/BHSig100_Bengali/Genuine/B-S-64-G-20.tif,1,genuine_genuine,64,0.11919459700584412,0.24711237681898562,1
1270,data/raw/bhsig260/BHSig100_Bengali/Genuine/B-S-64-G-18.tif,data/raw/bhsig260/BHSig100_Bengali/Forged/B-S-64-F-11.tif,0,skilled_forgery,64,0.6275015473365784,0.24711237681898562,0
1271,data/raw/bhsig260/BHSig100_Bengali/Genuine/B-S-64-G-16.tif,data/raw/bhsig260/BHSig100_Bengali/Forged/B-S-64-F-15.tif,0,skilled_forgery,64,0.5018355846405029,0.24711237681898562,0
1272,data/raw/bhsig260/BHSig100_Bengali/Genuine/B-S-64-G-09.tif,data/raw/bhsig260/BHSig100_Bengali/Forged/B-S-64-F-19.tif,0,skilled_forgery,64,0.22989001870155334,0.24711237681898562,1
1273,data/raw/bhsig260/BHSig100_Bengali/Genuine/B-S-64-G-24.tif,data/raw/bhsig260/BHSig100_Bengali/Forged/B-S-64-F-20.tif,0,skilled_forgery,64,0.44340354204177856,0.24711237681898562,0
1274,data/raw/bhsig260/BHSig100_Bengali/Genuine/B-S-64-G-06.tif,data/raw/bhsig260/BHSig100_Bengali/Forged/B-S-64-F-14.tif,0,skilled_forgery,64,0.19852983951568604,0.24711237681898562,1
1275,data/raw/bhsig260/BHSig100_Bengali/Genuine/B-S-64-G-22.tif,data/raw/bhsig260/BHSig100_Bengali/Genuine/B-S-8-G-09.tif,0,random_forgery,64,0.5128553509712219,0.24711237681898562,0
1276,data/raw/bhsig260/BHSig100_Bengali/Genuine/B-S-64-G-19.tif,data/raw/bhsig260/BHSig160_Hindi/Genuine/H-S-2-G-14.tif,0,random_forgery,64,0.557741641998291,0.24711237681898562,0
1277,data/raw/bhsig260/BHSig100_Bengali/Genuine/B-S-64-G-17.tif,data/raw/bhsig260/BHSig160_Hindi/Genuine/H-S-47-G-07.tif,0,random_forgery,64,0.08692840486764908,0.24711237681898562,1
1278,data/raw/bhsig260/BHSig100_Bengali/Genuine/B-S-64-G-19.tif,data/raw/bhsig260/BHSig160_Hindi/Genuine/H-S-64-G-13.tif,0,random_forgery,64,0.8425203561782837,0.24711237681898562,0
1279,data/raw/bhsig260/BHSig100_Bengali/Genuine/B-S-64-G-01.tif,data/raw/bhsig260/BHSig100_Bengali/Genuine/B-S-26-G-01.tif,0,random_forgery,64,1.033636450767517,0.24711237681898562,0
1280,data/raw/bhsig260/BHSig100_Bengali/Genuine/B-S-65-G-15.tif,data/raw/bhsig260/BHSig100_Bengali/Genuine/B-S-65-G-22.tif,1,genuine_genuine,65,0.11088983714580536,0.24711237681898562,1
1281,data/raw/bhsig260/BHSig100_Bengali/Genuine/B-S-65-G-04.tif,data/raw/bhsig260/BHSig100_Bengali/Genuine/B-S-65-G-06.tif,1,genuine_genuine,65,0.12624868750572205,0.24711237681898562,1
1282,data/raw/bhsig260/BHSig100_Bengali/Genuine/B-S-65-G-05.tif,data/raw/bhsig260/BHSig100_Bengali/Genuine/B-S-65-G-21.tif,1,genuine_genuine,65,0.1376035362482071,0.24711237681898562,1
1283,data/raw/bhsig260/BHSig100_Bengali/Genuine/B-S-65-G-07.tif,data/raw/bhsig260/BHSig100_Bengali/Genuine/B-S-65-G-11.tif,1,genuine_genuine,65,0.10088121891021729,0.24711237681898562,1
1284,data/raw/bhsig260/BHSig100_Bengali/Genuine/B-S-65-G-12.tif,data/raw/bhsig260/BHSig100_Bengali/Genuine/B-S-65-G-21.tif,1,genuine_genuine,65,0.15689416229724884,0.24711237681898562,1
1285,data/raw/bhsig260/BHSig100_Bengali/Genuine/B-S-65-G-10.tif,data/raw/bhsig260/BHSig100_Bengali/Genuine/B-S-65-G-21.tif,1,genuine_genuine,65,0.04171281307935715,0.24711237681898562,1
1286,data/raw/bhsig260/BHSig100_Bengali/Genuine/B-S-65-G-05.tif,data/raw/bhsig260/BHSig100_Bengali/Genuine/B-S-65-G-20.tif,1,genuine_genuine,65,0.07159598916769028,0.24711237681898562,1
1287,data/raw/bhsig260/BHSig100_Bengali/Genuine/B-S-65-G-05.tif,data/raw/bhsig260/BHSig100_Bengali/Genuine/B-S-65-G-24.tif,1,genuine_genuine,65,0.06178110092878342,0.24711237681898562,1
1288,data/raw/bhsig260/BHSig100_Bengali/Genuine/B-S-65-G-01.tif,data/raw/bhsig260/BHSig100_Bengali/Genuine/B-S-65-G-14.tif,1,genuine_genuine,65,0.08012013137340546,0.24711237681898562,1
1289,data/raw/bhsig260/BHSig100_Bengali/Genuine/B-S-65-G-02.tif,data/raw/bhsig260/BHSig100_Bengali/Genuine/B-S-65-G-16.tif,1,genuine_genuine,65,0.24545110762119293,0.24711237681898562,1
1290,data/raw/bhsig260/BHSig100_Bengali/Genuine/B-S-65-G-20.tif,data/raw/bhsig260/BHSig100_Bengali/Forged/B-S-65-F-09.tif,0,skilled_forgery,65,0.28953033685684204,0.24711237681898562,0
1291,data/raw/bhsig260/BHSig100_Bengali/Genuine/B-S-65-G-04.tif,data/raw/bhsig260/BHSig100_Bengali/Forged/B-S-65-F-30.tif,0,skilled_forgery,65,0.5966196656227112,0.24711237681898562,0
1292,data/raw/bhsig260/BHSig100_Bengali/Genuine/B-S-65-G-01.tif,data/raw/bhsig260/BHSig100_Bengali/Forged/B-S-65-F-13.tif,0,skilled_forgery,65,0.5412018299102783,0.24711237681898562,0
1293,data/raw/bhsig260/BHSig100_Bengali/Genuine/B-S-65-G-01.tif,data/raw/bhsig260/BHSig100_Bengali/Forged/B-S-65-F-17.tif,0,skilled_forgery,65,0.5444901585578918,0.24711237681898562,0
1294,data/raw/bhsig260/BHSig100_Bengali/Genuine/B-S-65-G-10.tif,data/raw/bhsig260/BHSig100_Bengali/Forged/B-S-65-F-12.tif,0,skilled_forgery,65,0.3408762514591217,0.24711237681898562,0
1295,data/raw/bhsig260/BHSig100_Bengali/Genuine/B-S-65-G-02.tif,data/raw/bhsig260/BHSig100_Bengali/Genuine/B-S-81-G-16.tif,0,random_forgery,65,0.6347094178199768,0.24711237681898562,0
1296,data/raw/bhsig260/BHSig100_Bengali/Genuine/B-S-65-G-01.tif,data/raw/bhsig260/BHSig160_Hindi/Genuine/H-S-77-G-02.tif,0,random_forgery,65,0.2206050157546997,0.24711237681898562,1
1297,data/raw/bhsig260/BHSig100_Bengali/Genuine/B-S-65-G-13.tif,data/raw/bhsig260/BHSig100_Bengali/Genuine/B-S-13-G-20.tif,0,random_forgery,65,1.3561794757843018,0.24711237681898562,0
1298,data/raw/bhsig260/BHSig100_Bengali/Genuine/B-S-65-G-12.tif,data/raw/bhsig260/BHSig100_Bengali/Genuine/B-S-42-G-12.tif,0,random_forgery,65,0.9948558211326599,0.24711237681898562,0
1299,data/raw/bhsig260/BHSig100_Bengali/Genuine/B-S-65-G-19.tif,data/raw/bhsig260/BHSig160_Hindi/Genuine/H-S-79-G-08.tif,0,random_forgery,65,0.5412953495979309,0.24711237681898562,0
1300,data/raw/bhsig260/BHSig100_Bengali/Genuine/B-S-66-G-13.tif,data/raw/bhsig260/BHSig100_Bengali/Genuine/B-S-66-G-17.tif,1,genuine_genuine,66,0.18286769092082977,0.24711237681898562,1
1301,data/raw/bhsig260/BHSig100_Bengali/Genuine/B-S-66-G-02.tif,data/raw/bhsig260/BHSig100_Bengali/Genuine/B-S-66-G-05.tif,1,genuine_genuine,66,0.412486732006073,0.24711237681898562,0
1302,data/raw/bhsig260/BHSig100_Bengali/Genuine/B-S-66-G-09.tif,data/raw/bhsig260/BHSig100_Bengali/Genuine/B-S-66-G-10.tif,1,genuine_genuine,66,0.3845480978488922,0.24711237681898562,0
1303,data/raw/bhsig260/BHSig100_Bengali/Genuine/B-S-66-G-07.tif,data/raw/bhsig260/BHSig100_Bengali/Genuine/B-S-66-G-11.tif,1,genuine_genuine,66,0.5129885077476501,0.24711237681898562,0
1304,data/raw/bhsig260/BHSig100_Bengali/Genuine/B-S-66-G-04.tif,data/raw/bhsig260/BHSig100_Bengali/Genuine/B-S-66-G-10.tif,1,genuine_genuine,66,0.11033704876899719,0.24711237681898562,1
1305,data/raw/bhsig260/BHSig100_Bengali/Genuine/B-S-66-G-16.tif,data/raw/bhsig260/BHSig100_Bengali/Genuine/B-S-66-G-21.tif,1,genuine_genuine,66,0.3291497230529785,0.24711237681898562,0
1306,data/raw/bhsig260/BHSig100_Bengali/Genuine/B-S-66-G-04.tif,data/raw/bhsig260/BHSig100_Bengali/Genuine/B-S-66-G-16.tif,1,genuine_genuine,66,0.037646032869815826,0.24711237681898562,1
1307,data/raw/bhsig260/BHSig100_Bengali/Genuine/B-S-66-G-11.tif,data/raw/bhsig260/BHSig100_Bengali/Genuine/B-S-66-G-16.tif,1,genuine_genuine,66,0.40604057908058167,0.24711237681898562,0
1308,data/raw/bhsig260/BHSig100_Bengali/Genuine/B-S-66-G-01.tif,data/raw/bhsig260/BHSig100_Bengali/Genuine/B-S-66-G-23.tif,1,genuine_genuine,66,0.1717468947172165,0.24711237681898562,1
1309,data/raw/bhsig260/BHSig100_Bengali/Genuine/B-S-66-G-20.tif,data/raw/bhsig260/BHSig100_Bengali/Genuine/B-S-66-G-24.tif,1,genuine_genuine,66,0.5129885077476501,0.24711237681898562,0
1310,data/raw/bhsig260/BHSig100_Bengali/Genuine/B-S-66-G-04.tif,data/raw/bhsig260/BHSig100_Bengali/Forged/B-S-66-F-26.tif,0,skilled_forgery,66,0.44886159896850586,0.24711237681898562,0
1311,data/raw/bhsig260/BHSig100_Bengali/Genuine/B-S-66-G-06.tif,data/raw/bhsig260/BHSig100_Bengali/Forged/B-S-66-F-14.tif,0,skilled_forgery,66,0.8619540929794312,0.24711237681898562,0
1312,data/raw/bhsig260/BHSig100_Bengali/Genuine/B-S-66-G-01.tif,data/raw/bhsig260/BHSig100_Bengali/Forged/B-S-66-F-24.tif,0,skilled_forgery,66,0.45750340819358826,0.24711237681898562,0
1313,data/raw/bhsig260/BHSig100_Bengali/Genuine/B-S-66-G-21.tif,data/raw/bhsig260/BHSig100_Bengali/Forged/B-S-66-F-10.tif,0,skilled_forgery,66,0.6084640026092529,0.24711237681898562,0
1314,data/raw/bhsig260/BHSig100_Bengali/Genuine/B-S-66-G-08.tif,data/raw/bhsig260/BHSig100_Bengali/Forged/B-S-66-F-18.tif,0,skilled_forgery,66,0.7409136891365051,0.24711237681898562,0
1315,data/raw/bhsig260/BHSig100_Bengali/Genuine/B-S-66-G-06.tif,data/raw/bhsig260/BHSig160_Hindi/Genuine/H-S-28-G-07.tif,0,random_forgery,66,0.5107151865959167,0.24711237681898562,0
1316,data/raw/bhsig260/BHSig100_Bengali/Genuine/B-S-66-G-12.tif,data/raw/bhsig260/BHSig100_Bengali/Genuine/B-S-52-G-10.tif,0,random_forgery,66,0.7446388006210327,0.24711237681898562,0
1317,data/raw/bhsig260/BHSig100_Bengali/Genuine/B-S-66-G-11.tif,data/raw/bhsig260/BHSig160_Hindi/Genuine/H-S-076-G-05.tif,0,random_forgery,66,1.0183391571044922,0.24711237681898562,0
1318,data/raw/bhsig260/BHSig100_Bengali/Genuine/B-S-66-G-18.tif,data/raw/bhsig260/BHSig160_Hindi/Genuine/H-S-134-G-24.tif,0,random_forgery,66,0.14530880749225616,0.24711237681898562,1
1319,data/raw/bhsig260/BHSig100_Bengali/Genuine/B-S-66-G-14.tif,data/raw/bhsig260/BHSig160_Hindi/Genuine/H-S-142-G-21.tif,0,random_forgery,66,0.5153363943099976,0.24711237681898562,0
1320,data/raw/bhsig260/BHSig100_Bengali/Genuine/B-S-67-G-03.tif,data/raw/bhsig260/BHSig100_Bengali/Genuine/B-S-67-G-06.tif,1,genuine_genuine,67,0.5472613573074341,0.24711237681898562,0
1321,data/raw/bhsig260/BHSig100_Bengali/Genuine/B-S-67-G-03.tif,data/raw/bhsig260/BHSig100_Bengali/Genuine/B-S-67-G-08.tif,1,genuine_genuine,67,0.49943411350250244,0.24711237681898562,0
1322,data/raw/bhsig260/BHSig100_Bengali/Genuine/B-S-67-G-02.tif,data/raw/bhsig260/BHSig100_Bengali/Genuine/B-S-67-G-19.tif,1,genuine_genuine,67,0.36166074872016907,0.24711237681898562,0
1323,data/raw/bhsig260/BHSig100_Bengali/Genuine/B-S-67-G-01.tif,data/raw/bhsig260/BHSig100_Bengali/Genuine/B-S-67-G-21.tif,1,genuine_genuine,67,0.14487990736961365,0.24711237681898562,1
1324,data/raw/bhsig260/BHSig100_Bengali/Genuine/B-S-67-G-03.tif,data/raw/bhsig260/BHSig100_Bengali/Genuine/B-S-67-G-09.tif,1,genuine_genuine,67,0.49093756079673767,0.24711237681898562,0
1325,data/raw/bhsig260/BHSig100_Bengali/Genuine/B-S-67-G-05.tif,data/raw/bhsig260/BHSig100_Bengali/Genuine/B-S-67-G-09.tif,1,genuine_genuine,67,0.5103000998497009,0.24711237681898562,0
1326,data/raw/bhsig260/BHSig100_Bengali/Genuine/B-S-67-G-17.tif,data/raw/bhsig260/BHSig100_Bengali/Genuine/B-S-67-G-24.tif,1,genuine_genuine,67,0.6079930663108826,0.24711237681898562,0
1327,data/raw/bhsig260/BHSig100_Bengali/Genuine/B-S-67-G-03.tif,data/raw/bhsig260/BHSig100_Bengali/Genuine/B-S-67-G-21.tif,1,genuine_genuine,67,0.0837833359837532,0.24711237681898562,1
1328,data/raw/bhsig260/BHSig100_Bengali/Genuine/B-S-67-G-17.tif,data/raw/bhsig260/BHSig100_Bengali/Genuine/B-S-67-G-18.tif,1,genuine_genuine,67,0.3436633348464966,0.24711237681898562,0
1329,data/raw/bhsig260/BHSig100_Bengali/Genuine/B-S-67-G-16.tif,data/raw/bhsig260/BHSig100_Bengali/Genuine/B-S-67-G-21.tif,1,genuine_genuine,67,0.21049374341964722,0.24711237681898562,1
1330,data/raw/bhsig260/BHSig100_Bengali/Genuine/B-S-67-G-20.tif,data/raw/bhsig260/BHSig100_Bengali/Forged/B-S-67-F-25.tif,0,skilled_forgery,67,0.15178871154785156,0.24711237681898562,1
1331,data/raw/bhsig260/BHSig100_Bengali/Genuine/B-S-67-G-15.tif,data/raw/bhsig260/BHSig100_Bengali/Forged/B-S-67-F-10.tif,0,skilled_forgery,67,0.8556987047195435,0.24711237681898562,0
1332,data/raw/bhsig260/BHSig100_Bengali/Genuine/B-S-67-G-16.tif,data/raw/bhsig260/BHSig100_Bengali/Forged/B-S-67-F-09.tif,0,skilled_forgery,67,0.34562429785728455,0.24711237681898562,0
1333,data/raw/bhsig260/BHSig100_Bengali/Genuine/B-S-67-G-08.tif,data/raw/bhsig260/BHSig100_Bengali/Forged/B-S-67-F-19.tif,0,skilled_forgery,67,0.5979114770889282,0.24711237681898562,0
1334,data/raw/bhsig260/BHSig100_Bengali/Genuine/B-S-67-G-06.tif,data/raw/bhsig260/BHSig100_Bengali/Forged/B-S-67-F-25.tif,0,skilled_forgery,67,0.2829121947288513,0.24711237681898562,0
1335,data/raw/bhsig260/BHSig100_Bengali/Genuine/B-S-67-G-03.tif,data/raw/bhsig260/BHSig100_Bengali/Genuine/B-S-89-G-08.tif,0,random_forgery,67,0.33702123165130615,0.24711237681898562,0
1336,data/raw/bhsig260/BHSig100_Bengali/Genuine/B-S-67-G-07.tif,data/raw/bhsig260/BHSig160_Hindi/Genuine/H-S-111-G-21.tif,0,random_forgery,67,0.3671402931213379,0.24711237681898562,0
1337,data/raw/bhsig260/BHSig100_Bengali/Genuine/B-S-67-G-05.tif,data/raw/bhsig260/BHSig160_Hindi/Genuine/H-S-108-G-01.tif,0,random_forgery,67,0.8701034784317017,0.24711237681898562,0
1338,data/raw/bhsig260/BHSig100_Bengali/Genuine/B-S-67-G-14.tif,data/raw/bhsig260/BHSig100_Bengali/Genuine/B-S-39-G-01.tif,0,random_forgery,67,0.41018664836883545,0.24711237681898562,0
1339,data/raw/bhsig260/BHSig100_Bengali/Genuine/B-S-67-G-19.tif,data/raw/bhsig260/BHSig160_Hindi/Genuine/H-S-41-G-22.tif,0,random_forgery,67,0.24484185874462128,0.24711237681898562,1
1340,data/raw/bhsig260/BHSig100_Bengali/Genuine/B-S-68-G-05.tif,data/raw/bhsig260/BHSig100_Bengali/Genuine/B-S-68-G-23.tif,1,genuine_genuine,68,0.08034992218017578,0.24711237681898562,1
1341,data/raw/bhsig260/BHSig100_Bengali/Genuine/B-S-68-G-14.tif,data/raw/bhsig260/BHSig100_Bengali/Genuine/B-S-68-G-20.tif,1,genuine_genuine,68,0.08235558867454529,0.24711237681898562,1
1342,data/raw/bhsig260/BHSig100_Bengali/Genuine/B-S-68-G-05.tif,data/raw/bhsig260/BHSig100_Bengali/Genuine/B-S-68-G-17.tif,1,genuine_genuine,68,0.12254548817873001,0.24711237681898562,1
1343,data/raw/bhsig260/BHSig100_Bengali/Genuine/B-S-68-G-08.tif,data/raw/bhsig260/BHSig100_Bengali/Genuine/B-S-68-G-18.tif,1,genuine_genuine,68,0.14289608597755432,0.24711237681898562,1
1344,data/raw/bhsig260/BHSig100_Bengali/Genuine/B-S-68-G-12.tif,data/raw/bhsig260/BHSig100_Bengali/Genuine/B-S-68-G-23.tif,1,genuine_genuine,68,0.13613365590572357,0.24711237681898562,1
1345,data/raw/bhsig260/BHSig100_Bengali/Genuine/B-S-68-G-06.tif,data/raw/bhsig260/BHSig100_Bengali/Genuine/B-S-68-G-13.tif,1,genuine_genuine,68,0.15965981781482697,0.24711237681898562,1
1346,data/raw/bhsig260/BHSig100_Bengali/Genuine/B-S-68-G-09.tif,data/raw/bhsig260/BHSig100_Bengali/Genuine/B-S-68-G-20.tif,1,genuine_genuine,68,0.10324607044458389,0.24711237681898562,1
1347,data/raw/bhsig260/BHSig100_Bengali/Genuine/B-S-68-G-11.tif,data/raw/bhsig260/BHSig100_Bengali/Genuine/B-S-68-G-14.tif,1,genuine_genuine,68,0.09144105762243271,0.24711237681898562,1
1348,data/raw/bhsig260/BHSig100_Bengali/Genuine/B-S-68-G-02.tif,data/raw/bhsig260/BHSig100_Bengali/Genuine/B-S-68-G-03.tif,1,genuine_genuine,68,0.1138189360499382,0.24711237681898562,1
1349,data/raw/bhsig260/BHSig100_Bengali/Genuine/B-S-68-G-06.tif,data/raw/bhsig260/BHSig100_Bengali/Genuine/B-S-68-G-23.tif,1,genuine_genuine,68,0.15965981781482697,0.24711237681898562,1
1350,data/raw/bhsig260/BHSig100_Bengali/Genuine/B-S-68-G-03.tif,data/raw/bhsig260/BHSig100_Bengali/Forged/B-S-68-F-27.tif,0,skilled_forgery,68,0.8102072477340698,0.24711237681898562,0
1351,data/raw/bhsig260/BHSig100_Bengali/Genuine/B-S-68-G-10.tif,data/raw/bhsig260/BHSig100_Bengali/Forged/B-S-68-F-13.tif,0,skilled_forgery,68,0.5724523067474365,0.24711237681898562,0
1352,data/raw/bhsig260/BHSig100_Bengali/Genuine/B-S-68-G-23.tif,data/raw/bhsig260/BHSig100_Bengali/Forged/B-S-68-F-14.tif,0,skilled_forgery,68,0.8383821845054626,0.24711237681898562,0
1353,data/raw/bhsig260/BHSig100_Bengali/Genuine/B-S-68-G-02.tif,data/raw/bhsig260/BHSig100_Bengali/Forged/B-S-68-F-21.tif,0,skilled_forgery,68,0.5071998238563538,0.24711237681898562,0
1354,data/raw/bhsig260/BHSig100_Bengali/Genuine/B-S-68-G-24.tif,data/raw/bhsig260/BHSig100_Bengali/Forged/B-S-68-F-20.tif,0,skilled_forgery,68,0.6482172608375549,0.24711237681898562,0
1355,data/raw/bhsig260/BHSig100_Bengali/Genuine/B-S-68-G-14.tif,data/raw/bhsig260/BHSig160_Hindi/Genuine/H-S-124-G-24.tif,0,random_forgery,68,0.6317165493965149,0.24711237681898562,0
1356,data/raw/bhsig260/BHSig100_Bengali/Genuine/B-S-68-G-19.tif,data/raw/bhsig260/BHSig160_Hindi/Genuine/H-S-59-G-16.tif,0,random_forgery,68,0.9021995663642883,0.24711237681898562,0
1357,data/raw/bhsig260/BHSig100_Bengali/Genuine/B-S-68-G-13.tif,data/raw/bhsig260/BHSig100_Bengali/Genuine/B-S-22-G-21.tif,0,random_forgery,68,0.759803295135498,0.24711237681898562,0
1358,data/raw/bhsig260/BHSig100_Bengali/Genuine/B-S-68-G-19.tif,data/raw/bhsig260/BHSig160_Hindi/Genuine/H-S-62-G-23.tif,0,random_forgery,68,0.4356899857521057,0.24711237681898562,0
1359,data/raw/bhsig260/BHSig100_Bengali/Genuine/B-S-68-G-24.tif,data/raw/bhsig260/BHSig100_Bengali/Genuine/B-S-2-G-24.tif,0,random_forgery,68,1.4617772102355957,0.24711237681898562,0
1360,data/raw/bhsig260/BHSig100_Bengali/Genuine/B-S-69-G-12.tif,data/raw/bhsig260/BHSig100_Bengali/Genuine/B-S-69-G-18.tif,1,genuine_genuine,69,0.2380511611700058,0.24711237681898562,1
1361,data/raw/bhsig260/BHSig100_Bengali/Genuine/B-S-69-G-12.tif,data/raw/bhsig260/BHSig100_Bengali/Genuine/B-S-69-G-17.tif,1,genuine_genuine,69,0.19639655947685242,0.24711237681898562,1
1362,data/raw/bhsig260/BHSig100_Bengali/Genuine/B-S-69-G-14.tif,data/raw/bhsig260/BHSig100_Bengali/Genuine/B-S-69-G-23.tif,1,genuine_genuine,69,0.25546544790267944,0.24711237681898562,0
1363,data/raw/bhsig260/BHSig100_Bengali/Genuine/B-S-69-G-10.tif,data/raw/bhsig260/BHSig100_Bengali/Genuine/B-S-69-G-21.tif,1,genuine_genuine,69,0.1192876473069191,0.24711237681898562,1
1364,data/raw/bhsig260/BHSig100_Bengali/Genuine/B-S-69-G-01.tif,data/raw/bhsig260/BHSig100_Bengali/Genuine/B-S-69-G-18.tif,1,genuine_genuine,69,0.1813906878232956,0.24711237681898562,1
1365,data/raw/bhsig260/BHSig100_Bengali/Genuine/B-S-69-G-05.tif,data/raw/bhsig260/BHSig100_Bengali/Genuine/B-S-69-G-14.tif,1,genuine_genuine,69,0.30001258850097656,0.24711237681898562,0
1366,data/raw/bhsig260/BHSig100_Bengali/Genuine/B-S-69-G-07.tif,data/raw/bhsig260/BHSig100_Bengali/Genuine/B-S-69-G-17.tif,1,genuine_genuine,69,0.16925309598445892,0.24711237681898562,1
1367,data/raw/bhsig260/BHSig100_Bengali/Genuine/B-S-69-G-14.tif,data/raw/bhsig260/BHSig100_Bengali/Genuine/B-S-69-G-16.tif,1,genuine_genuine,69,0.23170307278633118,0.24711237681898562,1
1368,data/raw/bhsig260/BHSig100_Bengali/Genuine/B-S-69-G-09.tif,data/raw/bhsig260/BHSig100_Bengali/Genuine/B-S-69-G-18.tif,1,genuine_genuine,69,0.0548110231757164,0.24711237681898562,1
1369,data/raw/bhsig260/BHSig100_Bengali/Genuine/B-S-69-G-04.tif,data/raw/bhsig260/BHSig100_Bengali/Genuine/B-S-69-G-20.tif,1,genuine_genuine,69,0.16925309598445892,0.24711237681898562,1
1370,data/raw/bhsig260/BHSig100_Bengali/Genuine/B-S-69-G-11.tif,data/raw/bhsig260/BHSig100_Bengali/Forged/B-S-69-F-20.tif,0,skilled_forgery,69,0.6997581124305725,0.24711237681898562,0
1371,data/raw/bhsig260/BHSig100_Bengali/Genuine/B-S-69-G-10.tif,data/raw/bhsig260/BHSig100_Bengali/Forged/B-S-69-F-11.tif,0,skilled_forgery,69,0.10819191485643387,0.24711237681898562,1
1372,data/raw/bhsig260/BHSig100_Bengali/Genuine/B-S-69-G-12.tif,data/raw/bhsig260/BHSig100_Bengali/Forged/B-S-69-F-14.tif,0,skilled_forgery,69,0.2121431529521942,0.24711237681898562,1
1373,data/raw/bhsig260/BHSig100_Bengali/Genuine/B-S-69-G-02.tif,data/raw/bhsig260/BHSig100_Bengali/Forged/B-S-69-F-27.tif,0,skilled_forgery,69,0.1934395432472229,0.24711237681898562,1
1374,data/raw/bhsig260/BHSig100_Bengali/Genuine/B-S-69-G-06.tif,data/raw/bhsig260/BHSig100_Bengali/Forged/B-S-69-F-25.tif,0,skilled_forgery,69,0.5041479468345642,0.24711237681898562,0
1375,data/raw/bhsig260/BHSig100_Bengali/Genuine/B-S-69-G-16.tif,data/raw/bhsig260/BHSig160_Hindi/Genuine/H-S-114-G-19.tif,0,random_forgery,69,0.7038099765777588,0.24711237681898562,0
1376,data/raw/bhsig260/BHSig100_Bengali/Genuine/B-S-69-G-16.tif,data/raw/bhsig260/BHSig100_Bengali/Genuine/B-S-46-G-15.tif,0,random_forgery,69,0.7866935133934021,0.24711237681898562,0
1377,data/raw/bhsig260/BHSig100_Bengali/Genuine/B-S-69-G-04.tif,data/raw/bhsig260/BHSig160_Hindi/Genuine/H-S-106-G-22.tif,0,random_forgery,69,1.2761297225952148,0.24711237681898562,0
1378,data/raw/bhsig260/BHSig100_Bengali/Genuine/B-S-69-G-01.tif,data/raw/bhsig260/BHSig160_Hindi/Genuine/H-S-125-G-16.tif,0,random_forgery,69,0.8915201425552368,0.24711237681898562,0
1379,data/raw/bhsig260/BHSig100_Bengali/Genuine/B-S-69-G-04.tif,data/raw/bhsig260/BHSig100_Bengali/Genuine/B-S-44-G-16.tif,0,random_forgery,69,1.0958592891693115,0.24711237681898562,0
1380,data/raw/bhsig260/BHSig100_Bengali/Genuine/B-S-70-G-08.tif,data/raw/bhsig260/BHSig100_Bengali/Genuine/B-S-70-G-17.tif,1,genuine_genuine,70,0.2990552484989166,0.24711237681898562,0
1381,data/raw/bhsig260/BHSig100_Bengali/Genuine/B-S-70-G-14.tif,data/raw/bhsig260/BHSig100_Bengali/Genuine/B-S-70-G-17.tif,1,genuine_genuine,70,0.2864930331707001,0.24711237681898562,0
1382,data/raw/bhsig260/BHSig100_Bengali/Genuine/B-S-70-G-07.tif,data/raw/bhsig260/BHSig100_Bengali/Genuine/B-S-70-G-13.tif,1,genuine_genuine,70,0.5423049926757812,0.24711237681898562,0
1383,data/raw/bhsig260/BHSig100_Bengali/Genuine/B-S-70-G-02.tif,data/raw/bhsig260/BHSig100_Bengali/Genuine/B-S-70-G-19.tif,1,genuine_genuine,70,0.5841855406761169,0.24711237681898562,0
1384,data/raw/bhsig260/BHSig100_Bengali/Genuine/B-S-70-G-07.tif,data/raw/bhsig260/BHSig100_Bengali/Genuine/B-S-70-G-15.tif,1,genuine_genuine,70,0.18945792317390442,0.24711237681898562,1
1385,data/raw/bhsig260/BHSig100_Bengali/Genuine/B-S-70-G-02.tif,data/raw/bhsig260/BHSig100_Bengali/Genuine/B-S-70-G-09.tif,1,genuine_genuine,70,0.9433201551437378,0.24711237681898562,0
1386,data/raw/bhsig260/BHSig100_Bengali/Genuine/B-S-70-G-15.tif,data/raw/bhsig260/BHSig100_Bengali/Genuine/B-S-70-G-23.tif,1,genuine_genuine,70,0.08741355687379837,0.24711237681898562,1
1387,data/raw/bhsig260/BHSig100_Bengali/Genuine/B-S-70-G-03.tif,data/raw/bhsig260/BHSig100_Bengali/Genuine/B-S-70-G-20.tif,1,genuine_genuine,70,0.25143709778785706,0.24711237681898562,0
1388,data/raw/bhsig260/BHSig100_Bengali/Genuine/B-S-70-G-05.tif,data/raw/bhsig260/BHSig100_Bengali/Genuine/B-S-70-G-19.tif,1,genuine_genuine,70,0.5599167943000793,0.24711237681898562,0
1389,data/raw/bhsig260/BHSig100_Bengali/Genuine/B-S-70-G-02.tif,data/raw/bhsig260/BHSig100_Bengali/Genuine/B-S-70-G-07.tif,1,genuine_genuine,70,0.5841855406761169,0.24711237681898562,0
1390,data/raw/bhsig260/BHSig100_Bengali/Genuine/B-S-70-G-11.tif,data/raw/bhsig260/BHSig100_Bengali/Forged/B-S-70-F-04.tif,0,skilled_forgery,70,0.7964440584182739,0.24711237681898562,0
1391,data/raw/bhsig260/BHSig100_Bengali/Genuine/B-S-70-G-11.tif,data/raw/bhsig260/BHSig100_Bengali/Forged/B-S-70-F-26.tif,0,skilled_forgery,70,0.5188565254211426,0.24711237681898562,0
1392,data/raw/bhsig260/BHSig100_Bengali/Genuine/B-S-70-G-04.tif,data/raw/bhsig260/BHSig100_Bengali/Forged/B-S-70-F-24.tif,0,skilled_forgery,70,0.3058895170688629,0.24711237681898562,0
1393,data/raw/bhsig260/BHSig100_Bengali/Genuine/B-S-70-G-03.tif,data/raw/bhsig260/BHSig100_Bengali/Forged/B-S-70-F-22.tif,0,skilled_forgery,70,0.6367237567901611,0.24711237681898562,0
1394,data/raw/bhsig260/BHSig100_Bengali/Genuine/B-S-70-G-15.tif,data/raw/bhsig260/BHSig100_Bengali/Forged/B-S-70-F-04.tif,0,skilled_forgery,70,0.8552907705307007,0.24711237681898562,0
1395,data/raw/bhsig260/BHSig100_Bengali/Genuine/B-S-70-G-24.tif,data/raw/bhsig260/BHSig100_Bengali/Genuine/B-S-60-G-03.tif,0,random_forgery,70,0.6290727257728577,0.24711237681898562,0
1396,data/raw/bhsig260/BHSig100_Bengali/Genuine/B-S-70-G-23.tif,data/raw/bhsig260/BHSig160_Hindi/Genuine/H-S-157-G-08.tif,0,random_forgery,70,1.1589571237564087,0.24711237681898562,0
1397,data/raw/bhsig260/BHSig100_Bengali/Genuine/B-S-70-G-02.tif,data/raw/bhsig260/BHSig100_Bengali/Genuine/B-S-39-G-03.tif,0,random_forgery,70,1.3033616542816162,0.24711237681898562,0
1398,data/raw/bhsig260/BHSig100_Bengali/Genuine/B-S-70-G-20.tif,data/raw/bhsig260/BHSig100_Bengali/Genuine/B-S-21-G-04.tif,0,random_forgery,70,0.4804587662220001,0.24711237681898562,0
1399,data/raw/bhsig260/BHSig100_Bengali/Genuine/B-S-70-G-22.tif,data/raw/bhsig260/BHSig100_Bengali/Genuine/B-S-16-G-09.tif,0,random_forgery,70,1.1781376600265503,0.24711237681898562,0
1400,data/raw/bhsig260/BHSig100_Bengali/Genuine/B-S-71-G-07.tif,data/raw/bhsig260/BHSig100_Bengali/Genuine/B-S-71-G-08.tif,1,genuine_genuine,71,0.40276721119880676,0.24711237681898562,0
1401,data/raw/bhsig260/BHSig100_Bengali/Genuine/B-S-71-G-05.tif,data/raw/bhsig260/BHSig100_Bengali/Genuine/B-S-71-G-09.tif,1,genuine_genuine,71,0.15380384027957916,0.24711237681898562,1
1402,data/raw/bhsig260/BHSig100_Bengali/Genuine/B-S-71-G-01.tif,data/raw/bhsig260/BHSig100_Bengali/Genuine/B-S-71-G-14.tif,1,genuine_genuine,71,0.5246143341064453,0.24711237681898562,0
1403,data/raw/bhsig260/BHSig100_Bengali/Genuine/B-S-71-G-10.tif,data/raw/bhsig260/BHSig100_Bengali/Genuine/B-S-71-G-22.tif,1,genuine_genuine,71,0.2862788140773773,0.24711237681898562,0
1404,data/raw/bhsig260/BHSig100_Bengali/Genuine/B-S-71-G-07.tif,data/raw/bhsig260/BHSig100_Bengali/Genuine/B-S-71-G-09.tif,1,genuine_genuine,71,0.1965188980102539,0.24711237681898562,1
1405,data/raw/bhsig260/BHSig100_Bengali/Genuine/B-S-71-G-11.tif,data/raw/bhsig260/BHSig100_Bengali/Genuine/B-S-71-G-23.tif,1,genuine_genuine,71,0.5070357322692871,0.24711237681898562,0
1406,data/raw/bhsig260/BHSig100_Bengali/Genuine/B-S-71-G-01.tif,data/raw/bhsig260/BHSig100_Bengali/Genuine/B-S-71-G-19.tif,1,genuine_genuine,71,0.22320647537708282,0.24711237681898562,1
1407,data/raw/bhsig260/BHSig100_Bengali/Genuine/B-S-71-G-08.tif,data/raw/bhsig260/BHSig100_Bengali/Genuine/B-S-71-G-12.tif,1,genuine_genuine,71,0.6837590336799622,0.24711237681898562,0
1408,data/raw/bhsig260/BHSig100_Bengali/Genuine/B-S-71-G-13.tif,data/raw/bhsig260/BHSig100_Bengali/Genuine/B-S-71-G-22.tif,1,genuine_genuine,71,0.07831531763076782,0.24711237681898562,1
1409,data/raw/bhsig260/BHSig100_Bengali/Genuine/B-S-71-G-01.tif,data/raw/bhsig260/BHSig100_Bengali/Genuine/B-S-71-G-17.tif,1,genuine_genuine,71,0.08838087320327759,0.24711237681898562,1
1410,data/raw/bhsig260/BHSig100_Bengali/Genuine/B-S-71-G-04.tif,data/raw/bhsig260/BHSig100_Bengali/Forged/B-S-71-F-26.tif,0,skilled_forgery,71,0.12971018254756927,0.24711237681898562,1
1411,data/raw/bhsig260/BHSig100_Bengali/Genuine/B-S-71-G-21.tif,data/raw/bhsig260/BHSig100_Bengali/Forged/B-S-71-F-19.tif,0,skilled_forgery,71,0.2105778455734253,0.24711237681898562,1
1412,data/raw/bhsig260/BHSig100_Bengali/Genuine/B-S-71-G-01.tif,data/raw/bhsig260/BHSig100_Bengali/Forged/B-S-71-F-09.tif,0,skilled_forgery,71,0.2098034769296646,0.24711237681898562,1
1413,data/raw/bhsig260/BHSig100_Bengali/Genuine/B-S-71-G-08.tif,data/raw/bhsig260/BHSig100_Bengali/Forged/B-S-71-F-29.tif,0,skilled_forgery,71,0.5027820467948914,0.24711237681898562,0
1414,data/raw/bhsig260/BHSig100_Bengali/Genuine/B-S-71-G-14.tif,data/raw/bhsig260/BHSig100_Bengali/Forged/B-S-71-F-26.tif,0,skilled_forgery,71,0.2644878625869751,0.24711237681898562,0
1415,data/raw/bhsig260/BHSig100_Bengali/Genuine/B-S-71-G-20.tif,data/raw/bhsig260/BHSig160_Hindi/Genuine/H-S-138-G-21.tif,0,random_forgery,71,0.7173311710357666,0.24711237681898562,0
1416,data/raw/bhsig260/BHSig100_Bengali/Genuine/B-S-71-G-05.tif,data/raw/bhsig260/BHSig160_Hindi/Genuine/H-S-107-G-09.tif,0,random_forgery,71,0.6067489981651306,0.24711237681898562,0
1417,data/raw/bhsig260/BHSig100_Bengali/Genuine/B-S-71-G-19.tif,data/raw/bhsig260/BHSig100_Bengali/Genuine/B-S-19-G-20.tif,0,random_forgery,71,0.4999472200870514,0.24711237681898562,0
1418,data/raw/bhsig260/BHSig100_Bengali/Genuine/B-S-71-G-06.tif,data/raw/bhsig260/BHSig160_Hindi/Genuine/H-S-82-G-06.tif,0,random_forgery,71,0.7196042537689209,0.24711237681898562,0
1419,data/raw/bhsig260/BHSig100_Bengali/Genuine/B-S-71-G-22.tif,data/raw/bhsig260/BHSig160_Hindi/Genuine/H-S-36-G-05.tif,0,random_forgery,71,0.8283005356788635,0.24711237681898562,0
1420,data/raw/bhsig260/BHSig100_Bengali/Genuine/B-S-72-G-11.tif,data/raw/bhsig260/BHSig100_Bengali/Genuine/B-S-72-G-18.tif,1,genuine_genuine,72,0.15714743733406067,0.24711237681898562,1
1421,data/raw/bhsig260/BHSig100_Bengali/Genuine/B-S-72-G-12.tif,data/raw/bhsig260/BHSig100_Bengali/Genuine/B-S-72-G-14.tif,1,genuine_genuine,72,0.2567529082298279,0.24711237681898562,0
1422,data/raw/bhsig260/BHSig100_Bengali/Genuine/B-S-72-G-03.tif,data/raw/bhsig260/BHSig100_Bengali/Genuine/B-S-72-G-10.tif,1,genuine_genuine,72,0.2318934202194214,0.24711237681898562,1
1423,data/raw/bhsig260/BHSig100_Bengali/Genuine/B-S-72-G-08.tif,data/raw/bhsig260/BHSig100_Bengali/Genuine/B-S-72-G-21.tif,1,genuine_genuine,72,0.3060869574546814,0.24711237681898562,0
1424,data/raw/bhsig260/BHSig100_Bengali/Genuine/B-S-72-G-04.tif,data/raw/bhsig260/BHSig100_Bengali/Genuine/B-S-72-G-13.tif,1,genuine_genuine,72,0.2496463507413864,0.24711237681898562,0
1425,data/raw/bhsig260/BHSig100_Bengali/Genuine/B-S-72-G-06.tif,data/raw/bhsig260/BHSig100_Bengali/Genuine/B-S-72-G-12.tif,1,genuine_genuine,72,0.25030389428138733,0.24711237681898562,0
1426,data/raw/bhsig260/BHSig100_Bengali/Genuine/B-S-72-G-09.tif,data/raw/bhsig260/BHSig100_Bengali/Genuine/B-S-72-G-16.tif,1,genuine_genuine,72,0.3318833112716675,0.24711237681898562,0
1427,data/raw/bhsig260/BHSig100_Bengali/Genuine/B-S-72-G-19.tif,data/raw/bhsig260/BHSig100_Bengali/Genuine/B-S-72-G-20.tif,1,genuine_genuine,72,0.34952378273010254,0.24711237681898562,0
1428,data/raw/bhsig260/BHSig100_Bengali/Genuine/B-S-72-G-09.tif,data/raw/bhsig260/BHSig100_Bengali/Genuine/B-S-72-G-17.tif,1,genuine_genuine,72,0.3425723910331726,0.24711237681898562,0
1429,data/raw/bhsig260/BHSig100_Bengali/Genuine/B-S-72-G-02.tif,data/raw/bhsig260/BHSig100_Bengali/Genuine/B-S-72-G-05.tif,1,genuine_genuine,72,0.27858927845954895,0.24711237681898562,0
1430,data/raw/bhsig260/BHSig100_Bengali/Genuine/B-S-72-G-12.tif,data/raw/bhsig260/BHSig100_Bengali/Forged/B-S-72-F-24.tif,0,skilled_forgery,72,0.2559370696544647,0.24711237681898562,0
1431,data/raw/bhsig260/BHSig100_Bengali/Genuine/B-S-72-G-02.tif,data/raw/bhsig260/BHSig100_Bengali/Forged/B-S-72-F-26.tif,0,skilled_forgery,72,0.35953739285469055,0.24711237681898562,0
1432,data/raw/bhsig260/BHSig100_Bengali/Genuine/B-S-72-G-08.tif,data/raw/bhsig260/BHSig100_Bengali/Forged/B-S-72-F-30.tif,0,skilled_forgery,72,0.09891273081302643,0.24711237681898562,1
1433,data/raw/bhsig260/BHSig100_Bengali/Genuine/B-S-72-G-14.tif,data/raw/bhsig260/BHSig100_Bengali/Forged/B-S-72-F-10.tif,0,skilled_forgery,72,0.1876746565103531,0.24711237681898562,1
1434,data/raw/bhsig260/BHSig100_Bengali/Genuine/B-S-72-G-20.tif,data/raw/bhsig260/BHSig100_Bengali/Forged/B-S-72-F-24.tif,0,skilled_forgery,72,0.21915794909000397,0.24711237681898562,1
1435,data/raw/bhsig260/BHSig100_Bengali/Genuine/B-S-72-G-23.tif,data/raw/bhsig260/BHSig160_Hindi/Genuine/H-S-50-G-20.tif,0,random_forgery,72,0.37141403555870056,0.24711237681898562,0
1436,data/raw/bhsig260/BHSig100_Bengali/Genuine/B-S-72-G-07.tif,data/raw/bhsig260/BHSig160_Hindi/Genuine/H-S-113-G-12.tif,0,random_forgery,72,0.31573009490966797,0.24711237681898562,0
1437,data/raw/bhsig260/BHSig100_Bengali/Genuine/B-S-72-G-12.tif,data/raw/bhsig260/BHSig160_Hindi/Genuine/H-S-89-G-21.tif,0,random_forgery,72,0.48880431056022644,0.24711237681898562,0
1438,data/raw/bhsig260/BHSig100_Bengali/Genuine/B-S-72-G-03.tif,data/raw/bhsig260/BHSig100_Bengali/Genuine/B-S-9-G-05.tif,0,random_forgery,72,1.19977867603302,0.24711237681898562,0
1439,data/raw/bhsig260/BHSig100_Bengali/Genuine/B-S-72-G-22.tif,data/raw/bhsig260/BHSig100_Bengali/Genuine/B-S-34-G-20.tif,0,random_forgery,72,0.47086992859840393,0.24711237681898562,0
1440,data/raw/bhsig260/BHSig100_Bengali/Genuine/B-S-73-G-09.tif,data/raw/bhsig260/BHSig100_Bengali/Genuine/B-S-73-G-23.tif,1,genuine_genuine,73,0.1484181433916092,0.24711237681898562,1
1441,data/raw/bhsig260/BHSig100_Bengali/Genuine/B-S-73-G-20.tif,data/raw/bhsig260/BHSig100_Bengali/Genuine/B-S-73-G-23.tif,1,genuine_genuine,73,0.1045990064740181,0.24711237681898562,1
1442,data/raw/bhsig260/BHSig100_Bengali/Genuine/B-S-73-G-05.tif,data/raw/bhsig260/BHSig100_Bengali/Genuine/B-S-73-G-16.tif,1,genuine_genuine,73,0.29633891582489014,0.24711237681898562,0
1443,data/raw/bhsig260/BHSig100_Bengali/Genuine/B-S-73-G-07.tif,data/raw/bhsig260/BHSig100_Bengali/Genuine/B-S-73-G-22.tif,1,genuine_genuine,73,0.04562365263700485,0.24711237681898562,1
1444,data/raw/bhsig260/BHSig100_Bengali/Genuine/B-S-73-G-01.tif,data/raw/bhsig260/BHSig100_Bengali/Genuine/B-S-73-G-14.tif,1,genuine_genuine,73,0.24149735271930695,0.24711237681898562,1
1445,data/raw/bhsig260/BHSig100_Bengali/Genuine/B-S-73-G-10.tif,data/raw/bhsig260/BHSig100_Bengali/Genuine/B-S-73-G-11.tif,1,genuine_genuine,73,0.6894277334213257,0.24711237681898562,0
1446,data/raw/bhsig260/BHSig100_Bengali/Genuine/B-S-73-G-03.tif,data/raw/bhsig260/BHSig100_Bengali/Genuine/B-S-73-G-19.tif,1,genuine_genuine,73,0.6214508414268494,0.24711237681898562,0
1447,data/raw/bhsig260/BHSig100_Bengali/Genuine/B-S-73-G-10.tif,data/raw/bhsig260/BHSig100_Bengali/Genuine/B-S-73-G-14.tif,1,genuine_genuine,73,0.11018874496221542,0.24711237681898562,1
1448,data/raw/bhsig260/BHSig100_Bengali/Genuine/B-S-73-G-06.tif,data/raw/bhsig260/BHSig100_Bengali/Genuine/B-S-73-G-08.tif,1,genuine_genuine,73,0.06343154609203339,0.24711237681898562,1
1449,data/raw/bhsig260/BHSig100_Bengali/Genuine/B-S-73-G-08.tif,data/raw/bhsig260/BHSig100_Bengali/Genuine/B-S-73-G-09.tif,1,genuine_genuine,73,0.012152161449193954,0.24711237681898562,1
1450,data/raw/bhsig260/BHSig100_Bengali/Genuine/B-S-73-G-10.tif,data/raw/bhsig260/BHSig100_Bengali/Forged/B-S-73-F-22.tif,0,skilled_forgery,73,0.5528398752212524,0.24711237681898562,0
1451,data/raw/bhsig260/BHSig100_Bengali/Genuine/B-S-73-G-20.tif,data/raw/bhsig260/BHSig100_Bengali/Forged/B-S-73-F-07.tif,0,skilled_forgery,73,0.5622231364250183,0.24711237681898562,0
1452,data/raw/bhsig260/BHSig100_Bengali/Genuine/B-S-73-G-13.tif,data/raw/bhsig260/BHSig100_Bengali/Forged/B-S-73-F-08.tif,0,skilled_forgery,73,0.20292244851589203,0.24711237681898562,1
1453,data/raw/bhsig260/BHSig100_Bengali/Genuine/B-S-73-G-11.tif,data/raw/bhsig260/BHSig100_Bengali/Forged/B-S-73-F-11.tif,0,skilled_forgery,73,0.29163995385169983,0.24711237681898562,0
1454,data/raw/bhsig260/BHSig100_Bengali/Genuine/B-S-73-G-19.tif,data/raw/bhsig260/BHSig100_Bengali/Forged/B-S-73-F-11.tif,0,skilled_forgery,73,0.8248227834701538,0.24711237681898562,0
1455,data/raw/bhsig260/BHSig100_Bengali/Genuine/B-S-73-G-21.tif,data/raw/bhsig260/BHSig160_Hindi/Genuine/H-S-61-G-19.tif,0,random_forgery,73,0.3676707446575165,0.24711237681898562,0
1456,data/raw/bhsig260/BHSig100_Bengali/Genuine/B-S-73-G-09.tif,data/raw/bhsig260/BHSig100_Bengali/Genuine/B-S-93-G-13.tif,0,random_forgery,73,0.46601372957229614,0.24711237681898562,0
1457,data/raw/bhsig260/BHSig100_Bengali/Genuine/B-S-73-G-04.tif,data/raw/bhsig260/BHSig100_Bengali/Genuine/B-S-19-G-05.tif,0,random_forgery,73,0.471876859664917,0.24711237681898562,0
1458,data/raw/bhsig260/BHSig100_Bengali/Genuine/B-S-73-G-09.tif,data/raw/bhsig260/BHSig160_Hindi/Genuine/H-S-85-G-22.tif,0,random_forgery,73,0.6778514981269836,0.24711237681898562,0
1459,data/raw/bhsig260/BHSig100_Bengali/Genuine/B-S-73-G-06.tif,data/raw/bhsig260/BHSig160_Hindi/Genuine/H-S-136-G-13.tif,0,random_forgery,73,0.2891225218772888,0.24711237681898562,0
1460,data/raw/bhsig260/BHSig100_Bengali/Genuine/B-S-74-G-03.tif,data/raw/bhsig260/BHSig100_Bengali/Genuine/B-S-74-G-13.tif,1,genuine_genuine,74,0.32537776231765747,0.24711237681898562,0
1461,data/raw/bhsig260/BHSig100_Bengali/Genuine/B-S-74-G-15.tif,data/raw/bhsig260/BHSig100_Bengali/Genuine/B-S-74-G-20.tif,1,genuine_genuine,74,0.14749756455421448,0.24711237681898562,1
1462,data/raw/bhsig260/BHSig100_Bengali/Genuine/B-S-74-G-05.tif,data/raw/bhsig260/BHSig100_Bengali/Genuine/B-S-74-G-22.tif,1,genuine_genuine,74,0.09902377426624298,0.24711237681898562,1
1463,data/raw/bhsig260/BHSig100_Bengali/Genuine/B-S-74-G-08.tif,data/raw/bhsig260/BHSig100_Bengali/Genuine/B-S-74-G-18.tif,1,genuine_genuine,74,0.051218077540397644,0.24711237681898562,1
1464,data/raw/bhsig260/BHSig100_Bengali/Genuine/B-S-74-G-03.tif,data/raw/bhsig260/BHSig100_Bengali/Genuine/B-S-74-G-20.tif,1,genuine_genuine,74,0.19470922648906708,0.24711237681898562,1
1465,data/raw/bhsig260/BHSig100_Bengali/Genuine/B-S-74-G-14.tif,data/raw/bhsig260/BHSig100_Bengali/Genuine/B-S-74-G-24.tif,1,genuine_genuine,74,0.2421935647726059,0.24711237681898562,1
1466,data/raw/bhsig260/BHSig100_Bengali/Genuine/B-S-74-G-17.tif,data/raw/bhsig260/BHSig100_Bengali/Genuine/B-S-74-G-20.tif,1,genuine_genuine,74,0.11571626365184784,0.24711237681898562,1
1467,data/raw/bhsig260/BHSig100_Bengali/Genuine/B-S-74-G-02.tif,data/raw/bhsig260/BHSig100_Bengali/Genuine/B-S-74-G-19.tif,1,genuine_genuine,74,0.11182631552219391,0.24711237681898562,1
1468,data/raw/bhsig260/BHSig100_Bengali/Genuine/B-S-74-G-13.tif,data/raw/bhsig260/BHSig100_Bengali/Genuine/B-S-74-G-19.tif,1,genuine_genuine,74,0.09653492271900177,0.24711237681898562,1
1469,data/raw/bhsig260/BHSig100_Bengali/Genuine/B-S-74-G-01.tif,data/raw/bhsig260/BHSig100_Bengali/Genuine/B-S-74-G-17.tif,1,genuine_genuine,74,0.23009593784809113,0.24711237681898562,1
1470,data/raw/bhsig260/BHSig100_Bengali/Genuine/B-S-74-G-23.tif,data/raw/bhsig260/BHSig100_Bengali/Forged/B-S-74-F-21.tif,0,skilled_forgery,74,0.5589412450790405,0.24711237681898562,0
1471,data/raw/bhsig260/BHSig100_Bengali/Genuine/B-S-74-G-07.tif,data/raw/bhsig260/BHSig100_Bengali/Forged/B-S-74-F-11.tif,0,skilled_forgery,74,0.4008137285709381,0.24711237681898562,0
1472,data/raw/bhsig260/BHSig100_Bengali/Genuine/B-S-74-G-14.tif,data/raw/bhsig260/BHSig100_Bengali/Forged/B-S-74-F-14.tif,0,skilled_forgery,74,0.485670268535614,0.24711237681898562,0
1473,data/raw/bhsig260/BHSig100_Bengali/Genuine/B-S-74-G-08.tif,data/raw/bhsig260/BHSig100_Bengali/Forged/B-S-74-F-19.tif,0,skilled_forgery,74,0.6580849885940552,0.24711237681898562,0
1474,data/raw/bhsig260/BHSig100_Bengali/Genuine/B-S-74-G-21.tif,data/raw/bhsig260/BHSig100_Bengali/Forged/B-S-74-F-26.tif,0,skilled_forgery,74,0.6677685976028442,0.24711237681898562,0
1475,data/raw/bhsig260/BHSig100_Bengali/Genuine/B-S-74-G-11.tif,data/raw/bhsig260/BHSig100_Bengali/Genuine/B-S-13-G-24.tif,0,random_forgery,74,1.1957448720932007,0.24711237681898562,0
1476,data/raw/bhsig260/BHSig100_Bengali/Genuine/B-S-74-G-09.tif,data/raw/bhsig260/BHSig100_Bengali/Genuine/B-S-48-G-08.tif,0,random_forgery,74,0.9397103786468506,0.24711237681898562,0
1477,data/raw/bhsig260/BHSig100_Bengali/Genuine/B-S-74-G-16.tif,data/raw/bhsig260/BHSig100_Bengali/Genuine/B-S-92-G-08.tif,0,random_forgery,74,0.7532404065132141,0.24711237681898562,0
1478,data/raw/bhsig260/BHSig100_Bengali/Genuine/B-S-74-G-21.tif,data/raw/bhsig260/BHSig160_Hindi/Genuine/H-S-151-G-09.tif,0,random_forgery,74,0.7809701561927795,0.24711237681898562,0
1479,data/raw/bhsig260/BHSig100_Bengali/Genuine/B-S-74-G-19.tif,data/raw/bhsig260/BHSig100_Bengali/Genuine/B-S-24-G-19.tif,0,random_forgery,74,0.9622672200202942,0.24711237681898562,0
1480,data/raw/bhsig260/BHSig100_Bengali/Genuine/B-S-75-G-09.tif,data/raw/bhsig260/BHSig100_Bengali/Genuine/B-S-75-G-11.tif,1,genuine_genuine,75,0.06383946537971497,0.24711237681898562,1
1481,data/raw/bhsig260/BHSig100_Bengali/Genuine/B-S-75-G-06.tif,data/raw/bhsig260/BHSig100_Bengali/Genuine/B-S-75-G-10.tif,1,genuine_genuine,75,0.4788578152656555,0.24711237681898562,0
1482,data/raw/bhsig260/BHSig100_Bengali/Genuine/B-S-75-G-11.tif,data/raw/bhsig260/BHSig100_Bengali/Genuine/B-S-75-G-22.tif,1,genuine_genuine,75,0.4777246117591858,0.24711237681898562,0
1483,data/raw/bhsig260/BHSig100_Bengali/Genuine/B-S-75-G-08.tif,data/raw/bhsig260/BHSig100_Bengali/Genuine/B-S-75-G-22.tif,1,genuine_genuine,75,0.33388108015060425,0.24711237681898562,0
1484,data/raw/bhsig260/BHSig100_Bengali/Genuine/B-S-75-G-02.tif,data/raw/bhsig260/BHSig100_Bengali/Genuine/B-S-75-G-03.tif,1,genuine_genuine,75,0.2192295491695404,0.24711237681898562,1
1485,data/raw/bhsig260/BHSig100_Bengali/Genuine/B-S-75-G-06.tif,data/raw/bhsig260/BHSig100_Bengali/Genuine/B-S-75-G-15.tif,1,genuine_genuine,75,0.07357137650251389,0.24711237681898562,1
1486,data/raw/bhsig260/BHSig100_Bengali/Genuine/B-S-75-G-08.tif,data/raw/bhsig260/BHSig100_Bengali/Genuine/B-S-75-G-10.tif,1,genuine_genuine,75,0.42989885807037354,0.24711237681898562,0
1487,data/raw/bhsig260/BHSig100_Bengali/Genuine/B-S-75-G-03.tif,data/raw/bhsig260/BHSig100_Bengali/Genuine/B-S-75-G-16.tif,1,genuine_genuine,75,0.14919112622737885,0.24711237681898562,1
1488,data/raw/bhsig260/BHSig100_Bengali/Genuine/B-S-75-G-03.tif,data/raw/bhsig260/BHSig100_Bengali/Genuine/B-S-75-G-13.tif,1,genuine_genuine,75,0.26663270592689514,0.24711237681898562,0
1489,data/raw/bhsig260/BHSig100_Bengali/Genuine/B-S-75-G-11.tif,data/raw/bhsig260/BHSig100_Bengali/Genuine/B-S-75-G-16.tif,1,genuine_genuine,75,0.2679364085197449,0.24711237681898562,0
1490,data/raw/bhsig260/BHSig100_Bengali/Genuine/B-S-75-G-07.tif,data/raw/bhsig260/BHSig100_Bengali/Forged/B-S-75-F-11.tif,0,skilled_forgery,75,0.39465776085853577,0.24711237681898562,0
1491,data/raw/bhsig260/BHSig100_Bengali/Genuine/B-S-75-G-16.tif,data/raw/bhsig260/BHSig100_Bengali/Forged/B-S-75-F-27.tif,0,skilled_forgery,75,0.6241381168365479,0.24711237681898562,0
1492,data/raw/bhsig260/BHSig100_Bengali/Genuine/B-S-75-G-05.tif,data/raw/bhsig260/BHSig100_Bengali/Forged/B-S-75-F-05.tif,0,skilled_forgery,75,0.3932909369468689,0.24711237681898562,0
1493,data/raw/bhsig260/BHSig100_Bengali/Genuine/B-S-75-G-09.tif,data/raw/bhsig260/BHSig100_Bengali/Forged/B-S-75-F-03.tif,0,skilled_forgery,75,0.5084026455879211,0.24711237681898562,0
1494,data/raw/bhsig260/BHSig100_Bengali/Genuine/B-S-75-G-24.tif,data/raw/bhsig260/BHSig100_Bengali/Forged/B-S-75-F-24.tif,0,skilled_forgery,75,0.8641544580459595,0.24711237681898562,0
1495,data/raw/bhsig260/BHSig100_Bengali/Genuine/B-S-75-G-19.tif,data/raw/bhsig260/BHSig160_Hindi/Genuine/H-S-154-G-05.tif,0,random_forgery,75,0.8498148322105408,0.24711237681898562,0
1496,data/raw/bhsig260/BHSig100_Bengali/Genuine/B-S-75-G-08.tif,data/raw/bhsig260/BHSig160_Hindi/Genuine/H-S-82-G-18.tif,0,random_forgery,75,0.7056567668914795,0.24711237681898562,0
1497,data/raw/bhsig260/BHSig100_Bengali/Genuine/B-S-75-G-04.tif,data/raw/bhsig260/BHSig160_Hindi/Genuine/H-S-59-G-23.tif,0,random_forgery,75,0.6992726922035217,0.24711237681898562,0
1498,data/raw/bhsig260/BHSig100_Bengali/Genuine/B-S-75-G-23.tif,data/raw/bhsig260/BHSig100_Bengali/Genuine/B-S-74-G-15.tif,0,random_forgery,75,1.187514305114746,0.24711237681898562,0
1499,data/raw/bhsig260/BHSig100_Bengali/Genuine/B-S-75-G-08.tif,data/raw/bhsig260/BHSig100_Bengali/Genuine/B-S-54-G-05.tif,0,random_forgery,75,0.7775043845176697,0.24711237681898562,0
1500,data/raw/bhsig260/BHSig100_Bengali/Genuine/B-S-76-G-06.tif,data/raw/bhsig260/BHSig100_Bengali/Genuine/B-S-76-G-23.tif,1,genuine_genuine,76,0.01846245676279068,0.24711237681898562,1
1501,data/raw/bhsig260/BHSig100_Bengali/Genuine/B-S-76-G-05.tif,data/raw/bhsig260/BHSig100_Bengali/Genuine/B-S-76-G-11.tif,1,genuine_genuine,76,0.08532659709453583,0.24711237681898562,1
1502,data/raw/bhsig260/BHSig100_Bengali/Genuine/B-S-76-G-02.tif,data/raw/bhsig260/BHSig100_Bengali/Genuine/B-S-76-G-16.tif,1,genuine_genuine,76,0.22529254853725433,0.24711237681898562,1
1503,data/raw/bhsig260/BHSig100_Bengali/Genuine/B-S-76-G-03.tif,data/raw/bhsig260/BHSig100_Bengali/Genuine/B-S-76-G-12.tif,1,genuine_genuine,76,0.14652001857757568,0.24711237681898562,1
1504,data/raw/bhsig260/BHSig100_Bengali/Genuine/B-S-76-G-05.tif,data/raw/bhsig260/BHSig100_Bengali/Genuine/B-S-76-G-15.tif,1,genuine_genuine,76,0.25198879837989807,0.24711237681898562,0
1505,data/raw/bhsig260/BHSig100_Bengali/Genuine/B-S-76-G-03.tif,data/raw/bhsig260/BHSig100_Bengali/Genuine/B-S-76-G-05.tif,1,genuine_genuine,76,0.1776474267244339,0.24711237681898562,1
1506,data/raw/bhsig260/BHSig100_Bengali/Genuine/B-S-76-G-21.tif,data/raw/bhsig260/BHSig100_Bengali/Genuine/B-S-76-G-24.tif,1,genuine_genuine,76,0.03249150514602661,0.24711237681898562,1
1507,data/raw/bhsig260/BHSig100_Bengali/Genuine/B-S-76-G-04.tif,data/raw/bhsig260/BHSig100_Bengali/Genuine/B-S-76-G-21.tif,1,genuine_genuine,76,0.2694167494773865,0.24711237681898562,0
1508,data/raw/bhsig260/BHSig100_Bengali/Genuine/B-S-76-G-12.tif,data/raw/bhsig260/BHSig100_Bengali/Genuine/B-S-76-G-15.tif,1,genuine_genuine,76,0.2044457197189331,0.24711237681898562,1
1509,data/raw/bhsig260/BHSig100_Bengali/Genuine/B-S-76-G-04.tif,data/raw/bhsig260/BHSig100_Bengali/Genuine/B-S-76-G-13.tif,1,genuine_genuine,76,0.26366764307022095,0.24711237681898562,0
1510,data/raw/bhsig260/BHSig100_Bengali/Genuine/B-S-76-G-03.tif,data/raw/bhsig260/BHSig100_Bengali/Forged/B-S-76-F-04.tif,0,skilled_forgery,76,1.6958519220352173,0.24711237681898562,0
1511,data/raw/bhsig260/BHSig100_Bengali/Genuine/B-S-76-G-17.tif,data/raw/bhsig260/BHSig100_Bengali/Forged/B-S-76-F-11.tif,0,skilled_forgery,76,1.8915889263153076,0.24711237681898562,0
1512,data/raw/bhsig260/BHSig100_Bengali/Genuine/B-S-76-G-22.tif,data/raw/bhsig260/BHSig100_Bengali/Forged/B-S-76-F-25.tif,0,skilled_forgery,76,1.7009892463684082,0.24711237681898562,0
1513,data/raw/bhsig260/BHSig100_Bengali/Genuine/B-S-76-G-21.tif,data/raw/bhsig260/BHSig100_Bengali/Forged/B-S-76-F-01.tif,0,skilled_forgery,76,1.5251890420913696,0.24711237681898562,0
1514,data/raw/bhsig260/BHSig100_Bengali/Genuine/B-S-76-G-10.tif,data/raw/bhsig260/BHSig100_Bengali/Forged/B-S-76-F-22.tif,0,skilled_forgery,76,1.3554208278656006,0.24711237681898562,0
1515,data/raw/bhsig260/BHSig100_Bengali/Genuine/B-S-76-G-09.tif,data/raw/bhsig260/BHSig100_Bengali/Genuine/B-S-10-G-11.tif,0,random_forgery,76,1.2981867790222168,0.24711237681898562,0
1516,data/raw/bhsig260/BHSig100_Bengali/Genuine/B-S-76-G-13.tif,data/raw/bhsig260/BHSig100_Bengali/Genuine/B-S-45-G-22.tif,0,random_forgery,76,1.0910308361053467,0.24711237681898562,0
1517,data/raw/bhsig260/BHSig100_Bengali/Genuine/B-S-76-G-06.tif,data/raw/bhsig260/BHSig160_Hindi/Genuine/H-S-142-G-20.tif,0,random_forgery,76,1.320785403251648,0.24711237681898562,0
1518,data/raw/bhsig260/BHSig100_Bengali/Genuine/B-S-76-G-20.tif,data/raw/bhsig260/BHSig100_Bengali/Genuine/B-S-43-G-08.tif,0,random_forgery,76,1.168797254562378,0.24711237681898562,0
1519,data/raw/bhsig260/BHSig100_Bengali/Genuine/B-S-76-G-09.tif,data/raw/bhsig260/BHSig100_Bengali/Genuine/B-S-6-G-05.tif,0,random_forgery,76,0.9068071246147156,0.24711237681898562,0
1520,data/raw/bhsig260/BHSig100_Bengali/Genuine/B-S-77-G-16.tif,data/raw/bhsig260/BHSig100_Bengali/Genuine/B-S-77-G-19.tif,1,genuine_genuine,77,0.6365801692008972,0.24711237681898562,0
1521,data/raw/bhsig260/BHSig100_Bengali/Genuine/B-S-77-G-12.tif,data/raw/bhsig260/BHSig100_Bengali/Genuine/B-S-77-G-13.tif,1,genuine_genuine,77,0.25674012303352356,0.24711237681898562,0
1522,data/raw/bhsig260/BHSig100_Bengali/Genuine/B-S-77-G-02.tif,data/raw/bhsig260/BHSig100_Bengali/Genuine/B-S-77-G-15.tif,1,genuine_genuine,77,0.8006510734558105,0.24711237681898562,0
1523,data/raw/bhsig260/BHSig100_Bengali/Genuine/B-S-77-G-03.tif,data/raw/bhsig260/BHSig100_Bengali/Genuine/B-S-77-G-18.tif,1,genuine_genuine,77,0.290387362241745,0.24711237681898562,0
1524,data/raw/bhsig260/BHSig100_Bengali/Genuine/B-S-77-G-07.tif,data/raw/bhsig260/BHSig100_Bengali/Genuine/B-S-77-G-12.tif,1,genuine_genuine,77,0.3110957741737366,0.24711237681898562,0
1525,data/raw/bhsig260/BHSig100_Bengali/Genuine/B-S-77-G-01.tif,data/raw/bhsig260/BHSig100_Bengali/Genuine/B-S-77-G-07.tif,1,genuine_genuine,77,0.4009763300418854,0.24711237681898562,0
1526,data/raw/bhsig260/BHSig100_Bengali/Genuine/B-S-77-G-13.tif,data/raw/bhsig260/BHSig100_Bengali/Genuine/B-S-77-G-21.tif,1,genuine_genuine,77,0.23428179323673248,0.24711237681898562,1
1527,data/raw/bhsig260/BHSig100_Bengali/Genuine/B-S-77-G-10.tif,data/raw/bhsig260/BHSig100_Bengali/Genuine/B-S-77-G-18.tif,1,genuine_genuine,77,0.23738309741020203,0.24711237681898562,1
1528,data/raw/bhsig260/BHSig100_Bengali/Genuine/B-S-77-G-09.tif,data/raw/bhsig260/BHSig100_Bengali/Genuine/B-S-77-G-10.tif,1,genuine_genuine,77,0.4819367527961731,0.24711237681898562,0
1529,data/raw/bhsig260/BHSig100_Bengali/Genuine/B-S-77-G-15.tif,data/raw/bhsig260/BHSig100_Bengali/Genuine/B-S-77-G-19.tif,1,genuine_genuine,77,0.47507360577583313,0.24711237681898562,0
1530,data/raw/bhsig260/BHSig100_Bengali/Genuine/B-S-77-G-10.tif,data/raw/bhsig260/BHSig100_Bengali/Forged/B-S-77-F-02.tif,0,skilled_forgery,77,0.9193505048751831,0.24711237681898562,0
1531,data/raw/bhsig260/BHSig100_Bengali/Genuine/B-S-77-G-24.tif,data/raw/bhsig260/BHSig100_Bengali/Forged/B-S-77-F-12.tif,0,skilled_forgery,77,1.1716387271881104,0.24711237681898562,0
1532,data/raw/bhsig260/BHSig100_Bengali/Genuine/B-S-77-G-08.tif,data/raw/bhsig260/BHSig100_Bengali/Forged/B-S-77-F-28.tif,0,skilled_forgery,77,0.524603009223938,0.24711237681898562,0
1533,data/raw/bhsig260/BHSig100_Bengali/Genuine/B-S-77-G-21.tif,data/raw/bhsig260/BHSig100_Bengali/Forged/B-S-77-F-15.tif,0,skilled_forgery,77,1.0671736001968384,0.24711237681898562,0
1534,data/raw/bhsig260/BHSig100_Bengali/Genuine/B-S-77-G-08.tif,data/raw/bhsig260/BHSig100_Bengali/Forged/B-S-77-F-09.tif,0,skilled_forgery,77,1.3154438734054565,0.24711237681898562,0
1535,data/raw/bhsig260/BHSig100_Bengali/Genuine/B-S-77-G-04.tif,data/raw/bhsig260/BHSig100_Bengali/Genuine/B-S-28-G-09.tif,0,random_forgery,77,0.7004173398017883,0.24711237681898562,0
1536,data/raw/bhsig260/BHSig100_Bengali/Genuine/B-S-77-G-19.tif,data/raw/bhsig260/BHSig100_Bengali/Genuine/B-S-92-G-11.tif,0,random_forgery,77,0.1823173314332962,0.24711237681898562,1
1537,data/raw/bhsig260/BHSig100_Bengali/Genuine/B-S-77-G-08.tif,data/raw/bhsig260/BHSig100_Bengali/Genuine/B-S-11-G-21.tif,0,random_forgery,77,0.4783094823360443,0.24711237681898562,0
1538,data/raw/bhsig260/BHSig100_Bengali/Genuine/B-S-77-G-14.tif,data/raw/bhsig260/BHSig160_Hindi/Genuine/H-S-5-G-19.tif,0,random_forgery,77,0.4706282317638397,0.24711237681898562,0
1539,data/raw/bhsig260/BHSig100_Bengali/Genuine/B-S-77-G-13.tif,data/raw/bhsig260/BHSig160_Hindi/Genuine/H-S-27-G-18.tif,0,random_forgery,77,0.4978720545768738,0.24711237681898562,0
1540,data/raw/bhsig260/BHSig100_Bengali/Genuine/B-S-78-G-12.tif,data/raw/bhsig260/BHSig100_Bengali/Genuine/B-S-78-G-18.tif,1,genuine_genuine,78,0.2999333441257477,0.24711237681898562,0
1541,data/raw/bhsig260/BHSig100_Bengali/Genuine/B-S-78-G-02.tif,data/raw/bhsig260/BHSig100_Bengali/Genuine/B-S-78-G-14.tif,1,genuine_genuine,78,0.2174740582704544,0.24711237681898562,1
1542,data/raw/bhsig260/BHSig100_Bengali/Genuine/B-S-78-G-11.tif,data/raw/bhsig260/BHSig100_Bengali/Genuine/B-S-78-G-15.tif,1,genuine_genuine,78,0.5513885617256165,0.24711237681898562,0
1543,data/raw/bhsig260/BHSig100_Bengali/Genuine/B-S-78-G-11.tif,data/raw/bhsig260/BHSig100_Bengali/Genuine/B-S-78-G-19.tif,1,genuine_genuine,78,0.21184952557086945,0.24711237681898562,1
1544,data/raw/bhsig260/BHSig100_Bengali/Genuine/B-S-78-G-09.tif,data/raw/bhsig260/BHSig100_Bengali/Genuine/B-S-78-G-18.tif,1,genuine_genuine,78,0.29898393154144287,0.24711237681898562,0
1545,data/raw/bhsig260/BHSig100_Bengali/Genuine/B-S-78-G-02.tif,data/raw/bhsig260/BHSig100_Bengali/Genuine/B-S-78-G-16.tif,1,genuine_genuine,78,0.40608954429626465,0.24711237681898562,0
1546,data/raw/bhsig260/BHSig100_Bengali/Genuine/B-S-78-G-08.tif,data/raw/bhsig260/BHSig100_Bengali/Genuine/B-S-78-G-14.tif,1,genuine_genuine,78,0.2512434422969818,0.24711237681898562,0
1547,data/raw/bhsig260/BHSig100_Bengali/Genuine/B-S-78-G-12.tif,data/raw/bhsig260/BHSig100_Bengali/Genuine/B-S-78-G-19.tif,1,genuine_genuine,78,0.0901997834444046,0.24711237681898562,1
1548,data/raw/bhsig260/BHSig100_Bengali/Genuine/B-S-78-G-08.tif,data/raw/bhsig260/BHSig100_Bengali/Genuine/B-S-78-G-18.tif,1,genuine_genuine,78,0.1781548708677292,0.24711237681898562,1
1549,data/raw/bhsig260/BHSig100_Bengali/Genuine/B-S-78-G-02.tif,data/raw/bhsig260/BHSig100_Bengali/Genuine/B-S-78-G-23.tif,1,genuine_genuine,78,0.3421114981174469,0.24711237681898562,0
1550,data/raw/bhsig260/BHSig100_Bengali/Genuine/B-S-78-G-22.tif,data/raw/bhsig260/BHSig100_Bengali/Forged/B-S-78-F-06.tif,0,skilled_forgery,78,0.6041140556335449,0.24711237681898562,0
1551,data/raw/bhsig260/BHSig100_Bengali/Genuine/B-S-78-G-12.tif,data/raw/bhsig260/BHSig100_Bengali/Forged/B-S-78-F-05.tif,0,skilled_forgery,78,1.0368283987045288,0.24711237681898562,0
1552,data/raw/bhsig260/BHSig100_Bengali/Genuine/B-S-78-G-13.tif,data/raw/bhsig260/BHSig100_Bengali/Forged/B-S-78-F-29.tif,0,skilled_forgery,78,0.9822565913200378,0.24711237681898562,0
1553,data/raw/bhsig260/BHSig100_Bengali/Genuine/B-S-78-G-04.tif,data/raw/bhsig260/BHSig100_Bengali/Forged/B-S-78-F-15.tif,0,skilled_forgery,78,0.21714307367801666,0.24711237681898562,1
1554,data/raw/bhsig260/BHSig100_Bengali/Genuine/B-S-78-G-20.tif,data/raw/bhsig260/BHSig100_Bengali/Forged/B-S-78-F-22.tif,0,skilled_forgery,78,1.2142894268035889,0.24711237681898562,0
1555,data/raw/bhsig260/BHSig100_Bengali/Genuine/B-S-78-G-09.tif,data/raw/bhsig260/BHSig160_Hindi/Genuine/H-S-45-G-07.tif,0,random_forgery,78,1.322710633277893,0.24711237681898562,0
1556,data/raw/bhsig260/BHSig100_Bengali/Genuine/B-S-78-G-19.tif,data/raw/bhsig260/BHSig100_Bengali/Genuine/B-S-95-G-12.tif,0,random_forgery,78,0.998386561870575,0.24711237681898562,0
1557,data/raw/bhsig260/BHSig100_Bengali/Genuine/B-S-78-G-01.tif,data/raw/bhsig260/BHSig160_Hindi/Genuine/H-S-54-G-22.tif,0,random_forgery,78,1.4072855710983276,0.24711237681898562,0
1558,data/raw/bhsig260/BHSig100_Bengali/Genuine/B-S-78-G-14.tif,data/raw/bhsig260/BHSig160_Hindi/Genuine/H-S-78-G-17.tif,0,random_forgery,78,0.3630748391151428,0.24711237681898562,0
1559,data/raw/bhsig260/BHSig100_Bengali/Genuine/B-S-78-G-10.tif,data/raw/bhsig260/BHSig160_Hindi/Genuine/H-S-101-G-05.tif,0,random_forgery,78,0.17079538106918335,0.24711237681898562,1
1560,data/raw/bhsig260/BHSig100_Bengali/Genuine/B-S-79-G-15.tif,data/raw/bhsig260/BHSig100_Bengali/Genuine/B-S-79-G-24.tif,1,genuine_genuine,79,0.11935720592737198,0.24711237681898562,1
1561,data/raw/bhsig260/BHSig100_Bengali/Genuine/B-S-79-G-12.tif,data/raw/bhsig260/BHSig100_Bengali/Genuine/B-S-79-G-23.tif,1,genuine_genuine,79,0.22667190432548523,0.24711237681898562,1
1562,data/raw/bhsig260/BHSig100_Bengali/Genuine/B-S-79-G-03.tif,data/raw/bhsig260/BHSig100_Bengali/Genuine/B-S-79-G-19.tif,1,genuine_genuine,79,0.38469627499580383,0.24711237681898562,0
1563,data/raw/bhsig260/BHSig100_Bengali/Genuine/B-S-79-G-11.tif,data/raw/bhsig260/BHSig100_Bengali/Genuine/B-S-79-G-16.tif,1,genuine_genuine,79,0.37228354811668396,0.24711237681898562,0
1564,data/raw/bhsig260/BHSig100_Bengali/Genuine/B-S-79-G-07.tif,data/raw/bhsig260/BHSig100_Bengali/Genuine/B-S-79-G-19.tif,1,genuine_genuine,79,0.0,0.24711237681898562,1
1565,data/raw/bhsig260/BHSig100_Bengali/Genuine/B-S-79-G-14.tif,data/raw/bhsig260/BHSig100_Bengali/Genuine/B-S-79-G-19.tif,1,genuine_genuine,79,0.39330342411994934,0.24711237681898562,0
1566,data/raw/bhsig260/BHSig100_Bengali/Genuine/B-S-79-G-06.tif,data/raw/bhsig260/BHSig100_Bengali/Genuine/B-S-79-G-07.tif,1,genuine_genuine,79,0.47192633152008057,0.24711237681898562,0
1567,data/raw/bhsig260/BHSig100_Bengali/Genuine/B-S-79-G-18.tif,data/raw/bhsig260/BHSig100_Bengali/Genuine/B-S-79-G-21.tif,1,genuine_genuine,79,0.5012877583503723,0.24711237681898562,0
1568,data/raw/bhsig260/BHSig100_Bengali/Genuine/B-S-79-G-05.tif,data/raw/bhsig260/BHSig100_Bengali/Genuine/B-S-79-G-22.tif,1,genuine_genuine,79,0.0912683755159378,0.24711237681898562,1
1569,data/raw/bhsig260/BHSig100_Bengali/Genuine/B-S-79-G-06.tif,data/raw/bhsig260/BHSig100_Bengali/Genuine/B-S-79-G-22.tif,1,genuine_genuine,79,0.6878512501716614,0.24711237681898562,0
1570,data/raw/bhsig260/BHSig100_Bengali/Genuine/B-S-79-G-22.tif,data/raw/bhsig260/BHSig100_Bengali/Forged/B-S-79-F-17.tif,0,skilled_forgery,79,1.0915191173553467,0.24711237681898562,0
1571,data/raw/bhsig260/BHSig100_Bengali/Genuine/B-S-79-G-16.tif,data/raw/bhsig260/BHSig100_Bengali/Forged/B-S-79-F-12.tif,0,skilled_forgery,79,0.17839506268501282,0.24711237681898562,1
1572,data/raw/bhsig260/BHSig100_Bengali/Genuine/B-S-79-G-18.tif,data/raw/bhsig260/BHSig100_Bengali/Forged/B-S-79-F-10.tif,0,skilled_forgery,79,0.3947974443435669,0.24711237681898562,0
1573,data/raw/bhsig260/BHSig100_Bengali/Genuine/B-S-79-G-01.tif,data/raw/bhsig260/BHSig100_Bengali/Forged/B-S-79-F-26.tif,0,skilled_forgery,79,1.0052752494812012,0.24711237681898562,0
1574,data/raw/bhsig260/BHSig100_Bengali/Genuine/B-S-79-G-17.tif,data/raw/bhsig260/BHSig100_Bengali/Forged/B-S-79-F-15.tif,0,skilled_forgery,79,1.3207248449325562,0.24711237681898562,0
1575,data/raw/bhsig260/BHSig100_Bengali/Genuine/B-S-79-G-02.tif,data/raw/bhsig260/BHSig160_Hindi/Genuine/H-S-121-G-11.tif,0,random_forgery,79,0.14553935825824738,0.24711237681898562,1
1576,data/raw/bhsig260/BHSig100_Bengali/Genuine/B-S-79-G-23.tif,data/raw/bhsig260/BHSig100_Bengali/Genuine/B-S-31-G-14.tif,0,random_forgery,79,0.7638067007064819,0.24711237681898562,0
1577,data/raw/bhsig260/BHSig100_Bengali/Genuine/B-S-79-G-01.tif,data/raw/bhsig260/BHSig160_Hindi/Genuine/H-S-50-G-12.tif,0,random_forgery,79,0.3116871416568756,0.24711237681898562,0
1578,data/raw/bhsig260/BHSig100_Bengali/Genuine/B-S-79-G-03.tif,data/raw/bhsig260/BHSig100_Bengali/Genuine/B-S-49-G-18.tif,0,random_forgery,79,0.9142432808876038,0.24711237681898562,0
1579,data/raw/bhsig260/BHSig100_Bengali/Genuine/B-S-79-G-06.tif,data/raw/bhsig260/BHSig160_Hindi/Genuine/H-S-19-G-18.tif,0,random_forgery,79,0.666770875453949,0.24711237681898562,0
1580,data/raw/bhsig260/BHSig100_Bengali/Genuine/B-S-80-G-04.tif,data/raw/bhsig260/BHSig100_Bengali/Genuine/B-S-80-G-15.tif,1,genuine_genuine,80,0.22351662814617157,0.24711237681898562,1
1581,data/raw/bhsig260/BHSig100_Bengali/Genuine/B-S-80-G-18.tif,data/raw/bhsig260/BHSig100_Bengali/Genuine/B-S-80-G-21.tif,1,genuine_genuine,80,0.3437097370624542,0.24711237681898562,0
1582,data/raw/bhsig260/BHSig100_Bengali/Genuine/B-S-80-G-13.tif,data/raw/bhsig260/BHSig100_Bengali/Genuine/B-S-80-G-24.tif,1,genuine_genuine,80,0.3509078919887543,0.24711237681898562,0
1583,data/raw/bhsig260/BHSig100_Bengali/Genuine/B-S-80-G-09.tif,data/raw/bhsig260/BHSig100_Bengali/Genuine/B-S-80-G-13.tif,1,genuine_genuine,80,0.14439797401428223,0.24711237681898562,1
1584,data/raw/bhsig260/BHSig100_Bengali/Genuine/B-S-80-G-02.tif,data/raw/bhsig260/BHSig100_Bengali/Genuine/B-S-80-G-10.tif,1,genuine_genuine,80,0.16911566257476807,0.24711237681898562,1
1585,data/raw/bhsig260/BHSig100_Bengali/Genuine/B-S-80-G-04.tif,data/raw/bhsig260/BHSig100_Bengali/Genuine/B-S-80-G-10.tif,1,genuine_genuine,80,0.09904247522354126,0.24711237681898562,1
1586,data/raw/bhsig260/BHSig100_Bengali/Genuine/B-S-80-G-15.tif,data/raw/bhsig260/BHSig100_Bengali/Genuine/B-S-80-G-18.tif,1,genuine_genuine,80,0.3868753910064697,0.24711237681898562,0
1587,data/raw/bhsig260/BHSig100_Bengali/Genuine/B-S-80-G-07.tif,data/raw/bhsig260/BHSig100_Bengali/Genuine/B-S-80-G-16.tif,1,genuine_genuine,80,0.6364942193031311,0.24711237681898562,0
1588,data/raw/bhsig260/BHSig100_Bengali/Genuine/B-S-80-G-18.tif,data/raw/bhsig260/BHSig100_Bengali/Genuine/B-S-80-G-23.tif,1,genuine_genuine,80,0.23914015293121338,0.24711237681898562,1
1589,data/raw/bhsig260/BHSig100_Bengali/Genuine/B-S-80-G-10.tif,data/raw/bhsig260/BHSig100_Bengali/Genuine/B-S-80-G-12.tif,1,genuine_genuine,80,0.17446734011173248,0.24711237681898562,1
1590,data/raw/bhsig260/BHSig100_Bengali/Genuine/B-S-80-G-22.tif,data/raw/bhsig260/BHSig100_Bengali/Forged/B-S-80-F-22.tif,0,skilled_forgery,80,0.49116119742393494,0.24711237681898562,0
1591,data/raw/bhsig260/BHSig100_Bengali/Genuine/B-S-80-G-14.tif,data/raw/bhsig260/BHSig100_Bengali/Forged/B-S-80-F-24.tif,0,skilled_forgery,80,0.14769937098026276,0.24711237681898562,1
1592,data/raw/bhsig260/BHSig100_Bengali/Genuine/B-S-80-G-14.tif,data/raw/bhsig260/BHSig100_Bengali/Forged/B-S-80-F-01.tif,0,skilled_forgery,80,0.2306317389011383,0.24711237681898562,1
1593,data/raw/bhsig260/BHSig100_Bengali/Genuine/B-S-80-G-21.tif,data/raw/bhsig260/BHSig100_Bengali/Forged/B-S-80-F-06.tif,0,skilled_forgery,80,0.903714656829834,0.24711237681898562,0
1594,data/raw/bhsig260/BHSig100_Bengali/Genuine/B-S-80-G-04.tif,data/raw/bhsig260/BHSig100_Bengali/Forged/B-S-80-F-06.tif,0,skilled_forgery,80,0.654621422290802,0.24711237681898562,0
1595,data/raw/bhsig260/BHSig100_Bengali/Genuine/B-S-80-G-24.tif,data/raw/bhsig260/BHSig100_Bengali/Genuine/B-S-10-G-09.tif,0,random_forgery,80,0.4260734021663666,0.24711237681898562,0
1596,data/raw/bhsig260/BHSig100_Bengali/Genuine/B-S-80-G-18.tif,data/raw/bhsig260/BHSig160_Hindi/Genuine/H-S-49-G-22.tif,0,random_forgery,80,1.2459133863449097,0.24711237681898562,0
1597,data/raw/bhsig260/BHSig100_Bengali/Genuine/B-S-80-G-24.tif,data/raw/bhsig260/BHSig160_Hindi/Genuine/H-S-104-G-03.tif,0,random_forgery,80,0.2749689817428589,0.24711237681898562,0
1598,data/raw/bhsig260/BHSig100_Bengali/Genuine/B-S-80-G-16.tif,data/raw/bhsig260/BHSig100_Bengali/Genuine/B-S-56-G-10.tif,0,random_forgery,80,1.3236303329467773,0.24711237681898562,0
1599,data/raw/bhsig260/BHSig100_Bengali/Genuine/B-S-80-G-15.tif,data/raw/bhsig260/BHSig160_Hindi/Genuine/H-S-67-G-24.tif,0,random_forgery,80,1.2769519090652466,0.24711237681898562,0
1600,data/raw/bhsig260/BHSig100_Bengali/Genuine/B-S-81-G-09.tif,data/raw/bhsig260/BHSig100_Bengali/Genuine/B-S-81-G-19.tif,1,genuine_genuine,81,0.23540008068084717,0.24711237681898562,1
1601,data/raw/bhsig260/BHSig100_Bengali/Genuine/B-S-81-G-11.tif,data/raw/bhsig260/BHSig100_Bengali/Genuine/B-S-81-G-20.tif,1,genuine_genuine,81,0.18233045935630798,0.24711237681898562,1
1602,data/raw/bhsig260/BHSig100_Bengali/Genuine/B-S-81-G-17.tif,data/raw/bhsig260/BHSig100_Bengali/Genuine/B-S-81-G-20.tif,1,genuine_genuine,81,0.11138556897640228,0.24711237681898562,1
1603,data/raw/bhsig260/BHSig100_Bengali/Genuine/B-S-81-G-04.tif,data/raw/bhsig260/BHSig100_Bengali/Genuine/B-S-81-G-24.tif,1,genuine_genuine,81,0.2500176727771759,0.24711237681898562,0
1604,data/raw/bhsig260/BHSig100_Bengali/Genuine/B-S-81-G-09.tif,data/raw/bhsig260/BHSig100_Bengali/Genuine/B-S-81-G-16.tif,1,genuine_genuine,81,0.20340266823768616,0.24711237681898562,1
1605,data/raw/bhsig260/BHSig100_Bengali/Genuine/B-S-81-G-18.tif,data/raw/bhsig260/BHSig100_Bengali/Genuine/B-S-81-G-20.tif,1,genuine_genuine,81,0.2139069139957428,0.24711237681898562,1
1606,data/raw/bhsig260/BHSig100_Bengali/Genuine/B-S-81-G-03.tif,data/raw/bhsig260/BHSig100_Bengali/Genuine/B-S-81-G-07.tif,1,genuine_genuine,81,0.03148707002401352,0.24711237681898562,1
1607,data/raw/bhsig260/BHSig100_Bengali/Genuine/B-S-81-G-03.tif,data/raw/bhsig260/BHSig100_Bengali/Genuine/B-S-81-G-09.tif,1,genuine_genuine,81,0.3088909685611725,0.24711237681898562,0
1608,data/raw/bhsig260/BHSig100_Bengali/Genuine/B-S-81-G-22.tif,data/raw/bhsig260/BHSig100_Bengali/Genuine/B-S-81-G-23.tif,1,genuine_genuine,81,0.23868097364902496,0.24711237681898562,1
1609,data/raw/bhsig260/BHSig100_Bengali/Genuine/B-S-81-G-07.tif,data/raw/bhsig260/BHSig100_Bengali/Genuine/B-S-81-G-21.tif,1,genuine_genuine,81,0.14679040014743805,0.24711237681898562,1
1610,data/raw/bhsig260/BHSig100_Bengali/Genuine/B-S-81-G-03.tif,data/raw/bhsig260/BHSig100_Bengali/Forged/B-S-81-F-09.tif,0,skilled_forgery,81,0.5823293328285217,0.24711237681898562,0
1611,data/raw/bhsig260/BHSig100_Bengali/Genuine/B-S-81-G-09.tif,data/raw/bhsig260/BHSig100_Bengali/Forged/B-S-81-F-25.tif,0,skilled_forgery,81,0.42985495924949646,0.24711237681898562,0
1612,data/raw/bhsig260/BHSig100_Bengali/Genuine/B-S-81-G-09.tif,data/raw/bhsig260/BHSig100_Bengali/Forged/B-S-81-F-22.tif,0,skilled_forgery,81,0.25717535614967346,0.24711237681898562,0
1613,data/raw/bhsig260/BHSig100_Bengali/Genuine/B-S-81-G-02.tif,data/raw/bhsig260/BHSig100_Bengali/Forged/B-S-81-F-05.tif,0,skilled_forgery,81,0.283157616853714,0.24711237681898562,0
1614,data/raw/bhsig260/BHSig100_Bengali/Genuine/B-S-81-G-15.tif,data/raw/bhsig260/BHSig100_Bengali/Forged/B-S-81-F-01.tif,0,skilled_forgery,81,0.3953953981399536,0.24711237681898562,0
1615,data/raw/bhsig260/BHSig100_Bengali/Genuine/B-S-81-G-15.tif,data/raw/bhsig260/BHSig160_Hindi/Genuine/H-S-129-G-21.tif,0,random_forgery,81,0.5473585724830627,0.24711237681898562,0
1616,data/raw/bhsig260/BHSig100_Bengali/Genuine/B-S-81-G-03.tif,data/raw/bhsig260/BHSig160_Hindi/Genuine/H-S-50-G-16.tif,0,random_forgery,81,0.19172219932079315,0.24711237681898562,1
1617,data/raw/bhsig260/BHSig100_Bengali/Genuine/B-S-81-G-08.tif,data/raw/bhsig260/BHSig160_Hindi/Genuine/H-S-12-G-23.tif,0,random_forgery,81,0.8948939442634583,0.24711237681898562,0
1618,data/raw/bhsig260/BHSig100_Bengali/Genuine/B-S-81-G-14.tif,data/raw/bhsig260/BHSig160_Hindi/Genuine/H-S-28-G-24.tif,0,random_forgery,81,0.5843995213508606,0.24711237681898562,0
1619,data/raw/bhsig260/BHSig100_Bengali/Genuine/B-S-81-G-04.tif,data/raw/bhsig260/BHSig100_Bengali/Genuine/B-S-29-G-02.tif,0,random_forgery,81,0.2556212246417999,0.24711237681898562,0
1620,data/raw/bhsig260/BHSig100_Bengali/Genuine/B-S-82-G-06.tif,data/raw/bhsig260/BHSig100_Bengali/Genuine/B-S-82-G-15.tif,1,genuine_genuine,82,0.8189005851745605,0.24711237681898562,0
1621,data/raw/bhsig260/BHSig100_Bengali/Genuine/B-S-82-G-01.tif,data/raw/bhsig260/BHSig100_Bengali/Genuine/B-S-82-G-15.tif,1,genuine_genuine,82,0.7794227600097656,0.24711237681898562,0
1622,data/raw/bhsig260/BHSig100_Bengali/Genuine/B-S-82-G-09.tif,data/raw/bhsig260/BHSig100_Bengali/Genuine/B-S-82-G-21.tif,1,genuine_genuine,82,0.15801812708377838,0.24711237681898562,1
1623,data/raw/bhsig260/BHSig100_Bengali/Genuine/B-S-82-G-17.tif,data/raw/bhsig260/BHSig100_Bengali/Genuine/B-S-82-G-22.tif,1,genuine_genuine,82,0.17504236102104187,0.24711237681898562,1
1624,data/raw/bhsig260/BHSig100_Bengali/Genuine/B-S-82-G-03.tif,data/raw/bhsig260/BHSig100_Bengali/Genuine/B-S-82-G-22.tif,1,genuine_genuine,82,0.2992365062236786,0.24711237681898562,0
1625,data/raw/bhsig260/BHSig100_Bengali/Genuine/B-S-82-G-18.tif,data/raw/bhsig260/BHSig100_Bengali/Genuine/B-S-82-G-21.tif,1,genuine_genuine,82,0.3558915853500366,0.24711237681898562,0
1626,data/raw/bhsig260/BHSig100_Bengali/Genuine/B-S-82-G-06.tif,data/raw/bhsig260/BHSig100_Bengali/Genuine/B-S-82-G-23.tif,1,genuine_genuine,82,0.8189005851745605,0.24711237681898562,0
1627,data/raw/bhsig260/BHSig100_Bengali/Genuine/B-S-82-G-13.tif,data/raw/bhsig260/BHSig100_Bengali/Genuine/B-S-82-G-14.tif,1,genuine_genuine,82,0.2126203030347824,0.24711237681898562,1
1628,data/raw/bhsig260/BHSig100_Bengali/Genuine/B-S-82-G-01.tif,data/raw/bhsig260/BHSig100_Bengali/Genuine/B-S-82-G-23.tif,1,genuine_genuine,82,0.7794227600097656,0.24711237681898562,0
1629,data/raw/bhsig260/BHSig100_Bengali/Genuine/B-S-82-G-06.tif,data/raw/bhsig260/BHSig100_Bengali/Genuine/B-S-82-G-21.tif,1,genuine_genuine,82,0.14075487852096558,0.24711237681898562,1
1630,data/raw/bhsig260/BHSig100_Bengali/Genuine/B-S-82-G-07.tif,data/raw/bhsig260/BHSig100_Bengali/Forged/B-S-82-F-16.tif,0,skilled_forgery,82,0.4177097976207733,0.24711237681898562,0
1631,data/raw/bhsig260/BHSig100_Bengali/Genuine/B-S-82-G-08.tif,data/raw/bhsig260/BHSig100_Bengali/Forged/B-S-82-F-11.tif,0,skilled_forgery,82,0.42497459053993225,0.24711237681898562,0
1632,data/raw/bhsig260/BHSig100_Bengali/Genuine/B-S-82-G-19.tif,data/raw/bhsig260/BHSig100_Bengali/Forged/B-S-82-F-14.tif,0,skilled_forgery,82,0.4452582597732544,0.24711237681898562,0
1633,data/raw/bhsig260/BHSig100_Bengali/Genuine/B-S-82-G-11.tif,data/raw/bhsig260/BHSig100_Bengali/Forged/B-S-82-F-06.tif,0,skilled_forgery,82,0.5732530951499939,0.24711237681898562,0
1634,data/raw/bhsig260/BHSig100_Bengali/Genuine/B-S-82-G-08.tif,data/raw/bhsig260/BHSig100_Bengali/Forged/B-S-82-F-16.tif,0,skilled_forgery,82,0.4513545036315918,0.24711237681898562,0
1635,data/raw/bhsig260/BHSig100_Bengali/Genuine/B-S-82-G-11.tif,data/raw/bhsig260/BHSig100_Bengali/Genuine/B-S-67-G-23.tif,0,random_forgery,82,1.2033942937850952,0.24711237681898562,0
1636,data/raw/bhsig260/BHSig100_Bengali/Genuine/B-S-82-G-18.tif,data/raw/bhsig260/BHSig160_Hindi/Genuine/H-S-133-G-09.tif,0,random_forgery,82,0.4327910542488098,0.24711237681898562,0
1637,data/raw/bhsig260/BHSig100_Bengali/Genuine/B-S-82-G-15.tif,data/raw/bhsig260/BHSig160_Hindi/Genuine/H-S-7-G-03.tif,0,random_forgery,82,0.9071536064147949,0.24711237681898562,0
1638,data/raw/bhsig260/BHSig100_Bengali/Genuine/B-S-82-G-16.tif,data/raw/bhsig260/BHSig100_Bengali/Genuine/B-S-53-G-21.tif,0,random_forgery,82,0.36423012614250183,0.24711237681898562,0
1639,data/raw/bhsig260/BHSig100_Bengali/Genuine/B-S-82-G-22.tif,data/raw/bhsig260/BHSig100_Bengali/Genuine/B-S-37-G-23.tif,0,random_forgery,82,0.5633462071418762,0.24711237681898562,0
1640,data/raw/bhsig260/BHSig100_Bengali/Genuine/B-S-83-G-19.tif,data/raw/bhsig260/BHSig100_Bengali/Genuine/B-S-83-G-20.tif,1,genuine_genuine,83,0.11100282520055771,0.24711237681898562,1
1641,data/raw/bhsig260/BHSig100_Bengali/Genuine/B-S-83-G-06.tif,data/raw/bhsig260/BHSig100_Bengali/Genuine/B-S-83-G-21.tif,1,genuine_genuine,83,0.31958603858947754,0.24711237681898562,0
1642,data/raw/bhsig260/BHSig100_Bengali/Genuine/B-S-83-G-14.tif,data/raw/bhsig260/BHSig100_Bengali/Genuine/B-S-83-G-19.tif,1,genuine_genuine,83,0.2965647280216217,0.24711237681898562,0
1643,data/raw/bhsig260/BHSig100_Bengali/Genuine/B-S-83-G-11.tif,data/raw/bhsig260/BHSig100_Bengali/Genuine/B-S-83-G-24.tif,1,genuine_genuine,83,0.13708721101284027,0.24711237681898562,1
1644,data/raw/bhsig260/BHSig100_Bengali/Genuine/B-S-83-G-04.tif,data/raw/bhsig260/BHSig100_Bengali/Genuine/B-S-83-G-15.tif,1,genuine_genuine,83,0.0608547180891037,0.24711237681898562,1
1645,data/raw/bhsig260/BHSig100_Bengali/Genuine/B-S-83-G-05.tif,data/raw/bhsig260/BHSig100_Bengali/Genuine/B-S-83-G-15.tif,1,genuine_genuine,83,0.1850317418575287,0.24711237681898562,1
1646,data/raw/bhsig260/BHSig100_Bengali/Genuine/B-S-83-G-01.tif,data/raw/bhsig260/BHSig100_Bengali/Genuine/B-S-83-G-10.tif,1,genuine_genuine,83,0.16789868474006653,0.24711237681898562,1
1647,data/raw/bhsig260/BHSig100_Bengali/Genuine/B-S-83-G-19.tif,data/raw/bhsig260/BHSig100_Bengali/Genuine/B-S-83-G-23.tif,1,genuine_genuine,83,0.13947206735610962,0.24711237681898562,1
1648,data/raw/bhsig260/BHSig100_Bengali/Genuine/B-S-83-G-12.tif,data/raw/bhsig260/BHSig100_Bengali/Genuine/B-S-83-G-14.tif,1,genuine_genuine,83,0.10528241097927094,0.24711237681898562,1
1649,data/raw/bhsig260/BHSig100_Bengali/Genuine/B-S-83-G-18.tif,data/raw/bhsig260/BHSig100_Bengali/Genuine/B-S-83-G-23.tif,1,genuine_genuine,83,0.24993076920509338,0.24711237681898562,0
1650,data/raw/bhsig260/BHSig100_Bengali/Genuine/B-S-83-G-22.tif,data/raw/bhsig260/BHSig100_Bengali/Forged/B-S-83-F-29.tif,0,skilled_forgery,83,1.4227982759475708,0.24711237681898562,0
1651,data/raw/bhsig260/BHSig100_Bengali/Genuine/B-S-83-G-02.tif,data/raw/bhsig260/BHSig100_Bengali/Forged/B-S-83-F-20.tif,0,skilled_forgery,83,1.0431827306747437,0.24711237681898562,0
1652,data/raw/bhsig260/BHSig100_Bengali/Genuine/B-S-83-G-04.tif,data/raw/bhsig260/BHSig100_Bengali/Forged/B-S-83-F-14.tif,0,skilled_forgery,83,0.9858075380325317,0.24711237681898562,0
1653,data/raw/bhsig260/BHSig100_Bengali/Genuine/B-S-83-G-04.tif,data/raw/bhsig260/BHSig100_Bengali/Forged/B-S-83-F-06.tif,0,skilled_forgery,83,1.0528877973556519,0.24711237681898562,0
1654,data/raw/bhsig260/BHSig100_Bengali/Genuine/B-S-83-G-07.tif,data/raw/bhsig260/BHSig100_Bengali/Forged/B-S-83-F-28.tif,0,skilled_forgery,83,1.0315277576446533,0.24711237681898562,0
1655,data/raw/bhsig260/BHSig100_Bengali/Genuine/B-S-83-G-17.tif,data/raw/bhsig260/BHSig160_Hindi/Genuine/H-S-77-G-15.tif,0,random_forgery,83,0.7608657479286194,0.24711237681898562,0
1656,data/raw/bhsig260/BHSig100_Bengali/Genuine/B-S-83-G-19.tif,data/raw/bhsig260/BHSig160_Hindi/Genuine/H-S-035-G-23.tif,0,random_forgery,83,0.1374610811471939,0.24711237681898562,1
1657,data/raw/bhsig260/BHSig100_Bengali/Genuine/B-S-83-G-22.tif,data/raw/bhsig260/BHSig100_Bengali/Genuine/B-S-76-G-07.tif,0,random_forgery,83,0.2327030748128891,0.24711237681898562,1
1658,data/raw/bhsig260/BHSig100_Bengali/Genuine/B-S-83-G-21.tif,data/raw/bhsig260/BHSig100_Bengali/Genuine/B-S-62-G-12.tif,0,random_forgery,83,0.7155515551567078,0.24711237681898562,0
1659,data/raw/bhsig260/BHSig100_Bengali/Genuine/B-S-83-G-04.tif,data/raw/bhsig260/BHSig100_Bengali/Genuine/B-S-56-G-01.tif,0,random_forgery,83,0.2316245436668396,0.24711237681898562,1
1660,data/raw/bhsig260/BHSig100_Bengali/Genuine/B-S-84-G-10.tif,data/raw/bhsig260/BHSig100_Bengali/Genuine/B-S-84-G-17.tif,1,genuine_genuine,84,0.2894081473350525,0.24711237681898562,0
1661,data/raw/bhsig260/BHSig100_Bengali/Genuine/B-S-84-G-04.tif,data/raw/bhsig260/BHSig100_Bengali/Genuine/B-S-84-G-11.tif,1,genuine_genuine,84,0.4815564751625061,0.24711237681898562,0
1662,data/raw/bhsig260/BHSig100_Bengali/Genuine/B-S-84-G-20.tif,data/raw/bhsig260/BHSig100_Bengali/Genuine/B-S-84-G-24.tif,1,genuine_genuine,84,0.13747841119766235,0.24711237681898562,1
1663,data/raw/bhsig260/BHSig100_Bengali/Genuine/B-S-84-G-11.tif,data/raw/bhsig260/BHSig100_Bengali/Genuine/B-S-84-G-21.tif,1,genuine_genuine,84,0.35134533047676086,0.24711237681898562,0
1664,data/raw/bhsig260/BHSig100_Bengali/Genuine/B-S-84-G-01.tif,data/raw/bhsig260/BHSig100_Bengali/Genuine/B-S-84-G-24.tif,1,genuine_genuine,84,0.4342949390411377,0.24711237681898562,0
1665,data/raw/bhsig260/BHSig100_Bengali/Genuine/B-S-84-G-21.tif,data/raw/bhsig260/BHSig100_Bengali/Genuine/B-S-84-G-24.tif,1,genuine_genuine,84,0.13355931639671326,0.24711237681898562,1
1666,data/raw/bhsig260/BHSig100_Bengali/Genuine/B-S-84-G-09.tif,data/raw/bhsig260/BHSig100_Bengali/Genuine/B-S-84-G-16.tif,1,genuine_genuine,84,0.015575426630675793,0.24711237681898562,1
1667,data/raw/bhsig260/BHSig100_Bengali/Genuine/B-S-84-G-01.tif,data/raw/bhsig260/BHSig100_Bengali/Genuine/B-S-84-G-18.tif,1,genuine_genuine,84,0.38880327343940735,0.24711237681898562,0
1668,data/raw/bhsig260/BHSig100_Bengali/Genuine/B-S-84-G-12.tif,data/raw/bhsig260/BHSig100_Bengali/Genuine/B-S-84-G-23.tif,1,genuine_genuine,84,0.0831669345498085,0.24711237681898562,1
1669,data/raw/bhsig260/BHSig100_Bengali/Genuine/B-S-84-G-02.tif,data/raw/bhsig260/BHSig100_Bengali/Genuine/B-S-84-G-05.tif,1,genuine_genuine,84,0.15411321818828583,0.24711237681898562,1
1670,data/raw/bhsig260/BHSig100_Bengali/Genuine/B-S-84-G-02.tif,data/raw/bhsig260/BHSig100_Bengali/Forged/B-S-84-F-30.tif,0,skilled_forgery,84,0.7411009073257446,0.24711237681898562,0
1671,data/raw/bhsig260/BHSig100_Bengali/Genuine/B-S-84-G-07.tif,data/raw/bhsig260/BHSig100_Bengali/Forged/B-S-84-F-27.tif,0,skilled_forgery,84,0.5366525053977966,0.24711237681898562,0
1672,data/raw/bhsig260/BHSig100_Bengali/Genuine/B-S-84-G-06.tif,data/raw/bhsig260/BHSig100_Bengali/Forged/B-S-84-F-16.tif,0,skilled_forgery,84,0.40050771832466125,0.24711237681898562,0
1673,data/raw/bhsig260/BHSig100_Bengali/Genuine/B-S-84-G-03.tif,data/raw/bhsig260/BHSig100_Bengali/Forged/B-S-84-F-04.tif,0,skilled_forgery,84,0.602118730545044,0.24711237681898562,0
1674,data/raw/bhsig260/BHSig100_Bengali/Genuine/B-S-84-G-16.tif,data/raw/bhsig260/BHSig100_Bengali/Forged/B-S-84-F-14.tif,0,skilled_forgery,84,0.3888428807258606,0.24711237681898562,0
1675,data/raw/bhsig260/BHSig100_Bengali/Genuine/B-S-84-G-05.tif,data/raw/bhsig260/BHSig100_Bengali/Genuine/B-S-4-G-19.tif,0,random_forgery,84,0.6633580923080444,0.24711237681898562,0
1676,data/raw/bhsig260/BHSig100_Bengali/Genuine/B-S-84-G-15.tif,data/raw/bhsig260/BHSig160_Hindi/Genuine/H-S-66-G-18.tif,0,random_forgery,84,0.34481069445610046,0.24711237681898562,0
1677,data/raw/bhsig260/BHSig100_Bengali/Genuine/B-S-84-G-06.tif,data/raw/bhsig260/BHSig100_Bengali/Genuine/B-S-65-G-22.tif,0,random_forgery,84,0.49126413464546204,0.24711237681898562,0
1678,data/raw/bhsig260/BHSig100_Bengali/Genuine/B-S-84-G-08.tif,data/raw/bhsig260/BHSig160_Hindi/Genuine/H-S-8-G-22.tif,0,random_forgery,84,0.865619421005249,0.24711237681898562,0
1679,data/raw/bhsig260/BHSig100_Bengali/Genuine/B-S-84-G-17.tif,data/raw/bhsig260/BHSig160_Hindi/Genuine/H-S-74-G-14.tif,0,random_forgery,84,0.7751639485359192,0.24711237681898562,0
1680,data/raw/bhsig260/BHSig100_Bengali/Genuine/B-S-85-G-15.tif,data/raw/bhsig260/BHSig100_Bengali/Genuine/B-S-85-G-17.tif,1,genuine_genuine,85,0.22125795483589172,0.24711237681898562,1
1681,data/raw/bhsig260/BHSig100_Bengali/Genuine/B-S-85-G-01.tif,data/raw/bhsig260/BHSig100_Bengali/Genuine/B-S-85-G-16.tif,1,genuine_genuine,85,0.12050569802522659,0.24711237681898562,1
1682,data/raw/bhsig260/BHSig100_Bengali/Genuine/B-S-85-G-07.tif,data/raw/bhsig260/BHSig100_Bengali/Genuine/B-S-85-G-13.tif,1,genuine_genuine,85,0.2066303938627243,0.24711237681898562,1
1683,data/raw/bhsig260/BHSig100_Bengali/Genuine/B-S-85-G-14.tif,data/raw/bhsig260/BHSig100_Bengali/Genuine/B-S-85-G-17.tif,1,genuine_genuine,85,0.1057283878326416,0.24711237681898562,1
1684,data/raw/bhsig260/BHSig100_Bengali/Genuine/B-S-85-G-06.tif,data/raw/bhsig260/BHSig100_Bengali/Genuine/B-S-85-G-24.tif,1,genuine_genuine,85,0.04497884586453438,0.24711237681898562,1
1685,data/raw/bhsig260/BHSig100_Bengali/Genuine/B-S-85-G-06.tif,data/raw/bhsig260/BHSig100_Bengali/Genuine/B-S-85-G-22.tif,1,genuine_genuine,85,0.2153862714767456,0.24711237681898562,1
1686,data/raw/bhsig260/BHSig100_Bengali/Genuine/B-S-85-G-03.tif,data/raw/bhsig260/BHSig100_Bengali/Genuine/B-S-85-G-11.tif,1,genuine_genuine,85,0.12158826738595963,0.24711237681898562,1
1687,data/raw/bhsig260/BHSig100_Bengali/Genuine/B-S-85-G-06.tif,data/raw/bhsig260/BHSig100_Bengali/Genuine/B-S-85-G-19.tif,1,genuine_genuine,85,0.25568684935569763,0.24711237681898562,0
1688,data/raw/bhsig260/BHSig100_Bengali/Genuine/B-S-85-G-01.tif,data/raw/bhsig260/BHSig100_Bengali/Genuine/B-S-85-G-02.tif,1,genuine_genuine,85,0.27367138862609863,0.24711237681898562,0
1689,data/raw/bhsig260/BHSig100_Bengali/Genuine/B-S-85-G-14.tif,data/raw/bhsig260/BHSig100_Bengali/Genuine/B-S-85-G-22.tif,1,genuine_genuine,85,0.15099287033081055,0.24711237681898562,1
1690,data/raw/bhsig260/BHSig100_Bengali/Genuine/B-S-85-G-16.tif,data/raw/bhsig260/BHSig100_Bengali/Forged/B-S-85-F-18.tif,0,skilled_forgery,85,1.3620131015777588,0.24711237681898562,0
1691,data/raw/bhsig260/BHSig100_Bengali/Genuine/B-S-85-G-15.tif,data/raw/bhsig260/BHSig100_Bengali/Forged/B-S-85-F-05.tif,0,skilled_forgery,85,0.7221593260765076,0.24711237681898562,0
1692,data/raw/bhsig260/BHSig100_Bengali/Genuine/B-S-85-G-12.tif,data/raw/bhsig260/BHSig100_Bengali/Forged/B-S-85-F-26.tif,0,skilled_forgery,85,0.4698900282382965,0.24711237681898562,0
1693,data/raw/bhsig260/BHSig100_Bengali/Genuine/B-S-85-G-12.tif,data/raw/bhsig260/BHSig100_Bengali/Forged/B-S-85-F-11.tif,0,skilled_forgery,85,1.062883973121643,0.24711237681898562,0
1694,data/raw/bhsig260/BHSig100_Bengali/Genuine/B-S-85-G-06.tif,data/raw/bhsig260/BHSig100_Bengali/Forged/B-S-85-F-16.tif,0,skilled_forgery,85,0.5681769847869873,0.24711237681898562,0
1695,data/raw/bhsig260/BHSig100_Bengali/Genuine/B-S-85-G-12.tif,data/raw/bhsig260/BHSig100_Bengali/Genuine/B-S-92-G-12.tif,0,random_forgery,85,0.1710413694381714,0.24711237681898562,1
1696,data/raw/bhsig260/BHSig100_Bengali/Genuine/B-S-85-G-20.tif,data/raw/bhsig260/BHSig100_Bengali/Genuine/B-S-68-G-04.tif,0,random_forgery,85,0.040704935789108276,0.24711237681898562,1
1697,data/raw/bhsig260/BHSig100_Bengali/Genuine/B-S-85-G-12.tif,data/raw/bhsig260/BHSig160_Hindi/Genuine/H-S-109-G-07.tif,0,random_forgery,85,0.2859329879283905,0.24711237681898562,0
1698,data/raw/bhsig260/BHSig100_Bengali/Genuine/B-S-85-G-19.tif,data/raw/bhsig260/BHSig160_Hindi/Genuine/H-S-155-G-09.tif,0,random_forgery,85,1.452077865600586,0.24711237681898562,0
1699,data/raw/bhsig260/BHSig100_Bengali/Genuine/B-S-85-G-15.tif,data/raw/bhsig260/BHSig160_Hindi/Genuine/H-S-43-G-09.tif,0,random_forgery,85,1.1462492942810059,0.24711237681898562,0
1700,data/raw/bhsig260/BHSig100_Bengali/Genuine/B-S-86-G-11.tif,data/raw/bhsig260/BHSig100_Bengali/Genuine/B-S-86-G-24.tif,1,genuine_genuine,86,0.5933300852775574,0.24711237681898562,0
1701,data/raw/bhsig260/BHSig100_Bengali/Genuine/B-S-86-G-03.tif,data/raw/bhsig260/BHSig100_Bengali/Genuine/B-S-86-G-18.tif,1,genuine_genuine,86,0.0,0.24711237681898562,1
1702,data/raw/bhsig260/BHSig100_Bengali/Genuine/B-S-86-G-03.tif,data/raw/bhsig260/BHSig100_Bengali/Genuine/B-S-86-G-09.tif,1,genuine_genuine,86,0.26211926341056824,0.24711237681898562,0
1703,data/raw/bhsig260/BHSig100_Bengali/Genuine/B-S-86-G-15.tif,data/raw/bhsig260/BHSig100_Bengali/Genuine/B-S-86-G-20.tif,1,genuine_genuine,86,0.17477793991565704,0.24711237681898562,1
1704,data/raw/bhsig260/BHSig100_Bengali/Genuine/B-S-86-G-04.tif,data/raw/bhsig260/BHSig100_Bengali/Genuine/B-S-86-G-24.tif,1,genuine_genuine,86,0.20261062681674957,0.24711237681898562,1
1705,data/raw/bhsig260/BHSig100_Bengali/Genuine/B-S-86-G-01.tif,data/raw/bhsig260/BHSig100_Bengali/Genuine/B-S-86-G-10.tif,1,genuine_genuine,86,0.02775794267654419,0.24711237681898562,1
1706,data/raw/bhsig260/BHSig100_Bengali/Genuine/B-S-86-G-15.tif,data/raw/bhsig260/BHSig100_Bengali/Genuine/B-S-86-G-21.tif,1,genuine_genuine,86,0.28073227405548096,0.24711237681898562,0
1707,data/raw/bhsig260/BHSig100_Bengali/Genuine/B-S-86-G-04.tif,data/raw/bhsig260/BHSig100_Bengali/Genuine/B-S-86-G-22.tif,1,genuine_genuine,86,0.2341189831495285,0.24711237681898562,1
1708,data/raw/bhsig260/BHSig100_Bengali/Genuine/B-S-86-G-08.tif,data/raw/bhsig260/BHSig100_Bengali/Genuine/B-S-86-G-21.tif,1,genuine_genuine,86,0.2806011736392975,0.24711237681898562,0
1709,data/raw/bhsig260/BHSig100_Bengali/Genuine/B-S-86-G-05.tif,data/raw/bhsig260/BHSig100_Bengali/Genuine/B-S-86-G-18.tif,1,genuine_genuine,86,0.6351370215415955,0.24711237681898562,0
1710,data/raw/bhsig260/BHSig100_Bengali/Genuine/B-S-86-G-07.tif,data/raw/bhsig260/BHSig100_Bengali/Forged/B-S-86-F-23.tif,0,skilled_forgery,86,0.8926918506622314,0.24711237681898562,0
1711,data/raw/bhsig260/BHSig100_Bengali/Genuine/B-S-86-G-24.tif,data/raw/bhsig260/BHSig100_Bengali/Forged/B-S-86-F-18.tif,0,skilled_forgery,86,1.2292488813400269,0.24711237681898562,0
1712,data/raw/bhsig260/BHSig100_Bengali/Genuine/B-S-86-G-04.tif,data/raw/bhsig260/BHSig100_Bengali/Forged/B-S-86-F-30.tif,0,skilled_forgery,86,1.2239763736724854,0.24711237681898562,0
1713,data/raw/bhsig260/BHSig100_Bengali/Genuine/B-S-86-G-24.tif,data/raw/bhsig260/BHSig100_Bengali/Forged/B-S-86-F-28.tif,0,skilled_forgery,86,0.9699321389198303,0.24711237681898562,0
1714,data/raw/bhsig260/BHSig100_Bengali/Genuine/B-S-86-G-13.tif,data/raw/bhsig260/BHSig100_Bengali/Forged/B-S-86-F-28.tif,0,skilled_forgery,86,0.6646831035614014,0.24711237681898562,0
1715,data/raw/bhsig260/BHSig100_Bengali/Genuine/B-S-86-G-03.tif,data/raw/bhsig260/BHSig160_Hindi/Genuine/H-S-126-G-22.tif,0,random_forgery,86,0.3390447795391083,0.24711237681898562,0
1716,data/raw/bhsig260/BHSig100_Bengali/Genuine/B-S-86-G-02.tif,data/raw/bhsig260/BHSig100_Bengali/Genuine/B-S-26-G-08.tif,0,random_forgery,86,1.0972075462341309,0.24711237681898562,0
1717,data/raw/bhsig260/BHSig100_Bengali/Genuine/B-S-86-G-16.tif,data/raw/bhsig260/BHSig160_Hindi/Genuine/H-S-77-G-21.tif,0,random_forgery,86,0.4350925385951996,0.24711237681898562,0
1718,data/raw/bhsig260/BHSig100_Bengali/Genuine/B-S-86-G-11.tif,data/raw/bhsig260/BHSig100_Bengali/Genuine/B-S-21-G-18.tif,0,random_forgery,86,0.3082338571548462,0.24711237681898562,0
1719,data/raw/bhsig260/BHSig100_Bengali/Genuine/B-S-86-G-21.tif,data/raw/bhsig260/BHSig160_Hindi/Genuine/H-S-018-G-08.tif,0,random_forgery,86,0.15380807220935822,0.24711237681898562,1
1720,data/raw/bhsig260/BHSig100_Bengali/Genuine/B-S-87-G-10.tif,data/raw/bhsig260/BHSig100_Bengali/Genuine/B-S-87-G-19.tif,1,genuine_genuine,87,0.14705213904380798,0.24711237681898562,1
1721,data/raw/bhsig260/BHSig100_Bengali/Genuine/B-S-87-G-06.tif,data/raw/bhsig260/BHSig100_Bengali/Genuine/B-S-87-G-15.tif,1,genuine_genuine,87,0.33863595128059387,0.24711237681898562,0
1722,data/raw/bhsig260/BHSig100_Bengali/Genuine/B-S-87-G-01.tif,data/raw/bhsig260/BHSig100_Bengali/Genuine/B-S-87-G-07.tif,1,genuine_genuine,87,0.1518908143043518,0.24711237681898562,1
1723,data/raw/bhsig260/BHSig100_Bengali/Genuine/B-S-87-G-02.tif,data/raw/bhsig260/BHSig100_Bengali/Genuine/B-S-87-G-21.tif,1,genuine_genuine,87,0.2567712962627411,0.24711237681898562,0
1724,data/raw/bhsig260/BHSig100_Bengali/Genuine/B-S-87-G-12.tif,data/raw/bhsig260/BHSig100_Bengali/Genuine/B-S-87-G-15.tif,1,genuine_genuine,87,0.2014799416065216,0.24711237681898562,1
1725,data/raw/bhsig260/BHSig100_Bengali/Genuine/B-S-87-G-04.tif,data/raw/bhsig260/BHSig100_Bengali/Genuine/B-S-87-G-06.tif,1,genuine_genuine,87,0.3525923788547516,0.24711237681898562,0
1726,data/raw/bhsig260/BHSig100_Bengali/Genuine/B-S-87-G-15.tif,data/raw/bhsig260/BHSig100_Bengali/Genuine/B-S-87-G-16.tif,1,genuine_genuine,87,0.06946492195129395,0.24711237681898562,1
1727,data/raw/bhsig260/BHSig100_Bengali/Genuine/B-S-87-G-14.tif,data/raw/bhsig260/BHSig100_Bengali/Genuine/B-S-87-G-15.tif,1,genuine_genuine,87,0.22152981162071228,0.24711237681898562,1
1728,data/raw/bhsig260/BHSig100_Bengali/Genuine/B-S-87-G-01.tif,data/raw/bhsig260/BHSig100_Bengali/Genuine/B-S-87-G-13.tif,1,genuine_genuine,87,0.18102040886878967,0.24711237681898562,1
1729,data/raw/bhsig260/BHSig100_Bengali/Genuine/B-S-87-G-14.tif,data/raw/bhsig260/BHSig100_Bengali/Genuine/B-S-87-G-22.tif,1,genuine_genuine,87,0.16058318316936493,0.24711237681898562,1
1730,data/raw/bhsig260/BHSig100_Bengali/Genuine/B-S-87-G-21.tif,data/raw/bhsig260/BHSig100_Bengali/Forged/B-S-87-F-12.tif,0,skilled_forgery,87,0.8607816100120544,0.24711237681898562,0
1731,data/raw/bhsig260/BHSig100_Bengali/Genuine/B-S-87-G-02.tif,data/raw/bhsig260/BHSig100_Bengali/Forged/B-S-87-F-15.tif,0,skilled_forgery,87,0.5447350740432739,0.24711237681898562,0
1732,data/raw/bhsig260/BHSig100_Bengali/Genuine/B-S-87-G-06.tif,data/raw/bhsig260/BHSig100_Bengali/Forged/B-S-87-F-26.tif,0,skilled_forgery,87,0.920671284198761,0.24711237681898562,0
1733,data/raw/bhsig260/BHSig100_Bengali/Genuine/B-S-87-G-20.tif,data/raw/bhsig260/BHSig100_Bengali/Forged/B-S-87-F-23.tif,0,skilled_forgery,87,0.5685144066810608,0.24711237681898562,0
1734,data/raw/bhsig260/BHSig100_Bengali/Genuine/B-S-87-G-13.tif,data/raw/bhsig260/BHSig100_Bengali/Forged/B-S-87-F-23.tif,0,skilled_forgery,87,0.7077959775924683,0.24711237681898562,0
1735,data/raw/bhsig260/BHSig100_Bengali/Genuine/B-S-87-G-12.tif,data/raw/bhsig260/BHSig100_Bengali/Genuine/B-S-76-G-23.tif,0,random_forgery,87,0.3912355303764343,0.24711237681898562,0
1736,data/raw/bhsig260/BHSig100_Bengali/Genuine/B-S-87-G-16.tif,data/raw/bhsig260/BHSig100_Bengali/Genuine/B-S-34-G-02.tif,0,random_forgery,87,0.7314655184745789,0.24711237681898562,0
1737,data/raw/bhsig260/BHSig100_Bengali/Genuine/B-S-87-G-07.tif,data/raw/bhsig260/BHSig100_Bengali/Genuine/B-S-63-G-23.tif,0,random_forgery,87,0.45756611227989197,0.24711237681898562,0
1738,data/raw/bhsig260/BHSig100_Bengali/Genuine/B-S-87-G-17.tif,data/raw/bhsig260/BHSig160_Hindi/Genuine/H-S-64-G-18.tif,0,random_forgery,87,0.1772182732820511,0.24711237681898562,1
1739,data/raw/bhsig260/BHSig100_Bengali/Genuine/B-S-87-G-22.tif,data/raw/bhsig260/BHSig100_Bengali/Genuine/B-S-47-G-06.tif,0,random_forgery,87,1.1897107362747192,0.24711237681898562,0
1740,data/raw/bhsig260/BHSig100_Bengali/Genuine/B-S-88-G-05.tif,data/raw/bhsig260/BHSig100_Bengali/Genuine/B-S-88-G-22.tif,1,genuine_genuine,88,0.13982656598091125,0.24711237681898562,1
1741,data/raw/bhsig260/BHSig100_Bengali/Genuine/B-S-88-G-12.tif,data/raw/bhsig260/BHSig100_Bengali/Genuine/B-S-88-G-13.tif,1,genuine_genuine,88,0.2533307373523712,0.24711237681898562,0
1742,data/raw/bhsig260/BHSig100_Bengali/Genuine/B-S-88-G-06.tif,data/raw/bhsig260/BHSig100_Bengali/Genuine/B-S-88-G-16.tif,1,genuine_genuine,88,0.2982496917247772,0.24711237681898562,0
1743,data/raw/bhsig260/BHSig100_Bengali/Genuine/B-S-88-G-11.tif,data/raw/bhsig260/BHSig100_Bengali/Genuine/B-S-88-G-20.tif,1,genuine_genuine,88,0.05304574593901634,0.24711237681898562,1
1744,data/raw/bhsig260/BHSig100_Bengali/Genuine/B-S-88-G-20.tif,data/raw/bhsig260/BHSig100_Bengali/Genuine/B-S-88-G-24.tif,1,genuine_genuine,88,0.25189146399497986,0.24711237681898562,0
1745,data/raw/bhsig260/BHSig100_Bengali/Genuine/B-S-88-G-06.tif,data/raw/bhsig260/BHSig100_Bengali/Genuine/B-S-88-G-08.tif,1,genuine_genuine,88,0.20121584832668304,0.24711237681898562,1
1746,data/raw/bhsig260/BHSig100_Bengali/Genuine/B-S-88-G-17.tif,data/raw/bhsig260/BHSig100_Bengali/Genuine/B-S-88-G-23.tif,1,genuine_genuine,88,0.19961240887641907,0.24711237681898562,1
1747,data/raw/bhsig260/BHSig100_Bengali/Genuine/B-S-88-G-09.tif,data/raw/bhsig260/BHSig100_Bengali/Genuine/B-S-88-G-21.tif,1,genuine_genuine,88,0.17731399834156036,0.24711237681898562,1
1748,data/raw/bhsig260/BHSig100_Bengali/Genuine/B-S-88-G-11.tif,data/raw/bhsig260/BHSig100_Bengali/Genuine/B-S-88-G-14.tif,1,genuine_genuine,88,0.22521166503429413,0.24711237681898562,1
1749,data/raw/bhsig260/BHSig100_Bengali/Genuine/B-S-88-G-17.tif,data/raw/bhsig260/BHSig100_Bengali/Genuine/B-S-88-G-22.tif,1,genuine_genuine,88,0.11918555200099945,0.24711237681898562,1
1750,data/raw/bhsig260/BHSig100_Bengali/Genuine/B-S-88-G-11.tif,data/raw/bhsig260/BHSig100_Bengali/Forged/B-S-88-F-17.tif,0,skilled_forgery,88,0.6731566190719604,0.24711237681898562,0
1751,data/raw/bhsig260/BHSig100_Bengali/Genuine/B-S-88-G-17.tif,data/raw/bhsig260/BHSig100_Bengali/Forged/B-S-88-F-13.tif,0,skilled_forgery,88,0.7579120993614197,0.24711237681898562,0
1752,data/raw/bhsig260/BHSig100_Bengali/Genuine/B-S-88-G-11.tif,data/raw/bhsig260/BHSig100_Bengali/Forged/B-S-88-F-10.tif,0,skilled_forgery,88,0.6103349924087524,0.24711237681898562,0
1753,data/raw/bhsig260/BHSig100_Bengali/Genuine/B-S-88-G-14.tif,data/raw/bhsig260/BHSig100_Bengali/Forged/B-S-88-F-02.tif,0,skilled_forgery,88,0.6581210494041443,0.24711237681898562,0
1754,data/raw/bhsig260/BHSig100_Bengali/Genuine/B-S-88-G-01.tif,data/raw/bhsig260/BHSig100_Bengali/Forged/B-S-88-F-28.tif,0,skilled_forgery,88,0.5350902676582336,0.24711237681898562,0
1755,data/raw/bhsig260/BHSig100_Bengali/Genuine/B-S-88-G-01.tif,data/raw/bhsig260/BHSig160_Hindi/Genuine/H-S-087-G-14.tif,0,random_forgery,88,0.5865603089332581,0.24711237681898562,0
1756,data/raw/bhsig260/BHSig100_Bengali/Genuine/B-S-88-G-23.tif,data/raw/bhsig260/BHSig160_Hindi/Genuine/H-S-78-G-09.tif,0,random_forgery,88,0.34985971450805664,0.24711237681898562,0
1757,data/raw/bhsig260/BHSig100_Bengali/Genuine/B-S-88-G-07.tif,data/raw/bhsig260/BHSig100_Bengali/Genuine/B-S-37-G-19.tif,0,random_forgery,88,0.6211017370223999,0.24711237681898562,0
1758,data/raw/bhsig260/BHSig100_Bengali/Genuine/B-S-88-G-16.tif,data/raw/bhsig260/BHSig100_Bengali/Genuine/B-S-16-G-21.tif,0,random_forgery,88,0.9191675782203674,0.24711237681898562,0
1759,data/raw/bhsig260/BHSig100_Bengali/Genuine/B-S-88-G-09.tif,data/raw/bhsig260/BHSig160_Hindi/Genuine/H-S-42-G-08.tif,0,random_forgery,88,0.18895377218723297,0.24711237681898562,1
1760,data/raw/bhsig260/BHSig100_Bengali/Genuine/B-S-89-G-17.tif,data/raw/bhsig260/BHSig100_Bengali/Genuine/B-S-89-G-22.tif,1,genuine_genuine,89,0.17446695268154144,0.24711237681898562,1
1761,data/raw/bhsig260/BHSig100_Bengali/Genuine/B-S-89-G-08.tif,data/raw/bhsig260/BHSig100_Bengali/Genuine/B-S-89-G-16.tif,1,genuine_genuine,89,0.2994166612625122,0.24711237681898562,0
1762,data/raw/bhsig260/BHSig100_Bengali/Genuine/B-S-89-G-05.tif,data/raw/bhsig260/BHSig100_Bengali/Genuine/B-S-89-G-19.tif,1,genuine_genuine,89,0.0,0.24711237681898562,1
1763,data/raw/bhsig260/BHSig100_Bengali/Genuine/B-S-89-G-09.tif,data/raw/bhsig260/BHSig100_Bengali/Genuine/B-S-89-G-12.tif,1,genuine_genuine,89,0.18070057034492493,0.24711237681898562,1
1764,data/raw/bhsig260/BHSig100_Bengali/Genuine/B-S-89-G-10.tif,data/raw/bhsig260/BHSig100_Bengali/Genuine/B-S-89-G-19.tif,1,genuine_genuine,89,0.5529329180717468,0.24711237681898562,0
1765,data/raw/bhsig260/BHSig100_Bengali/Genuine/B-S-89-G-02.tif,data/raw/bhsig260/BHSig100_Bengali/Genuine/B-S-89-G-19.tif,1,genuine_genuine,89,0.5922324061393738,0.24711237681898562,0
1766,data/raw/bhsig260/BHSig100_Bengali/Genuine/B-S-89-G-13.tif,data/raw/bhsig260/BHSig100_Bengali/Genuine/B-S-89-G-16.tif,1,genuine_genuine,89,0.31490376591682434,0.24711237681898562,0
1767,data/raw/bhsig260/BHSig100_Bengali/Genuine/B-S-89-G-11.tif,data/raw/bhsig260/BHSig100_Bengali/Genuine/B-S-89-G-24.tif,1,genuine_genuine,89,0.3105775713920593,0.24711237681898562,0
1768,data/raw/bhsig260/BHSig100_Bengali/Genuine/B-S-89-G-03.tif,data/raw/bhsig260/BHSig100_Bengali/Genuine/B-S-89-G-12.tif,1,genuine_genuine,89,0.3267836570739746,0.24711237681898562,0
1769,data/raw/bhsig260/BHSig100_Bengali/Genuine/B-S-89-G-04.tif,data/raw/bhsig260/BHSig100_Bengali/Genuine/B-S-89-G-19.tif,1,genuine_genuine,89,0.28959840536117554,0.24711237681898562,0
1770,data/raw/bhsig260/BHSig100_Bengali/Genuine/B-S-89-G-05.tif,data/raw/bhsig260/BHSig100_Bengali/Forged/B-S-89-F-11.tif,0,skilled_forgery,89,1.0945688486099243,0.24711237681898562,0
1771,data/raw/bhsig260/BHSig100_Bengali/Genuine/B-S-89-G-23.tif,data/raw/bhsig260/BHSig100_Bengali/Forged/B-S-89-F-23.tif,0,skilled_forgery,89,1.1531529426574707,0.24711237681898562,0
1772,data/raw/bhsig260/BHSig100_Bengali/Genuine/B-S-89-G-15.tif,data/raw/bhsig260/BHSig100_Bengali/Forged/B-S-89-F-13.tif,0,skilled_forgery,89,1.373094916343689,0.24711237681898562,0
1773,data/raw/bhsig260/BHSig100_Bengali/Genuine/B-S-89-G-17.tif,data/raw/bhsig260/BHSig100_Bengali/Forged/B-S-89-F-22.tif,0,skilled_forgery,89,1.1260485649108887,0.24711237681898562,0
1774,data/raw/bhsig260/BHSig100_Bengali/Genuine/B-S-89-G-13.tif,data/raw/bhsig260/BHSig100_Bengali/Forged/B-S-89-F-29.tif,0,skilled_forgery,89,1.02586829662323,0.24711237681898562,0
1775,data/raw/bhsig260/BHSig100_Bengali/Genuine/B-S-89-G-14.tif,data/raw/bhsig260/BHSig100_Bengali/Genuine/B-S-20-G-18.tif,0,random_forgery,89,1.0171895027160645,0.24711237681898562,0
1776,data/raw/bhsig260/BHSig100_Bengali/Genuine/B-S-89-G-16.tif,data/raw/bhsig260/BHSig160_Hindi/Genuine/H-S-127-G-05.tif,0,random_forgery,89,0.8823113441467285,0.24711237681898562,0
1777,data/raw/bhsig260/BHSig100_Bengali/Genuine/B-S-89-G-11.tif,data/raw/bhsig260/BHSig160_Hindi/Genuine/H-S-148-G-21.tif,0,random_forgery,89,0.7423450946807861,0.24711237681898562,0
1778,data/raw/bhsig260/BHSig100_Bengali/Genuine/B-S-89-G-18.tif,data/raw/bhsig260/BHSig160_Hindi/Genuine/H-S-3-G-14.tif,0,random_forgery,89,0.7345746755599976,0.24711237681898562,0
1779,data/raw/bhsig260/BHSig100_Bengali/Genuine/B-S-89-G-18.tif,data/raw/bhsig260/BHSig160_Hindi/Genuine/H-S-101-G-20.tif,0,random_forgery,89,0.264782577753067,0.24711237681898562,0
1780,data/raw/bhsig260/BHSig100_Bengali/Genuine/B-S-90-G-01.tif,data/raw/bhsig260/BHSig100_Bengali/Genuine/B-S-90-G-15.tif,1,genuine_genuine,90,0.11767276376485825,0.24711237681898562,1
1781,data/raw/bhsig260/BHSig100_Bengali/Genuine/B-S-90-G-01.tif,data/raw/bhsig260/BHSig100_Bengali/Genuine/B-S-90-G-08.tif,1,genuine_genuine,90,0.2926313579082489,0.24711237681898562,0
1782,data/raw/bhsig260/BHSig100_Bengali/Genuine/B-S-90-G-09.tif,data/raw/bhsig260/BHSig100_Bengali/Genuine/B-S-90-G-19.tif,1,genuine_genuine,90,0.22135737538337708,0.24711237681898562,1
1783,data/raw/bhsig260/BHSig100_Bengali/Genuine/B-S-90-G-05.tif,data/raw/bhsig260/BHSig100_Bengali/Genuine/B-S-90-G-13.tif,1,genuine_genuine,90,0.41106489300727844,0.24711237681898562,0
1784,data/raw/bhsig260/BHSig100_Bengali/Genuine/B-S-90-G-03.tif,data/raw/bhsig260/BHSig100_Bengali/Genuine/B-S-90-G-17.tif,1,genuine_genuine,90,0.0,0.24711237681898562,1
1785,data/raw/bhsig260/BHSig100_Bengali/Genuine/B-S-90-G-11.tif,data/raw/bhsig260/BHSig100_Bengali/Genuine/B-S-90-G-23.tif,1,genuine_genuine,90,0.13933083415031433,0.24711237681898562,1
1786,data/raw/bhsig260/BHSig100_Bengali/Genuine/B-S-90-G-11.tif,data/raw/bhsig260/BHSig100_Bengali/Genuine/B-S-90-G-24.tif,1,genuine_genuine,90,0.20989812910556793,0.24711237681898562,1
1787,data/raw/bhsig260/BHSig100_Bengali/Genuine/B-S-90-G-08.tif,data/raw/bhsig260/BHSig100_Bengali/Genuine/B-S-90-G-20.tif,1,genuine_genuine,90,0.24506407976150513,0.24711237681898562,1
1788,data/raw/bhsig260/BHSig100_Bengali/Genuine/B-S-90-G-13.tif,data/raw/bhsig260/BHSig100_Bengali/Genuine/B-S-90-G-19.tif,1,genuine_genuine,90,0.41106489300727844,0.24711237681898562,0
1789,data/raw/bhsig260/BHSig100_Bengali/Genuine/B-S-90-G-20.tif,data/raw/bhsig260/BHSig100_Bengali/Genuine/B-S-90-G-21.tif,1,genuine_genuine,90,0.44770148396492004,0.24711237681898562,0
1790,data/raw/bhsig260/BHSig100_Bengali/Genuine/B-S-90-G-24.tif,data/raw/bhsig260/BHSig100_Bengali/Forged/B-S-90-F-02.tif,0,skilled_forgery,90,0.994883120059967,0.24711237681898562,0
1791,data/raw/bhsig260/BHSig100_Bengali/Genuine/B-S-90-G-22.tif,data/raw/bhsig260/BHSig100_Bengali/Forged/B-S-90-F-21.tif,0,skilled_forgery,90,0.6469975709915161,0.24711237681898562,0
1792,data/raw/bhsig260/BHSig100_Bengali/Genuine/B-S-90-G-12.tif,data/raw/bhsig260/BHSig100_Bengali/Forged/B-S-90-F-14.tif,0,skilled_forgery,90,0.542783796787262,0.24711237681898562,0
1793,data/raw/bhsig260/BHSig100_Bengali/Genuine/B-S-90-G-16.tif,data/raw/bhsig260/BHSig100_Bengali/Forged/B-S-90-F-14.tif,0,skilled_forgery,90,0.7027425765991211,0.24711237681898562,0
1794,data/raw/bhsig260/BHSig100_Bengali/Genuine/B-S-90-G-15.tif,data/raw/bhsig260/BHSig100_Bengali/Forged/B-S-90-F-29.tif,0,skilled_forgery,90,1.0568108558654785,0.24711237681898562,0
1795,data/raw/bhsig260/BHSig100_Bengali/Genuine/B-S-90-G-13.tif,data/raw/bhsig260/BHSig100_Bengali/Genuine/B-S-97-G-02.tif,0,random_forgery,90,0.5638464093208313,0.24711237681898562,0
1796,data/raw/bhsig260/BHSig100_Bengali/Genuine/B-S-90-G-24.tif,data/raw/bhsig260/BHSig160_Hindi/Genuine/H-S-107-G-02.tif,0,random_forgery,90,0.2532314658164978,0.24711237681898562,0
1797,data/raw/bhsig260/BHSig100_Bengali/Genuine/B-S-90-G-24.tif,data/raw/bhsig260/BHSig100_Bengali/Genuine/B-S-14-G-15.tif,0,random_forgery,90,0.6192840933799744,0.24711237681898562,0
1798,data/raw/bhsig260/BHSig100_Bengali/Genuine/B-S-90-G-02.tif,data/raw/bhsig260/BHSig160_Hindi/Genuine/H-S-63-G-15.tif,0,random_forgery,90,0.5917395949363708,0.24711237681898562,0
1799,data/raw/bhsig260/BHSig100_Bengali/Genuine/B-S-90-G-11.tif,data/raw/bhsig260/BHSig160_Hindi/Genuine/H-S-134-G-05.tif,0,random_forgery,90,0.8287577629089355,0.24711237681898562,0
1800,data/raw/bhsig260/BHSig100_Bengali/Genuine/B-S-91-G-04.tif,data/raw/bhsig260/BHSig100_Bengali/Genuine/B-S-91-G-11.tif,1,genuine_genuine,91,0.3420864939689636,0.24711237681898562,0
1801,data/raw/bhsig260/BHSig100_Bengali/Genuine/B-S-91-G-09.tif,data/raw/bhsig260/BHSig100_Bengali/Genuine/B-S-91-G-11.tif,1,genuine_genuine,91,0.07202430069446564,0.24711237681898562,1
1802,data/raw/bhsig260/BHSig100_Bengali/Genuine/B-S-91-G-09.tif,data/raw/bhsig260/BHSig100_Bengali/Genuine/B-S-91-G-15.tif,1,genuine_genuine,91,0.24246908724308014,0.24711237681898562,1
1803,data/raw/bhsig260/BHSig100_Bengali/Genuine/B-S-91-G-05.tif,data/raw/bhsig260/BHSig100_Bengali/Genuine/B-S-91-G-11.tif,1,genuine_genuine,91,0.1900930553674698,0.24711237681898562,1
1804,data/raw/bhsig260/BHSig100_Bengali/Genuine/B-S-91-G-20.tif,data/raw/bhsig260/BHSig100_Bengali/Genuine/B-S-91-G-22.tif,1,genuine_genuine,91,0.07202430069446564,0.24711237681898562,1
1805,data/raw/bhsig260/BHSig100_Bengali/Genuine/B-S-91-G-04.tif,data/raw/bhsig260/BHSig100_Bengali/Genuine/B-S-91-G-22.tif,1,genuine_genuine,91,0.3420864939689636,0.24711237681898562,0
1806,data/raw/bhsig260/BHSig100_Bengali/Genuine/B-S-91-G-03.tif,data/raw/bhsig260/BHSig100_Bengali/Genuine/B-S-91-G-11.tif,1,genuine_genuine,91,0.2287098914384842,0.24711237681898562,1
1807,data/raw/bhsig260/BHSig100_Bengali/Genuine/B-S-91-G-01.tif,data/raw/bhsig260/BHSig100_Bengali/Genuine/B-S-91-G-14.tif,1,genuine_genuine,91,0.275736927986145,0.24711237681898562,0
1808,data/raw/bhsig260/BHSig100_Bengali/Genuine/B-S-91-G-11.tif,data/raw/bhsig260/BHSig100_Bengali/Genuine/B-S-91-G-23.tif,1,genuine_genuine,91,0.32041436433792114,0.24711237681898562,0
1809,data/raw/bhsig260/BHSig100_Bengali/Genuine/B-S-91-G-02.tif,data/raw/bhsig260/BHSig100_Bengali/Genuine/B-S-91-G-06.tif,1,genuine_genuine,91,0.11825618147850037,0.24711237681898562,1
1810,data/raw/bhsig260/BHSig100_Bengali/Genuine/B-S-91-G-05.tif,data/raw/bhsig260/BHSig100_Bengali/Forged/B-S-91-F-11.tif,0,skilled_forgery,91,1.1148699522018433,0.24711237681898562,0
1811,data/raw/bhsig260/BHSig100_Bengali/Genuine/B-S-91-G-14.tif,data/raw/bhsig260/BHSig100_Bengali/Forged/B-S-91-F-07.tif,0,skilled_forgery,91,0.8944116830825806,0.24711237681898562,0
1812,data/raw/bhsig260/BHSig100_Bengali/Genuine/B-S-91-G-06.tif,data/raw/bhsig260/BHSig100_Bengali/Forged/B-S-91-F-04.tif,0,skilled_forgery,91,1.0224155187606812,0.24711237681898562,0
1813,data/raw/bhsig260/BHSig100_Bengali/Genuine/B-S-91-G-20.tif,data/raw/bhsig260/BHSig100_Bengali/Forged/B-S-91-F-09.tif,0,skilled_forgery,91,1.2207359075546265,0.24711237681898562,0
1814,data/raw/bhsig260/BHSig100_Bengali/Genuine/B-S-91-G-10.tif,data/raw/bhsig260/BHSig100_Bengali/Forged/B-S-91-F-11.tif,0,skilled_forgery,91,1.0524170398712158,0.24711237681898562,0
1815,data/raw/bhsig260/BHSig100_Bengali/Genuine/B-S-91-G-22.tif,data/raw/bhsig260/BHSig160_Hindi/Genuine/H-S-50-G-18.tif,0,random_forgery,91,0.8471105098724365,0.24711237681898562,0
1816,data/raw/bhsig260/BHSig100_Bengali/Genuine/B-S-91-G-08.tif,data/raw/bhsig260/BHSig160_Hindi/Genuine/H-S-105-G-15.tif,0,random_forgery,91,1.078074336051941,0.24711237681898562,0
1817,data/raw/bhsig260/BHSig100_Bengali/Genuine/B-S-91-G-21.tif,data/raw/bhsig260/BHSig160_Hindi/Genuine/H-S-143-G-22.tif,0,random_forgery,91,0.32644379138946533,0.24711237681898562,0
1818,data/raw/bhsig260/BHSig100_Bengali/Genuine/B-S-91-G-11.tif,data/raw/bhsig260/BHSig160_Hindi/Genuine/H-S-80-G-19.tif,0,random_forgery,91,0.09216904640197754,0.24711237681898562,1
1819,data/raw/bhsig260/BHSig100_Bengali/Genuine/B-S-91-G-04.tif,data/raw/bhsig260/BHSig160_Hindi/Genuine/H-S-129-G-03.tif,0,random_forgery,91,0.9672259092330933,0.24711237681898562,0
1820,data/raw/bhsig260/BHSig100_Bengali/Genuine/B-S-92-G-11.tif,data/raw/bhsig260/BHSig100_Bengali/Genuine/B-S-92-G-13.tif,1,genuine_genuine,92,0.22068758308887482,0.24711237681898562,1
1821,data/raw/bhsig260/BHSig100_Bengali/Genuine/B-S-92-G-09.tif,data/raw/bhsig260/BHSig100_Bengali/Genuine/B-S-92-G-17.tif,1,genuine_genuine,92,0.21652980148792267,0.24711237681898562,1
1822,data/raw/bhsig260/BHSig100_Bengali/Genuine/B-S-92-G-01.tif,data/raw/bhsig260/BHSig100_Bengali/Genuine/B-S-92-G-07.tif,1,genuine_genuine,92,0.36489802598953247,0.24711237681898562,0
1823,data/raw/bhsig260/BHSig100_Bengali/Genuine/B-S-92-G-09.tif,data/raw/bhsig260/BHSig100_Bengali/Genuine/B-S-92-G-14.tif,1,genuine_genuine,92,0.18589113652706146,0.24711237681898562,1
1824,data/raw/bhsig260/BHSig100_Bengali/Genuine/B-S-92-G-04.tif,data/raw/bhsig260/BHSig100_Bengali/Genuine/B-S-92-G-20.tif,1,genuine_genuine,92,0.13500507175922394,0.24711237681898562,1
1825,data/raw/bhsig260/BHSig100_Bengali/Genuine/B-S-92-G-10.tif,data/raw/bhsig260/BHSig100_Bengali/Genuine/B-S-92-G-19.tif,1,genuine_genuine,92,0.1581164002418518,0.24711237681898562,1
1826,data/raw/bhsig260/BHSig100_Bengali/Genuine/B-S-92-G-05.tif,data/raw/bhsig260/BHSig100_Bengali/Genuine/B-S-92-G-16.tif,1,genuine_genuine,92,0.1683306097984314,0.24711237681898562,1
1827,data/raw/bhsig260/BHSig100_Bengali/Genuine/B-S-92-G-15.tif,data/raw/bhsig260/BHSig100_Bengali/Genuine/B-S-92-G-16.tif,1,genuine_genuine,92,0.32356587052345276,0.24711237681898562,0
1828,data/raw/bhsig260/BHSig100_Bengali/Genuine/B-S-92-G-12.tif,data/raw/bhsig260/BHSig100_Bengali/Genuine/B-S-92-G-23.tif,1,genuine_genuine,92,0.17415939271450043,0.24711237681898562,1
1829,data/raw/bhsig260/BHSig100_Bengali/Genuine/B-S-92-G-11.tif,data/raw/bhsig260/BHSig100_Bengali/Genuine/B-S-92-G-20.tif,1,genuine_genuine,92,0.0999421700835228,0.24711237681898562,1
1830,data/raw/bhsig260/BHSig100_Bengali/Genuine/B-S-92-G-11.tif,data/raw/bhsig260/BHSig100_Bengali/Forged/B-S-92-F-11.tif,0,skilled_forgery,92,0.381641685962677,0.24711237681898562,0
1831,data/raw/bhsig260/BHSig100_Bengali/Genuine/B-S-92-G-13.tif,data/raw/bhsig260/BHSig100_Bengali/Forged/B-S-92-F-18.tif,0,skilled_forgery,92,0.22331345081329346,0.24711237681898562,1
1832,data/raw/bhsig260/BHSig100_Bengali/Genuine/B-S-92-G-04.tif,data/raw/bhsig260/BHSig100_Bengali/Forged/B-S-92-F-07.tif,0,skilled_forgery,92,0.5983687043190002,0.24711237681898562,0
1833,data/raw/bhsig260/BHSig100_Bengali/Genuine/B-S-92-G-17.tif,data/raw/bhsig260/BHSig100_Bengali/Forged/B-S-92-F-17.tif,0,skilled_forgery,92,0.36390337347984314,0.24711237681898562,0
1834,data/raw/bhsig260/BHSig100_Bengali/Genuine/B-S-92-G-24.tif,data/raw/bhsig260/BHSig100_Bengali/Forged/B-S-92-F-20.tif,0,skilled_forgery,92,0.39056074619293213,0.24711237681898562,0
1835,data/raw/bhsig260/BHSig100_Bengali/Genuine/B-S-92-G-12.tif,data/raw/bhsig260/BHSig100_Bengali/Genuine/B-S-81-G-02.tif,0,random_forgery,92,0.22578568756580353,0.24711237681898562,1
1836,data/raw/bhsig260/BHSig100_Bengali/Genuine/B-S-92-G-07.tif,data/raw/bhsig260/BHSig100_Bengali/Genuine/B-S-99-G-21.tif,0,random_forgery,92,0.9807111024856567,0.24711237681898562,0
1837,data/raw/bhsig260/BHSig100_Bengali/Genuine/B-S-92-G-01.tif,data/raw/bhsig260/BHSig160_Hindi/Genuine/H-S-14-G-05.tif,0,random_forgery,92,0.4888796806335449,0.24711237681898562,0
1838,data/raw/bhsig260/BHSig100_Bengali/Genuine/B-S-92-G-14.tif,data/raw/bhsig260/BHSig100_Bengali/Genuine/B-S-26-G-18.tif,0,random_forgery,92,0.5145518779754639,0.24711237681898562,0
1839,data/raw/bhsig260/BHSig100_Bengali/Genuine/B-S-92-G-05.tif,data/raw/bhsig260/BHSig100_Bengali/Genuine/B-S-97-G-01.tif,0,random_forgery,92,0.5522610545158386,0.24711237681898562,0
1840,data/raw/bhsig260/BHSig100_Bengali/Genuine/B-S-93-G-12.tif,data/raw/bhsig260/BHSig100_Bengali/Genuine/B-S-93-G-22.tif,1,genuine_genuine,93,0.08935564011335373,0.24711237681898562,1
1841,data/raw/bhsig260/BHSig100_Bengali/Genuine/B-S-93-G-06.tif,data/raw/bhsig260/BHSig100_Bengali/Genuine/B-S-93-G-21.tif,1,genuine_genuine,93,0.05932864546775818,0.24711237681898562,1
1842,data/raw/bhsig260/BHSig100_Bengali/Genuine/B-S-93-G-03.tif,data/raw/bhsig260/BHSig100_Bengali/Genuine/B-S-93-G-08.tif,1,genuine_genuine,93,0.1594533920288086,0.24711237681898562,1
1843,data/raw/bhsig260/BHSig100_Bengali/Genuine/B-S-93-G-01.tif,data/raw/bhsig260/BHSig100_Bengali/Genuine/B-S-93-G-11.tif,1,genuine_genuine,93,0.46064749360084534,0.24711237681898562,0
1844,data/raw/bhsig260/BHSig100_Bengali/Genuine/B-S-93-G-07.tif,data/raw/bhsig260/BHSig100_Bengali/Genuine/B-S-93-G-11.tif,1,genuine_genuine,93,0.2632092237472534,0.24711237681898562,0
1845,data/raw/bhsig260/BHSig100_Bengali/Genuine/B-S-93-G-10.tif,data/raw/bhsig260/BHSig100_Bengali/Genuine/B-S-93-G-13.tif,1,genuine_genuine,93,0.14599686861038208,0.24711237681898562,1
1846,data/raw/bhsig260/BHSig100_Bengali/Genuine/B-S-93-G-04.tif,data/raw/bhsig260/BHSig100_Bengali/Genuine/B-S-93-G-08.tif,1,genuine_genuine,93,0.09546556323766708,0.24711237681898562,1
1847,data/raw/bhsig260/BHSig100_Bengali/Genuine/B-S-93-G-07.tif,data/raw/bhsig260/BHSig100_Bengali/Genuine/B-S-93-G-17.tif,1,genuine_genuine,93,0.09859821945428848,0.24711237681898562,1
1848,data/raw/bhsig260/BHSig100_Bengali/Genuine/B-S-93-G-08.tif,data/raw/bhsig260/BHSig100_Bengali/Genuine/B-S-93-G-11.tif,1,genuine_genuine,93,0.26930809020996094,0.24711237681898562,0
1849,data/raw/bhsig260/BHSig100_Bengali/Genuine/B-S-93-G-03.tif,data/raw/bhsig260/BHSig100_Bengali/Genuine/B-S-93-G-20.tif,1,genuine_genuine,93,0.1505945324897766,0.24711237681898562,1
1850,data/raw/bhsig260/BHSig100_Bengali/Genuine/B-S-93-G-08.tif,data/raw/bhsig260/BHSig100_Bengali/Forged/B-S-93-F-19.tif,0,skilled_forgery,93,0.44614800810813904,0.24711237681898562,0
1851,data/raw/bhsig260/BHSig100_Bengali/Genuine/B-S-93-G-21.tif,data/raw/bhsig260/BHSig100_Bengali/Forged/B-S-93-F-25.tif,0,skilled_forgery,93,0.3341270089149475,0.24711237681898562,0
1852,data/raw/bhsig260/BHSig100_Bengali/Genuine/B-S-93-G-10.tif,data/raw/bhsig260/BHSig100_Bengali/Forged/B-S-93-F-22.tif,0,skilled_forgery,93,0.27022281289100647,0.24711237681898562,0
1853,data/raw/bhsig260/BHSig100_Bengali/Genuine/B-S-93-G-04.tif,data/raw/bhsig260/BHSig100_Bengali/Forged/B-S-93-F-14.tif,0,skilled_forgery,93,0.42847102880477905,0.24711237681898562,0
1854,data/raw/bhsig260/BHSig100_Bengali/Genuine/B-S-93-G-15.tif,data/raw/bhsig260/BHSig100_Bengali/Forged/B-S-93-F-17.tif,0,skilled_forgery,93,0.46150755882263184,0.24711237681898562,0
1855,data/raw/bhsig260/BHSig100_Bengali/Genuine/B-S-93-G-15.tif,data/raw/bhsig260/BHSig100_Bengali/Genuine/B-S-14-G-08.tif,0,random_forgery,93,0.6237978339195251,0.24711237681898562,0
1856,data/raw/bhsig260/BHSig100_Bengali/Genuine/B-S-93-G-09.tif,data/raw/bhsig260/BHSig160_Hindi/Genuine/H-S-70-G-14.tif,0,random_forgery,93,0.6264645457267761,0.24711237681898562,0
1857,data/raw/bhsig260/BHSig100_Bengali/Genuine/B-S-93-G-01.tif,data/raw/bhsig260/BHSig100_Bengali/Genuine/B-S-25-G-24.tif,0,random_forgery,93,0.5418554544448853,0.24711237681898562,0
1858,data/raw/bhsig260/BHSig100_Bengali/Genuine/B-S-93-G-19.tif,data/raw/bhsig260/BHSig160_Hindi/Genuine/H-S-151-G-15.tif,0,random_forgery,93,0.6482715606689453,0.24711237681898562,0
1859,data/raw/bhsig260/BHSig100_Bengali/Genuine/B-S-93-G-02.tif,data/raw/bhsig260/BHSig160_Hindi/Genuine/H-S-32-G-21.tif,0,random_forgery,93,0.357980877161026,0.24711237681898562,0
1860,data/raw/bhsig260/BHSig100_Bengali/Genuine/B-S-94-G-04.tif,data/raw/bhsig260/BHSig100_Bengali/Genuine/B-S-94-G-20.tif,1,genuine_genuine,94,0.4934822618961334,0.24711237681898562,0
1861,data/raw/bhsig260/BHSig100_Bengali/Genuine/B-S-94-G-02.tif,data/raw/bhsig260/BHSig100_Bengali/Genuine/B-S-94-G-05.tif,1,genuine_genuine,94,0.31634581089019775,0.24711237681898562,0
1862,data/raw/bhsig260/BHSig100_Bengali/Genuine/B-S-94-G-03.tif,data/raw/bhsig260/BHSig100_Bengali/Genuine/B-S-94-G-05.tif,1,genuine_genuine,94,0.11271386593580246,0.24711237681898562,1
1863,data/raw/bhsig260/BHSig100_Bengali/Genuine/B-S-94-G-01.tif,data/raw/bhsig260/BHSig100_Bengali/Genuine/B-S-94-G-08.tif,1,genuine_genuine,94,0.5574976205825806,0.24711237681898562,0
1864,data/raw/bhsig260/BHSig100_Bengali/Genuine/B-S-94-G-10.tif,data/raw/bhsig260/BHSig100_Bengali/Genuine/B-S-94-G-24.tif,1,genuine_genuine,94,0.25984299182891846,0.24711237681898562,0
1865,data/raw/bhsig260/BHSig100_Bengali/Genuine/B-S-94-G-08.tif,data/raw/bhsig260/BHSig100_Bengali/Genuine/B-S-94-G-17.tif,1,genuine_genuine,94,0.2440677285194397,0.24711237681898562,1
1866,data/raw/bhsig260/BHSig100_Bengali/Genuine/B-S-94-G-07.tif,data/raw/bhsig260/BHSig100_Bengali/Genuine/B-S-94-G-10.tif,1,genuine_genuine,94,0.10352034121751785,0.24711237681898562,1
1867,data/raw/bhsig260/BHSig100_Bengali/Genuine/B-S-94-G-01.tif,data/raw/bhsig260/BHSig100_Bengali/Genuine/B-S-94-G-23.tif,1,genuine_genuine,94,0.5790683031082153,0.24711237681898562,0
1868,data/raw/bhsig260/BHSig100_Bengali/Genuine/B-S-94-G-02.tif,data/raw/bhsig260/BHSig100_Bengali/Genuine/B-S-94-G-04.tif,1,genuine_genuine,94,0.33385464549064636,0.24711237681898562,0
1869,data/raw/bhsig260/BHSig100_Bengali/Genuine/B-S-94-G-12.tif,data/raw/bhsig260/BHSig100_Bengali/Genuine/B-S-94-G-19.tif,1,genuine_genuine,94,0.09970695525407791,0.24711237681898562,1
1870,data/raw/bhsig260/BHSig100_Bengali/Genuine/B-S-94-G-07.tif,data/raw/bhsig260/BHSig100_Bengali/Forged/B-S-94-F-25.tif,0,skilled_forgery,94,0.4456894099712372,0.24711237681898562,0
1871,data/raw/bhsig260/BHSig100_Bengali/Genuine/B-S-94-G-21.tif,data/raw/bhsig260/BHSig100_Bengali/Forged/B-S-94-F-26.tif,0,skilled_forgery,94,0.42694032192230225,0.24711237681898562,0
1872,data/raw/bhsig260/BHSig100_Bengali/Genuine/B-S-94-G-19.tif,data/raw/bhsig260/BHSig100_Bengali/Forged/B-S-94-F-05.tif,0,skilled_forgery,94,0.43586060404777527,0.24711237681898562,0
1873,data/raw/bhsig260/BHSig100_Bengali/Genuine/B-S-94-G-02.tif,data/raw/bhsig260/BHSig100_Bengali/Forged/B-S-94-F-22.tif,0,skilled_forgery,94,0.3187362849712372,0.24711237681898562,0
1874,data/raw/bhsig260/BHSig100_Bengali/Genuine/B-S-94-G-03.tif,data/raw/bhsig260/BHSig100_Bengali/Forged/B-S-94-F-23.tif,0,skilled_forgery,94,0.5115441679954529,0.24711237681898562,0
1875,data/raw/bhsig260/BHSig100_Bengali/Genuine/B-S-94-G-14.tif,data/raw/bhsig260/BHSig100_Bengali/Genuine/B-S-40-G-12.tif,0,random_forgery,94,0.5362408757209778,0.24711237681898562,0
1876,data/raw/bhsig260/BHSig100_Bengali/Genuine/B-S-94-G-23.tif,data/raw/bhsig260/BHSig160_Hindi/Genuine/H-S-4-G-11.tif,0,random_forgery,94,1.0059722661972046,0.24711237681898562,0
1877,data/raw/bhsig260/BHSig100_Bengali/Genuine/B-S-94-G-24.tif,data/raw/bhsig260/BHSig160_Hindi/Genuine/H-S-087-G-22.tif,0,random_forgery,94,0.8181092143058777,0.24711237681898562,0
1878,data/raw/bhsig260/BHSig100_Bengali/Genuine/B-S-94-G-12.tif,data/raw/bhsig260/BHSig100_Bengali/Genuine/B-S-33-G-21.tif,0,random_forgery,94,1.1759133338928223,0.24711237681898562,0
1879,data/raw/bhsig260/BHSig100_Bengali/Genuine/B-S-94-G-21.tif,data/raw/bhsig260/BHSig160_Hindi/Genuine/H-S-4-G-05.tif,0,random_forgery,94,1.109065055847168,0.24711237681898562,0
1880,data/raw/bhsig260/BHSig100_Bengali/Genuine/B-S-95-G-18.tif,data/raw/bhsig260/BHSig100_Bengali/Genuine/B-S-95-G-23.tif,1,genuine_genuine,95,0.2445187270641327,0.24711237681898562,1
1881,data/raw/bhsig260/BHSig100_Bengali/Genuine/B-S-95-G-12.tif,data/raw/bhsig260/BHSig100_Bengali/Genuine/B-S-95-G-20.tif,1,genuine_genuine,95,0.09867272526025772,0.24711237681898562,1
1882,data/raw/bhsig260/BHSig100_Bengali/Genuine/B-S-95-G-14.tif,data/raw/bhsig260/BHSig100_Bengali/Genuine/B-S-95-G-23.tif,1,genuine_genuine,95,0.2594864070415497,0.24711237681898562,0
1883,data/raw/bhsig260/BHSig100_Bengali/Genuine/B-S-95-G-19.tif,data/raw/bhsig260/BHSig100_Bengali/Genuine/B-S-95-G-23.tif,1,genuine_genuine,95,0.19529417157173157,0.24711237681898562,1
1884,data/raw/bhsig260/BHSig100_Bengali/Genuine/B-S-95-G-01.tif,data/raw/bhsig260/BHSig100_Bengali/Genuine/B-S-95-G-02.tif,1,genuine_genuine,95,0.2518533170223236,0.24711237681898562,0
1885,data/raw/bhsig260/BHSig100_Bengali/Genuine/B-S-95-G-09.tif,data/raw/bhsig260/BHSig100_Bengali/Genuine/B-S-95-G-18.tif,1,genuine_genuine,95,0.2949143350124359,0.24711237681898562,0
1886,data/raw/bhsig260/BHSig100_Bengali/Genuine/B-S-95-G-20.tif,data/raw/bhsig260/BHSig100_Bengali/Genuine/B-S-95-G-23.tif,1,genuine_genuine,95,0.163021981716156,0.24711237681898562,1
1887,data/raw/bhsig260/BHSig100_Bengali/Genuine/B-S-95-G-04.tif,data/raw/bhsig260/BHSig100_Bengali/Genuine/B-S-95-G-13.tif,1,genuine_genuine,95,0.3238547146320343,0.24711237681898562,0
1888,data/raw/bhsig260/BHSig100_Bengali/Genuine/B-S-95-G-07.tif,data/raw/bhsig260/BHSig100_Bengali/Genuine/B-S-95-G-10.tif,1,genuine_genuine,95,0.06339023262262344,0.24711237681898562,1
1889,data/raw/bhsig260/BHSig100_Bengali/Genuine/B-S-95-G-09.tif,data/raw/bhsig260/BHSig100_Bengali/Genuine/B-S-95-G-16.tif,1,genuine_genuine,95,0.17554838955402374,0.24711237681898562,1
1890,data/raw/bhsig260/BHSig100_Bengali/Genuine/B-S-95-G-06.tif,data/raw/bhsig260/BHSig100_Bengali/Forged/B-S-95-F-30.tif,0,skilled_forgery,95,0.15599249303340912,0.24711237681898562,1
1891,data/raw/bhsig260/BHSig100_Bengali/Genuine/B-S-95-G-07.tif,data/raw/bhsig260/BHSig100_Bengali/Forged/B-S-95-F-21.tif,0,skilled_forgery,95,0.1356816589832306,0.24711237681898562,1
1892,data/raw/bhsig260/BHSig100_Bengali/Genuine/B-S-95-G-04.tif,data/raw/bhsig260/BHSig100_Bengali/Forged/B-S-95-F-06.tif,0,skilled_forgery,95,0.153782457113266,0.24711237681898562,1
1893,data/raw/bhsig260/BHSig100_Bengali/Genuine/B-S-95-G-14.tif,data/raw/bhsig260/BHSig100_Bengali/Forged/B-S-95-F-08.tif,0,skilled_forgery,95,0.23415736854076385,0.24711237681898562,1
1894,data/raw/bhsig260/BHSig100_Bengali/Genuine/B-S-95-G-08.tif,data/raw/bhsig260/BHSig100_Bengali/Forged/B-S-95-F-10.tif,0,skilled_forgery,95,0.24108441174030304,0.24711237681898562,1
1895,data/raw/bhsig260/BHSig100_Bengali/Genuine/B-S-95-G-19.tif,data/raw/bhsig260/BHSig100_Bengali/Genuine/B-S-71-G-15.tif,0,random_forgery,95,0.2204102873802185,0.24711237681898562,1
1896,data/raw/bhsig260/BHSig100_Bengali/Genuine/B-S-95-G-08.tif,data/raw/bhsig260/BHSig100_Bengali/Genuine/B-S-77-G-12.tif,0,random_forgery,95,0.6755397915840149,0.24711237681898562,0
1897,data/raw/bhsig260/BHSig100_Bengali/Genuine/B-S-95-G-07.tif,data/raw/bhsig260/BHSig160_Hindi/Genuine/H-S-75-G-03.tif,0,random_forgery,95,1.0038937330245972,0.24711237681898562,0
1898,data/raw/bhsig260/BHSig100_Bengali/Genuine/B-S-95-G-10.tif,data/raw/bhsig260/BHSig160_Hindi/Genuine/H-S-33-G-10.tif,0,random_forgery,95,0.43592745065689087,0.24711237681898562,0
1899,data/raw/bhsig260/BHSig100_Bengali/Genuine/B-S-95-G-20.tif,data/raw/bhsig260/BHSig160_Hindi/Genuine/H-S-101-G-02.tif,0,random_forgery,95,0.8871440887451172,0.24711237681898562,0
1900,data/raw/bhsig260/BHSig100_Bengali/Genuine/B-S-96-G-07.tif,data/raw/bhsig260/BHSig100_Bengali/Genuine/B-S-96-G-09.tif,1,genuine_genuine,96,0.6500311493873596,0.24711237681898562,0
1901,data/raw/bhsig260/BHSig100_Bengali/Genuine/B-S-96-G-03.tif,data/raw/bhsig260/BHSig100_Bengali/Genuine/B-S-96-G-04.tif,1,genuine_genuine,96,0.07612290233373642,0.24711237681898562,1
1902,data/raw/bhsig260/BHSig100_Bengali/Genuine/B-S-96-G-09.tif,data/raw/bhsig260/BHSig100_Bengali/Genuine/B-S-96-G-13.tif,1,genuine_genuine,96,0.6925839781761169,0.24711237681898562,0
1903,data/raw/bhsig260/BHSig100_Bengali/Genuine/B-S-96-G-02.tif,data/raw/bhsig260/BHSig100_Bengali/Genuine/B-S-96-G-14.tif,1,genuine_genuine,96,0.3659779727458954,0.24711237681898562,0
1904,data/raw/bhsig260/BHSig100_Bengali/Genuine/B-S-96-G-04.tif,data/raw/bhsig260/BHSig100_Bengali/Genuine/B-S-96-G-10.tif,1,genuine_genuine,96,0.14745131134986877,0.24711237681898562,1
1905,data/raw/bhsig260/BHSig100_Bengali/Genuine/B-S-96-G-03.tif,data/raw/bhsig260/BHSig100_Bengali/Genuine/B-S-96-G-22.tif,1,genuine_genuine,96,0.050206683576107025,0.24711237681898562,1
1906,data/raw/bhsig260/BHSig100_Bengali/Genuine/B-S-96-G-10.tif,data/raw/bhsig260/BHSig100_Bengali/Genuine/B-S-96-G-16.tif,1,genuine_genuine,96,0.0857415720820427,0.24711237681898562,1
1907,data/raw/bhsig260/BHSig100_Bengali/Genuine/B-S-96-G-09.tif,data/raw/bhsig260/BHSig100_Bengali/Genuine/B-S-96-G-21.tif,1,genuine_genuine,96,0.6746371984481812,0.24711237681898562,0
1908,data/raw/bhsig260/BHSig100_Bengali/Genuine/B-S-96-G-14.tif,data/raw/bhsig260/BHSig100_Bengali/Genuine/B-S-96-G-21.tif,1,genuine_genuine,96,0.3418690860271454,0.24711237681898562,0
1909,data/raw/bhsig260/BHSig100_Bengali/Genuine/B-S-96-G-10.tif,data/raw/bhsig260/BHSig100_Bengali/Genuine/B-S-96-G-15.tif,1,genuine_genuine,96,0.04632404074072838,0.24711237681898562,1
1910,data/raw/bhsig260/BHSig100_Bengali/Genuine/B-S-96-G-04.tif,data/raw/bhsig260/BHSig100_Bengali/Forged/B-S-96-F-01.tif,0,skilled_forgery,96,0.7833470106124878,0.24711237681898562,0
1911,data/raw/bhsig260/BHSig100_Bengali/Genuine/B-S-96-G-15.tif,data/raw/bhsig260/BHSig100_Bengali/Forged/B-S-96-F-25.tif,0,skilled_forgery,96,0.4311144948005676,0.24711237681898562,0
1912,data/raw/bhsig260/BHSig100_Bengali/Genuine/B-S-96-G-03.tif,data/raw/bhsig260/BHSig100_Bengali/Forged/B-S-96-F-28.tif,0,skilled_forgery,96,0.79261314868927,0.24711237681898562,0
1913,data/raw/bhsig260/BHSig100_Bengali/Genuine/B-S-96-G-10.tif,data/raw/bhsig260/BHSig100_Bengali/Forged/B-S-96-F-18.tif,0,skilled_forgery,96,0.6377092599868774,0.24711237681898562,0
1914,data/raw/bhsig260/BHSig100_Bengali/Genuine/B-S-96-G-15.tif,data/raw/bhsig260/BHSig100_Bengali/Forged/B-S-96-F-16.tif,0,skilled_forgery,96,0.694851279258728,0.24711237681898562,0
1915,data/raw/bhsig260/BHSig100_Bengali/Genuine/B-S-96-G-01.tif,data/raw/bhsig260/BHSig160_Hindi/Genuine/H-S-157-G-11.tif,0,random_forgery,96,0.23830153048038483,0.24711237681898562,1
1916,data/raw/bhsig260/BHSig100_Bengali/Genuine/B-S-96-G-10.tif,data/raw/bhsig260/BHSig160_Hindi/Genuine/H-S-156-G-06.tif,0,random_forgery,96,0.41629883646965027,0.24711237681898562,0
1917,data/raw/bhsig260/BHSig100_Bengali/Genuine/B-S-96-G-12.tif,data/raw/bhsig260/BHSig100_Bengali/Genuine/B-S-1-G-02.tif,0,random_forgery,96,1.0142567157745361,0.24711237681898562,0
1918,data/raw/bhsig260/BHSig100_Bengali/Genuine/B-S-96-G-18.tif,data/raw/bhsig260/BHSig100_Bengali/Genuine/B-S-32-G-02.tif,0,random_forgery,96,0.7098843455314636,0.24711237681898562,0
1919,data/raw/bhsig260/BHSig100_Bengali/Genuine/B-S-96-G-02.tif,data/raw/bhsig260/BHSig100_Bengali/Genuine/B-S-5-G-03.tif,0,random_forgery,96,0.5409400463104248,0.24711237681898562,0
1920,data/raw/bhsig260/BHSig100_Bengali/Genuine/B-S-97-G-06.tif,data/raw/bhsig260/BHSig100_Bengali/Genuine/B-S-97-G-16.tif,1,genuine_genuine,97,0.41774600744247437,0.24711237681898562,0
1921,data/raw/bhsig260/BHSig100_Bengali/Genuine/B-S-97-G-06.tif,data/raw/bhsig260/BHSig100_Bengali/Genuine/B-S-97-G-15.tif,1,genuine_genuine,97,0.2050202190876007,0.24711237681898562,1
1922,data/raw/bhsig260/BHSig100_Bengali/Genuine/B-S-97-G-02.tif,data/raw/bhsig260/BHSig100_Bengali/Genuine/B-S-97-G-08.tif,1,genuine_genuine,97,0.2654675841331482,0.24711237681898562,0
1923,data/raw/bhsig260/BHSig100_Bengali/Genuine/B-S-97-G-13.tif,data/raw/bhsig260/BHSig100_Bengali/Genuine/B-S-97-G-23.tif,1,genuine_genuine,97,0.26619455218315125,0.24711237681898562,0
1924,data/raw/bhsig260/BHSig100_Bengali/Genuine/B-S-97-G-07.tif,data/raw/bhsig260/BHSig100_Bengali/Genuine/B-S-97-G-20.tif,1,genuine_genuine,97,0.0,0.24711237681898562,1
1925,data/raw/bhsig260/BHSig100_Bengali/Genuine/B-S-97-G-01.tif,data/raw/bhsig260/BHSig100_Bengali/Genuine/B-S-97-G-15.tif,1,genuine_genuine,97,0.9250158071517944,0.24711237681898562,0
1926,data/raw/bhsig260/BHSig100_Bengali/Genuine/B-S-97-G-14.tif,data/raw/bhsig260/BHSig100_Bengali/Genuine/B-S-97-G-16.tif,1,genuine_genuine,97,0.4013359248638153,0.24711237681898562,0
1927,data/raw/bhsig260/BHSig100_Bengali/Genuine/B-S-97-G-10.tif,data/raw/bhsig260/BHSig100_Bengali/Genuine/B-S-97-G-12.tif,1,genuine_genuine,97,0.40918752551078796,0.24711237681898562,0
1928,data/raw/bhsig260/BHSig100_Bengali/Genuine/B-S-97-G-09.tif,data/raw/bhsig260/BHSig100_Bengali/Genuine/B-S-97-G-15.tif,1,genuine_genuine,97,0.906957745552063,0.24711237681898562,0
1929,data/raw/bhsig260/BHSig100_Bengali/Genuine/B-S-97-G-03.tif,data/raw/bhsig260/BHSig100_Bengali/Genuine/B-S-97-G-09.tif,1,genuine_genuine,97,0.18567436933517456,0.24711237681898562,1
1930,data/raw/bhsig260/BHSig100_Bengali/Genuine/B-S-97-G-18.tif,data/raw/bhsig260/BHSig100_Bengali/Forged/B-S-97-F-25.tif,0,skilled_forgery,97,0.6994302868843079,0.24711237681898562,0
1931,data/raw/bhsig260/BHSig100_Bengali/Genuine/B-S-97-G-23.tif,data/raw/bhsig260/BHSig100_Bengali/Forged/B-S-97-F-17.tif,0,skilled_forgery,97,0.08423085510730743,0.24711237681898562,1
1932,data/raw/bhsig260/BHSig100_Bengali/Genuine/B-S-97-G-10.tif,data/raw/bhsig260/BHSig100_Bengali/Forged/B-S-97-F-07.tif,0,skilled_forgery,97,0.7766813039779663,0.24711237681898562,0
1933,data/raw/bhsig260/BHSig100_Bengali/Genuine/B-S-97-G-17.tif,data/raw/bhsig260/BHSig100_Bengali/Forged/B-S-97-F-03.tif,0,skilled_forgery,97,0.48601555824279785,0.24711237681898562,0
1934,data/raw/bhsig260/BHSig100_Bengali/Genuine/B-S-97-G-06.tif,data/raw/bhsig260/BHSig100_Bengali/Forged/B-S-97-F-10.tif,0,skilled_forgery,97,0.5716075301170349,0.24711237681898562,0
1935,data/raw/bhsig260/BHSig100_Bengali/Genuine/B-S-97-G-17.tif,data/raw/bhsig260/BHSig100_Bengali/Genuine/B-S-62-G-11.tif,0,random_forgery,97,0.6531511545181274,0.24711237681898562,0
1936,data/raw/bhsig260/BHSig100_Bengali/Genuine/B-S-97-G-10.tif,data/raw/bhsig260/BHSig100_Bengali/Genuine/B-S-10-G-17.tif,0,random_forgery,97,1.2003881931304932,0.24711237681898562,0
1937,data/raw/bhsig260/BHSig100_Bengali/Genuine/B-S-97-G-01.tif,data/raw/bhsig260/BHSig100_Bengali/Genuine/B-S-31-G-13.tif,0,random_forgery,97,1.2061142921447754,0.24711237681898562,0
1938,data/raw/bhsig260/BHSig100_Bengali/Genuine/B-S-97-G-13.tif,data/raw/bhsig260/BHSig100_Bengali/Genuine/B-S-11-G-16.tif,0,random_forgery,97,0.7953106760978699,0.24711237681898562,0
1939,data/raw/bhsig260/BHSig100_Bengali/Genuine/B-S-97-G-17.tif,data/raw/bhsig260/BHSig100_Bengali/Genuine/B-S-7-G-23.tif,0,random_forgery,97,0.39894920587539673,0.24711237681898562,0
1940,data/raw/bhsig260/BHSig100_Bengali/Genuine/B-S-98-G-08.tif,data/raw/bhsig260/BHSig100_Bengali/Genuine/B-S-98-G-15.tif,1,genuine_genuine,98,0.5880536437034607,0.24711237681898562,0
1941,data/raw/bhsig260/BHSig100_Bengali/Genuine/B-S-98-G-11.tif,data/raw/bhsig260/BHSig100_Bengali/Genuine/B-S-98-G-22.tif,1,genuine_genuine,98,0.5973361134529114,0.24711237681898562,0
1942,data/raw/bhsig260/BHSig100_Bengali/Genuine/B-S-98-G-18.tif,data/raw/bhsig260/BHSig100_Bengali/Genuine/B-S-98-G-19.tif,1,genuine_genuine,98,0.4685596823692322,0.24711237681898562,0
1943,data/raw/bhsig260/BHSig100_Bengali/Genuine/B-S-98-G-15.tif,data/raw/bhsig260/BHSig100_Bengali/Genuine/B-S-98-G-24.tif,1,genuine_genuine,98,0.6293339133262634,0.24711237681898562,0
1944,data/raw/bhsig260/BHSig100_Bengali/Genuine/B-S-98-G-13.tif,data/raw/bhsig260/BHSig100_Bengali/Genuine/B-S-98-G-22.tif,1,genuine_genuine,98,0.5166468620300293,0.24711237681898562,0
1945,data/raw/bhsig260/BHSig100_Bengali/Genuine/B-S-98-G-02.tif,data/raw/bhsig260/BHSig100_Bengali/Genuine/B-S-98-G-15.tif,1,genuine_genuine,98,0.0,0.24711237681898562,1
1946,data/raw/bhsig260/BHSig100_Bengali/Genuine/B-S-98-G-12.tif,data/raw/bhsig260/BHSig100_Bengali/Genuine/B-S-98-G-20.tif,1,genuine_genuine,98,0.38049229979515076,0.24711237681898562,0
1947,data/raw/bhsig260/BHSig100_Bengali/Genuine/B-S-98-G-20.tif,data/raw/bhsig260/BHSig100_Bengali/Genuine/B-S-98-G-24.tif,1,genuine_genuine,98,0.6293339133262634,0.24711237681898562,0
1948,data/raw/bhsig260/BHSig100_Bengali/Genuine/B-S-98-G-02.tif,data/raw/bhsig260/BHSig100_Bengali/Genuine/B-S-98-G-03.tif,1,genuine_genuine,98,0.4226585030555725,0.24711237681898562,0
1949,data/raw/bhsig260/BHSig100_Bengali/Genuine/B-S-98-G-14.tif,data/raw/bhsig260/BHSig100_Bengali/Genuine/B-S-98-G-16.tif,1,genuine_genuine,98,0.6732047200202942,0.24711237681898562,0
1950,data/raw/bhsig260/BHSig100_Bengali/Genuine/B-S-98-G-09.tif,data/raw/bhsig260/BHSig100_Bengali/Forged/B-S-98-F-01.tif,0,skilled_forgery,98,0.3205157518386841,0.24711237681898562,0
1951,data/raw/bhsig260/BHSig100_Bengali/Genuine/B-S-98-G-13.tif,data/raw/bhsig260/BHSig100_Bengali/Forged/B-S-98-F-16.tif,0,skilled_forgery,98,0.431331604719162,0.24711237681898562,0
1952,data/raw/bhsig260/BHSig100_Bengali/Genuine/B-S-98-G-17.tif,data/raw/bhsig260/BHSig100_Bengali/Forged/B-S-98-F-05.tif,0,skilled_forgery,98,0.46093741059303284,0.24711237681898562,0
1953,data/raw/bhsig260/BHSig100_Bengali/Genuine/B-S-98-G-07.tif,data/raw/bhsig260/BHSig100_Bengali/Forged/B-S-98-F-04.tif,0,skilled_forgery,98,0.15036168694496155,0.24711237681898562,1
1954,data/raw/bhsig260/BHSig100_Bengali/Genuine/B-S-98-G-04.tif,data/raw/bhsig260/BHSig100_Bengali/Forged/B-S-98-F-17.tif,0,skilled_forgery,98,0.7311234474182129,0.24711237681898562,0
1955,data/raw/bhsig260/BHSig100_Bengali/Genuine/B-S-98-G-08.tif,data/raw/bhsig260/BHSig160_Hindi/Genuine/H-S-13-G-07.tif,0,random_forgery,98,0.8215633630752563,0.24711237681898562,0
1956,data/raw/bhsig260/BHSig100_Bengali/Genuine/B-S-98-G-05.tif,data/raw/bhsig260/BHSig160_Hindi/Genuine/H-S-77-G-11.tif,0,random_forgery,98,0.49235305190086365,0.24711237681898562,0
1957,data/raw/bhsig260/BHSig100_Bengali/Genuine/B-S-98-G-10.tif,data/raw/bhsig260/BHSig100_Bengali/Genuine/B-S-30-G-19.tif,0,random_forgery,98,0.8484029769897461,0.24711237681898562,0
1958,data/raw/bhsig260/BHSig100_Bengali/Genuine/B-S-98-G-23.tif,data/raw/bhsig260/BHSig160_Hindi/Genuine/H-S-105-G-06.tif,0,random_forgery,98,1.0977864265441895,0.24711237681898562,0
1959,data/raw/bhsig260/BHSig100_Bengali/Genuine/B-S-98-G-06.tif,data/raw/bhsig260/BHSig160_Hindi/Genuine/H-S-84-G-12.tif,0,random_forgery,98,0.7871488928794861,0.24711237681898562,0
1960,data/raw/bhsig260/BHSig100_Bengali/Genuine/B-S-99-G-01.tif,data/raw/bhsig260/BHSig100_Bengali/Genuine/B-S-99-G-08.tif,1,genuine_genuine,99,0.21975962817668915,0.24711237681898562,1
1961,data/raw/bhsig260/BHSig100_Bengali/Genuine/B-S-99-G-07.tif,data/raw/bhsig260/BHSig100_Bengali/Genuine/B-S-99-G-18.tif,1,genuine_genuine,99,0.21173755824565887,0.24711237681898562,1
1962,data/raw/bhsig260/BHSig100_Bengali/Genuine/B-S-99-G-14.tif,data/raw/bhsig260/BHSig100_Bengali/Genuine/B-S-99-G-21.tif,1,genuine_genuine,99,0.14240607619285583,0.24711237681898562,1
1963,data/raw/bhsig260/BHSig100_Bengali/Genuine/B-S-99-G-08.tif,data/raw/bhsig260/BHSig100_Bengali/Genuine/B-S-99-G-16.tif,1,genuine_genuine,99,0.2559238076210022,0.24711237681898562,0
1964,data/raw/bhsig260/BHSig100_Bengali/Genuine/B-S-99-G-01.tif,data/raw/bhsig260/BHSig100_Bengali/Genuine/B-S-99-G-16.tif,1,genuine_genuine,99,0.24977995455265045,0.24711237681898562,0
1965,data/raw/bhsig260/BHSig100_Bengali/Genuine/B-S-99-G-03.tif,data/raw/bhsig260/BHSig100_Bengali/Genuine/B-S-99-G-18.tif,1,genuine_genuine,99,0.20614959299564362,0.24711237681898562,1
1966,data/raw/bhsig260/BHSig100_Bengali/Genuine/B-S-99-G-04.tif,data/raw/bhsig260/BHSig100_Bengali/Genuine/B-S-99-G-13.tif,1,genuine_genuine,99,0.379910945892334,0.24711237681898562,0
1967,data/raw/bhsig260/BHSig100_Bengali/Genuine/B-S-99-G-19.tif,data/raw/bhsig260/BHSig100_Bengali/Genuine/B-S-99-G-21.tif,1,genuine_genuine,99,0.07639049738645554,0.24711237681898562,1
1968,data/raw/bhsig260/BHSig100_Bengali/Genuine/B-S-99-G-17.tif,data/raw/bhsig260/BHSig100_Bengali/Genuine/B-S-99-G-21.tif,1,genuine_genuine,99,0.2842065989971161,0.24711237681898562,0
1969,data/raw/bhsig260/BHSig100_Bengali/Genuine/B-S-99-G-07.tif,data/raw/bhsig260/BHSig100_Bengali/Genuine/B-S-99-G-08.tif,1,genuine_genuine,99,0.25486665964126587,0.24711237681898562,0
1970,data/raw/bhsig260/BHSig100_Bengali/Genuine/B-S-99-G-14.tif,data/raw/bhsig260/BHSig100_Bengali/Forged/B-S-99-F-25.tif,0,skilled_forgery,99,0.43497923016548157,0.24711237681898562,0
1971,data/raw/bhsig260/BHSig100_Bengali/Genuine/B-S-99-G-21.tif,data/raw/bhsig260/BHSig100_Bengali/Forged/B-S-99-F-21.tif,0,skilled_forgery,99,0.21616025269031525,0.24711237681898562,1
1972,data/raw/bhsig260/BHSig100_Bengali/Genuine/B-S-99-G-11.tif,data/raw/bhsig260/BHSig100_Bengali/Forged/B-S-99-F-07.tif,0,skilled_forgery,99,0.20636528730392456,0.24711237681898562,1
1973,data/raw/bhsig260/BHSig100_Bengali/Genuine/B-S-99-G-06.tif,data/raw/bhsig260/BHSig100_Bengali/Forged/B-S-99-F-30.tif,0,skilled_forgery,99,0.21615444123744965,0.24711237681898562,1
1974,data/raw/bhsig260/BHSig100_Bengali/Genuine/B-S-99-G-24.tif,data/raw/bhsig260/BHSig100_Bengali/Forged/B-S-99-F-09.tif,0,skilled_forgery,99,0.4497707486152649,0.24711237681898562,0
1975,data/raw/bhsig260/BHSig100_Bengali/Genuine/B-S-99-G-02.tif,data/raw/bhsig260/BHSig100_Bengali/Genuine/B-S-59-G-12.tif,0,random_forgery,99,0.9228596091270447,0.24711237681898562,0
1976,data/raw/bhsig260/BHSig100_Bengali/Genuine/B-S-99-G-11.tif,data/raw/bhsig260/BHSig160_Hindi/Genuine/H-S-139-G-09.tif,0,random_forgery,99,0.541691780090332,0.24711237681898562,0
1977,data/raw/bhsig260/BHSig100_Bengali/Genuine/B-S-99-G-04.tif,data/raw/bhsig260/BHSig100_Bengali/Genuine/B-S-40-G-03.tif,0,random_forgery,99,1.1401039361953735,0.24711237681898562,0
1978,data/raw/bhsig260/BHSig100_Bengali/Genuine/B-S-99-G-20.tif,data/raw/bhsig260/BHSig100_Bengali/Genuine/B-S-8-G-18.tif,0,random_forgery,99,1.6425154209136963,0.24711237681898562,0
1979,data/raw/bhsig260/BHSig100_Bengali/Genuine/B-S-99-G-14.tif,data/raw/bhsig260/BHSig100_Bengali/Genuine/B-S-47-G-14.tif,0,random_forgery,99,1.340364694595337,0.24711237681898562,0
1980,data/raw/bhsig260/BHSig100_Bengali/Genuine/B-S-100-G-05.tif,data/raw/bhsig260/BHSig100_Bengali/Genuine/B-S-100-G-16.tif,1,genuine_genuine,100,0.020116718485951424,0.24711237681898562,1
1981,data/raw/bhsig260/BHSig100_Bengali/Genuine/B-S-100-G-10.tif,data/raw/bhsig260/BHSig100_Bengali/Genuine/B-S-100-G-24.tif,1,genuine_genuine,100,0.061506036669015884,0.24711237681898562,1
1982,data/raw/bhsig260/BHSig100_Bengali/Genuine/B-S-100-G-09.tif,data/raw/bhsig260/BHSig100_Bengali/Genuine/B-S-100-G-17.tif,1,genuine_genuine,100,0.12273000180721283,0.24711237681898562,1
1983,data/raw/bhsig260/BHSig100_Bengali/Genuine/B-S-100-G-01.tif,data/raw/bhsig260/BHSig100_Bengali/Genuine/B-S-100-G-14.tif,1,genuine_genuine,100,0.328585147857666,0.24711237681898562,0
1984,data/raw/bhsig260/BHSig100_Bengali/Genuine/B-S-100-G-06.tif,data/raw/bhsig260/BHSig100_Bengali/Genuine/B-S-100-G-13.tif,1,genuine_genuine,100,0.1350291669368744,0.24711237681898562,1
1985,data/raw/bhsig260/BHSig100_Bengali/Genuine/B-S-100-G-12.tif,data/raw/bhsig260/BHSig100_Bengali/Genuine/B-S-100-G-15.tif,1,genuine_genuine,100,0.16693009436130524,0.24711237681898562,1
1986,data/raw/bhsig260/BHSig100_Bengali/Genuine/B-S-100-G-16.tif,data/raw/bhsig260/BHSig100_Bengali/Genuine/B-S-100-G-18.tif,1,genuine_genuine,100,0.10533866286277771,0.24711237681898562,1
1987,data/raw/bhsig260/BHSig100_Bengali/Genuine/B-S-100-G-05.tif,data/raw/bhsig260/BHSig100_Bengali/Genuine/B-S-100-G-12.tif,1,genuine_genuine,100,0.16693009436130524,0.24711237681898562,1
1988,data/raw/bhsig260/BHSig100_Bengali/Genuine/B-S-100-G-02.tif,data/raw/bhsig260/BHSig100_Bengali/Genuine/B-S-100-G-03.tif,1,genuine_genuine,100,0.1805323213338852,0.24711237681898562,1
1989,data/raw/bhsig260/BHSig100_Bengali/Genuine/B-S-100-G-12.tif,data/raw/bhsig260/BHSig100_Bengali/Genuine/B-S-100-G-14.tif,1,genuine_genuine,100,0.13665391504764557,0.24711237681898562,1
1990,data/raw/bhsig260/BHSig100_Bengali/Genuine/B-S-100-G-19.tif,data/raw/bhsig260/BHSig100_Bengali/Forged/B-S-100-F-29.tif,0,skilled_forgery,100,0.7469430565834045,0.24711237681898562,0
1991,data/raw/bhsig260/BHSig100_Bengali/Genuine/B-S-100-G-15.tif,data/raw/bhsig260/BHSig100_Bengali/Forged/B-S-100-F-28.tif,0,skilled_forgery,100,0.5949486494064331,0.24711237681898562,0
1992,data/raw/bhsig260/BHSig100_Bengali/Genuine/B-S-100-G-09.tif,data/raw/bhsig260/BHSig100_Bengali/Forged/B-S-100-F-28.tif,0,skilled_forgery,100,0.597187876701355,0.24711237681898562,0
1993,data/raw/bhsig260/BHSig100_Bengali/Genuine/B-S-100-G-17.tif,data/raw/bhsig260/BHSig100_Bengali/Forged/B-S-100-F-10.tif,0,skilled_forgery,100,0.5204235911369324,0.24711237681898562,0
1994,data/raw/bhsig260/BHSig100_Bengali/Genuine/B-S-100-G-12.tif,data/raw/bhsig260/BHSig100_Bengali/Forged/B-S-100-F-12.tif,0,skilled_forgery,100,0.658371090888977,0.24711237681898562,0
1995,data/raw/bhsig260/BHSig100_Bengali/Genuine/B-S-100-G-02.tif,data/raw/bhsig260/BHSig100_Bengali/Genuine/B-S-77-G-24.tif,0,random_forgery,100,0.7550362348556519,0.24711237681898562,0
1996,data/raw/bhsig260/BHSig100_Bengali/Genuine/B-S-100-G-18.tif,data/raw/bhsig260/BHSig160_Hindi/Genuine/H-S-56-G-18.tif,0,random_forgery,100,0.48495858907699585,0.24711237681898562,0
1997,data/raw/bhsig260/BHSig100_Bengali/Genuine/B-S-100-G-11.tif,data/raw/bhsig260/BHSig100_Bengali/Genuine/B-S-73-G-05.tif,0,random_forgery,100,0.2212086319923401,0.24711237681898562,1
1998,data/raw/bhsig260/BHSig100_Bengali/Genuine/B-S-100-G-22.tif,data/raw/bhsig260/BHSig160_Hindi/Genuine/H-S-96-G-15.tif,0,random_forgery,100,0.3748445510864258,0.24711237681898562,0
1999,data/raw/bhsig260/BHSig100_Bengali/Genuine/B-S-100-G-24.tif,data/raw/bhsig260/BHSig100_Bengali/Genuine/B-S-40-G-07.tif,0,random_forgery,100,0.995067834854126,0.24711237681898562,0
2000,data/raw/bhsig260/BHSig160_Hindi/Genuine/H-S-1-G-16.tif,data/raw/bhsig260/BHSig160_Hindi/Genuine/H-S-1-G-21.tif,1,genuine_genuine,100001,0.12359833717346191,0.24711237681898562,1
2001,data/raw/bhsig260/BHSig160_Hindi/Genuine/H-S-1-G-01.tif,data/raw/bhsig260/BHSig160_Hindi/Genuine/H-S-1-G-20.tif,1,genuine_genuine,100001,0.3797963559627533,0.24711237681898562,0
2002,data/raw/bhsig260/BHSig160_Hindi/Genuine/H-S-1-G-10.tif,data/raw/bhsig260/BHSig160_Hindi/Genuine/H-S-1-G-22.tif,1,genuine_genuine,100001,0.4078575670719147,0.24711237681898562,0
2003,data/raw/bhsig260/BHSig160_Hindi/Genuine/H-S-1-G-22.tif,data/raw/bhsig260/BHSig160_Hindi/Genuine/H-S-1-G-24.tif,1,genuine_genuine,100001,0.5417385101318359,0.24711237681898562,0
2004,data/raw/bhsig260/BHSig160_Hindi/Genuine/H-S-1-G-10.tif,data/raw/bhsig260/BHSig160_Hindi/Genuine/H-S-1-G-12.tif,1,genuine_genuine,100001,0.2528223693370819,0.24711237681898562,0
2005,data/raw/bhsig260/BHSig160_Hindi/Genuine/H-S-1-G-03.tif,data/raw/bhsig260/BHSig160_Hindi/Genuine/H-S-1-G-07.tif,1,genuine_genuine,100001,0.10911387950181961,0.24711237681898562,1
2006,data/raw/bhsig260/BHSig160_Hindi/Genuine/H-S-1-G-14.tif,data/raw/bhsig260/BHSig160_Hindi/Genuine/H-S-1-G-19.tif,1,genuine_genuine,100001,0.2171952873468399,0.24711237681898562,1
2007,data/raw/bhsig260/BHSig160_Hindi/Genuine/H-S-1-G-11.tif,data/raw/bhsig260/BHSig160_Hindi/Genuine/H-S-1-G-13.tif,1,genuine_genuine,100001,0.0962611511349678,0.24711237681898562,1
2008,data/raw/bhsig260/BHSig160_Hindi/Genuine/H-S-1-G-05.tif,data/raw/bhsig260/BHSig160_Hindi/Genuine/H-S-1-G-06.tif,1,genuine_genuine,100001,0.11128323525190353,0.24711237681898562,1
2009,data/raw/bhsig260/BHSig160_Hindi/Genuine/H-S-1-G-23.tif,data/raw/bhsig260/BHSig160_Hindi/Genuine/H-S-1-G-24.tif,1,genuine_genuine,100001,0.1126999780535698,0.24711237681898562,1
2010,data/raw/bhsig260/BHSig160_Hindi/Genuine/H-S-1-G-04.tif,data/raw/bhsig260/BHSig160_Hindi/Forged/H-S-1-F-18.tif,0,skilled_forgery,100001,0.33054274320602417,0.24711237681898562,0
2011,data/raw/bhsig260/BHSig160_Hindi/Genuine/H-S-1-G-08.tif,data/raw/bhsig260/BHSig160_Hindi/Forged/H-S-1-F-28.tif,0,skilled_forgery,100001,0.4620584547519684,0.24711237681898562,0
2012,data/raw/bhsig260/BHSig160_Hindi/Genuine/H-S-1-G-02.tif,data/raw/bhsig260/BHSig160_Hindi/Forged/H-S-1-F-08.tif,0,skilled_forgery,100001,0.48354512453079224,0.24711237681898562,0
2013,data/raw/bhsig260/BHSig160_Hindi/Genuine/H-S-1-G-23.tif,data/raw/bhsig260/BHSig160_Hindi/Forged/H-S-1-F-29.tif,0,skilled_forgery,100001,0.18681073188781738,0.24711237681898562,1
2014,data/raw/bhsig260/BHSig160_Hindi/Genuine/H-S-1-G-01.tif,data/raw/bhsig260/BHSig160_Hindi/Forged/H-S-1-F-17.tif,0,skilled_forgery,100001,0.28975921869277954,0.24711237681898562,0
2015,data/raw/bhsig260/BHSig160_Hindi/Genuine/H-S-1-G-10.tif,data/raw/bhsig260/BHSig160_Hindi/Genuine/H-S-72-G-09.tif,0,random_forgery,100001,0.6605892777442932,0.24711237681898562,0
2016,data/raw/bhsig260/BHSig160_Hindi/Genuine/H-S-1-G-06.tif,data/raw/bhsig260/BHSig100_Bengali/Genuine/B-S-5-G-16.tif,0,random_forgery,100001,0.6289722323417664,0.24711237681898562,0
2017,data/raw/bhsig260/BHSig160_Hindi/Genuine/H-S-1-G-03.tif,data/raw/bhsig260/BHSig160_Hindi/Genuine/H-S-53-G-06.tif,0,random_forgery,100001,1.2103527784347534,0.24711237681898562,0
2018,data/raw/bhsig260/BHSig160_Hindi/Genuine/H-S-1-G-08.tif,data/raw/bhsig260/BHSig160_Hindi/Genuine/H-S-30-G-05.tif,0,random_forgery,100001,0.7744116187095642,0.24711237681898562,0
2019,data/raw/bhsig260/BHSig160_Hindi/Genuine/H-S-1-G-24.tif,data/raw/bhsig260/BHSig100_Bengali/Genuine/B-S-4-G-11.tif,0,random_forgery,100001,0.6249217987060547,0.24711237681898562,0
2020,data/raw/bhsig260/BHSig160_Hindi/Genuine/H-S-2-G-08.tif,data/raw/bhsig260/BHSig160_Hindi/Genuine/H-S-2-G-15.tif,1,genuine_genuine,100002,0.3816727101802826,0.24711237681898562,0
2021,data/raw/bhsig260/BHSig160_Hindi/Genuine/H-S-2-G-17.tif,data/raw/bhsig260/BHSig160_Hindi/Genuine/H-S-2-G-20.tif,1,genuine_genuine,100002,0.334096223115921,0.24711237681898562,0
2022,data/raw/bhsig260/BHSig160_Hindi/Genuine/H-S-2-G-19.tif,data/raw/bhsig260/BHSig160_Hindi/Genuine/H-S-2-G-20.tif,1,genuine_genuine,100002,0.1287759244441986,0.24711237681898562,1
2023,data/raw/bhsig260/BHSig160_Hindi/Genuine/H-S-2-G-10.tif,data/raw/bhsig260/BHSig160_Hindi/Genuine/H-S-2-G-17.tif,1,genuine_genuine,100002,0.7940936088562012,0.24711237681898562,0
2024,data/raw/bhsig260/BHSig160_Hindi/Genuine/H-S-2-G-01.tif,data/raw/bhsig260/BHSig160_Hindi/Genuine/H-S-2-G-20.tif,1,genuine_genuine,100002,0.368953138589859,0.24711237681898562,0
2025,data/raw/bhsig260/BHSig160_Hindi/Genuine/H-S-2-G-18.tif,data/raw/bhsig260/BHSig160_Hindi/Genuine/H-S-2-G-22.tif,1,genuine_genuine,100002,0.1588015854358673,0.24711237681898562,1
2026,data/raw/bhsig260/BHSig160_Hindi/Genuine/H-S-2-G-01.tif,data/raw/bhsig260/BHSig160_Hindi/Genuine/H-S-2-G-10.tif,1,genuine_genuine,100002,0.4921891391277313,0.24711237681898562,0
2027,data/raw/bhsig260/BHSig160_Hindi/Genuine/H-S-2-G-17.tif,data/raw/bhsig260/BHSig160_Hindi/Genuine/H-S-2-G-22.tif,1,genuine_genuine,100002,0.5780072808265686,0.24711237681898562,0
2028,data/raw/bhsig260/BHSig160_Hindi/Genuine/H-S-2-G-11.tif,data/raw/bhsig260/BHSig160_Hindi/Genuine/H-S-2-G-20.tif,1,genuine_genuine,100002,0.2547535300254822,0.24711237681898562,0
2029,data/raw/bhsig260/BHSig160_Hindi/Genuine/H-S-2-G-08.tif,data/raw/bhsig260/BHSig160_Hindi/Genuine/H-S-2-G-24.tif,1,genuine_genuine,100002,0.30558910965919495,0.24711237681898562,0
2030,data/raw/bhsig260/BHSig160_Hindi/Genuine/H-S-2-G-11.tif,data/raw/bhsig260/BHSig160_Hindi/Forged/H-S-2-F-16.tif,0,skilled_forgery,100002,0.449891597032547,0.24711237681898562,0
2031,data/raw/bhsig260/BHSig160_Hindi/Genuine/H-S-2-G-21.tif,data/raw/bhsig260/BHSig160_Hindi/Forged/H-S-2-F-14.tif,0,skilled_forgery,100002,0.48201173543930054,0.24711237681898562,0
2032,data/raw/bhsig260/BHSig160_Hindi/Genuine/H-S-2-G-09.tif,data/raw/bhsig260/BHSig160_Hindi/Forged/H-S-2-F-24.tif,0,skilled_forgery,100002,0.43980467319488525,0.24711237681898562,0
2033,data/raw/bhsig260/BHSig160_Hindi/Genuine/H-S-2-G-13.tif,data/raw/bhsig260/BHSig160_Hindi/Forged/H-S-2-F-01.tif,0,skilled_forgery,100002,0.18175917863845825,0.24711237681898562,1
2034,data/raw/bhsig260/BHSig160_Hindi/Genuine/H-S-2-G-09.tif,data/raw/bhsig260/BHSig160_Hindi/Forged/H-S-2-F-01.tif,0,skilled_forgery,100002,0.3358381688594818,0.24711237681898562,0
2035,data/raw/bhsig260/BHSig160_Hindi/Genuine/H-S-2-G-23.tif,data/raw/bhsig260/BHSig160_Hindi/Genuine/H-S-94-G-13.tif,0,random_forgery,100002,0.8158643245697021,0.24711237681898562,0
2036,data/raw/bhsig260/BHSig160_Hindi/Genuine/H-S-2-G-19.tif,data/raw/bhsig260/BHSig160_Hindi/Genuine/H-S-119-G-12.tif,0,random_forgery,100002,0.5900096297264099,0.24711237681898562,0
2037,data/raw/bhsig260/BHSig160_Hindi/Genuine/H-S-2-G-21.tif,data/raw/bhsig260/BHSig100_Bengali/Genuine/B-S-37-G-17.tif,0,random_forgery,100002,0.9843187928199768,0.24711237681898562,0
2038,data/raw/bhsig260/BHSig160_Hindi/Genuine/H-S-2-G-16.tif,data/raw/bhsig260/BHSig160_Hindi/Genuine/H-S-4-G-23.tif,0,random_forgery,100002,0.1908048540353775,0.24711237681898562,1
2039,data/raw/bhsig260/BHSig160_Hindi/Genuine/H-S-2-G-07.tif,data/raw/bhsig260/BHSig100_Bengali/Genuine/B-S-3-G-19.tif,0,random_forgery,100002,0.310133159160614,0.24711237681898562,0
2040,data/raw/bhsig260/BHSig160_Hindi/Genuine/H-S-3-G-13.tif,data/raw/bhsig260/BHSig160_Hindi/Genuine/H-S-3-G-16.tif,1,genuine_genuine,100003,0.19288209080696106,0.24711237681898562,1
2041,data/raw/bhsig260/BHSig160_Hindi/Genuine/H-S-3-G-01.tif,data/raw/bhsig260/BHSig160_Hindi/Genuine/H-S-3-G-20.tif,1,genuine_genuine,100003,0.25728538632392883,0.24711237681898562,0
2042,data/raw/bhsig260/BHSig160_Hindi/Genuine/H-S-3-G-09.tif,data/raw/bhsig260/BHSig160_Hindi/Genuine/H-S-3-G-21.tif,1,genuine_genuine,100003,0.6008521914482117,0.24711237681898562,0
2043,data/raw/bhsig260/BHSig160_Hindi/Genuine/H-S-3-G-03.tif,data/raw/bhsig260/BHSig160_Hindi/Genuine/H-S-3-G-09.tif,1,genuine_genuine,100003,0.17270055413246155,0.24711237681898562,1
2044,data/raw/bhsig260/BHSig160_Hindi/Genuine/H-S-3-G-13.tif,data/raw/bhsig260/BHSig160_Hindi/Genuine/H-S-3-G-19.tif,1,genuine_genuine,100003,0.1452012062072754,0.24711237681898562,1
2045,data/raw/bhsig260/BHSig160_Hindi/Genuine/H-S-3-G-14.tif,data/raw/bhsig260/BHSig160_Hindi/Genuine/H-S-3-G-15.tif,1,genuine_genuine,100003,0.5209718942642212,0.24711237681898562,0
2046,data/raw/bhsig260/BHSig160_Hindi/Genuine/H-S-3-G-07.tif,data/raw/bhsig260/BHSig160_Hindi/Genuine/H-S-3-G-11.tif,1,genuine_genuine,100003,0.1713857203722,0.24711237681898562,1
2047,data/raw/bhsig260/BHSig160_Hindi/Genuine/H-S-3-G-23.tif,data/raw/bhsig260/BHSig160_Hindi/Genuine/H-S-3-G-24.tif,1,genuine_genuine,100003,0.3144225776195526,0.24711237681898562,0
2048,data/raw/bhsig260/BHSig160_Hindi/Genuine/H-S-3-G-06.tif,data/raw/bhsig260/BHSig160_Hindi/Genuine/H-S-3-G-19.tif,1,genuine_genuine,100003,0.1395791620016098,0.24711237681898562,1
2049,data/raw/bhsig260/BHSig160_Hindi/Genuine/H-S-3-G-13.tif,data/raw/bhsig260/BHSig160_Hindi/Genuine/H-S-3-G-14.tif,1,genuine_genuine,100003,0.40835240483283997,0.24711237681898562,0
2050,data/raw/bhsig260/BHSig160_Hindi/Genuine/H-S-3-G-17.tif,data/raw/bhsig260/BHSig160_Hindi/Forged/H-S-3-F-28.tif,0,skilled_forgery,100003,0.2554537355899811,0.24711237681898562,0
2051,data/raw/bhsig260/BHSig160_Hindi/Genuine/H-S-3-G-05.tif,data/raw/bhsig260/BHSig160_Hindi/Forged/H-S-3-F-11.tif,0,skilled_forgery,100003,0.19099737703800201,0.24711237681898562,1
2052,data/raw/bhsig260/BHSig160_Hindi/Genuine/H-S-3-G-21.tif,data/raw/bhsig260/BHSig160_Hindi/Forged/H-S-3-F-15.tif,0,skilled_forgery,100003,0.2504163086414337,0.24711237681898562,0
2053,data/raw/bhsig260/BHSig160_Hindi/Genuine/H-S-3-G-03.tif,data/raw/bhsig260/BHSig160_Hindi/Forged/H-S-3-F-30.tif,0,skilled_forgery,100003,0.2609049081802368,0.24711237681898562,0
2054,data/raw/bhsig260/BHSig160_Hindi/Genuine/H-S-3-G-16.tif,data/raw/bhsig260/BHSig160_Hindi/Forged/H-S-3-F-25.tif,0,skilled_forgery,100003,0.2208181917667389,0.24711237681898562,1
2055,data/raw/bhsig260/BHSig160_Hindi/Genuine/H-S-3-G-07.tif,data/raw/bhsig260/BHSig160_Hindi/Genuine/H-S-23-G-12.tif,0,random_forgery,100003,0.8584758639335632,0.24711237681898562,0
2056,data/raw/bhsig260/BHSig160_Hindi/Genuine/H-S-3-G-15.tif,data/raw/bhsig260/BHSig160_Hindi/Genuine/H-S-67-G-21.tif,0,random_forgery,100003,0.6023023128509521,0.24711237681898562,0
2057,data/raw/bhsig260/BHSig160_Hindi/Genuine/H-S-3-G-03.tif,data/raw/bhsig260/BHSig160_Hindi/Genuine/H-S-79-G-05.tif,0,random_forgery,100003,0.5303174257278442,0.24711237681898562,0
2058,data/raw/bhsig260/BHSig160_Hindi/Genuine/H-S-3-G-24.tif,data/raw/bhsig260/BHSig100_Bengali/Genuine/B-S-91-G-12.tif,0,random_forgery,100003,0.9780916571617126,0.24711237681898562,0
2059,data/raw/bhsig260/BHSig160_Hindi/Genuine/H-S-3-G-16.tif,data/raw/bhsig260/BHSig160_Hindi/Genuine/H-S-5-G-14.tif,0,random_forgery,100003,0.4222317636013031,0.24711237681898562,0
2060,data/raw/bhsig260/BHSig160_Hindi/Genuine/H-S-4-G-04.tif,data/raw/bhsig260/BHSig160_Hindi/Genuine/H-S-4-G-23.tif,1,genuine_genuine,100004,0.08787199854850769,0.24711237681898562,1
2061,data/raw/bhsig260/BHSig160_Hindi/Genuine/H-S-4-G-06.tif,data/raw/bhsig260/BHSig160_Hindi/Genuine/H-S-4-G-21.tif,1,genuine_genuine,100004,0.5059306621551514,0.24711237681898562,0
2062,data/raw/bhsig260/BHSig160_Hindi/Genuine/H-S-4-G-02.tif,data/raw/bhsig260/BHSig160_Hindi/Genuine/H-S-4-G-22.tif,1,genuine_genuine,100004,0.45421189069747925,0.24711237681898562,0
2063,data/raw/bhsig260/BHSig160_Hindi/Genuine/H-S-4-G-01.tif,data/raw/bhsig260/BHSig160_Hindi/Genuine/H-S-4-G-08.tif,1,genuine_genuine,100004,0.16027401387691498,0.24711237681898562,1
2064,data/raw/bhsig260/BHSig160_Hindi/Genuine/H-S-4-G-02.tif,data/raw/bhsig260/BHSig160_Hindi/Genuine/H-S-4-G-16.tif,1,genuine_genuine,100004,0.18990056216716766,0.24711237681898562,1
2065,data/raw/bhsig260/BHSig160_Hindi/Genuine/H-S-4-G-15.tif,data/raw/bhsig260/BHSig160_Hindi/Genuine/H-S-4-G-20.tif,1,genuine_genuine,100004,0.3351028263568878,0.24711237681898562,0
2066,data/raw/bhsig260/BHSig160_Hindi/Genuine/H-S-4-G-02.tif,data/raw/bhsig260/BHSig160_Hindi/Genuine/H-S-4-G-06.tif,1,genuine_genuine,100004,0.35153982043266296,0.24711237681898562,0
2067,data/raw/bhsig260/BHSig160_Hindi/Genuine/H-S-4-G-06.tif,data/raw/bhsig260/BHSig160_Hindi/Genuine/H-S-4-G-11.tif,1,genuine_genuine,100004,0.3201640546321869,0.24711237681898562,0
2068,data/raw/bhsig260/BHSig160_Hindi/Genuine/H-S-4-G-12.tif,data/raw/bhsig260/BHSig160_Hindi/Genuine/H-S-4-G-15.tif,1,genuine_genuine,100004,0.2052866816520691,0.24711237681898562,1
2069,data/raw/bhsig260/BHSig160_Hindi/Genuine/H-S-4-G-09.tif,data/raw/bhsig260/BHSig160_Hindi/Genuine/H-S-4-G-13.tif,1,genuine_genuine,100004,0.24919047951698303,0.24711237681898562,0
2070,data/raw/bhsig260/BHSig160_Hindi/Genuine/H-S-4-G-10.tif,data/raw/bhsig260/BHSig160_Hindi/Forged/H-S-4-F-27.tif,0,skilled_forgery,100004,0.21779458224773407,0.24711237681898562,1
2071,data/raw/bhsig260/BHSig160_Hindi/Genuine/H-S-4-G-05.tif,data/raw/bhsig260/BHSig160_Hindi/Forged/H-S-4-F-13.tif,0,skilled_forgery,100004,0.43076884746551514,0.24711237681898562,0
2072,data/raw/bhsig260/BHSig160_Hindi/Genuine/H-S-4-G-17.tif,data/raw/bhsig260/BHSig160_Hindi/Forged/H-S-4-F-12.tif,0,skilled_forgery,100004,0.25958532094955444,0.24711237681898562,0
2073,data/raw/bhsig260/BHSig160_Hindi/Genuine/H-S-4-G-13.tif,data/raw/bhsig260/BHSig160_Hindi/Forged/H-S-4-F-02.tif,0,skilled_forgery,100004,0.5621971487998962,0.24711237681898562,0
2074,data/raw/bhsig260/BHSig160_Hindi/Genuine/H-S-4-G-15.tif,data/raw/bhsig260/BHSig160_Hindi/Forged/H-S-4-F-15.tif,0,skilled_forgery,100004,0.3573019206523895,0.24711237681898562,0
2075,data/raw/bhsig260/BHSig160_Hindi/Genuine/H-S-4-G-23.tif,data/raw/bhsig260/BHSig160_Hindi/Genuine/H-S-7-G-14.tif,0,random_forgery,100004,0.47981202602386475,0.24711237681898562,0
2076,data/raw/bhsig260/BHSig160_Hindi/Genuine/H-S-4-G-13.tif,data/raw/bhsig260/BHSig160_Hindi/Genuine/H-S-135-G-14.tif,0,random_forgery,100004,0.5050491094589233,0.24711237681898562,0
2077,data/raw/bhsig260/BHSig160_Hindi/Genuine/H-S-4-G-15.tif,data/raw/bhsig260/BHSig100_Bengali/Genuine/B-S-54-G-15.tif,0,random_forgery,100004,0.38182008266448975,0.24711237681898562,0
2078,data/raw/bhsig260/BHSig160_Hindi/Genuine/H-S-4-G-02.tif,data/raw/bhsig260/BHSig100_Bengali/Genuine/B-S-90-G-21.tif,0,random_forgery,100004,0.9565696120262146,0.24711237681898562,0
2079,data/raw/bhsig260/BHSig160_Hindi/Genuine/H-S-4-G-06.tif,data/raw/bhsig260/BHSig100_Bengali/Genuine/B-S-13-G-08.tif,0,random_forgery,100004,1.3077538013458252,0.24711237681898562,0
2080,data/raw/bhsig260/BHSig160_Hindi/Genuine/H-S-5-G-03.tif,data/raw/bhsig260/BHSig160_Hindi/Genuine/H-S-5-G-15.tif,1,genuine_genuine,100005,0.1888708472251892,0.24711237681898562,1
2081,data/raw/bhsig260/BHSig160_Hindi/Genuine/H-S-5-G-13.tif,data/raw/bhsig260/BHSig160_Hindi/Genuine/H-S-5-G-20.tif,1,genuine_genuine,100005,0.8606011271476746,0.24711237681898562,0
2082,data/raw/bhsig260/BHSig160_Hindi/Genuine/H-S-5-G-02.tif,data/raw/bhsig260/BHSig160_Hindi/Genuine/H-S-5-G-22.tif,1,genuine_genuine,100005,0.2709171175956726,0.24711237681898562,0
2083,data/raw/bhsig260/BHSig160_Hindi/Genuine/H-S-5-G-20.tif,data/raw/bhsig260/BHSig160_Hindi/Genuine/H-S-5-G-23.tif,1,genuine_genuine,100005,0.9195932149887085,0.24711237681898562,0
2084,data/raw/bhsig260/BHSig160_Hindi/Genuine/H-S-5-G-12.tif,data/raw/bhsig260/BHSig160_Hindi/Genuine/H-S-5-G-21.tif,1,genuine_genuine,100005,0.12013854831457138,0.24711237681898562,1
2085,data/raw/bhsig260/BHSig160_Hindi/Genuine/H-S-5-G-10.tif,data/raw/bhsig260/BHSig160_Hindi/Genuine/H-S-5-G-24.tif,1,genuine_genuine,100005,0.20433057844638824,0.24711237681898562,1
2086,data/raw/bhsig260/BHSig160_Hindi/Genuine/H-S-5-G-14.tif,data/raw/bhsig260/BHSig160_Hindi/Genuine/H-S-5-G-17.tif,1,genuine_genuine,100005,0.22404725849628448,0.24711237681898562,1
2087,data/raw/bhsig260/BHSig160_Hindi/Genuine/H-S-5-G-02.tif,data/raw/bhsig260/BHSig160_Hindi/Genuine/H-S-5-G-06.tif,1,genuine_genuine,100005,0.4258017838001251,0.24711237681898562,0
2088,data/raw/bhsig260/BHSig160_Hindi/Genuine/H-S-5-G-05.tif,data/raw/bhsig260/BHSig160_Hindi/Genuine/H-S-5-G-24.tif,1,genuine_genuine,100005,0.24689561128616333,0.24711237681898562,1
2089,data/raw/bhsig260/BHSig160_Hindi/Genuine/H-S-5-G-03.tif,data/raw/bhsig260/BHSig160_Hindi/Genuine/H-S-5-G-24.tif,1,genuine_genuine,100005,0.06734959781169891,0.24711237681898562,1
2090,data/raw/bhsig260/BHSig160_Hindi/Genuine/H-S-5-G-09.tif,data/raw/bhsig260/BHSig160_Hindi/Forged/H-S-5-F-16.tif,0,skilled_forgery,100005,0.47041594982147217,0.24711237681898562,0
2091,data/raw/bhsig260/BHSig160_Hindi/Genuine/H-S-5-G-03.tif,data/raw/bhsig260/BHSig160_Hindi/Forged/H-S-5-F-30.tif,0,skilled_forgery,100005,0.40951669216156006,0.24711237681898562,0
2092,data/raw/bhsig260/BHSig160_Hindi/Genuine/H-S-5-G-13.tif,data/raw/bhsig260/BHSig160_Hindi/Forged/H-S-5-F-16.tif,0,skilled_forgery,100005,0.3546663224697113,0.24711237681898562,0
2093,data/raw/bhsig260/BHSig160_Hindi/Genuine/H-S-5-G-16.tif,data/raw/bhsig260/BHSig160_Hindi/Forged/H-S-5-F-14.tif,0,skilled_forgery,100005,0.260914146900177,0.24711237681898562,0
2094,data/raw/bhsig260/BHSig160_Hindi/Genuine/H-S-5-G-18.tif,data/raw/bhsig260/BHSig160_Hindi/Forged/H-S-5-F-21.tif,0,skilled_forgery,100005,0.16719165444374084,0.24711237681898562,1
2095,data/raw/bhsig260/BHSig160_Hindi/Genuine/H-S-5-G-04.tif,data/raw/bhsig260/BHSig100_Bengali/Genuine/B-S-4-G-02.tif,0,random_forgery,100005,0.7952634692192078,0.24711237681898562,0
2096,data/raw/bhsig260/BHSig160_Hindi/Genuine/H-S-5-G-21.tif,data/raw/bhsig260/BHSig160_Hindi/Genuine/H-S-140-G-10.tif,0,random_forgery,100005,0.5785109996795654,0.24711237681898562,0
2097,data/raw/bhsig260/BHSig160_Hindi/Genuine/H-S-5-G-05.tif,data/raw/bhsig260/BHSig100_Bengali/Genuine/B-S-25-G-24.tif,0,random_forgery,100005,0.7943778038024902,0.24711237681898562,0
2098,data/raw/bhsig260/BHSig160_Hindi/Genuine/H-S-5-G-16.tif,data/raw/bhsig260/BHSig160_Hindi/Genuine/H-S-92-G-07.tif,0,random_forgery,100005,0.39090242981910706,0.24711237681898562,0
2099,data/raw/bhsig260/BHSig160_Hindi/Genuine/H-S-5-G-19.tif,data/raw/bhsig260/BHSig160_Hindi/Genuine/H-S-093-G-15.tif,0,random_forgery,100005,0.454326868057251,0.24711237681898562,0
2100,data/raw/bhsig260/BHSig160_Hindi/Genuine/H-S-6-G-08.tif,data/raw/bhsig260/BHSig160_Hindi/Genuine/H-S-6-G-21.tif,1,genuine_genuine,100006,0.20865485072135925,0.24711237681898562,1
2101,data/raw/bhsig260/BHSig160_Hindi/Genuine/H-S-6-G-17.tif,data/raw/bhsig260/BHSig160_Hindi/Genuine/H-S-6-G-24.tif,1,genuine_genuine,100006,0.3338935673236847,0.24711237681898562,0
2102,data/raw/bhsig260/BHSig160_Hindi/Genuine/H-S-6-G-11.tif,data/raw/bhsig260/BHSig160_Hindi/Genuine/H-S-6-G-14.tif,1,genuine_genuine,100006,0.18898455798625946,0.24711237681898562,1
2103,data/raw/bhsig260/BHSig160_Hindi/Genuine/H-S-6-G-02.tif,data/raw/bhsig260/BHSig160_Hindi/Genuine/H-S-6-G-03.tif,1,genuine_genuine,100006,0.06373392790555954,0.24711237681898562,1
2104,data/raw/bhsig260/BHSig160_Hindi/Genuine/H-S-6-G-06.tif,data/raw/bhsig260/BHSig160_Hindi/Genuine/H-S-6-G-14.tif,1,genuine_genuine,100006,0.12062758952379227,0.24711237681898562,1
2105,data/raw/bhsig260/BHSig160_Hindi/Genuine/H-S-6-G-06.tif,data/raw/bhsig260/BHSig160_Hindi/Genuine/H-S-6-G-19.tif,1,genuine_genuine,100006,0.3082117736339569,0.24711237681898562,0
2106,data/raw/bhsig260/BHSig160_Hindi/Genuine/H-S-6-G-17.tif,data/raw/bhsig260/BHSig160_Hindi/Genuine/H-S-6-G-18.tif,1,genuine_genuine,100006,0.04559093713760376,0.24711237681898562,1
2107,data/raw/bhsig260/BHSig160_Hindi/Genuine/H-S-6-G-03.tif,data/raw/bhsig260/BHSig160_Hindi/Genuine/H-S-6-G-24.tif,1,genuine_genuine,100006,0.2712663412094116,0.24711237681898562,0
2108,data/raw/bhsig260/BHSig160_Hindi/Genuine/H-S-6-G-12.tif,data/raw/bhsig260/BHSig160_Hindi/Genuine/H-S-6-G-15.tif,1,genuine_genuine,100006,0.20330967009067535,0.24711237681898562,1
2109,data/raw/bhsig260/BHSig160_Hindi/Genuine/H-S-6-G-17.tif,data/raw/bhsig260/BHSig160_Hindi/Genuine/H-S-6-G-20.tif,1,genuine_genuine,100006,0.16213849186897278,0.24711237681898562,1
2110,data/raw/bhsig260/BHSig160_Hindi/Genuine/H-S-6-G-03.tif,data/raw/bhsig260/BHSig160_Hindi/Forged/H-S-6-F-12.tif,0,skilled_forgery,100006,0.2346099317073822,0.24711237681898562,1
2111,data/raw/bhsig260/BHSig160_Hindi/Genuine/H-S-6-G-17.tif,data/raw/bhsig260/BHSig160_Hindi/Forged/H-S-6-F-27.tif,0,skilled_forgery,100006,0.32662633061408997,0.24711237681898562,0
2112,data/raw/bhsig260/BHSig160_Hindi/Genuine/H-S-6-G-13.tif,data/raw/bhsig260/BHSig160_Hindi/Forged/H-S-6-F-11.tif,0,skilled_forgery,100006,0.20801885426044464,0.24711237681898562,1
2113,data/raw/bhsig260/BHSig160_Hindi/Genuine/H-S-6-G-16.tif,data/raw/bhsig260/BHSig160_Hindi/Forged/H-S-6-F-21.tif,0,skilled_forgery,100006,0.1888536661863327,0.24711237681898562,1
2114,data/raw/bhsig260/BHSig160_Hindi/Genuine/H-S-6-G-11.tif,data/raw/bhsig260/BHSig160_Hindi/Forged/H-S-6-F-12.tif,0,skilled_forgery,100006,0.21256394684314728,0.24711237681898562,1
2115,data/raw/bhsig260/BHSig160_Hindi/Genuine/H-S-6-G-09.tif,data/raw/bhsig260/BHSig160_Hindi/Genuine/H-S-139-G-15.tif,0,random_forgery,100006,0.19001661241054535,0.24711237681898562,1
2116,data/raw/bhsig260/BHSig160_Hindi/Genuine/H-S-6-G-09.tif,data/raw/bhsig260/BHSig160_Hindi/Genuine/H-S-54-G-04.tif,0,random_forgery,100006,1.0755969285964966,0.24711237681898562,0
2117,data/raw/bhsig260/BHSig160_Hindi/Genuine/H-S-6-G-10.tif,data/raw/bhsig260/BHSig100_Bengali/Genuine/B-S-66-G-01.tif,0,random_forgery,100006,0.3950987160205841,0.24711237681898562,0
2118,data/raw/bhsig260/BHSig160_Hindi/Genuine/H-S-6-G-08.tif,data/raw/bhsig260/BHSig160_Hindi/Genuine/H-S-45-G-18.tif,0,random_forgery,100006,0.7941627502441406,0.24711237681898562,0
2119,data/raw/bhsig260/BHSig160_Hindi/Genuine/H-S-6-G-06.tif,data/raw/bhsig260/BHSig160_Hindi/Genuine/H-S-34-G-23.tif,0,random_forgery,100006,0.22360292077064514,0.24711237681898562,1
2120,data/raw/bhsig260/BHSig160_Hindi/Genuine/H-S-7-G-13.tif,data/raw/bhsig260/BHSig160_Hindi/Genuine/H-S-7-G-17.tif,1,genuine_genuine,100007,0.489801287651062,0.24711237681898562,0
2121,data/raw/bhsig260/BHSig160_Hindi/Genuine/H-S-7-G-03.tif,data/raw/bhsig260/BHSig160_Hindi/Genuine/H-S-7-G-11.tif,1,genuine_genuine,100007,0.2674596309661865,0.24711237681898562,0
2122,data/raw/bhsig260/BHSig160_Hindi/Genuine/H-S-7-G-13.tif,data/raw/bhsig260/BHSig160_Hindi/Genuine/H-S-7-G-15.tif,1,genuine_genuine,100007,0.39676037430763245,0.24711237681898562,0
2123,data/raw/bhsig260/BHSig160_Hindi/Genuine/H-S-7-G-17.tif,data/raw/bhsig260/BHSig160_Hindi/Genuine/H-S-7-G-22.tif,1,genuine_genuine,100007,0.12240831553936005,0.24711237681898562,1
2124,data/raw/bhsig260/BHSig160_Hindi/Genuine/H-S-7-G-03.tif,data/raw/bhsig260/BHSig160_Hindi/Genuine/H-S-7-G-24.tif,1,genuine_genuine,100007,0.3111044466495514,0.24711237681898562,0
2125,data/raw/bhsig260/BHSig160_Hindi/Genuine/H-S-7-G-16.tif,data/raw/bhsig260/BHSig160_Hindi/Genuine/H-S-7-G-22.tif,1,genuine_genuine,100007,0.30282413959503174,0.24711237681898562,0
2126,data/raw/bhsig260/BHSig160_Hindi/Genuine/H-S-7-G-05.tif,data/raw/bhsig260/BHSig160_Hindi/Genuine/H-S-7-G-10.tif,1,genuine_genuine,100007,0.10708598047494888,0.24711237681898562,1
2127,data/raw/bhsig260/BHSig160_Hindi/Genuine/H-S-7-G-04.tif,data/raw/bhsig260/BHSig160_Hindi/Genuine/H-S-7-G-06.tif,1,genuine_genuine,100007,0.3444787859916687,0.24711237681898562,0
2128,data/raw/bhsig260/BHSig160_Hindi/Genuine/H-S-7-G-01.tif,data/raw/bhsig260/BHSig160_Hindi/Genuine/H-S-7-G-17.tif,1,genuine_genuine,100007,0.2583562433719635,0.24711237681898562,0
2129,data/raw/bhsig260/BHSig160_Hindi/Genuine/H-S-7-G-17.tif,data/raw/bhsig260/BHSig160_Hindi/Genuine/H-S-7-G-23.tif,1,genuine_genuine,100007,0.2212173342704773,0.24711237681898562,1
2130,data/raw/bhsig260/BHSig160_Hindi/Genuine/H-S-7-G-20.tif,data/raw/bhsig260/BHSig160_Hindi/Forged/H-S-7-F-15.tif,0,skilled_forgery,100007,0.19929943978786469,0.24711237681898562,1
2131,data/raw/bhsig260/BHSig160_Hindi/Genuine/H-S-7-G-12.tif,data/raw/bhsig260/BHSig160_Hindi/Forged/H-S-7-F-07.tif,0,skilled_forgery,100007,0.4111790657043457,0.24711237681898562,0
2132,data/raw/bhsig260/BHSig160_Hindi/Genuine/H-S-7-G-09.tif,data/raw/bhsig260/BHSig160_Hindi/Forged/H-S-7-F-05.tif,0,skilled_forgery,100007,0.09269411861896515,0.24711237681898562,1
2133,data/raw/bhsig260/BHSig160_Hindi/Genuine/H-S-7-G-01.tif,data/raw/bhsig260/BHSig160_Hindi/Forged/H-S-7-F-05.tif,0,skilled_forgery,100007,0.35370564460754395,0.24711237681898562,0
2134,data/raw/bhsig260/BHSig160_Hindi/Genuine/H-S-7-G-01.tif,data/raw/bhsig260/BHSig160_Hindi/Forged/H-S-7-F-09.tif,0,skilled_forgery,100007,0.43531346321105957,0.24711237681898562,0
2135,data/raw/bhsig260/BHSig160_Hindi/Genuine/H-S-7-G-21.tif,data/raw/bhsig260/BHSig160_Hindi/Genuine/H-S-129-G-22.tif,0,random_forgery,100007,0.33623677492141724,0.24711237681898562,0
2136,data/raw/bhsig260/BHSig160_Hindi/Genuine/H-S-7-G-08.tif,data/raw/bhsig260/BHSig100_Bengali/Genuine/B-S-86-G-11.tif,0,random_forgery,100007,0.31219950318336487,0.24711237681898562,0
2137,data/raw/bhsig260/BHSig160_Hindi/Genuine/H-S-7-G-14.tif,data/raw/bhsig260/BHSig160_Hindi/Genuine/H-S-119-G-06.tif,0,random_forgery,100007,1.1454120874404907,0.24711237681898562,0
2138,data/raw/bhsig260/BHSig160_Hindi/Genuine/H-S-7-G-15.tif,data/raw/bhsig260/BHSig160_Hindi/Genuine/H-S-68-G-18.tif,0,random_forgery,100007,0.31997179985046387,0.24711237681898562,0
2139,data/raw/bhsig260/BHSig160_Hindi/Genuine/H-S-7-G-06.tif,data/raw/bhsig260/BHSig160_Hindi/Genuine/H-S-10-G-24.tif,0,random_forgery,100007,0.5777818560600281,0.24711237681898562,0
2140,data/raw/bhsig260/BHSig160_Hindi/Genuine/H-S-8-G-05.tif,data/raw/bhsig260/BHSig160_Hindi/Genuine/H-S-8-G-15.tif,1,genuine_genuine,100008,0.4061911702156067,0.24711237681898562,0
2141,data/raw/bhsig260/BHSig160_Hindi/Genuine/H-S-8-G-01.tif,data/raw/bhsig260/BHSig160_Hindi/Genuine/H-S-8-G-11.tif,1,genuine_genuine,100008,0.4493265151977539,0.24711237681898562,0
2142,data/raw/bhsig260/BHSig160_Hindi/Genuine/H-S-8-G-12.tif,data/raw/bhsig260/BHSig160_Hindi/Genuine/H-S-8-G-24.tif,1,genuine_genuine,100008,0.14298905432224274,0.24711237681898562,1
2143,data/raw/bhsig260/BHSig160_Hindi/Genuine/H-S-8-G-08.tif,data/raw/bhsig260/BHSig160_Hindi/Genuine/H-S-8-G-19.tif,1,genuine_genuine,100008,0.21289317309856415,0.24711237681898562,1
2144,data/raw/bhsig260/BHSig160_Hindi/Genuine/H-S-8-G-12.tif,data/raw/bhsig260/BHSig160_Hindi/Genuine/H-S-8-G-22.tif,1,genuine_genuine,100008,0.3490038812160492,0.24711237681898562,0
2145,data/raw/bhsig260/BHSig160_Hindi/Genuine/H-S-8-G-17.tif,data/raw/bhsig260/BHSig160_Hindi/Genuine/H-S-8-G-22.tif,1,genuine_genuine,100008,0.3903074562549591,0.24711237681898562,0
2146,data/raw/bhsig260/BHSig160_Hindi/Genuine/H-S-8-G-03.tif,data/raw/bhsig260/BHSig160_Hindi/Genuine/H-S-8-G-17.tif,1,genuine_genuine,100008,0.2650609612464905,0.24711237681898562,0
2147,data/raw/bhsig260/BHSig160_Hindi/Genuine/H-S-8-G-08.tif,data/raw/bhsig260/BHSig160_Hindi/Genuine/H-S-8-G-11.tif,1,genuine_genuine,100008,0.3806261420249939,0.24711237681898562,0
2148,data/raw/bhsig260/BHSig160_Hindi/Genuine/H-S-8-G-17.tif,data/raw/bhsig260/BHSig160_Hindi/Genuine/H-S-8-G-19.tif,1,genuine_genuine,100008,0.3112333118915558,0.24711237681898562,0
2149,data/raw/bhsig260/BHSig160_Hindi/Genuine/H-S-8-G-13.tif,data/raw/bhsig260/BHSig160_Hindi/Genuine/H-S-8-G-19.tif,1,genuine_genuine,100008,0.4620461165904999,0.24711237681898562,0
2150,data/raw/bhsig260/BHSig160_Hindi/Genuine/H-S-8-G-14.tif,data/raw/bhsig260/BHSig160_Hindi/Forged/H-S-8-F-27.tif,0,skilled_forgery,100008,0.5217302441596985,0.24711237681898562,0
2151,data/raw/bhsig260/BHSig160_Hindi/Genuine/H-S-8-G-08.tif,data/raw/bhsig260/BHSig160_Hindi/Forged/H-S-8-F-19.tif,0,skilled_forgery,100008,0.5494272708892822,0.24711237681898562,0
2152,data/raw/bhsig260/BHSig160_Hindi/Genuine/H-S-8-G-21.tif,data/raw/bhsig260/BHSig160_Hindi/Forged/H-S-8-F-08.tif,0,skilled_forgery,100008,0.5518468618392944,0.24711237681898562,0
2153,data/raw/bhsig260/BHSig160_Hindi/Genuine/H-S-8-G-24.tif,data/raw/bhsig260/BHSig160_Hindi/Forged/H-S-8-F-23.tif,0,skilled_forgery,100008,0.36759886145591736,0.24711237681898562,0
2154,data/raw/bhsig260/BHSig160_Hindi/Genuine/H-S-8-G-08.tif,data/raw/bhsig260/BHSig160_Hindi/Forged/H-S-8-F-24.tif,0,skilled_forgery,100008,0.48543959856033325,0.24711237681898562,0
2155,data/raw/bhsig260/BHSig160_Hindi/Genuine/H-S-8-G-01.tif,data/raw/bhsig260/BHSig100_Bengali/Genuine/B-S-68-G-18.tif,0,random_forgery,100008,0.7137122750282288,0.24711237681898562,0
2156,data/raw/bhsig260/BHSig160_Hindi/Genuine/H-S-8-G-19.tif,data/raw/bhsig260/BHSig160_Hindi/Genuine/H-S-103-G-12.tif,0,random_forgery,100008,0.4992543160915375,0.24711237681898562,0
2157,data/raw/bhsig260/BHSig160_Hindi/Genuine/H-S-8-G-21.tif,data/raw/bhsig260/BHSig100_Bengali/Genuine/B-S-83-G-12.tif,0,random_forgery,100008,0.7172358632087708,0.24711237681898562,0
2158,data/raw/bhsig260/BHSig160_Hindi/Genuine/H-S-8-G-16.tif,data/raw/bhsig260/BHSig100_Bengali/Genuine/B-S-33-G-23.tif,0,random_forgery,100008,0.9096428155899048,0.24711237681898562,0
2159,data/raw/bhsig260/BHSig160_Hindi/Genuine/H-S-8-G-20.tif,data/raw/bhsig260/BHSig160_Hindi/Genuine/H-S-46-G-04.tif,0,random_forgery,100008,0.21660242974758148,0.24711237681898562,1
2160,data/raw/bhsig260/BHSig160_Hindi/Genuine/H-S-9-G-04.tif,data/raw/bhsig260/BHSig160_Hindi/Genuine/H-S-9-G-10.tif,1,genuine_genuine,100009,0.09978024661540985,0.24711237681898562,1
2161,data/raw/bhsig260/BHSig160_Hindi/Genuine/H-S-9-G-09.tif,data/raw/bhsig260/BHSig160_Hindi/Genuine/H-S-9-G-12.tif,1,genuine_genuine,100009,0.1490708440542221,0.24711237681898562,1
2162,data/raw/bhsig260/BHSig160_Hindi/Genuine/H-S-9-G-09.tif,data/raw/bhsig260/BHSig160_Hindi/Genuine/H-S-9-G-23.tif,1,genuine_genuine,100009,0.04546918347477913,0.24711237681898562,1
2163,data/raw/bhsig260/BHSig160_Hindi/Genuine/H-S-9-G-19.tif,data/raw/bhsig260/BHSig160_Hindi/Genuine/H-S-9-G-20.tif,1,genuine_genuine,100009,0.1844860166311264,0.24711237681898562,1
2164,data/raw/bhsig260/BHSig160_Hindi/Genuine/H-S-9-G-09.tif,data/raw/bhsig260/BHSig160_Hindi/Genuine/H-S-9-G-10.tif,1,genuine_genuine,100009,0.1328737586736679,0.24711237681898562,1
2165,data/raw/bhsig260/BHSig160_Hindi/Genuine/H-S-9-G-13.tif,data/raw/bhsig260/BHSig160_Hindi/Genuine/H-S-9-G-23.tif,1,genuine_genuine,100009,0.07206903398036957,0.24711237681898562,1
2166,data/raw/bhsig260/BHSig160_Hindi/Genuine/H-S-9-G-04.tif,data/raw/bhsig260/BHSig160_Hindi/Genuine/H-S-9-G-16.tif,1,genuine_genuine,100009,0.14078478515148163,0.24711237681898562,1
2167,data/raw/bhsig260/BHSig160_Hindi/Genuine/H-S-9-G-12.tif,data/raw/bhsig260/BHSig160_Hindi/Genuine/H-S-9-G-15.tif,1,genuine_genuine,100009,0.10643527656793594,0.24711237681898562,1
2168,data/raw/bhsig260/BHSig160_Hindi/Genuine/H-S-9-G-04.tif,data/raw/bhsig260/BHSig160_Hindi/Genuine/H-S-9-G-14.tif,1,genuine_genuine,100009,0.16358163952827454,0.24711237681898562,1
2169,data/raw/bhsig260/BHSig160_Hindi/Genuine/H-S-9-G-02.tif,data/raw/bhsig260/BHSig160_Hindi/Genuine/H-S-9-G-12.tif,1,genuine_genuine,100009,0.19853144884109497,0.24711237681898562,1
2170,data/raw/bhsig260/BHSig160_Hindi/Genuine/H-S-9-G-19.tif,data/raw/bhsig260/BHSig160_Hindi/Forged/H-S-9-F-07.tif,0,skilled_forgery,100009,0.6185797452926636,0.24711237681898562,0
2171,data/raw/bhsig260/BHSig160_Hindi/Genuine/H-S-9-G-15.tif,data/raw/bhsig260/BHSig160_Hindi/Forged/H-S-9-F-12.tif,0,skilled_forgery,100009,0.5078754425048828,0.24711237681898562,0
2172,data/raw/bhsig260/BHSig160_Hindi/Genuine/H-S-9-G-23.tif,data/raw/bhsig260/BHSig160_Hindi/Forged/H-S-9-F-04.tif,0,skilled_forgery,100009,0.2869509160518646,0.24711237681898562,0
2173,data/raw/bhsig260/BHSig160_Hindi/Genuine/H-S-9-G-18.tif,data/raw/bhsig260/BHSig160_Hindi/Forged/H-S-9-F-07.tif,0,skilled_forgery,100009,0.7048513889312744,0.24711237681898562,0
2174,data/raw/bhsig260/BHSig160_Hindi/Genuine/H-S-9-G-19.tif,data/raw/bhsig260/BHSig160_Hindi/Forged/H-S-9-F-23.tif,0,skilled_forgery,100009,0.21466034650802612,0.24711237681898562,1
2175,data/raw/bhsig260/BHSig160_Hindi/Genuine/H-S-9-G-13.tif,data/raw/bhsig260/BHSig100_Bengali/Genuine/B-S-28-G-08.tif,0,random_forgery,100009,1.0973858833312988,0.24711237681898562,0
2176,data/raw/bhsig260/BHSig160_Hindi/Genuine/H-S-9-G-04.tif,data/raw/bhsig260/BHSig160_Hindi/Genuine/H-S-13-G-09.tif,0,random_forgery,100009,0.5979886054992676,0.24711237681898562,0
2177,data/raw/bhsig260/BHSig160_Hindi/Genuine/H-S-9-G-13.tif,data/raw/bhsig260/BHSig160_Hindi/Genuine/H-S-140-G-16.tif,0,random_forgery,100009,0.3771972060203552,0.24711237681898562,0
2178,data/raw/bhsig260/BHSig160_Hindi/Genuine/H-S-9-G-01.tif,data/raw/bhsig260/BHSig160_Hindi/Genuine/H-S-4-G-02.tif,0,random_forgery,100009,0.49380093812942505,0.24711237681898562,0
2179,data/raw/bhsig260/BHSig160_Hindi/Genuine/H-S-9-G-13.tif,data/raw/bhsig260/BHSig100_Bengali/Genuine/B-S-54-G-10.tif,0,random_forgery,100009,0.07560800015926361,0.24711237681898562,1
2180,data/raw/bhsig260/BHSig160_Hindi/Genuine/H-S-10-G-04.tif,data/raw/bhsig260/BHSig160_Hindi/Genuine/H-S-10-G-10.tif,1,genuine_genuine,100010,0.6098545789718628,0.24711237681898562,0
2181,data/raw/bhsig260/BHSig160_Hindi/Genuine/H-S-10-G-04.tif,data/raw/bhsig260/BHSig160_Hindi/Genuine/H-S-10-G-12.tif,1,genuine_genuine,100010,0.4018174111843109,0.24711237681898562,0
2182,data/raw/bhsig260/BHSig160_Hindi/Genuine/H-S-10-G-08.tif,data/raw/bhsig260/BHSig160_Hindi/Genuine/H-S-10-G-20.tif,1,genuine_genuine,100010,0.2336139976978302,0.24711237681898562,1
2183,data/raw/bhsig260/BHSig160_Hindi/Genuine/H-S-10-G-04.tif,data/raw/bhsig260/BHSig160_Hindi/Genuine/H-S-10-G-21.tif,1,genuine_genuine,100010,0.28134265542030334,0.24711237681898562,0
2184,data/raw/bhsig260/BHSig160_Hindi/Genuine/H-S-10-G-08.tif,data/raw/bhsig260/BHSig160_Hindi/Genuine/H-S-10-G-21.tif,1,genuine_genuine,100010,0.2586931586265564,0.24711237681898562,0
2185,data/raw/bhsig260/BHSig160_Hindi/Genuine/H-S-10-G-02.tif,data/raw/bhsig260/BHSig160_Hindi/Genuine/H-S-10-G-23.tif,1,genuine_genuine,100010,0.433510959148407,0.24711237681898562,0
2186,data/raw/bhsig260/BHSig160_Hindi/Genuine/H-S-10-G-02.tif,data/raw/bhsig260/BHSig160_Hindi/Genuine/H-S-10-G-17.tif,1,genuine_genuine,100010,0.18658915162086487,0.24711237681898562,1
2187,data/raw/bhsig260/BHSig160_Hindi/Genuine/H-S-10-G-12.tif,data/raw/bhsig260/BHSig160_Hindi/Genuine/H-S-10-G-24.tif,1,genuine_genuine,100010,0.12243397533893585,0.24711237681898562,1
2188,data/raw/bhsig260/BHSig160_Hindi/Genuine/H-S-10-G-15.tif,data/raw/bhsig260/BHSig160_Hindi/Genuine/H-S-10-G-20.tif,1,genuine_genuine,100010,0.07378048449754715,0.24711237681898562,1
2189,data/raw/bhsig260/BHSig160_Hindi/Genuine/H-S-10-G-07.tif,data/raw/bhsig260/BHSig160_Hindi/Genuine/H-S-10-G-17.tif,1,genuine_genuine,100010,0.2205030620098114,0.24711237681898562,1
2190,data/raw/bhsig260/BHSig160_Hindi/Genuine/H-S-10-G-08.tif,data/raw/bhsig260/BHSig160_Hindi/Forged/H-S-10-F-11.tif,0,skilled_forgery,100010,0.30836978554725647,0.24711237681898562,0
2191,data/raw/bhsig260/BHSig160_Hindi/Genuine/H-S-10-G-04.tif,data/raw/bhsig260/BHSig160_Hindi/Forged/H-S-10-F-12.tif,0,skilled_forgery,100010,0.08505555987358093,0.24711237681898562,1
2192,data/raw/bhsig260/BHSig160_Hindi/Genuine/H-S-10-G-07.tif,data/raw/bhsig260/BHSig160_Hindi/Forged/H-S-10-F-17.tif,0,skilled_forgery,100010,0.09107756614685059,0.24711237681898562,1
2193,data/raw/bhsig260/BHSig160_Hindi/Genuine/H-S-10-G-19.tif,data/raw/bhsig260/BHSig160_Hindi/Forged/H-S-10-F-14.tif,0,skilled_forgery,100010,0.46398913860321045,0.24711237681898562,0
2194,data/raw/bhsig260/BHSig160_Hindi/Genuine/H-S-10-G-13.tif,data/raw/bhsig260/BHSig160_Hindi/Forged/H-S-10-F-10.tif,0,skilled_forgery,100010,0.5570530891418457,0.24711237681898562,0
2195,data/raw/bhsig260/BHSig160_Hindi/Genuine/H-S-10-G-17.tif,data/raw/bhsig260/BHSig160_Hindi/Genuine/H-S-66-G-18.tif,0,random_forgery,100010,0.41002583503723145,0.24711237681898562,0
2196,data/raw/bhsig260/BHSig160_Hindi/Genuine/H-S-10-G-18.tif,data/raw/bhsig260/BHSig160_Hindi/Genuine/H-S-95-G-01.tif,0,random_forgery,100010,0.7017776370048523,0.24711237681898562,0
2197,data/raw/bhsig260/BHSig160_Hindi/Genuine/H-S-10-G-06.tif,data/raw/bhsig260/BHSig100_Bengali/Genuine/B-S-81-G-14.tif,0,random_forgery,100010,0.429948627948761,0.24711237681898562,0
2198,data/raw/bhsig260/BHSig160_Hindi/Genuine/H-S-10-G-09.tif,data/raw/bhsig260/BHSig160_Hindi/Genuine/H-S-018-G-16.tif,0,random_forgery,100010,0.5916809439659119,0.24711237681898562,0
2199,data/raw/bhsig260/BHSig160_Hindi/Genuine/H-S-10-G-09.tif,data/raw/bhsig260/BHSig100_Bengali/Genuine/B-S-55-G-22.tif,0,random_forgery,100010,0.6707742810249329,0.24711237681898562,0
2200,data/raw/bhsig260/BHSig160_Hindi/Genuine/H-S-011-G-06.tif,data/raw/bhsig260/BHSig160_Hindi/Genuine/H-S-011-G-22.tif,1,genuine_genuine,100011,0.24666547775268555,0.24711237681898562,1
2201,data/raw/bhsig260/BHSig160_Hindi/Genuine/H-S-011-G-08.tif,data/raw/bhsig260/BHSig160_Hindi/Genuine/H-S-011-G-16.tif,1,genuine_genuine,100011,0.6743443012237549,0.24711237681898562,0
2202,data/raw/bhsig260/BHSig160_Hindi/Genuine/H-S-011-G-17.tif,data/raw/bhsig260/BHSig160_Hindi/Genuine/H-S-011-G-24.tif,1,genuine_genuine,100011,0.23047149181365967,0.24711237681898562,1
2203,data/raw/bhsig260/BHSig160_Hindi/Genuine/H-S-011-G-05.tif,data/raw/bhsig260/BHSig160_Hindi/Genuine/H-S-011-G-16.tif,1,genuine_genuine,100011,0.19726547598838806,0.24711237681898562,1
2204,data/raw/bhsig260/BHSig160_Hindi/Genuine/H-S-011-G-06.tif,data/raw/bhsig260/BHSig160_Hindi/Genuine/H-S-011-G-08.tif,1,genuine_genuine,100011,0.36085161566734314,0.24711237681898562,0
2205,data/raw/bhsig260/BHSig160_Hindi/Genuine/H-S-011-G-17.tif,data/raw/bhsig260/BHSig160_Hindi/Genuine/H-S-011-G-20.tif,1,genuine_genuine,100011,0.16844025254249573,0.24711237681898562,1
2206,data/raw/bhsig260/BHSig160_Hindi/Genuine/H-S-011-G-06.tif,data/raw/bhsig260/BHSig160_Hindi/Genuine/H-S-011-G-09.tif,1,genuine_genuine,100011,0.07043914496898651,0.24711237681898562,1
2207,data/raw/bhsig260/BHSig160_Hindi/Genuine/H-S-011-G-15.tif,data/raw/bhsig260/BHSig160_Hindi/Genuine/H-S-011-G-21.tif,1,genuine_genuine,100011,0.7659372687339783,0.24711237681898562,0
2208,data/raw/bhsig260/BHSig160_Hindi/Genuine/H-S-011-G-11.tif,data/raw/bhsig260/BHSig160_Hindi/Genuine/H-S-011-G-21.tif,1,genuine_genuine,100011,0.25791028141975403,0.24711237681898562,0
2209,data/raw/bhsig260/BHSig160_Hindi/Genuine/H-S-011-G-07.tif,data/raw/bhsig260/BHSig160_Hindi/Genuine/H-S-011-G-17.tif,1,genuine_genuine,100011,0.49781379103660583,0.24711237681898562,0
2210,data/raw/bhsig260/BHSig160_Hindi/Genuine/H-S-011-G-10.tif,data/raw/bhsig260/BHSig160_Hindi/Forged/H-S-011-F-14.tif,0,skilled_forgery,100011,0.30704107880592346,0.24711237681898562,0
2211,data/raw/bhsig260/BHSig160_Hindi/Genuine/H-S-011-G-22.tif,data/raw/bhsig260/BHSig160_Hindi/Forged/H-S-011-F-19.tif,0,skilled_forgery,100011,0.31334835290908813,0.24711237681898562,0
2212,data/raw/bhsig260/BHSig160_Hindi/Genuine/H-S-011-G-04.tif,data/raw/bhsig260/BHSig160_Hindi/Forged/H-S-011-F-23.tif,0,skilled_forgery,100011,0.47238069772720337,0.24711237681898562,0
2213,data/raw/bhsig260/BHSig160_Hindi/Genuine/H-S-011-G-24.tif,data/raw/bhsig260/BHSig160_Hindi/Forged/H-S-011-F-26.tif,0,skilled_forgery,100011,0.2896270155906677,0.24711237681898562,0
2214,data/raw/bhsig260/BHSig160_Hindi/Genuine/H-S-011-G-06.tif,data/raw/bhsig260/BHSig160_Hindi/Forged/H-S-011-F-16.tif,0,skilled_forgery,100011,0.5231808423995972,0.24711237681898562,0
2215,data/raw/bhsig260/BHSig160_Hindi/Genuine/H-S-011-G-19.tif,data/raw/bhsig260/BHSig100_Bengali/Genuine/B-S-58-G-14.tif,0,random_forgery,100011,0.5767431259155273,0.24711237681898562,0
2216,data/raw/bhsig260/BHSig160_Hindi/Genuine/H-S-011-G-19.tif,data/raw/bhsig260/BHSig100_Bengali/Genuine/B-S-11-G-12.tif,0,random_forgery,100011,0.9440219402313232,0.24711237681898562,0
2217,data/raw/bhsig260/BHSig160_Hindi/Genuine/H-S-011-G-02.tif,data/raw/bhsig260/BHSig160_Hindi/Genuine/H-S-100-G-11.tif,0,random_forgery,100011,1.119346022605896,0.24711237681898562,0
2218,data/raw/bhsig260/BHSig160_Hindi/Genuine/H-S-011-G-11.tif,data/raw/bhsig260/BHSig100_Bengali/Genuine/B-S-9-G-12.tif,0,random_forgery,100011,1.0186524391174316,0.24711237681898562,0
2219,data/raw/bhsig260/BHSig160_Hindi/Genuine/H-S-011-G-04.tif,data/raw/bhsig260/BHSig160_Hindi/Genuine/H-S-160-G-10.tif,0,random_forgery,100011,1.453005075454712,0.24711237681898562,0
2220,data/raw/bhsig260/BHSig160_Hindi/Genuine/H-S-12-G-02.tif,data/raw/bhsig260/BHSig160_Hindi/Genuine/H-S-12-G-18.tif,1,genuine_genuine,100012,0.28633150458335876,0.24711237681898562,0
2221,data/raw/bhsig260/BHSig160_Hindi/Genuine/H-S-12-G-12.tif,data/raw/bhsig260/BHSig160_Hindi/Genuine/H-S-12-G-23.tif,1,genuine_genuine,100012,0.9353647232055664,0.24711237681898562,0
2222,data/raw/bhsig260/BHSig160_Hindi/Genuine/H-S-12-G-05.tif,data/raw/bhsig260/BHSig160_Hindi/Genuine/H-S-12-G-12.tif,1,genuine_genuine,100012,0.3039117455482483,0.24711237681898562,0
2223,data/raw/bhsig260/BHSig160_Hindi/Genuine/H-S-12-G-17.tif,data/raw/bhsig260/BHSig160_Hindi/Genuine/H-S-12-G-20.tif,1,genuine_genuine,100012,0.42770594358444214,0.24711237681898562,0
2224,data/raw/bhsig260/BHSig160_Hindi/Genuine/H-S-12-G-10.tif,data/raw/bhsig260/BHSig160_Hindi/Genuine/H-S-12-G-21.tif,1,genuine_genuine,100012,0.655401349067688,0.24711237681898562,0
2225,data/raw/bhsig260/BHSig160_Hindi/Genuine/H-S-12-G-18.tif,data/raw/bhsig260/BHSig160_Hindi/Genuine/H-S-12-G-22.tif,1,genuine_genuine,100012,0.6764788627624512,0.24711237681898562,0
2226,data/raw/bhsig260/BHSig160_Hindi/Genuine/H-S-12-G-13.tif,data/raw/bhsig260/BHSig160_Hindi/Genuine/H-S-12-G-24.tif,1,genuine_genuine,100012,0.22822126746177673,0.24711237681898562,1
2227,data/raw/bhsig260/BHSig160_Hindi/Genuine/H-S-12-G-15.tif,data/raw/bhsig260/BHSig160_Hindi/Genuine/H-S-12-G-21.tif,1,genuine_genuine,100012,0.5790411233901978,0.24711237681898562,0
2228,data/raw/bhsig260/BHSig160_Hindi/Genuine/H-S-12-G-05.tif,data/raw/bhsig260/BHSig160_Hindi/Genuine/H-S-12-G-10.tif,1,genuine_genuine,100012,0.3586136996746063,0.24711237681898562,0
2229,data/raw/bhsig260/BHSig160_Hindi/Genuine/H-S-12-G-01.tif,data/raw/bhsig260/BHSig160_Hindi/Genuine/H-S-12-G-07.tif,1,genuine_genuine,100012,0.12906712293624878,0.24711237681898562,1
2230,data/raw/bhsig260/BHSig160_Hindi/Genuine/H-S-12-G-16.tif,data/raw/bhsig260/BHSig160_Hindi/Forged/H-S-12-F-02.tif,0,skilled_forgery,100012,0.7361900806427002,0.24711237681898562,0
2231,data/raw/bhsig260/BHSig160_Hindi/Genuine/H-S-12-G-20.tif,data/raw/bhsig260/BHSig160_Hindi/Forged/H-S-12-F-26.tif,0,skilled_forgery,100012,1.0504885911941528,0.24711237681898562,0
2232,data/raw/bhsig260/BHSig160_Hindi/Genuine/H-S-12-G-07.tif,data/raw/bhsig260/BHSig160_Hindi/Forged/H-S-12-F-23.tif,0,skilled_forgery,100012,0.6099705696105957,0.24711237681898562,0
2233,data/raw/bhsig260/BHSig160_Hindi/Genuine/H-S-12-G-03.tif,data/raw/bhsig260/BHSig160_Hindi/Forged/H-S-12-F-19.tif,0,skilled_forgery,100012,0.46147453784942627,0.24711237681898562,0
2234,data/raw/bhsig260/BHSig160_Hindi/Genuine/H-S-12-G-09.tif,data/raw/bhsig260/BHSig160_Hindi/Forged/H-S-12-F-30.tif,0,skilled_forgery,100012,0.10375797003507614,0.24711237681898562,1
2235,data/raw/bhsig260/BHSig160_Hindi/Genuine/H-S-12-G-11.tif,data/raw/bhsig260/BHSig160_Hindi/Genuine/H-S-129-G-24.tif,0,random_forgery,100012,1.543335199356079,0.24711237681898562,0
2236,data/raw/bhsig260/BHSig160_Hindi/Genuine/H-S-12-G-18.tif,data/raw/bhsig260/BHSig160_Hindi/Genuine/H-S-155-G-20.tif,0,random_forgery,100012,1.3477166891098022,0.24711237681898562,0
2237,data/raw/bhsig260/BHSig160_Hindi/Genuine/H-S-12-G-18.tif,data/raw/bhsig260/BHSig160_Hindi/Genuine/H-S-113-G-16.tif,0,random_forgery,100012,1.068241834640503,0.24711237681898562,0
2238,data/raw/bhsig260/BHSig160_Hindi/Genuine/H-S-12-G-18.tif,data/raw/bhsig260/BHSig160_Hindi/Genuine/H-S-156-G-04.tif,0,random_forgery,100012,1.3974019289016724,0.24711237681898562,0
2239,data/raw/bhsig260/BHSig160_Hindi/Genuine/H-S-12-G-14.tif,data/raw/bhsig260/BHSig100_Bengali/Genuine/B-S-62-G-09.tif,0,random_forgery,100012,0.25989192724227905,0.24711237681898562,0
2240,data/raw/bhsig260/BHSig160_Hindi/Genuine/H-S-13-G-07.tif,data/raw/bhsig260/BHSig160_Hindi/Genuine/H-S-13-G-22.tif,1,genuine_genuine,100013,0.03786216303706169,0.24711237681898562,1
2241,data/raw/bhsig260/BHSig160_Hindi/Genuine/H-S-13-G-05.tif,data/raw/bhsig260/BHSig160_Hindi/Genuine/H-S-13-G-08.tif,1,genuine_genuine,100013,0.43924182653427124,0.24711237681898562,0
2242,data/raw/bhsig260/BHSig160_Hindi/Genuine/H-S-13-G-08.tif,data/raw/bhsig260/BHSig160_Hindi/Genuine/H-S-13-G-20.tif,1,genuine_genuine,100013,0.3367339074611664,0.24711237681898562,0
2243,data/raw/bhsig260/BHSig160_Hindi/Genuine/H-S-13-G-16.tif,data/raw/bhsig260/BHSig160_Hindi/Genuine/H-S-13-G-19.tif,1,genuine_genuine,100013,0.22679300606250763,0.24711237681898562,1
2244,data/raw/bhsig260/BHSig160_Hindi/Genuine/H-S-13-G-01.tif,data/raw/bhsig260/BHSig160_Hindi/Genuine/H-S-13-G-18.tif,1,genuine_genuine,100013,0.41836464405059814,0.24711237681898562,0
2245,data/raw/bhsig260/BHSig160_Hindi/Genuine/H-S-13-G-09.tif,data/raw/bhsig260/BHSig160_Hindi/Genuine/H-S-13-G-13.tif,1,genuine_genuine,100013,0.11342053860425949,0.24711237681898562,1
2246,data/raw/bhsig260/BHSig160_Hindi/Genuine/H-S-13-G-03.tif,data/raw/bhsig260/BHSig160_Hindi/Genuine/H-S-13-G-19.tif,1,genuine_genuine,100013,0.2904946506023407,0.24711237681898562,0
2247,data/raw/bhsig260/BHSig160_Hindi/Genuine/H-S-13-G-06.tif,data/raw/bhsig260/BHSig160_Hindi/Genuine/H-S-13-G-14.tif,1,genuine_genuine,100013,0.2254442274570465,0.24711237681898562,1
2248,data/raw/bhsig260/BHSig160_Hindi/Genuine/H-S-13-G-03.tif,data/raw/bhsig260/BHSig160_Hindi/Genuine/H-S-13-G-15.tif,1,genuine_genuine,100013,0.42174533009529114,0.24711237681898562,0
2249,data/raw/bhsig260/BHSig160_Hindi/Genuine/H-S-13-G-12.tif,data/raw/bhsig260/BHSig160_Hindi/Genuine/H-S-13-G-21.tif,1,genuine_genuine,100013,0.38640642166137695,0.24711237681898562,0
2250,data/raw/bhsig260/BHSig160_Hindi/Genuine/H-S-13-G-17.tif,data/raw/bhsig260/BHSig160_Hindi/Forged/H-S-13-F-11.tif,0,skilled_forgery,100013,0.6246651411056519,0.24711237681898562,0
2251,data/raw/bhsig260/BHSig160_Hindi/Genuine/H-S-13-G-23.tif,data/raw/bhsig260/BHSig160_Hindi/Forged/H-S-13-F-26.tif,0,skilled_forgery,100013,1.079566478729248,0.24711237681898562,0
2252,data/raw/bhsig260/BHSig160_Hindi/Genuine/H-S-13-G-03.tif,data/raw/bhsig260/BHSig160_Hindi/Forged/H-S-13-F-28.tif,0,skilled_forgery,100013,0.49350762367248535,0.24711237681898562,0
2253,data/raw/bhsig260/BHSig160_Hindi/Genuine/H-S-13-G-24.tif,data/raw/bhsig260/BHSig160_Hindi/Forged/H-S-13-F-06.tif,0,skilled_forgery,100013,0.5631436109542847,0.24711237681898562,0
2254,data/raw/bhsig260/BHSig160_Hindi/Genuine/H-S-13-G-11.tif,data/raw/bhsig260/BHSig160_Hindi/Forged/H-S-13-F-05.tif,0,skilled_forgery,100013,0.1882532238960266,0.24711237681898562,1
2255,data/raw/bhsig260/BHSig160_Hindi/Genuine/H-S-13-G-09.tif,data/raw/bhsig260/BHSig100_Bengali/Genuine/B-S-86-G-20.tif,0,random_forgery,100013,0.9945943355560303,0.24711237681898562,0
2256,data/raw/bhsig260/BHSig160_Hindi/Genuine/H-S-13-G-12.tif,data/raw/bhsig260/BHSig100_Bengali/Genuine/B-S-80-G-19.tif,0,random_forgery,100013,0.5761641263961792,0.24711237681898562,0
2257,data/raw/bhsig260/BHSig160_Hindi/Genuine/H-S-13-G-16.tif,data/raw/bhsig260/BHSig160_Hindi/Genuine/H-S-160-G-14.tif,0,random_forgery,100013,0.6317868828773499,0.24711237681898562,0
2258,data/raw/bhsig260/BHSig160_Hindi/Genuine/H-S-13-G-01.tif,data/raw/bhsig260/BHSig160_Hindi/Genuine/H-S-37-G-02.tif,0,random_forgery,100013,0.4744514524936676,0.24711237681898562,0
2259,data/raw/bhsig260/BHSig160_Hindi/Genuine/H-S-13-G-19.tif,data/raw/bhsig260/BHSig160_Hindi/Genuine/H-S-104-G-14.tif,0,random_forgery,100013,0.26932191848754883,0.24711237681898562,0
2260,data/raw/bhsig260/BHSig160_Hindi/Genuine/H-S-14-G-03.tif,data/raw/bhsig260/BHSig160_Hindi/Genuine/H-S-14-G-23.tif,1,genuine_genuine,100014,0.28588196635246277,0.24711237681898562,0
2261,data/raw/bhsig260/BHSig160_Hindi/Genuine/H-S-14-G-02.tif,data/raw/bhsig260/BHSig160_Hindi/Genuine/H-S-14-G-24.tif,1,genuine_genuine,100014,0.175400972366333,0.24711237681898562,1
2262,data/raw/bhsig260/BHSig160_Hindi/Genuine/H-S-14-G-08.tif,data/raw/bhsig260/BHSig160_Hindi/Genuine/H-S-14-G-16.tif,1,genuine_genuine,100014,0.17619746923446655,0.24711237681898562,1
2263,data/raw/bhsig260/BHSig160_Hindi/Genuine/H-S-14-G-04.tif,data/raw/bhsig260/BHSig160_Hindi/Genuine/H-S-14-G-05.tif,1,genuine_genuine,100014,0.32072317600250244,0.24711237681898562,0
2264,data/raw/bhsig260/BHSig160_Hindi/Genuine/H-S-14-G-15.tif,data/raw/bhsig260/BHSig160_Hindi/Genuine/H-S-14-G-24.tif,1,genuine_genuine,100014,0.07069865614175797,0.24711237681898562,1
2265,data/raw/bhsig260/BHSig160_Hindi/Genuine/H-S-14-G-13.tif,data/raw/bhsig260/BHSig160_Hindi/Genuine/H-S-14-G-21.tif,1,genuine_genuine,100014,0.13495534658432007,0.24711237681898562,1
2266,data/raw/bhsig260/BHSig160_Hindi/Genuine/H-S-14-G-03.tif,data/raw/bhsig260/BHSig160_Hindi/Genuine/H-S-14-G-05.tif,1,genuine_genuine,100014,0.2231486290693283,0.24711237681898562,1
2267,data/raw/bhsig260/BHSig160_Hindi/Genuine/H-S-14-G-03.tif,data/raw/bhsig260/BHSig160_Hindi/Genuine/H-S-14-G-08.tif,1,genuine_genuine,100014,0.1687440276145935,0.24711237681898562,1
2268,data/raw/bhsig260/BHSig160_Hindi/Genuine/H-S-14-G-11.tif,data/raw/bhsig260/BHSig160_Hindi/Genuine/H-S-14-G-19.tif,1,genuine_genuine,100014,0.20179077982902527,0.24711237681898562,1
2269,data/raw/bhsig260/BHSig160_Hindi/Genuine/H-S-14-G-04.tif,data/raw/bhsig260/BHSig160_Hindi/Genuine/H-S-14-G-10.tif,1,genuine_genuine,100014,0.4196162819862366,0.24711237681898562,0
2270,data/raw/bhsig260/BHSig160_Hindi/Genuine/H-S-14-G-09.tif,data/raw/bhsig260/BHSig160_Hindi/Forged/H-S-14-F-03.tif,0,skilled_forgery,100014,0.33583053946495056,0.24711237681898562,0
2271,data/raw/bhsig260/BHSig160_Hindi/Genuine/H-S-14-G-24.tif,data/raw/bhsig260/BHSig160_Hindi/Forged/H-S-14-F-26.tif,0,skilled_forgery,100014,0.3066451847553253,0.24711237681898562,0
2272,data/raw/bhsig260/BHSig160_Hindi/Genuine/H-S-14-G-24.tif,data/raw/bhsig260/BHSig160_Hindi/Forged/H-S-14-F-03.tif,0,skilled_forgery,100014,0.41393807530403137,0.24711237681898562,0
2273,data/raw/bhsig260/BHSig160_Hindi/Genuine/H-S-14-G-16.tif,data/raw/bhsig260/BHSig160_Hindi/Forged/H-S-14-F-03.tif,0,skilled_forgery,100014,0.23760217428207397,0.24711237681898562,1
2274,data/raw/bhsig260/BHSig160_Hindi/Genuine/H-S-14-G-01.tif,data/raw/bhsig260/BHSig160_Hindi/Forged/H-S-14-F-26.tif,0,skilled_forgery,100014,0.15221244096755981,0.24711237681898562,1
2275,data/raw/bhsig260/BHSig160_Hindi/Genuine/H-S-14-G-24.tif,data/raw/bhsig260/BHSig160_Hindi/Genuine/H-S-154-G-14.tif,0,random_forgery,100014,0.8593055605888367,0.24711237681898562,0
2276,data/raw/bhsig260/BHSig160_Hindi/Genuine/H-S-14-G-03.tif,data/raw/bhsig260/BHSig160_Hindi/Genuine/H-S-122-G-04.tif,0,random_forgery,100014,0.4886140525341034,0.24711237681898562,0
2277,data/raw/bhsig260/BHSig160_Hindi/Genuine/H-S-14-G-04.tif,data/raw/bhsig260/BHSig160_Hindi/Genuine/H-S-4-G-24.tif,0,random_forgery,100014,0.6570506691932678,0.24711237681898562,0
2278,data/raw/bhsig260/BHSig160_Hindi/Genuine/H-S-14-G-13.tif,data/raw/bhsig260/BHSig160_Hindi/Genuine/H-S-147-G-04.tif,0,random_forgery,100014,0.2418065071105957,0.24711237681898562,1
2279,data/raw/bhsig260/BHSig160_Hindi/Genuine/H-S-14-G-24.tif,data/raw/bhsig260/BHSig160_Hindi/Genuine/H-S-70-G-21.tif,0,random_forgery,100014,1.6961369514465332,0.24711237681898562,0
2280,data/raw/bhsig260/BHSig160_Hindi/Genuine/H-S-15-G-05.tif,data/raw/bhsig260/BHSig160_Hindi/Genuine/H-S-15-G-15.tif,1,genuine_genuine,100015,0.10480744391679764,0.24711237681898562,1
2281,data/raw/bhsig260/BHSig160_Hindi/Genuine/H-S-15-G-17.tif,data/raw/bhsig260/BHSig160_Hindi/Genuine/H-S-15-G-19.tif,1,genuine_genuine,100015,0.2448849231004715,0.24711237681898562,1
2282,data/raw/bhsig260/BHSig160_Hindi/Genuine/H-S-15-G-18.tif,data/raw/bhsig260/BHSig160_Hindi/Genuine/H-S-15-G-19.tif,1,genuine_genuine,100015,0.10611940175294876,0.24711237681898562,1
2283,data/raw/bhsig260/BHSig160_Hindi/Genuine/H-S-15-G-11.tif,data/raw/bhsig260/BHSig160_Hindi/Genuine/H-S-15-G-18.tif,1,genuine_genuine,100015,0.0955018624663353,0.24711237681898562,1
2284,data/raw/bhsig260/BHSig160_Hindi/Genuine/H-S-15-G-16.tif,data/raw/bhsig260/BHSig160_Hindi/Genuine/H-S-15-G-20.tif,1,genuine_genuine,100015,0.160177543759346,0.24711237681898562,1
2285,data/raw/bhsig260/BHSig160_Hindi/Genuine/H-S-15-G-15.tif,data/raw/bhsig260/BHSig160_Hindi/Genuine/H-S-15-G-21.tif,1,genuine_genuine,100015,0.19031329452991486,0.24711237681898562,1
2286,data/raw/bhsig260/BHSig160_Hindi/Genuine/H-S-15-G-02.tif,data/raw/bhsig260/BHSig160_Hindi/Genuine/H-S-15-G-23.tif,1,genuine_genuine,100015,0.10639016330242157,0.24711237681898562,1
2287,data/raw/bhsig260/BHSig160_Hindi/Genuine/H-S-15-G-06.tif,data/raw/bhsig260/BHSig160_Hindi/Genuine/H-S-15-G-17.tif,1,genuine_genuine,100015,0.2856456935405731,0.24711237681898562,0
2288,data/raw/bhsig260/BHSig160_Hindi/Genuine/H-S-15-G-03.tif,data/raw/bhsig260/BHSig160_Hindi/Genuine/H-S-15-G-08.tif,1,genuine_genuine,100015,0.20744070410728455,0.24711237681898562,1
2289,data/raw/bhsig260/BHSig160_Hindi/Genuine/H-S-15-G-10.tif,data/raw/bhsig260/BHSig160_Hindi/Genuine/H-S-15-G-22.tif,1,genuine_genuine,100015,0.15532423555850983,0.24711237681898562,1
2290,data/raw/bhsig260/BHSig160_Hindi/Genuine/H-S-15-G-23.tif,data/raw/bhsig260/BHSig160_Hindi/Forged/H-S-15-F-07.tif,0,skilled_forgery,100015,0.2449144423007965,0.24711237681898562,1
2291,data/raw/bhsig260/BHSig160_Hindi/Genuine/H-S-15-G-13.tif,data/raw/bhsig260/BHSig160_Hindi/Forged/H-S-15-F-02.tif,0,skilled_forgery,100015,0.2933879494667053,0.24711237681898562,0
2292,data/raw/bhsig260/BHSig160_Hindi/Genuine/H-S-15-G-14.tif,data/raw/bhsig260/BHSig160_Hindi/Forged/H-S-15-F-16.tif,0,skilled_forgery,100015,0.12217701226472855,0.24711237681898562,1
2293,data/raw/bhsig260/BHSig160_Hindi/Genuine/H-S-15-G-18.tif,data/raw/bhsig260/BHSig160_Hindi/Forged/H-S-15-F-12.tif,0,skilled_forgery,100015,0.9313293695449829,0.24711237681898562,0
2294,data/raw/bhsig260/BHSig160_Hindi/Genuine/H-S-15-G-05.tif,data/raw/bhsig260/BHSig160_Hindi/Forged/H-S-15-F-11.tif,0,skilled_forgery,100015,0.5263752341270447,0.24711237681898562,0
2295,data/raw/bhsig260/BHSig160_Hindi/Genuine/H-S-15-G-10.tif,data/raw/bhsig260/BHSig160_Hindi/Genuine/H-S-32-G-12.tif,0,random_forgery,100015,0.31668347120285034,0.24711237681898562,0
2296,data/raw/bhsig260/BHSig160_Hindi/Genuine/H-S-15-G-12.tif,data/raw/bhsig260/BHSig100_Bengali/Genuine/B-S-83-G-21.tif,0,random_forgery,100015,0.42917510867118835,0.24711237681898562,0
2297,data/raw/bhsig260/BHSig160_Hindi/Genuine/H-S-15-G-09.tif,data/raw/bhsig260/BHSig160_Hindi/Genuine/H-S-134-G-06.tif,0,random_forgery,100015,0.43442702293395996,0.24711237681898562,0
2298,data/raw/bhsig260/BHSig160_Hindi/Genuine/H-S-15-G-16.tif,data/raw/bhsig260/BHSig160_Hindi/Genuine/H-S-16-G-15.tif,0,random_forgery,100015,0.3145376145839691,0.24711237681898562,0
2299,data/raw/bhsig260/BHSig160_Hindi/Genuine/H-S-15-G-01.tif,data/raw/bhsig260/BHSig100_Bengali/Genuine/B-S-94-G-09.tif,0,random_forgery,100015,0.36603081226348877,0.24711237681898562,0
2300,data/raw/bhsig260/BHSig160_Hindi/Genuine/H-S-16-G-03.tif,data/raw/bhsig260/BHSig160_Hindi/Genuine/H-S-16-G-10.tif,1,genuine_genuine,100016,0.3021835386753082,0.24711237681898562,0
2301,data/raw/bhsig260/BHSig160_Hindi/Genuine/H-S-16-G-03.tif,data/raw/bhsig260/BHSig160_Hindi/Genuine/H-S-16-G-07.tif,1,genuine_genuine,100016,0.3577721416950226,0.24711237681898562,0
2302,data/raw/bhsig260/BHSig160_Hindi/Genuine/H-S-16-G-01.tif,data/raw/bhsig260/BHSig160_Hindi/Genuine/H-S-16-G-08.tif,1,genuine_genuine,100016,0.2886303663253784,0.24711237681898562,0
2303,data/raw/bhsig260/BHSig160_Hindi/Genuine/H-S-16-G-05.tif,data/raw/bhsig260/BHSig160_Hindi/Genuine/H-S-16-G-08.tif,1,genuine_genuine,100016,0.3777758479118347,0.24711237681898562,0
2304,data/raw/bhsig260/BHSig160_Hindi/Genuine/H-S-16-G-19.tif,data/raw/bhsig260/BHSig160_Hindi/Genuine/H-S-16-G-20.tif,1,genuine_genuine,100016,0.18039581179618835,0.24711237681898562,1
2305,data/raw/bhsig260/BHSig160_Hindi/Genuine/H-S-16-G-02.tif,data/raw/bhsig260/BHSig160_Hindi/Genuine/H-S-16-G-24.tif,1,genuine_genuine,100016,0.23480340838432312,0.24711237681898562,1
2306,data/raw/bhsig260/BHSig160_Hindi/Genuine/H-S-16-G-05.tif,data/raw/bhsig260/BHSig160_Hindi/Genuine/H-S-16-G-14.tif,1,genuine_genuine,100016,0.8011259436607361,0.24711237681898562,0
2307,data/raw/bhsig260/BHSig160_Hindi/Genuine/H-S-16-G-08.tif,data/raw/bhsig260/BHSig160_Hindi/Genuine/H-S-16-G-17.tif,1,genuine_genuine,100016,0.4617384374141693,0.24711237681898562,0
2308,data/raw/bhsig260/BHSig160_Hindi/Genuine/H-S-16-G-04.tif,data/raw/bhsig260/BHSig160_Hindi/Genuine/H-S-16-G-11.tif,1,genuine_genuine,100016,0.3613286316394806,0.24711237681898562,0
2309,data/raw/bhsig260/BHSig160_Hindi/Genuine/H-S-16-G-04.tif,data/raw/bhsig260/BHSig160_Hindi/Genuine/H-S-16-G-07.tif,1,genuine_genuine,100016,0.4409489035606384,0.24711237681898562,0
2310,data/raw/bhsig260/BHSig160_Hindi/Genuine/H-S-16-G-02.tif,data/raw/bhsig260/BHSig160_Hindi/Forged/H-S-16-F-06.tif,0,skilled_forgery,100016,0.3927675187587738,0.24711237681898562,0
2311,data/raw/bhsig260/BHSig160_Hindi/Genuine/H-S-16-G-21.tif,data/raw/bhsig260/BHSig160_Hindi/Forged/H-S-16-F-14.tif,0,skilled_forgery,100016,0.2793463170528412,0.24711237681898562,0
2312,data/raw/bhsig260/BHSig160_Hindi/Genuine/H-S-16-G-02.tif,data/raw/bhsig260/BHSig160_Hindi/Forged/H-S-16-F-10.tif,0,skilled_forgery,100016,0.6624013185501099,0.24711237681898562,0
2313,data/raw/bhsig260/BHSig160_Hindi/Genuine/H-S-16-G-18.tif,data/raw/bhsig260/BHSig160_Hindi/Forged/H-S-16-F-14.tif,0,skilled_forgery,100016,0.1360965222120285,0.24711237681898562,1
2314,data/raw/bhsig260/BHSig160_Hindi/Genuine/H-S-16-G-08.tif,data/raw/bhsig260/BHSig160_Hindi/Forged/H-S-16-F-29.tif,0,skilled_forgery,100016,0.29183509945869446,0.24711237681898562,0
2315,data/raw/bhsig260/BHSig160_Hindi/Genuine/H-S-16-G-14.tif,data/raw/bhsig260/BHSig160_Hindi/Genuine/H-S-149-G-17.tif,0,random_forgery,100016,0.36904317140579224,0.24711237681898562,0
2316,data/raw/bhsig260/BHSig160_Hindi/Genuine/H-S-16-G-08.tif,data/raw/bhsig260/BHSig100_Bengali/Genuine/B-S-59-G-01.tif,0,random_forgery,100016,0.8727670907974243,0.24711237681898562,0
2317,data/raw/bhsig260/BHSig160_Hindi/Genuine/H-S-16-G-01.tif,data/raw/bhsig260/BHSig100_Bengali/Genuine/B-S-36-G-08.tif,0,random_forgery,100016,0.4861169159412384,0.24711237681898562,0
2318,data/raw/bhsig260/BHSig160_Hindi/Genuine/H-S-16-G-13.tif,data/raw/bhsig260/BHSig160_Hindi/Genuine/H-S-69-G-22.tif,0,random_forgery,100016,0.378694623708725,0.24711237681898562,0
2319,data/raw/bhsig260/BHSig160_Hindi/Genuine/H-S-16-G-09.tif,data/raw/bhsig260/BHSig100_Bengali/Genuine/B-S-44-G-20.tif,0,random_forgery,100016,1.1917363405227661,0.24711237681898562,0
2320,data/raw/bhsig260/BHSig160_Hindi/Genuine/H-S-017-G-15.tif,data/raw/bhsig260/BHSig160_Hindi/Genuine/H-S-017-G-19.tif,1,genuine_genuine,100017,0.1897769719362259,0.24711237681898562,1
2321,data/raw/bhsig260/BHSig160_Hindi/Genuine/H-S-017-G-06.tif,data/raw/bhsig260/BHSig160_Hindi/Genuine/H-S-017-G-12.tif,1,genuine_genuine,100017,0.21760687232017517,0.24711237681898562,1
2322,data/raw/bhsig260/BHSig160_Hindi/Genuine/H-S-017-G-18.tif,data/raw/bhsig260/BHSig160_Hindi/Genuine/H-S-017-G-21.tif,1,genuine_genuine,100017,0.1439114660024643,0.24711237681898562,1
2323,data/raw/bhsig260/BHSig160_Hindi/Genuine/H-S-017-G-14.tif,data/raw/bhsig260/BHSig160_Hindi/Genuine/H-S-017-G-24.tif,1,genuine_genuine,100017,0.12139766663312912,0.24711237681898562,1
2324,data/raw/bhsig260/BHSig160_Hindi/Genuine/H-S-017-G-06.tif,data/raw/bhsig260/BHSig160_Hindi/Genuine/H-S-017-G-20.tif,1,genuine_genuine,100017,0.12655995786190033,0.24711237681898562,1
2325,data/raw/bhsig260/BHSig160_Hindi/Genuine/H-S-017-G-02.tif,data/raw/bhsig260/BHSig160_Hindi/Genuine/H-S-017-G-20.tif,1,genuine_genuine,100017,0.15527373552322388,0.24711237681898562,1
2326,data/raw/bhsig260/BHSig160_Hindi/Genuine/H-S-017-G-05.tif,data/raw/bhsig260/BHSig160_Hindi/Genuine/H-S-017-G-20.tif,1,genuine_genuine,100017,0.37372130155563354,0.24711237681898562,0
2327,data/raw/bhsig260/BHSig160_Hindi/Genuine/H-S-017-G-06.tif,data/raw/bhsig260/BHSig160_Hindi/Genuine/H-S-017-G-24.tif,1,genuine_genuine,100017,0.415327250957489,0.24711237681898562,0
2328,data/raw/bhsig260/BHSig160_Hindi/Genuine/H-S-017-G-05.tif,data/raw/bhsig260/BHSig160_Hindi/Genuine/H-S-017-G-18.tif,1,genuine_genuine,100017,0.18254873156547546,0.24711237681898562,1
2329,data/raw/bhsig260/BHSig160_Hindi/Genuine/H-S-017-G-20.tif,data/raw/bhsig260/BHSig160_Hindi/Genuine/H-S-017-G-23.tif,1,genuine_genuine,100017,0.17216968536376953,0.24711237681898562,1
2330,data/raw/bhsig260/BHSig160_Hindi/Genuine/H-S-017-G-21.tif,data/raw/bhsig260/BHSig160_Hindi/Forged/H-S-017-F-14.tif,0,skilled_forgery,100017,0.6185646653175354,0.24711237681898562,0
2331,data/raw/bhsig260/BHSig160_Hindi/Genuine/H-S-017-G-16.tif,data/raw/bhsig260/BHSig160_Hindi/Forged/H-S-017-F-02.tif,0,skilled_forgery,100017,0.23774181306362152,0.24711237681898562,1
2332,data/raw/bhsig260/BHSig160_Hindi/Genuine/H-S-017-G-19.tif,data/raw/bhsig260/BHSig160_Hindi/Forged/H-S-017-F-15.tif,0,skilled_forgery,100017,0.40271902084350586,0.24711237681898562,0
2333,data/raw/bhsig260/BHSig160_Hindi/Genuine/H-S-017-G-24.tif,data/raw/bhsig260/BHSig160_Hindi/Forged/H-S-017-F-29.tif,0,skilled_forgery,100017,0.21016789972782135,0.24711237681898562,1
2334,data/raw/bhsig260/BHSig160_Hindi/Genuine/H-S-017-G-09.tif,data/raw/bhsig260/BHSig160_Hindi/Forged/H-S-017-F-22.tif,0,skilled_forgery,100017,0.15988163650035858,0.24711237681898562,1
2335,data/raw/bhsig260/BHSig160_Hindi/Genuine/H-S-017-G-15.tif,data/raw/bhsig260/BHSig160_Hindi/Genuine/H-S-78-G-10.tif,0,random_forgery,100017,0.3012547791004181,0.24711237681898562,0
2336,data/raw/bhsig260/BHSig160_Hindi/Genuine/H-S-017-G-03.tif,data/raw/bhsig260/BHSig160_Hindi/Genuine/H-S-47-G-17.tif,0,random_forgery,100017,0.6631880402565002,0.24711237681898562,0
2337,data/raw/bhsig260/BHSig160_Hindi/Genuine/H-S-017-G-10.tif,data/raw/bhsig260/BHSig100_Bengali/Genuine/B-S-54-G-14.tif,0,random_forgery,100017,0.4033530354499817,0.24711237681898562,0
2338,data/raw/bhsig260/BHSig160_Hindi/Genuine/H-S-017-G-22.tif,data/raw/bhsig260/BHSig160_Hindi/Genuine/H-S-77-G-21.tif,0,random_forgery,100017,0.20402467250823975,0.24711237681898562,1
2339,data/raw/bhsig260/BHSig160_Hindi/Genuine/H-S-017-G-16.tif,data/raw/bhsig260/BHSig100_Bengali/Genuine/B-S-24-G-24.tif,0,random_forgery,100017,0.46835872530937195,0.24711237681898562,0
2340,data/raw/bhsig260/BHSig160_Hindi/Genuine/H-S-018-G-04.tif,data/raw/bhsig260/BHSig160_Hindi/Genuine/H-S-018-G-18.tif,1,genuine_genuine,100018,0.22059163451194763,0.24711237681898562,1
2341,data/raw/bhsig260/BHSig160_Hindi/Genuine/H-S-018-G-03.tif,data/raw/bhsig260/BHSig160_Hindi/Genuine/H-S-018-G-09.tif,1,genuine_genuine,100018,0.2501237988471985,0.24711237681898562,0
2342,data/raw/bhsig260/BHSig160_Hindi/Genuine/H-S-018-G-14.tif,data/raw/bhsig260/BHSig160_Hindi/Genuine/H-S-018-G-19.tif,1,genuine_genuine,100018,0.3645309805870056,0.24711237681898562,0
2343,data/raw/bhsig260/BHSig160_Hindi/Genuine/H-S-018-G-11.tif,data/raw/bhsig260/BHSig160_Hindi/Genuine/H-S-018-G-24.tif,1,genuine_genuine,100018,0.6103790402412415,0.24711237681898562,0
2344,data/raw/bhsig260/BHSig160_Hindi/Genuine/H-S-018-G-20.tif,data/raw/bhsig260/BHSig160_Hindi/Genuine/H-S-018-G-23.tif,1,genuine_genuine,100018,0.3346721827983856,0.24711237681898562,0
2345,data/raw/bhsig260/BHSig160_Hindi/Genuine/H-S-018-G-10.tif,data/raw/bhsig260/BHSig160_Hindi/Genuine/H-S-018-G-16.tif,1,genuine_genuine,100018,0.2511533796787262,0.24711237681898562,0
2346,data/raw/bhsig260/BHSig160_Hindi/Genuine/H-S-018-G-09.tif,data/raw/bhsig260/BHSig160_Hindi/Genuine/H-S-018-G-14.tif,1,genuine_genuine,100018,0.5738217234611511,0.24711237681898562,0
2347,data/raw/bhsig260/BHSig160_Hindi/Genuine/H-S-018-G-19.tif,data/raw/bhsig260/BHSig160_Hindi/Genuine/H-S-018-G-20.tif,1,genuine_genuine,100018,0.28027334809303284,0.24711237681898562,0
2348,data/raw/bhsig260/BHSig160_Hindi/Genuine/H-S-018-G-06.tif,data/raw/bhsig260/BHSig160_Hindi/Genuine/H-S-018-G-20.tif,1,genuine_genuine,100018,0.31397363543510437,0.24711237681898562,0
2349,data/raw/bhsig260/BHSig160_Hindi/Genuine/H-S-018-G-14.tif,data/raw/bhsig260/BHSig160_Hindi/Genuine/H-S-018-G-20.tif,1,genuine_genuine,100018,0.09378053992986679,0.24711237681898562,1
2350,data/raw/bhsig260/BHSig160_Hindi/Genuine/H-S-018-G-01.tif,data/raw/bhsig260/BHSig160_Hindi/Forged/H-S-018-F-03.tif,0,skilled_forgery,100018,0.31622838973999023,0.24711237681898562,0
2351,data/raw/bhsig260/BHSig160_Hindi/Genuine/H-S-018-G-14.tif,data/raw/bhsig260/BHSig160_Hindi/Forged/H-S-018-F-14.tif,0,skilled_forgery,100018,0.3199305534362793,0.24711237681898562,0
2352,data/raw/bhsig260/BHSig160_Hindi/Genuine/H-S-018-G-22.tif,data/raw/bhsig260/BHSig160_Hindi/Forged/H-S-018-F-01.tif,0,skilled_forgery,100018,0.2730242908000946,0.24711237681898562,0
2353,data/raw/bhsig260/BHSig160_Hindi/Genuine/H-S-018-G-01.tif,data/raw/bhsig260/BHSig160_Hindi/Forged/H-S-018-F-14.tif,0,skilled_forgery,100018,0.1261727660894394,0.24711237681898562,1
2354,data/raw/bhsig260/BHSig160_Hindi/Genuine/H-S-018-G-19.tif,data/raw/bhsig260/BHSig160_Hindi/Forged/H-S-018-F-05.tif,0,skilled_forgery,100018,0.15173248946666718,0.24711237681898562,1
2355,data/raw/bhsig260/BHSig160_Hindi/Genuine/H-S-018-G-10.tif,data/raw/bhsig260/BHSig160_Hindi/Genuine/H-S-9-G-12.tif,0,random_forgery,100018,0.07552165538072586,0.24711237681898562,1
2356,data/raw/bhsig260/BHSig160_Hindi/Genuine/H-S-018-G-19.tif,data/raw/bhsig260/BHSig100_Bengali/Genuine/B-S-26-G-10.tif,0,random_forgery,100018,0.9933799505233765,0.24711237681898562,0
2357,data/raw/bhsig260/BHSig160_Hindi/Genuine/H-S-018-G-05.tif,data/raw/bhsig260/BHSig160_Hindi/Genuine/H-S-27-G-13.tif,0,random_forgery,100018,0.8223341703414917,0.24711237681898562,0
2358,data/raw/bhsig260/BHSig160_Hindi/Genuine/H-S-018-G-13.tif,data/raw/bhsig260/BHSig100_Bengali/Genuine/B-S-40-G-16.tif,0,random_forgery,100018,0.642160952091217,0.24711237681898562,0
2359,data/raw/bhsig260/BHSig160_Hindi/Genuine/H-S-018-G-09.tif,data/raw/bhsig260/BHSig160_Hindi/Genuine/H-S-96-G-11.tif,0,random_forgery,100018,0.3883901834487915,0.24711237681898562,0
2360,data/raw/bhsig260/BHSig160_Hindi/Genuine/H-S-19-G-06.tif,data/raw/bhsig260/BHSig160_Hindi/Genuine/H-S-19-G-19.tif,1,genuine_genuine,100019,0.27908796072006226,0.24711237681898562,0
2361,data/raw/bhsig260/BHSig160_Hindi/Genuine/H-S-19-G-01.tif,data/raw/bhsig260/BHSig160_Hindi/Genuine/H-S-19-G-21.tif,1,genuine_genuine,100019,0.19498805701732635,0.24711237681898562,1
2362,data/raw/bhsig260/BHSig160_Hindi/Genuine/H-S-19-G-06.tif,data/raw/bhsig260/BHSig160_Hindi/Genuine/H-S-19-G-21.tif,1,genuine_genuine,100019,0.0647691935300827,0.24711237681898562,1
2363,data/raw/bhsig260/BHSig160_Hindi/Genuine/H-S-19-G-09.tif,data/raw/bhsig260/BHSig160_Hindi/Genuine/H-S-19-G-22.tif,1,genuine_genuine,100019,0.26758232712745667,0.24711237681898562,0
2364,data/raw/bhsig260/BHSig160_Hindi/Genuine/H-S-19-G-06.tif,data/raw/bhsig260/BHSig160_Hindi/Genuine/H-S-19-G-10.tif,1,genuine_genuine,100019,0.08541278541088104,0.24711237681898562,1
2365,data/raw/bhsig260/BHSig160_Hindi/Genuine/H-S-19-G-02.tif,data/raw/bhsig260/BHSig160_Hindi/Genuine/H-S-19-G-07.tif,1,genuine_genuine,100019,0.5051450133323669,0.24711237681898562,0
2366,data/raw/bhsig260/BHSig160_Hindi/Genuine/H-S-19-G-09.tif,data/raw/bhsig260/BHSig160_Hindi/Genuine/H-S-19-G-19.tif,1,genuine_genuine,100019,0.2840001881122589,0.24711237681898562,0
2367,data/raw/bhsig260/BHSig160_Hindi/Genuine/H-S-19-G-06.tif,data/raw/bhsig260/BHSig160_Hindi/Genuine/H-S-19-G-11.tif,1,genuine_genuine,100019,0.23865291476249695,0.24711237681898562,1
2368,data/raw/bhsig260/BHSig160_Hindi/Genuine/H-S-19-G-02.tif,data/raw/bhsig260/BHSig160_Hindi/Genuine/H-S-19-G-22.tif,1,genuine_genuine,100019,0.50178062915802,0.24711237681898562,0
2369,data/raw/bhsig260/BHSig160_Hindi/Genuine/H-S-19-G-12.tif,data/raw/bhsig260/BHSig160_Hindi/Genuine/H-S-19-G-15.tif,1,genuine_genuine,100019,0.1188327744603157,0.24711237681898562,1
2370,data/raw/bhsig260/BHSig160_Hindi/Genuine/H-S-19-G-22.tif,data/raw/bhsig260/BHSig160_Hindi/Forged/H-S-19-F-21.tif,0,skilled_forgery,100019,0.5978990197181702,0.24711237681898562,0
2371,data/raw/bhsig260/BHSig160_Hindi/Genuine/H-S-19-G-18.tif,data/raw/bhsig260/BHSig160_Hindi/Forged/H-S-19-F-25.tif,0,skilled_forgery,100019,0.27481719851493835,0.24711237681898562,0
2372,data/raw/bhsig260/BHSig160_Hindi/Genuine/H-S-19-G-19.tif,data/raw/bhsig260/BHSig160_Hindi/Forged/H-S-19-F-12.tif,0,skilled_forgery,100019,0.29052409529685974,0.24711237681898562,0
2373,data/raw/bhsig260/BHSig160_Hindi/Genuine/H-S-19-G-07.tif,data/raw/bhsig260/BHSig160_Hindi/Forged/H-S-19-F-11.tif,0,skilled_forgery,100019,0.17159920930862427,0.24711237681898562,1
2374,data/raw/bhsig260/BHSig160_Hindi/Genuine/H-S-19-G-02.tif,data/raw/bhsig260/BHSig160_Hindi/Forged/H-S-19-F-10.tif,0,skilled_forgery,100019,0.6445266008377075,0.24711237681898562,0
2375,data/raw/bhsig260/BHSig160_Hindi/Genuine/H-S-19-G-23.tif,data/raw/bhsig260/BHSig160_Hindi/Genuine/H-S-017-G-10.tif,0,random_forgery,100019,0.498212069272995,0.24711237681898562,0
2376,data/raw/bhsig260/BHSig160_Hindi/Genuine/H-S-19-G-08.tif,data/raw/bhsig260/BHSig160_Hindi/Genuine/H-S-104-G-22.tif,0,random_forgery,100019,1.3341203927993774,0.24711237681898562,0
2377,data/raw/bhsig260/BHSig160_Hindi/Genuine/H-S-19-G-17.tif,data/raw/bhsig260/BHSig100_Bengali/Genuine/B-S-37-G-24.tif,0,random_forgery,100019,0.625396728515625,0.24711237681898562,0
2378,data/raw/bhsig260/BHSig160_Hindi/Genuine/H-S-19-G-15.tif,data/raw/bhsig260/BHSig160_Hindi/Genuine/H-S-48-G-13.tif,0,random_forgery,100019,0.22597938776016235,0.24711237681898562,1
2379,data/raw/bhsig260/BHSig160_Hindi/Genuine/H-S-19-G-06.tif,data/raw/bhsig260/BHSig100_Bengali/Genuine/B-S-57-G-10.tif,0,random_forgery,100019,0.17910097539424896,0.24711237681898562,1
2380,data/raw/bhsig260/BHSig160_Hindi/Genuine/H-S-20-G-05.tif,data/raw/bhsig260/BHSig160_Hindi/Genuine/H-S-20-G-20.tif,1,genuine_genuine,100020,0.18440638482570648,0.24711237681898562,1
2381,data/raw/bhsig260/BHSig160_Hindi/Genuine/H-S-20-G-01.tif,data/raw/bhsig260/BHSig160_Hindi/Genuine/H-S-20-G-12.tif,1,genuine_genuine,100020,0.3044164180755615,0.24711237681898562,0
2382,data/raw/bhsig260/BHSig160_Hindi/Genuine/H-S-20-G-04.tif,data/raw/bhsig260/BHSig160_Hindi/Genuine/H-S-20-G-05.tif,1,genuine_genuine,100020,0.27965787053108215,0.24711237681898562,0
2383,data/raw/bhsig260/BHSig160_Hindi/Genuine/H-S-20-G-10.tif,data/raw/bhsig260/BHSig160_Hindi/Genuine/H-S-20-G-17.tif,1,genuine_genuine,100020,0.27624276280403137,0.24711237681898562,0
2384,data/raw/bhsig260/BHSig160_Hindi/Genuine/H-S-20-G-03.tif,data/raw/bhsig260/BHSig160_Hindi/Genuine/H-S-20-G-06.tif,1,genuine_genuine,100020,0.23857133090496063,0.24711237681898562,1
2385,data/raw/bhsig260/BHSig160_Hindi/Genuine/H-S-20-G-03.tif,data/raw/bhsig260/BHSig160_Hindi/Genuine/H-S-20-G-15.tif,1,genuine_genuine,100020,0.05603770539164543,0.24711237681898562,1
2386,data/raw/bhsig260/BHSig160_Hindi/Genuine/H-S-20-G-09.tif,data/raw/bhsig260/BHSig160_Hindi/Genuine/H-S-20-G-15.tif,1,genuine_genuine,100020,0.16691912710666656,0.24711237681898562,1
2387,data/raw/bhsig260/BHSig160_Hindi/Genuine/H-S-20-G-12.tif,data/raw/bhsig260/BHSig160_Hindi/Genuine/H-S-20-G-16.tif,1,genuine_genuine,100020,0.1993989646434784,0.24711237681898562,1
2388,data/raw/bhsig260/BHSig160_Hindi/Genuine/H-S-20-G-06.tif,data/raw/bhsig260/BHSig160_Hindi/Genuine/H-S-20-G-13.tif,1,genuine_genuine,100020,0.3585376441478729,0.24711237681898562,0
2389,data/raw/bhsig260/BHSig160_Hindi/Genuine/H-S-20-G-16.tif,data/raw/bhsig260/BHSig160_Hindi/Genuine/H-S-20-G-19.tif,1,genuine_genuine,100020,0.04014023765921593,0.24711237681898562,1
2390,data/raw/bhsig260/BHSig160_Hindi/Genuine/H-S-20-G-17.tif,data/raw/bhsig260/BHSig160_Hindi/Forged/H-S-20-F-03.tif,0,skilled_forgery,100020,0.8488674759864807,0.24711237681898562,0
2391,data/raw/bhsig260/BHSig160_Hindi/Genuine/H-S-20-G-17.tif,data/raw/bhsig260/BHSig160_Hindi/Forged/H-S-20-F-20.tif,0,skilled_forgery,100020,0.6788915991783142,0.24711237681898562,0
2392,data/raw/bhsig260/BHSig160_Hindi/Genuine/H-S-20-G-14.tif,data/raw/bhsig260/BHSig160_Hindi/Forged/H-S-20-F-22.tif,0,skilled_forgery,100020,0.7137627601623535,0.24711237681898562,0
2393,data/raw/bhsig260/BHSig160_Hindi/Genuine/H-S-20-G-20.tif,data/raw/bhsig260/BHSig160_Hindi/Forged/H-S-20-F-26.tif,0,skilled_forgery,100020,0.6423061490058899,0.24711237681898562,0
2394,data/raw/bhsig260/BHSig160_Hindi/Genuine/H-S-20-G-06.tif,data/raw/bhsig260/BHSig160_Hindi/Forged/H-S-20-F-06.tif,0,skilled_forgery,100020,0.7547194957733154,0.24711237681898562,0
2395,data/raw/bhsig260/BHSig160_Hindi/Genuine/H-S-20-G-01.tif,data/raw/bhsig260/BHSig160_Hindi/Genuine/H-S-15-G-18.tif,0,random_forgery,100020,0.235468789935112,0.24711237681898562,1
2396,data/raw/bhsig260/BHSig160_Hindi/Genuine/H-S-20-G-05.tif,data/raw/bhsig260/BHSig100_Bengali/Genuine/B-S-64-G-24.tif,0,random_forgery,100020,0.6461163759231567,0.24711237681898562,0
2397,data/raw/bhsig260/BHSig160_Hindi/Genuine/H-S-20-G-19.tif,data/raw/bhsig260/BHSig100_Bengali/Genuine/B-S-42-G-14.tif,0,random_forgery,100020,0.996299147605896,0.24711237681898562,0
2398,data/raw/bhsig260/BHSig160_Hindi/Genuine/H-S-20-G-21.tif,data/raw/bhsig260/BHSig160_Hindi/Genuine/H-S-132-G-08.tif,0,random_forgery,100020,0.4905743896961212,0.24711237681898562,0
2399,data/raw/bhsig260/BHSig160_Hindi/Genuine/H-S-20-G-04.tif,data/raw/bhsig260/BHSig160_Hindi/Genuine/H-S-149-G-05.tif,0,random_forgery,100020,0.5404863357543945,0.24711237681898562,0
2400,data/raw/bhsig260/BHSig160_Hindi/Genuine/H-S-21-G-22.tif,data/raw/bhsig260/BHSig160_Hindi/Genuine/H-S-21-G-24.tif,1,genuine_genuine,100021,0.37650933861732483,0.24711237681898562,0
2401,data/raw/bhsig260/BHSig160_Hindi/Genuine/H-S-21-G-21.tif,data/raw/bhsig260/BHSig160_Hindi/Genuine/H-S-21-G-22.tif,1,genuine_genuine,100021,0.30529579520225525,0.24711237681898562,0
2402,data/raw/bhsig260/BHSig160_Hindi/Genuine/H-S-21-G-08.tif,data/raw/bhsig260/BHSig160_Hindi/Genuine/H-S-21-G-22.tif,1,genuine_genuine,100021,0.1220192164182663,0.24711237681898562,1
2403,data/raw/bhsig260/BHSig160_Hindi/Genuine/H-S-21-G-07.tif,data/raw/bhsig260/BHSig160_Hindi/Genuine/H-S-21-G-22.tif,1,genuine_genuine,100021,0.28092557191848755,0.24711237681898562,0
2404,data/raw/bhsig260/BHSig160_Hindi/Genuine/H-S-21-G-03.tif,data/raw/bhsig260/BHSig160_Hindi/Genuine/H-S-21-G-07.tif,1,genuine_genuine,100021,0.14220282435417175,0.24711237681898562,1
2405,data/raw/bhsig260/BHSig160_Hindi/Genuine/H-S-21-G-03.tif,data/raw/bhsig260/BHSig160_Hindi/Genuine/H-S-21-G-05.tif,1,genuine_genuine,100021,0.16024628281593323,0.24711237681898562,1
2406,data/raw/bhsig260/BHSig160_Hindi/Genuine/H-S-21-G-08.tif,data/raw/bhsig260/BHSig160_Hindi/Genuine/H-S-21-G-11.tif,1,genuine_genuine,100021,0.39190182089805603,0.24711237681898562,0
2407,data/raw/bhsig260/BHSig160_Hindi/Genuine/H-S-21-G-14.tif,data/raw/bhsig260/BHSig160_Hindi/Genuine/H-S-21-G-19.tif,1,genuine_genuine,100021,0.17703738808631897,0.24711237681898562,1
2408,data/raw/bhsig260/BHSig160_Hindi/Genuine/H-S-21-G-09.tif,data/raw/bhsig260/BHSig160_Hindi/Genuine/H-S-21-G-15.tif,1,genuine_genuine,100021,0.3929768204689026,0.24711237681898562,0
2409,data/raw/bhsig260/BHSig160_Hindi/Genuine/H-S-21-G-01.tif,data/raw/bhsig260/BHSig160_Hindi/Genuine/H-S-21-G-19.tif,1,genuine_genuine,100021,0.10116437822580338,0.24711237681898562,1
2410,data/raw/bhsig260/BHSig160_Hindi/Genuine/H-S-21-G-22.tif,data/raw/bhsig260/BHSig160_Hindi/Forged/H-S-21-F-19.tif,0,skilled_forgery,100021,0.3896732032299042,0.24711237681898562,0
2411,data/raw/bhsig260/BHSig160_Hindi/Genuine/H-S-21-G-11.tif,data/raw/bhsig260/BHSig160_Hindi/Forged/H-S-21-F-06.tif,0,skilled_forgery,100021,0.32438549399375916,0.24711237681898562,0
2412,data/raw/bhsig260/BHSig160_Hindi/Genuine/H-S-21-G-19.tif,data/raw/bhsig260/BHSig160_Hindi/Forged/H-S-21-F-24.tif,0,skilled_forgery,100021,0.17915771901607513,0.24711237681898562,1
2413,data/raw/bhsig260/BHSig160_Hindi/Genuine/H-S-21-G-20.tif,data/raw/bhsig260/BHSig160_Hindi/Forged/H-S-21-F-06.tif,0,skilled_forgery,100021,0.27276840806007385,0.24711237681898562,0
2414,data/raw/bhsig260/BHSig160_Hindi/Genuine/H-S-21-G-20.tif,data/raw/bhsig260/BHSig160_Hindi/Forged/H-S-21-F-30.tif,0,skilled_forgery,100021,0.8293303847312927,0.24711237681898562,0
2415,data/raw/bhsig260/BHSig160_Hindi/Genuine/H-S-21-G-10.tif,data/raw/bhsig260/BHSig160_Hindi/Genuine/H-S-139-G-09.tif,0,random_forgery,100021,0.1641002744436264,0.24711237681898562,1
2416,data/raw/bhsig260/BHSig160_Hindi/Genuine/H-S-21-G-20.tif,data/raw/bhsig260/BHSig160_Hindi/Genuine/H-S-84-G-16.tif,0,random_forgery,100021,0.4087933301925659,0.24711237681898562,0
2417,data/raw/bhsig260/BHSig160_Hindi/Genuine/H-S-21-G-15.tif,data/raw/bhsig260/BHSig160_Hindi/Genuine/H-S-12-G-18.tif,0,random_forgery,100021,1.3016616106033325,0.24711237681898562,0
2418,data/raw/bhsig260/BHSig160_Hindi/Genuine/H-S-21-G-22.tif,data/raw/bhsig260/BHSig160_Hindi/Genuine/H-S-120-G-06.tif,0,random_forgery,100021,1.5311766862869263,0.24711237681898562,0
2419,data/raw/bhsig260/BHSig160_Hindi/Genuine/H-S-21-G-12.tif,data/raw/bhsig260/BHSig160_Hindi/Genuine/H-S-109-G-23.tif,0,random_forgery,100021,0.572753369808197,0.24711237681898562,0
2420,data/raw/bhsig260/BHSig160_Hindi/Genuine/H-S-22-G-06.tif,data/raw/bhsig260/BHSig160_Hindi/Genuine/H-S-22-G-10.tif,1,genuine_genuine,100022,0.62278813123703,0.24711237681898562,0
2421,data/raw/bhsig260/BHSig160_Hindi/Genuine/H-S-22-G-06.tif,data/raw/bhsig260/BHSig160_Hindi/Genuine/H-S-22-G-12.tif,1,genuine_genuine,100022,0.3721262514591217,0.24711237681898562,0
2422,data/raw/bhsig260/BHSig160_Hindi/Genuine/H-S-22-G-02.tif,data/raw/bhsig260/BHSig160_Hindi/Genuine/H-S-22-G-03.tif,1,genuine_genuine,100022,0.2966913878917694,0.24711237681898562,0
2423,data/raw/bhsig260/BHSig160_Hindi/Genuine/H-S-22-G-12.tif,data/raw/bhsig260/BHSig160_Hindi/Genuine/H-S-22-G-13.tif,1,genuine_genuine,100022,0.5468262434005737,0.24711237681898562,0
2424,data/raw/bhsig260/BHSig160_Hindi/Genuine/H-S-22-G-02.tif,data/raw/bhsig260/BHSig160_Hindi/Genuine/H-S-22-G-14.tif,1,genuine_genuine,100022,0.2341616153717041,0.24711237681898562,1
2425,data/raw/bhsig260/BHSig160_Hindi/Genuine/H-S-22-G-02.tif,data/raw/bhsig260/BHSig160_Hindi/Genuine/H-S-22-G-19.tif,1,genuine_genuine,100022,0.3266931474208832,0.24711237681898562,0
2426,data/raw/bhsig260/BHSig160_Hindi/Genuine/H-S-22-G-13.tif,data/raw/bhsig260/BHSig160_Hindi/Genuine/H-S-22-G-23.tif,1,genuine_genuine,100022,0.7322807312011719,0.24711237681898562,0
2427,data/raw/bhsig260/BHSig160_Hindi/Genuine/H-S-22-G-08.tif,data/raw/bhsig260/BHSig160_Hindi/Genuine/H-S-22-G-17.tif,1,genuine_genuine,100022,0.3572640120983124,0.24711237681898562,0
2428,data/raw/bhsig260/BHSig160_Hindi/Genuine/H-S-22-G-08.tif,data/raw/bhsig260/BHSig160_Hindi/Genuine/H-S-22-G-11.tif,1,genuine_genuine,100022,0.3231993317604065,0.24711237681898562,0
2429,data/raw/bhsig260/BHSig160_Hindi/Genuine/H-S-22-G-17.tif,data/raw/bhsig260/BHSig160_Hindi/Genuine/H-S-22-G-21.tif,1,genuine_genuine,100022,0.5339676141738892,0.24711237681898562,0
2430,data/raw/bhsig260/BHSig160_Hindi/Genuine/H-S-22-G-06.tif,data/raw/bhsig260/BHSig160_Hindi/Forged/H-S-22-F-21.tif,0,skilled_forgery,100022,0.18560370802879333,0.24711237681898562,1
2431,data/raw/bhsig260/BHSig160_Hindi/Genuine/H-S-22-G-17.tif,data/raw/bhsig260/BHSig160_Hindi/Forged/H-S-22-F-01.tif,0,skilled_forgery,100022,0.3292517066001892,0.24711237681898562,0
2432,data/raw/bhsig260/BHSig160_Hindi/Genuine/H-S-22-G-14.tif,data/raw/bhsig260/BHSig160_Hindi/Forged/H-S-22-F-07.tif,0,skilled_forgery,100022,0.11008620262145996,0.24711237681898562,1
2433,data/raw/bhsig260/BHSig160_Hindi/Genuine/H-S-22-G-22.tif,data/raw/bhsig260/BHSig160_Hindi/Forged/H-S-22-F-19.tif,0,skilled_forgery,100022,0.08602020144462585,0.24711237681898562,1
2434,data/raw/bhsig260/BHSig160_Hindi/Genuine/H-S-22-G-06.tif,data/raw/bhsig260/BHSig160_Hindi/Forged/H-S-22-F-05.tif,0,skilled_forgery,100022,0.27526071667671204,0.24711237681898562,0
2435,data/raw/bhsig260/BHSig160_Hindi/Genuine/H-S-22-G-10.tif,data/raw/bhsig260/BHSig100_Bengali/Genuine/B-S-97-G-24.tif,0,random_forgery,100022,0.6585298776626587,0.24711237681898562,0
2436,data/raw/bhsig260/BHSig160_Hindi/Genuine/H-S-22-G-06.tif,data/raw/bhsig260/BHSig160_Hindi/Genuine/H-S-119-G-22.tif,0,random_forgery,100022,0.5376272201538086,0.24711237681898562,0
2437,data/raw/bhsig260/BHSig160_Hindi/Genuine/H-S-22-G-16.tif,data/raw/bhsig260/BHSig100_Bengali/Genuine/B-S-21-G-11.tif,0,random_forgery,100022,0.4142312705516815,0.24711237681898562,0
2438,data/raw/bhsig260/BHSig160_Hindi/Genuine/H-S-22-G-06.tif,data/raw/bhsig260/BHSig100_Bengali/Genuine/B-S-79-G-15.tif,0,random_forgery,100022,0.28312990069389343,0.24711237681898562,0
2439,data/raw/bhsig260/BHSig160_Hindi/Genuine/H-S-22-G-11.tif,data/raw/bhsig260/BHSig160_Hindi/Genuine/H-S-147-G-17.tif,0,random_forgery,100022,1.35152268409729,0.24711237681898562,0
2440,data/raw/bhsig260/BHSig160_Hindi/Genuine/H-S-23-G-16.tif,data/raw/bhsig260/BHSig160_Hindi/Genuine/H-S-23-G-23.tif,1,genuine_genuine,100023,0.3516366481781006,0.24711237681898562,0
2441,data/raw/bhsig260/BHSig160_Hindi/Genuine/H-S-23-G-21.tif,data/raw/bhsig260/BHSig160_Hindi/Genuine/H-S-23-G-22.tif,1,genuine_genuine,100023,0.2890588939189911,0.24711237681898562,0
2442,data/raw/bhsig260/BHSig160_Hindi/Genuine/H-S-23-G-01.tif,data/raw/bhsig260/BHSig160_Hindi/Genuine/H-S-23-G-12.tif,1,genuine_genuine,100023,0.21764126420021057,0.24711237681898562,1
2443,data/raw/bhsig260/BHSig160_Hindi/Genuine/H-S-23-G-02.tif,data/raw/bhsig260/BHSig160_Hindi/Genuine/H-S-23-G-03.tif,1,genuine_genuine,100023,0.18117749691009521,0.24711237681898562,1
2444,data/raw/bhsig260/BHSig160_Hindi/Genuine/H-S-23-G-13.tif,data/raw/bhsig260/BHSig160_Hindi/Genuine/H-S-23-G-16.tif,1,genuine_genuine,100023,0.2756444215774536,0.24711237681898562,0
2445,data/raw/bhsig260/BHSig160_Hindi/Genuine/H-S-23-G-20.tif,data/raw/bhsig260/BHSig160_Hindi/Genuine/H-S-23-G-24.tif,1,genuine_genuine,100023,0.21399575471878052,0.24711237681898562,1
2446,data/raw/bhsig260/BHSig160_Hindi/Genuine/H-S-23-G-03.tif,data/raw/bhsig260/BHSig160_Hindi/Genuine/H-S-23-G-13.tif,1,genuine_genuine,100023,0.20292221009731293,0.24711237681898562,1
2447,data/raw/bhsig260/BHSig160_Hindi/Genuine/H-S-23-G-01.tif,data/raw/bhsig260/BHSig160_Hindi/Genuine/H-S-23-G-06.tif,1,genuine_genuine,100023,0.12204327434301376,0.24711237681898562,1
2448,data/raw/bhsig260/BHSig160_Hindi/Genuine/H-S-23-G-09.tif,data/raw/bhsig260/BHSig160_Hindi/Genuine/H-S-23-G-14.tif,1,genuine_genuine,100023,0.08715962618589401,0.24711237681898562,1
2449,data/raw/bhsig260/BHSig160_Hindi/Genuine/H-S-23-G-10.tif,data/raw/bhsig260/BHSig160_Hindi/Genuine/H-S-23-G-18.tif,1,genuine_genuine,100023,0.28880229592323303,0.24711237681898562,0
2450,data/raw/bhsig260/BHSig160_Hindi/Genuine/H-S-23-G-07.tif,data/raw/bhsig260/BHSig160_Hindi/Forged/H-S-23-F-13.tif,0,skilled_forgery,100023,0.5713235139846802,0.24711237681898562,0
2451,data/raw/bhsig260/BHSig160_Hindi/Genuine/H-S-23-G-21.tif,data/raw/bhsig260/BHSig160_Hindi/Forged/H-S-23-F-25.tif,0,skilled_forgery,100023,0.4343249499797821,0.24711237681898562,0
2452,data/raw/bhsig260/BHSig160_Hindi/Genuine/H-S-23-G-10.tif,data/raw/bhsig260/BHSig160_Hindi/Forged/H-S-23-F-25.tif,0,skilled_forgery,100023,0.4300169050693512,0.24711237681898562,0
2453,data/raw/bhsig260/BHSig160_Hindi/Genuine/H-S-23-G-13.tif,data/raw/bhsig260/BHSig160_Hindi/Forged/H-S-23-F-04.tif,0,skilled_forgery,100023,0.3569357991218567,0.24711237681898562,0
2454,data/raw/bhsig260/BHSig160_Hindi/Genuine/H-S-23-G-15.tif,data/raw/bhsig260/BHSig160_Hindi/Forged/H-S-23-F-11.tif,0,skilled_forgery,100023,0.3316267132759094,0.24711237681898562,0
2455,data/raw/bhsig260/BHSig160_Hindi/Genuine/H-S-23-G-04.tif,data/raw/bhsig260/BHSig100_Bengali/Genuine/B-S-58-G-14.tif,0,random_forgery,100023,0.38071686029434204,0.24711237681898562,0
2456,data/raw/bhsig260/BHSig160_Hindi/Genuine/H-S-23-G-01.tif,data/raw/bhsig260/BHSig160_Hindi/Genuine/H-S-160-G-24.tif,0,random_forgery,100023,0.4403116703033447,0.24711237681898562,0
2457,data/raw/bhsig260/BHSig160_Hindi/Genuine/H-S-23-G-04.tif,data/raw/bhsig260/BHSig160_Hindi/Genuine/H-S-14-G-09.tif,0,random_forgery,100023,0.4142540991306305,0.24711237681898562,0
2458,data/raw/bhsig260/BHSig160_Hindi/Genuine/H-S-23-G-08.tif,data/raw/bhsig260/BHSig100_Bengali/Genuine/B-S-46-G-21.tif,0,random_forgery,100023,0.7187366485595703,0.24711237681898562,0
2459,data/raw/bhsig260/BHSig160_Hindi/Genuine/H-S-23-G-12.tif,data/raw/bhsig260/BHSig160_Hindi/Genuine/H-S-140-G-21.tif,0,random_forgery,100023,0.8608604669570923,0.24711237681898562,0
2460,data/raw/bhsig260/BHSig160_Hindi/Genuine/H-S-24-G-01.tif,data/raw/bhsig260/BHSig160_Hindi/Genuine/H-S-24-G-20.tif,1,genuine_genuine,100024,0.20171838998794556,0.24711237681898562,1
2461,data/raw/bhsig260/BHSig160_Hindi/Genuine/H-S-24-G-06.tif,data/raw/bhsig260/BHSig160_Hindi/Genuine/H-S-24-G-10.tif,1,genuine_genuine,100024,0.5534082055091858,0.24711237681898562,0
2462,data/raw/bhsig260/BHSig160_Hindi/Genuine/H-S-24-G-10.tif,data/raw/bhsig260/BHSig160_Hindi/Genuine/H-S-24-G-11.tif,1,genuine_genuine,100024,0.11472757160663605,0.24711237681898562,1
2463,data/raw/bhsig260/BHSig160_Hindi/Genuine/H-S-24-G-01.tif,data/raw/bhsig260/BHSig160_Hindi/Genuine/H-S-24-G-10.tif,1,genuine_genuine,100024,0.14540813863277435,0.24711237681898562,1
2464,data/raw/bhsig260/BHSig160_Hindi/Genuine/H-S-24-G-12.tif,data/raw/bhsig260/BHSig160_Hindi/Genuine/H-S-24-G-14.tif,1,genuine_genuine,100024,0.26355689764022827,0.24711237681898562,0
2465,data/raw/bhsig260/BHSig160_Hindi/Genuine/H-S-24-G-08.tif,data/raw/bhsig260/BHSig160_Hindi/Genuine/H-S-24-G-12.tif,1,genuine_genuine,100024,0.196794331073761,0.24711237681898562,1
2466,data/raw/bhsig260/BHSig160_Hindi/Genuine/H-S-24-G-03.tif,data/raw/bhsig260/BHSig160_Hindi/Genuine/H-S-24-G-05.tif,1,genuine_genuine,100024,0.3609941005706787,0.24711237681898562,0
2467,data/raw/bhsig260/BHSig160_Hindi/Genuine/H-S-24-G-14.tif,data/raw/bhsig260/BHSig160_Hindi/Genuine/H-S-24-G-15.tif,1,genuine_genuine,100024,0.32115939259529114,0.24711237681898562,0
2468,data/raw/bhsig260/BHSig160_Hindi/Genuine/H-S-24-G-05.tif,data/raw/bhsig260/BHSig160_Hindi/Genuine/H-S-24-G-20.tif,1,genuine_genuine,100024,0.7613394856452942,0.24711237681898562,0
2469,data/raw/bhsig260/BHSig160_Hindi/Genuine/H-S-24-G-04.tif,data/raw/bhsig260/BHSig160_Hindi/Genuine/H-S-24-G-07.tif,1,genuine_genuine,100024,0.20457477867603302,0.24711237681898562,1
2470,data/raw/bhsig260/BHSig160_Hindi/Genuine/H-S-24-G-09.tif,data/raw/bhsig260/BHSig160_Hindi/Forged/H-S-24-F-19.tif,0,skilled_forgery,100024,0.2778981029987335,0.24711237681898562,0
2471,data/raw/bhsig260/BHSig160_Hindi/Genuine/H-S-24-G-15.tif,data/raw/bhsig260/BHSig160_Hindi/Forged/H-S-24-F-20.tif,0,skilled_forgery,100024,0.11572809517383575,0.24711237681898562,1
2472,data/raw/bhsig260/BHSig160_Hindi/Genuine/H-S-24-G-05.tif,data/raw/bhsig260/BHSig160_Hindi/Forged/H-S-24-F-16.tif,0,skilled_forgery,100024,0.6442220211029053,0.24711237681898562,0
2473,data/raw/bhsig260/BHSig160_Hindi/Genuine/H-S-24-G-23.tif,data/raw/bhsig260/BHSig160_Hindi/Forged/H-S-24-F-20.tif,0,skilled_forgery,100024,0.6602250933647156,0.24711237681898562,0
2474,data/raw/bhsig260/BHSig160_Hindi/Genuine/H-S-24-G-14.tif,data/raw/bhsig260/BHSig160_Hindi/Forged/H-S-24-F-09.tif,0,skilled_forgery,100024,0.21926751732826233,0.24711237681898562,1
2475,data/raw/bhsig260/BHSig160_Hindi/Genuine/H-S-24-G-12.tif,data/raw/bhsig260/BHSig100_Bengali/Genuine/B-S-75-G-22.tif,0,random_forgery,100024,0.2881971001625061,0.24711237681898562,0
2476,data/raw/bhsig260/BHSig160_Hindi/Genuine/H-S-24-G-15.tif,data/raw/bhsig260/BHSig100_Bengali/Genuine/B-S-80-G-24.tif,0,random_forgery,100024,0.4872071146965027,0.24711237681898562,0
2477,data/raw/bhsig260/BHSig160_Hindi/Genuine/H-S-24-G-20.tif,data/raw/bhsig260/BHSig160_Hindi/Genuine/H-S-97-G-12.tif,0,random_forgery,100024,0.60972660779953,0.24711237681898562,0
2478,data/raw/bhsig260/BHSig160_Hindi/Genuine/H-S-24-G-08.tif,data/raw/bhsig260/BHSig160_Hindi/Genuine/H-S-67-G-24.tif,0,random_forgery,100024,1.2430952787399292,0.24711237681898562,0
2479,data/raw/bhsig260/BHSig160_Hindi/Genuine/H-S-24-G-21.tif,data/raw/bhsig260/BHSig160_Hindi/Genuine/H-S-51-G-23.tif,0,random_forgery,100024,0.24159206449985504,0.24711237681898562,1
2480,data/raw/bhsig260/BHSig160_Hindi/Genuine/H-S-25-G-13.tif,data/raw/bhsig260/BHSig160_Hindi/Genuine/H-S-25-G-17.tif,1,genuine_genuine,100025,0.19306835532188416,0.24711237681898562,1
2481,data/raw/bhsig260/BHSig160_Hindi/Genuine/H-S-25-G-08.tif,data/raw/bhsig260/BHSig160_Hindi/Genuine/H-S-25-G-17.tif,1,genuine_genuine,100025,0.1720491647720337,0.24711237681898562,1
2482,data/raw/bhsig260/BHSig160_Hindi/Genuine/H-S-25-G-14.tif,data/raw/bhsig260/BHSig160_Hindi/Genuine/H-S-25-G-18.tif,1,genuine_genuine,100025,0.3106774687767029,0.24711237681898562,0
2483,data/raw/bhsig260/BHSig160_Hindi/Genuine/H-S-25-G-13.tif,data/raw/bhsig260/BHSig160_Hindi/Genuine/H-S-25-G-23.tif,1,genuine_genuine,100025,0.16663090884685516,0.24711237681898562,1
2484,data/raw/bhsig260/BHSig160_Hindi/Genuine/H-S-25-G-10.tif,data/raw/bhsig260/BHSig160_Hindi/Genuine/H-S-25-G-20.tif,1,genuine_genuine,100025,0.18435083329677582,0.24711237681898562,1
2485,data/raw/bhsig260/BHSig160_Hindi/Genuine/H-S-25-G-01.tif,data/raw/bhsig260/BHSig160_Hindi/Genuine/H-S-25-G-16.tif,1,genuine_genuine,100025,0.3002777695655823,0.24711237681898562,0
2486,data/raw/bhsig260/BHSig160_Hindi/Genuine/H-S-25-G-17.tif,data/raw/bhsig260/BHSig160_Hindi/Genuine/H-S-25-G-24.tif,1,genuine_genuine,100025,0.3435283601284027,0.24711237681898562,0
2487,data/raw/bhsig260/BHSig160_Hindi/Genuine/H-S-25-G-07.tif,data/raw/bhsig260/BHSig160_Hindi/Genuine/H-S-25-G-09.tif,1,genuine_genuine,100025,0.3172065019607544,0.24711237681898562,0
2488,data/raw/bhsig260/BHSig160_Hindi/Genuine/H-S-25-G-06.tif,data/raw/bhsig260/BHSig160_Hindi/Genuine/H-S-25-G-12.tif,1,genuine_genuine,100025,0.21765990555286407,0.24711237681898562,1
2489,data/raw/bhsig260/BHSig160_Hindi/Genuine/H-S-25-G-07.tif,data/raw/bhsig260/BHSig160_Hindi/Genuine/H-S-25-G-08.tif,1,genuine_genuine,100025,0.1658572405576706,0.24711237681898562,1
2490,data/raw/bhsig260/BHSig160_Hindi/Genuine/H-S-25-G-06.tif,data/raw/bhsig260/BHSig160_Hindi/Forged/H-S-25-F-30.tif,0,skilled_forgery,100025,0.5340448617935181,0.24711237681898562,0
2491,data/raw/bhsig260/BHSig160_Hindi/Genuine/H-S-25-G-04.tif,data/raw/bhsig260/BHSig160_Hindi/Forged/H-S-25-F-29.tif,0,skilled_forgery,100025,0.9060924053192139,0.24711237681898562,0
2492,data/raw/bhsig260/BHSig160_Hindi/Genuine/H-S-25-G-15.tif,data/raw/bhsig260/BHSig160_Hindi/Forged/H-S-25-F-23.tif,0,skilled_forgery,100025,0.7737466096878052,0.24711237681898562,0
2493,data/raw/bhsig260/BHSig160_Hindi/Genuine/H-S-25-G-22.tif,data/raw/bhsig260/BHSig160_Hindi/Forged/H-S-25-F-26.tif,0,skilled_forgery,100025,0.2322174310684204,0.24711237681898562,1
2494,data/raw/bhsig260/BHSig160_Hindi/Genuine/H-S-25-G-01.tif,data/raw/bhsig260/BHSig160_Hindi/Forged/H-S-25-F-27.tif,0,skilled_forgery,100025,0.218160942196846,0.24711237681898562,1
2495,data/raw/bhsig260/BHSig160_Hindi/Genuine/H-S-25-G-24.tif,data/raw/bhsig260/BHSig160_Hindi/Genuine/H-S-72-G-02.tif,0,random_forgery,100025,0.7545114755630493,0.24711237681898562,0
2496,data/raw/bhsig260/BHSig160_Hindi/Genuine/H-S-25-G-16.tif,data/raw/bhsig260/BHSig100_Bengali/Genuine/B-S-90-G-09.tif,0,random_forgery,100025,0.5306826233863831,0.24711237681898562,0
2497,data/raw/bhsig260/BHSig160_Hindi/Genuine/H-S-25-G-02.tif,data/raw/bhsig260/BHSig160_Hindi/Genuine/H-S-36-G-14.tif,0,random_forgery,100025,0.37458789348602295,0.24711237681898562,0
2498,data/raw/bhsig260/BHSig160_Hindi/Genuine/H-S-25-G-13.tif,data/raw/bhsig260/BHSig100_Bengali/Genuine/B-S-17-G-15.tif,0,random_forgery,100025,0.29810136556625366,0.24711237681898562,0
2499,data/raw/bhsig260/BHSig160_Hindi/Genuine/H-S-25-G-15.tif,data/raw/bhsig260/BHSig160_Hindi/Genuine/H-S-22-G-02.tif,0,random_forgery,100025,1.0689798593521118,0.24711237681898562,0
2500,data/raw/bhsig260/BHSig160_Hindi/Genuine/H-S-26-G-15.tif,data/raw/bhsig260/BHSig160_Hindi/Genuine/H-S-26-G-22.tif,1,genuine_genuine,100026,0.1293313056230545,0.24711237681898562,1
2501,data/raw/bhsig260/BHSig160_Hindi/Genuine/H-S-26-G-16.tif,data/raw/bhsig260/BHSig160_Hindi/Genuine/H-S-26-G-21.tif,1,genuine_genuine,100026,0.2115110456943512,0.24711237681898562,1
2502,data/raw/bhsig260/BHSig160_Hindi/Genuine/H-S-26-G-18.tif,data/raw/bhsig260/BHSig160_Hindi/Genuine/H-S-26-G-21.tif,1,genuine_genuine,100026,0.1454876810312271,0.24711237681898562,1
2503,data/raw/bhsig260/BHSig160_Hindi/Genuine/H-S-26-G-19.tif,data/raw/bhsig260/BHSig160_Hindi/Genuine/H-S-26-G-20.tif,1,genuine_genuine,100026,0.21441715955734253,0.24711237681898562,1
2504,data/raw/bhsig260/BHSig160_Hindi/Genuine/H-S-26-G-01.tif,data/raw/bhsig260/BHSig160_Hindi/Genuine/H-S-26-G-02.tif,1,genuine_genuine,100026,0.18604552745819092,0.24711237681898562,1
2505,data/raw/bhsig260/BHSig160_Hindi/Genuine/H-S-26-G-06.tif,data/raw/bhsig260/BHSig160_Hindi/Genuine/H-S-26-G-07.tif,1,genuine_genuine,100026,0.13762997090816498,0.24711237681898562,1
2506,data/raw/bhsig260/BHSig160_Hindi/Genuine/H-S-26-G-08.tif,data/raw/bhsig260/BHSig160_Hindi/Genuine/H-S-26-G-22.tif,1,genuine_genuine,100026,0.023399000987410545,0.24711237681898562,1
2507,data/raw/bhsig260/BHSig160_Hindi/Genuine/H-S-26-G-22.tif,data/raw/bhsig260/BHSig160_Hindi/Genuine/H-S-26-G-24.tif,1,genuine_genuine,100026,0.11972197145223618,0.24711237681898562,1
2508,data/raw/bhsig260/BHSig160_Hindi/Genuine/H-S-26-G-19.tif,data/raw/bhsig260/BHSig160_Hindi/Genuine/H-S-26-G-24.tif,1,genuine_genuine,100026,0.16114751994609833,0.24711237681898562,1
2509,data/raw/bhsig260/BHSig160_Hindi/Genuine/H-S-26-G-01.tif,data/raw/bhsig260/BHSig160_Hindi/Genuine/H-S-26-G-17.tif,1,genuine_genuine,100026,0.17266559600830078,0.24711237681898562,1
2510,data/raw/bhsig260/BHSig160_Hindi/Genuine/H-S-26-G-07.tif,data/raw/bhsig260/BHSig160_Hindi/Forged/H-S-26-F-16.tif,0,skilled_forgery,100026,0.23662148416042328,0.24711237681898562,1
2511,data/raw/bhsig260/BHSig160_Hindi/Genuine/H-S-26-G-10.tif,data/raw/bhsig260/BHSig160_Hindi/Forged/H-S-26-F-12.tif,0,skilled_forgery,100026,0.09710436314344406,0.24711237681898562,1
2512,data/raw/bhsig260/BHSig160_Hindi/Genuine/H-S-26-G-22.tif,data/raw/bhsig260/BHSig160_Hindi/Forged/H-S-26-F-14.tif,0,skilled_forgery,100026,0.049965545535087585,0.24711237681898562,1
2513,data/raw/bhsig260/BHSig160_Hindi/Genuine/H-S-26-G-07.tif,data/raw/bhsig260/BHSig160_Hindi/Forged/H-S-26-F-19.tif,0,skilled_forgery,100026,0.32541555166244507,0.24711237681898562,0
2514,data/raw/bhsig260/BHSig160_Hindi/Genuine/H-S-26-G-18.tif,data/raw/bhsig260/BHSig160_Hindi/Forged/H-S-26-F-21.tif,0,skilled_forgery,100026,0.10130179673433304,0.24711237681898562,1
2515,data/raw/bhsig260/BHSig160_Hindi/Genuine/H-S-26-G-04.tif,data/raw/bhsig260/BHSig160_Hindi/Genuine/H-S-155-G-08.tif,0,random_forgery,100026,0.899627685546875,0.24711237681898562,0
2516,data/raw/bhsig260/BHSig160_Hindi/Genuine/H-S-26-G-21.tif,data/raw/bhsig260/BHSig100_Bengali/Genuine/B-S-7-G-12.tif,0,random_forgery,100026,0.33920884132385254,0.24711237681898562,0
2517,data/raw/bhsig260/BHSig160_Hindi/Genuine/H-S-26-G-14.tif,data/raw/bhsig260/BHSig160_Hindi/Genuine/H-S-142-G-04.tif,0,random_forgery,100026,1.401721715927124,0.24711237681898562,0
2518,data/raw/bhsig260/BHSig160_Hindi/Genuine/H-S-26-G-04.tif,data/raw/bhsig260/BHSig100_Bengali/Genuine/B-S-20-G-12.tif,0,random_forgery,100026,1.346326470375061,0.24711237681898562,0
2519,data/raw/bhsig260/BHSig160_Hindi/Genuine/H-S-26-G-04.tif,data/raw/bhsig260/BHSig160_Hindi/Genuine/H-S-093-G-07.tif,0,random_forgery,100026,0.31192243099212646,0.24711237681898562,0
2520,data/raw/bhsig260/BHSig160_Hindi/Genuine/H-S-27-G-06.tif,data/raw/bhsig260/BHSig160_Hindi/Genuine/H-S-27-G-19.tif,1,genuine_genuine,100027,0.2906315326690674,0.24711237681898562,0
2521,data/raw/bhsig260/BHSig160_Hindi/Genuine/H-S-27-G-06.tif,data/raw/bhsig260/BHSig160_Hindi/Genuine/H-S-27-G-13.tif,1,genuine_genuine,100027,0.44878798723220825,0.24711237681898562,0
2522,data/raw/bhsig260/BHSig160_Hindi/Genuine/H-S-27-G-14.tif,data/raw/bhsig260/BHSig160_Hindi/Genuine/H-S-27-G-19.tif,1,genuine_genuine,100027,0.0876893624663353,0.24711237681898562,1
2523,data/raw/bhsig260/BHSig160_Hindi/Genuine/H-S-27-G-12.tif,data/raw/bhsig260/BHSig160_Hindi/Genuine/H-S-27-G-18.tif,1,genuine_genuine,100027,0.15699633955955505,0.24711237681898562,1
2524,data/raw/bhsig260/BHSig160_Hindi/Genuine/H-S-27-G-02.tif,data/raw/bhsig260/BHSig160_Hindi/Genuine/H-S-27-G-20.tif,1,genuine_genuine,100027,0.0800146609544754,0.24711237681898562,1
2525,data/raw/bhsig260/BHSig160_Hindi/Genuine/H-S-27-G-10.tif,data/raw/bhsig260/BHSig160_Hindi/Genuine/H-S-27-G-11.tif,1,genuine_genuine,100027,0.10363807529211044,0.24711237681898562,1
2526,data/raw/bhsig260/BHSig160_Hindi/Genuine/H-S-27-G-05.tif,data/raw/bhsig260/BHSig160_Hindi/Genuine/H-S-27-G-07.tif,1,genuine_genuine,100027,0.14340661466121674,0.24711237681898562,1
2527,data/raw/bhsig260/BHSig160_Hindi/Genuine/H-S-27-G-07.tif,data/raw/bhsig260/BHSig160_Hindi/Genuine/H-S-27-G-22.tif,1,genuine_genuine,100027,0.16310693323612213,0.24711237681898562,1
2528,data/raw/bhsig260/BHSig160_Hindi/Genuine/H-S-27-G-11.tif,data/raw/bhsig260/BHSig160_Hindi/Genuine/H-S-27-G-24.tif,1,genuine_genuine,100027,0.5206677913665771,0.24711237681898562,0
2529,data/raw/bhsig260/BHSig160_Hindi/Genuine/H-S-27-G-03.tif,data/raw/bhsig260/BHSig160_Hindi/Genuine/H-S-27-G-21.tif,1,genuine_genuine,100027,0.2230854630470276,0.24711237681898562,1
2530,data/raw/bhsig260/BHSig160_Hindi/Genuine/H-S-27-G-18.tif,data/raw/bhsig260/BHSig160_Hindi/Forged/H-S-27-F-06.tif,0,skilled_forgery,100027,0.060750897973775864,0.24711237681898562,1
2531,data/raw/bhsig260/BHSig160_Hindi/Genuine/H-S-27-G-10.tif,data/raw/bhsig260/BHSig160_Hindi/Forged/H-S-27-F-10.tif,0,skilled_forgery,100027,0.4964374005794525,0.24711237681898562,0
2532,data/raw/bhsig260/BHSig160_Hindi/Genuine/H-S-27-G-12.tif,data/raw/bhsig260/BHSig160_Hindi/Forged/H-S-27-F-28.tif,0,skilled_forgery,100027,0.3670218586921692,0.24711237681898562,0
2533,data/raw/bhsig260/BHSig160_Hindi/Genuine/H-S-27-G-23.tif,data/raw/bhsig260/BHSig160_Hindi/Forged/H-S-27-F-25.tif,0,skilled_forgery,100027,0.7686623930931091,0.24711237681898562,0
2534,data/raw/bhsig260/BHSig160_Hindi/Genuine/H-S-27-G-05.tif,data/raw/bhsig260/BHSig160_Hindi/Forged/H-S-27-F-04.tif,0,skilled_forgery,100027,0.5255823135375977,0.24711237681898562,0
2535,data/raw/bhsig260/BHSig160_Hindi/Genuine/H-S-27-G-03.tif,data/raw/bhsig260/BHSig160_Hindi/Genuine/H-S-155-G-23.tif,0,random_forgery,100027,1.290628433227539,0.24711237681898562,0
2536,data/raw/bhsig260/BHSig160_Hindi/Genuine/H-S-27-G-04.tif,data/raw/bhsig260/BHSig100_Bengali/Genuine/B-S-80-G-01.tif,0,random_forgery,100027,1.1833876371383667,0.24711237681898562,0
2537,data/raw/bhsig260/BHSig160_Hindi/Genuine/H-S-27-G-02.tif,data/raw/bhsig260/BHSig100_Bengali/Genuine/B-S-85-G-21.tif,0,random_forgery,100027,0.9041840434074402,0.24711237681898562,0
2538,data/raw/bhsig260/BHSig160_Hindi/Genuine/H-S-27-G-10.tif,data/raw/bhsig260/BHSig160_Hindi/Genuine/H-S-152-G-08.tif,0,random_forgery,100027,0.8283485174179077,0.24711237681898562,0
2539,data/raw/bhsig260/BHSig160_Hindi/Genuine/H-S-27-G-03.tif,data/raw/bhsig260/BHSig100_Bengali/Genuine/B-S-65-G-02.tif,0,random_forgery,100027,0.7787759304046631,0.24711237681898562,0
2540,data/raw/bhsig260/BHSig160_Hindi/Genuine/H-S-28-G-10.tif,data/raw/bhsig260/BHSig160_Hindi/Genuine/H-S-28-G-19.tif,1,genuine_genuine,100028,0.21815283596515656,0.24711237681898562,1
2541,data/raw/bhsig260/BHSig160_Hindi/Genuine/H-S-28-G-07.tif,data/raw/bhsig260/BHSig160_Hindi/Genuine/H-S-28-G-09.tif,1,genuine_genuine,100028,0.21657483279705048,0.24711237681898562,1
2542,data/raw/bhsig260/BHSig160_Hindi/Genuine/H-S-28-G-03.tif,data/raw/bhsig260/BHSig160_Hindi/Genuine/H-S-28-G-17.tif,1,genuine_genuine,100028,0.44295504689216614,0.24711237681898562,0
2543,data/raw/bhsig260/BHSig160_Hindi/Genuine/H-S-28-G-09.tif,data/raw/bhsig260/BHSig160_Hindi/Genuine/H-S-28-G-15.tif,1,genuine_genuine,100028,0.13562852144241333,0.24711237681898562,1
2544,data/raw/bhsig260/BHSig160_Hindi/Genuine/H-S-28-G-04.tif,data/raw/bhsig260/BHSig160_Hindi/Genuine/H-S-28-G-17.tif,1,genuine_genuine,100028,0.37652158737182617,0.24711237681898562,0
2545,data/raw/bhsig260/BHSig160_Hindi/Genuine/H-S-28-G-19.tif,data/raw/bhsig260/BHSig160_Hindi/Genuine/H-S-28-G-21.tif,1,genuine_genuine,100028,0.40036097168922424,0.24711237681898562,0
2546,data/raw/bhsig260/BHSig160_Hindi/Genuine/H-S-28-G-01.tif,data/raw/bhsig260/BHSig160_Hindi/Genuine/H-S-28-G-15.tif,1,genuine_genuine,100028,0.11641651391983032,0.24711237681898562,1
2547,data/raw/bhsig260/BHSig160_Hindi/Genuine/H-S-28-G-17.tif,data/raw/bhsig260/BHSig160_Hindi/Genuine/H-S-28-G-19.tif,1,genuine_genuine,100028,0.12473947554826736,0.24711237681898562,1
2548,data/raw/bhsig260/BHSig160_Hindi/Genuine/H-S-28-G-17.tif,data/raw/bhsig260/BHSig160_Hindi/Genuine/H-S-28-G-22.tif,1,genuine_genuine,100028,0.2953146696090698,0.24711237681898562,0
2549,data/raw/bhsig260/BHSig160_Hindi/Genuine/H-S-28-G-13.tif,data/raw/bhsig260/BHSig160_Hindi/Genuine/H-S-28-G-17.tif,1,genuine_genuine,100028,0.3270336985588074,0.24711237681898562,0
2550,data/raw/bhsig260/BHSig160_Hindi/Genuine/H-S-28-G-07.tif,data/raw/bhsig260/BHSig160_Hindi/Forged/H-S-28-F-09.tif,0,skilled_forgery,100028,0.23605860769748688,0.24711237681898562,1
2551,data/raw/bhsig260/BHSig160_Hindi/Genuine/H-S-28-G-24.tif,data/raw/bhsig260/BHSig160_Hindi/Forged/H-S-28-F-28.tif,0,skilled_forgery,100028,0.31647247076034546,0.24711237681898562,0
2552,data/raw/bhsig260/BHSig160_Hindi/Genuine/H-S-28-G-09.tif,data/raw/bhsig260/BHSig160_Hindi/Forged/H-S-28-F-28.tif,0,skilled_forgery,100028,0.2164049744606018,0.24711237681898562,1
2553,data/raw/bhsig260/BHSig160_Hindi/Genuine/H-S-28-G-21.tif,data/raw/bhsig260/BHSig160_Hindi/Forged/H-S-28-F-13.tif,0,skilled_forgery,100028,0.5384451746940613,0.24711237681898562,0
2554,data/raw/bhsig260/BHSig160_Hindi/Genuine/H-S-28-G-04.tif,data/raw/bhsig260/BHSig160_Hindi/Forged/H-S-28-F-25.tif,0,skilled_forgery,100028,0.37342962622642517,0.24711237681898562,0
2555,data/raw/bhsig260/BHSig160_Hindi/Genuine/H-S-28-G-18.tif,data/raw/bhsig260/BHSig160_Hindi/Genuine/H-S-9-G-22.tif,0,random_forgery,100028,0.5032058954238892,0.24711237681898562,0
2556,data/raw/bhsig260/BHSig160_Hindi/Genuine/H-S-28-G-20.tif,data/raw/bhsig260/BHSig160_Hindi/Genuine/H-S-148-G-13.tif,0,random_forgery,100028,0.6691688895225525,0.24711237681898562,0
2557,data/raw/bhsig260/BHSig160_Hindi/Genuine/H-S-28-G-05.tif,data/raw/bhsig260/BHSig100_Bengali/Genuine/B-S-4-G-01.tif,0,random_forgery,100028,0.5718782544136047,0.24711237681898562,0
2558,data/raw/bhsig260/BHSig160_Hindi/Genuine/H-S-28-G-04.tif,data/raw/bhsig260/BHSig160_Hindi/Genuine/H-S-59-G-11.tif,0,random_forgery,100028,0.38305896520614624,0.24711237681898562,0
2559,data/raw/bhsig260/BHSig160_Hindi/Genuine/H-S-28-G-21.tif,data/raw/bhsig260/BHSig160_Hindi/Genuine/H-S-74-G-17.tif,0,random_forgery,100028,0.5655086636543274,0.24711237681898562,0
2560,data/raw/bhsig260/BHSig160_Hindi/Genuine/H-S-29-G-10.tif,data/raw/bhsig260/BHSig160_Hindi/Genuine/H-S-29-G-20.tif,1,genuine_genuine,100029,0.2998068332672119,0.24711237681898562,0
2561,data/raw/bhsig260/BHSig160_Hindi/Genuine/H-S-29-G-03.tif,data/raw/bhsig260/BHSig160_Hindi/Genuine/H-S-29-G-19.tif,1,genuine_genuine,100029,0.23839963972568512,0.24711237681898562,1
2562,data/raw/bhsig260/BHSig160_Hindi/Genuine/H-S-29-G-03.tif,data/raw/bhsig260/BHSig160_Hindi/Genuine/H-S-29-G-17.tif,1,genuine_genuine,100029,0.3338102698326111,0.24711237681898562,0
2563,data/raw/bhsig260/BHSig160_Hindi/Genuine/H-S-29-G-06.tif,data/raw/bhsig260/BHSig160_Hindi/Genuine/H-S-29-G-07.tif,1,genuine_genuine,100029,0.33601394295692444,0.24711237681898562,0
2564,data/raw/bhsig260/BHSig160_Hindi/Genuine/H-S-29-G-11.tif,data/raw/bhsig260/BHSig160_Hindi/Genuine/H-S-29-G-13.tif,1,genuine_genuine,100029,0.1495121270418167,0.24711237681898562,1
2565,data/raw/bhsig260/BHSig160_Hindi/Genuine/H-S-29-G-09.tif,data/raw/bhsig260/BHSig160_Hindi/Genuine/H-S-29-G-15.tif,1,genuine_genuine,100029,0.11511032283306122,0.24711237681898562,1
2566,data/raw/bhsig260/BHSig160_Hindi/Genuine/H-S-29-G-10.tif,data/raw/bhsig260/BHSig160_Hindi/Genuine/H-S-29-G-23.tif,1,genuine_genuine,100029,0.10642565041780472,0.24711237681898562,1
2567,data/raw/bhsig260/BHSig160_Hindi/Genuine/H-S-29-G-11.tif,data/raw/bhsig260/BHSig160_Hindi/Genuine/H-S-29-G-15.tif,1,genuine_genuine,100029,0.25590628385543823,0.24711237681898562,0
2568,data/raw/bhsig260/BHSig160_Hindi/Genuine/H-S-29-G-05.tif,data/raw/bhsig260/BHSig160_Hindi/Genuine/H-S-29-G-24.tif,1,genuine_genuine,100029,0.30760663747787476,0.24711237681898562,0
2569,data/raw/bhsig260/BHSig160_Hindi/Genuine/H-S-29-G-13.tif,data/raw/bhsig260/BHSig160_Hindi/Genuine/H-S-29-G-24.tif,1,genuine_genuine,100029,0.21973533928394318,0.24711237681898562,1
2570,data/raw/bhsig260/BHSig160_Hindi/Genuine/H-S-29-G-04.tif,data/raw/bhsig260/BHSig160_Hindi/Forged/H-S-29-F-16.tif,0,skilled_forgery,100029,0.34008705615997314,0.24711237681898562,0
2571,data/raw/bhsig260/BHSig160_Hindi/Genuine/H-S-29-G-24.tif,data/raw/bhsig260/BHSig160_Hindi/Forged/H-S-29-F-07.tif,0,skilled_forgery,100029,0.4427243769168854,0.24711237681898562,0
2572,data/raw/bhsig260/BHSig160_Hindi/Genuine/H-S-29-G-10.tif,data/raw/bhsig260/BHSig160_Hindi/Forged/H-S-29-F-13.tif,0,skilled_forgery,100029,0.18882538378238678,0.24711237681898562,1
2573,data/raw/bhsig260/BHSig160_Hindi/Genuine/H-S-29-G-10.tif,data/raw/bhsig260/BHSig160_Hindi/Forged/H-S-29-F-30.tif,0,skilled_forgery,100029,0.13165318965911865,0.24711237681898562,1
2574,data/raw/bhsig260/BHSig160_Hindi/Genuine/H-S-29-G-06.tif,data/raw/bhsig260/BHSig160_Hindi/Forged/H-S-29-F-06.tif,0,skilled_forgery,100029,0.2602651119232178,0.24711237681898562,0
2575,data/raw/bhsig260/BHSig160_Hindi/Genuine/H-S-29-G-07.tif,data/raw/bhsig260/BHSig100_Bengali/Genuine/B-S-83-G-10.tif,0,random_forgery,100029,0.18418438732624054,0.24711237681898562,1
2576,data/raw/bhsig260/BHSig160_Hindi/Genuine/H-S-29-G-21.tif,data/raw/bhsig260/BHSig100_Bengali/Genuine/B-S-92-G-12.tif,0,random_forgery,100029,0.43851974606513977,0.24711237681898562,0
2577,data/raw/bhsig260/BHSig160_Hindi/Genuine/H-S-29-G-18.tif,data/raw/bhsig260/BHSig100_Bengali/Genuine/B-S-77-G-20.tif,0,random_forgery,100029,0.5198290944099426,0.24711237681898562,0
2578,data/raw/bhsig260/BHSig160_Hindi/Genuine/H-S-29-G-14.tif,data/raw/bhsig260/BHSig160_Hindi/Genuine/H-S-121-G-24.tif,0,random_forgery,100029,0.43767768144607544,0.24711237681898562,0
2579,data/raw/bhsig260/BHSig160_Hindi/Genuine/H-S-29-G-13.tif,data/raw/bhsig260/BHSig100_Bengali/Genuine/B-S-1-G-09.tif,0,random_forgery,100029,0.8393473625183105,0.24711237681898562,0
2580,data/raw/bhsig260/BHSig160_Hindi/Genuine/H-S-30-G-09.tif,data/raw/bhsig260/BHSig160_Hindi/Genuine/H-S-30-G-15.tif,1,genuine_genuine,100030,0.2093329131603241,0.24711237681898562,1
2581,data/raw/bhsig260/BHSig160_Hindi/Genuine/H-S-30-G-03.tif,data/raw/bhsig260/BHSig160_Hindi/Genuine/H-S-30-G-07.tif,1,genuine_genuine,100030,0.2511831521987915,0.24711237681898562,0
2582,data/raw/bhsig260/BHSig160_Hindi/Genuine/H-S-30-G-09.tif,data/raw/bhsig260/BHSig160_Hindi/Genuine/H-S-30-G-13.tif,1,genuine_genuine,100030,0.21950054168701172,0.24711237681898562,1
2583,data/raw/bhsig260/BHSig160_Hindi/Genuine/H-S-30-G-01.tif,data/raw/bhsig260/BHSig160_Hindi/Genuine/H-S-30-G-21.tif,1,genuine_genuine,100030,0.19299569725990295,0.24711237681898562,1
2584,data/raw/bhsig260/BHSig160_Hindi/Genuine/H-S-30-G-19.tif,data/raw/bhsig260/BHSig160_Hindi/Genuine/H-S-30-G-22.tif,1,genuine_genuine,100030,0.19026517868041992,0.24711237681898562,1
2585,data/raw/bhsig260/BHSig160_Hindi/Genuine/H-S-30-G-01.tif,data/raw/bhsig260/BHSig160_Hindi/Genuine/H-S-30-G-14.tif,1,genuine_genuine,100030,0.21644802391529083,0.24711237681898562,1
2586,data/raw/bhsig260/BHSig160_Hindi/Genuine/H-S-30-G-02.tif,data/raw/bhsig260/BHSig160_Hindi/Genuine/H-S-30-G-06.tif,1,genuine_genuine,100030,0.23392300307750702,0.24711237681898562,1
2587,data/raw/bhsig260/BHSig160_Hindi/Genuine/H-S-30-G-12.tif,data/raw/bhsig260/BHSig160_Hindi/Genuine/H-S-30-G-20.tif,1,genuine_genuine,100030,0.29720258712768555,0.24711237681898562,0
2588,data/raw/bhsig260/BHSig160_Hindi/Genuine/H-S-30-G-06.tif,data/raw/bhsig260/BHSig160_Hindi/Genuine/H-S-30-G-21.tif,1,genuine_genuine,100030,0.30195197463035583,0.24711237681898562,0
2589,data/raw/bhsig260/BHSig160_Hindi/Genuine/H-S-30-G-09.tif,data/raw/bhsig260/BHSig160_Hindi/Genuine/H-S-30-G-18.tif,1,genuine_genuine,100030,0.22790656983852386,0.24711237681898562,1
2590,data/raw/bhsig260/BHSig160_Hindi/Genuine/H-S-30-G-06.tif,data/raw/bhsig260/BHSig160_Hindi/Forged/H-S-30-F-30.tif,0,skilled_forgery,100030,0.25331488251686096,0.24711237681898562,0
2591,data/raw/bhsig260/BHSig160_Hindi/Genuine/H-S-30-G-13.tif,data/raw/bhsig260/BHSig160_Hindi/Forged/H-S-30-F-25.tif,0,skilled_forgery,100030,0.42532023787498474,0.24711237681898562,0
2592,data/raw/bhsig260/BHSig160_Hindi/Genuine/H-S-30-G-04.tif,data/raw/bhsig260/BHSig160_Hindi/Forged/H-S-30-F-13.tif,0,skilled_forgery,100030,0.26248881220817566,0.24711237681898562,0
2593,data/raw/bhsig260/BHSig160_Hindi/Genuine/H-S-30-G-07.tif,data/raw/bhsig260/BHSig160_Hindi/Forged/H-S-30-F-12.tif,0,skilled_forgery,100030,0.5139473676681519,0.24711237681898562,0
2594,data/raw/bhsig260/BHSig160_Hindi/Genuine/H-S-30-G-22.tif,data/raw/bhsig260/BHSig160_Hindi/Forged/H-S-30-F-28.tif,0,skilled_forgery,100030,0.41035857796669006,0.24711237681898562,0
2595,data/raw/bhsig260/BHSig160_Hindi/Genuine/H-S-30-G-18.tif,data/raw/bhsig260/BHSig160_Hindi/Genuine/H-S-129-G-21.tif,0,random_forgery,100030,0.8652552962303162,0.24711237681898562,0
2596,data/raw/bhsig260/BHSig160_Hindi/Genuine/H-S-30-G-13.tif,data/raw/bhsig260/BHSig100_Bengali/Genuine/B-S-75-G-12.tif,0,random_forgery,100030,0.48908543586730957,0.24711237681898562,0
2597,data/raw/bhsig260/BHSig160_Hindi/Genuine/H-S-30-G-20.tif,data/raw/bhsig260/BHSig160_Hindi/Genuine/H-S-49-G-12.tif,0,random_forgery,100030,0.24034078419208527,0.24711237681898562,1
2598,data/raw/bhsig260/BHSig160_Hindi/Genuine/H-S-30-G-16.tif,data/raw/bhsig260/BHSig100_Bengali/Genuine/B-S-82-G-19.tif,0,random_forgery,100030,0.5573689341545105,0.24711237681898562,0
2599,data/raw/bhsig260/BHSig160_Hindi/Genuine/H-S-30-G-04.tif,data/raw/bhsig260/BHSig160_Hindi/Genuine/H-S-150-G-22.tif,0,random_forgery,100030,0.38580313324928284,0.24711237681898562,0
2600,data/raw/bhsig260/BHSig160_Hindi/Genuine/H-S-31-G-09.tif,data/raw/bhsig260/BHSig160_Hindi/Genuine/H-S-31-G-23.tif,1,genuine_genuine,100031,0.27065423130989075,0.24711237681898562,0
2601,data/raw/bhsig260/BHSig160_Hindi/Genuine/H-S-31-G-07.tif,data/raw/bhsig260/BHSig160_Hindi/Genuine/H-S-31-G-08.tif,1,genuine_genuine,100031,0.07998297363519669,0.24711237681898562,1
2602,data/raw/bhsig260/BHSig160_Hindi/Genuine/H-S-31-G-14.tif,data/raw/bhsig260/BHSig160_Hindi/Genuine/H-S-31-G-17.tif,1,genuine_genuine,100031,0.05618143081665039,0.24711237681898562,1
2603,data/raw/bhsig260/BHSig160_Hindi/Genuine/H-S-31-G-10.tif,data/raw/bhsig260/BHSig160_Hindi/Genuine/H-S-31-G-20.tif,1,genuine_genuine,100031,0.22846084833145142,0.24711237681898562,1
2604,data/raw/bhsig260/BHSig160_Hindi/Genuine/H-S-31-G-01.tif,data/raw/bhsig260/BHSig160_Hindi/Genuine/H-S-31-G-16.tif,1,genuine_genuine,100031,0.3828001916408539,0.24711237681898562,0
2605,data/raw/bhsig260/BHSig160_Hindi/Genuine/H-S-31-G-03.tif,data/raw/bhsig260/BHSig160_Hindi/Genuine/H-S-31-G-15.tif,1,genuine_genuine,100031,0.3152562081813812,0.24711237681898562,0
2606,data/raw/bhsig260/BHSig160_Hindi/Genuine/H-S-31-G-17.tif,data/raw/bhsig260/BHSig160_Hindi/Genuine/H-S-31-G-18.tif,1,genuine_genuine,100031,0.45542171597480774,0.24711237681898562,0
2607,data/raw/bhsig260/BHSig160_Hindi/Genuine/H-S-31-G-02.tif,data/raw/bhsig260/BHSig160_Hindi/Genuine/H-S-31-G-04.tif,1,genuine_genuine,100031,0.6220059990882874,0.24711237681898562,0
2608,data/raw/bhsig260/BHSig160_Hindi/Genuine/H-S-31-G-02.tif,data/raw/bhsig260/BHSig160_Hindi/Genuine/H-S-31-G-21.tif,1,genuine_genuine,100031,0.5743531584739685,0.24711237681898562,0
2609,data/raw/bhsig260/BHSig160_Hindi/Genuine/H-S-31-G-15.tif,data/raw/bhsig260/BHSig160_Hindi/Genuine/H-S-31-G-17.tif,1,genuine_genuine,100031,0.31090137362480164,0.24711237681898562,0
2610,data/raw/bhsig260/BHSig160_Hindi/Genuine/H-S-31-G-09.tif,data/raw/bhsig260/BHSig160_Hindi/Forged/H-S-31-F-28.tif,0,skilled_forgery,100031,0.35597580671310425,0.24711237681898562,0
2611,data/raw/bhsig260/BHSig160_Hindi/Genuine/H-S-31-G-14.tif,data/raw/bhsig260/BHSig160_Hindi/Forged/H-S-31-F-19.tif,0,skilled_forgery,100031,0.5523958802223206,0.24711237681898562,0
2612,data/raw/bhsig260/BHSig160_Hindi/Genuine/H-S-31-G-15.tif,data/raw/bhsig260/BHSig160_Hindi/Forged/H-S-31-F-22.tif,0,skilled_forgery,100031,0.29768168926239014,0.24711237681898562,0
2613,data/raw/bhsig260/BHSig160_Hindi/Genuine/H-S-31-G-05.tif,data/raw/bhsig260/BHSig160_Hindi/Forged/H-S-31-F-17.tif,0,skilled_forgery,100031,0.13758379220962524,0.24711237681898562,1
2614,data/raw/bhsig260/BHSig160_Hindi/Genuine/H-S-31-G-06.tif,data/raw/bhsig260/BHSig160_Hindi/Forged/H-S-31-F-28.tif,0,skilled_forgery,100031,0.315049946308136,0.24711237681898562,0
2615,data/raw/bhsig260/BHSig160_Hindi/Genuine/H-S-31-G-23.tif,data/raw/bhsig260/BHSig100_Bengali/Genuine/B-S-90-G-22.tif,0,random_forgery,100031,0.2130477875471115,0.24711237681898562,1
2616,data/raw/bhsig260/BHSig160_Hindi/Genuine/H-S-31-G-23.tif,data/raw/bhsig260/BHSig100_Bengali/Genuine/B-S-47-G-07.tif,0,random_forgery,100031,0.7933640480041504,0.24711237681898562,0
2617,data/raw/bhsig260/BHSig160_Hindi/Genuine/H-S-31-G-03.tif,data/raw/bhsig260/BHSig100_Bengali/Genuine/B-S-73-G-08.tif,0,random_forgery,100031,0.9430442452430725,0.24711237681898562,0
2618,data/raw/bhsig260/BHSig160_Hindi/Genuine/H-S-31-G-19.tif,data/raw/bhsig260/BHSig100_Bengali/Genuine/B-S-48-G-03.tif,0,random_forgery,100031,0.6638825535774231,0.24711237681898562,0
2619,data/raw/bhsig260/BHSig160_Hindi/Genuine/H-S-31-G-21.tif,data/raw/bhsig260/BHSig100_Bengali/Genuine/B-S-12-G-15.tif,0,random_forgery,100031,0.2947221100330353,0.24711237681898562,0
2620,data/raw/bhsig260/BHSig160_Hindi/Genuine/H-S-32-G-10.tif,data/raw/bhsig260/BHSig160_Hindi/Genuine/H-S-32-G-17.tif,1,genuine_genuine,100032,0.08660640567541122,0.24711237681898562,1
2621,data/raw/bhsig260/BHSig160_Hindi/Genuine/H-S-32-G-12.tif,data/raw/bhsig260/BHSig160_Hindi/Genuine/H-S-32-G-13.tif,1,genuine_genuine,100032,0.19557040929794312,0.24711237681898562,1
2622,data/raw/bhsig260/BHSig160_Hindi/Genuine/H-S-32-G-07.tif,data/raw/bhsig260/BHSig160_Hindi/Genuine/H-S-32-G-09.tif,1,genuine_genuine,100032,0.10466887056827545,0.24711237681898562,1
2623,data/raw/bhsig260/BHSig160_Hindi/Genuine/H-S-32-G-06.tif,data/raw/bhsig260/BHSig160_Hindi/Genuine/H-S-32-G-17.tif,1,genuine_genuine,100032,0.15552325546741486,0.24711237681898562,1
2624,data/raw/bhsig260/BHSig160_Hindi/Genuine/H-S-32-G-18.tif,data/raw/bhsig260/BHSig160_Hindi/Genuine/H-S-32-G-24.tif,1,genuine_genuine,100032,0.20372258126735687,0.24711237681898562,1
2625,data/raw/bhsig260/BHSig160_Hindi/Genuine/H-S-32-G-05.tif,data/raw/bhsig260/BHSig160_Hindi/Genuine/H-S-32-G-14.tif,1,genuine_genuine,100032,0.2495749294757843,0.24711237681898562,0
2626,data/raw/bhsig260/BHSig160_Hindi/Genuine/H-S-32-G-14.tif,data/raw/bhsig260/BHSig160_Hindi/Genuine/H-S-32-G-23.tif,1,genuine_genuine,100032,0.12053586542606354,0.24711237681898562,1
2627,data/raw/bhsig260/BHSig160_Hindi/Genuine/H-S-32-G-03.tif,data/raw/bhsig260/BHSig160_Hindi/Genuine/H-S-32-G-08.tif,1,genuine_genuine,100032,0.14495402574539185,0.24711237681898562,1
2628,data/raw/bhsig260/BHSig160_Hindi/Genuine/H-S-32-G-16.tif,data/raw/bhsig260/BHSig160_Hindi/Genuine/H-S-32-G-19.tif,1,genuine_genuine,100032,0.23080551624298096,0.24711237681898562,1
2629,data/raw/bhsig260/BHSig160_Hindi/Genuine/H-S-32-G-15.tif,data/raw/bhsig260/BHSig160_Hindi/Genuine/H-S-32-G-19.tif,1,genuine_genuine,100032,0.1954747587442398,0.24711237681898562,1
2630,data/raw/bhsig260/BHSig160_Hindi/Genuine/H-S-32-G-11.tif,data/raw/bhsig260/BHSig160_Hindi/Forged/H-S-32-F-18.tif,0,skilled_forgery,100032,0.1304713636636734,0.24711237681898562,1
2631,data/raw/bhsig260/BHSig160_Hindi/Genuine/H-S-32-G-05.tif,data/raw/bhsig260/BHSig160_Hindi/Forged/H-S-32-F-17.tif,0,skilled_forgery,100032,0.15499621629714966,0.24711237681898562,1
2632,data/raw/bhsig260/BHSig160_Hindi/Genuine/H-S-32-G-16.tif,data/raw/bhsig260/BHSig160_Hindi/Forged/H-S-32-F-10.tif,0,skilled_forgery,100032,0.289737343788147,0.24711237681898562,0
2633,data/raw/bhsig260/BHSig160_Hindi/Genuine/H-S-32-G-12.tif,data/raw/bhsig260/BHSig160_Hindi/Forged/H-S-32-F-10.tif,0,skilled_forgery,100032,0.12286494672298431,0.24711237681898562,1
2634,data/raw/bhsig260/BHSig160_Hindi/Genuine/H-S-32-G-04.tif,data/raw/bhsig260/BHSig160_Hindi/Forged/H-S-32-F-02.tif,0,skilled_forgery,100032,0.3710365891456604,0.24711237681898562,0
2635,data/raw/bhsig260/BHSig160_Hindi/Genuine/H-S-32-G-07.tif,data/raw/bhsig260/BHSig100_Bengali/Genuine/B-S-78-G-07.tif,0,random_forgery,100032,0.2347610741853714,0.24711237681898562,1
2636,data/raw/bhsig260/BHSig160_Hindi/Genuine/H-S-32-G-07.tif,data/raw/bhsig260/BHSig160_Hindi/Genuine/H-S-71-G-13.tif,0,random_forgery,100032,0.5425816774368286,0.24711237681898562,0
2637,data/raw/bhsig260/BHSig160_Hindi/Genuine/H-S-32-G-08.tif,data/raw/bhsig260/BHSig160_Hindi/Genuine/H-S-36-G-17.tif,0,random_forgery,100032,0.44802671670913696,0.24711237681898562,0
2638,data/raw/bhsig260/BHSig160_Hindi/Genuine/H-S-32-G-03.tif,data/raw/bhsig260/BHSig160_Hindi/Genuine/H-S-113-G-02.tif,0,random_forgery,100032,0.2833291292190552,0.24711237681898562,0
2639,data/raw/bhsig260/BHSig160_Hindi/Genuine/H-S-32-G-06.tif,data/raw/bhsig260/BHSig160_Hindi/Genuine/H-S-24-G-06.tif,0,random_forgery,100032,0.4779704511165619,0.24711237681898562,0
2640,data/raw/bhsig260/BHSig160_Hindi/Genuine/H-S-33-G-04.tif,data/raw/bhsig260/BHSig160_Hindi/Genuine/H-S-33-G-06.tif,1,genuine_genuine,100033,0.8030234575271606,0.24711237681898562,0
2641,data/raw/bhsig260/BHSig160_Hindi/Genuine/H-S-33-G-04.tif,data/raw/bhsig260/BHSig160_Hindi/Genuine/H-S-33-G-10.tif,1,genuine_genuine,100033,0.5196560025215149,0.24711237681898562,0
2642,data/raw/bhsig260/BHSig160_Hindi/Genuine/H-S-33-G-04.tif,data/raw/bhsig260/BHSig160_Hindi/Genuine/H-S-33-G-19.tif,1,genuine_genuine,100033,0.5936056971549988,0.24711237681898562,0
2643,data/raw/bhsig260/BHSig160_Hindi/Genuine/H-S-33-G-16.tif,data/raw/bhsig260/BHSig160_Hindi/Genuine/H-S-33-G-18.tif,1,genuine_genuine,100033,0.7561227679252625,0.24711237681898562,0
2644,data/raw/bhsig260/BHSig160_Hindi/Genuine/H-S-33-G-15.tif,data/raw/bhsig260/BHSig160_Hindi/Genuine/H-S-33-G-19.tif,1,genuine_genuine,100033,0.4968586564064026,0.24711237681898562,0
2645,data/raw/bhsig260/BHSig160_Hindi/Genuine/H-S-33-G-16.tif,data/raw/bhsig260/BHSig160_Hindi/Genuine/H-S-33-G-23.tif,1,genuine_genuine,100033,0.571847140789032,0.24711237681898562,0
2646,data/raw/bhsig260/BHSig160_Hindi/Genuine/H-S-33-G-01.tif,data/raw/bhsig260/BHSig160_Hindi/Genuine/H-S-33-G-05.tif,1,genuine_genuine,100033,0.43126899003982544,0.24711237681898562,0
2647,data/raw/bhsig260/BHSig160_Hindi/Genuine/H-S-33-G-10.tif,data/raw/bhsig260/BHSig160_Hindi/Genuine/H-S-33-G-22.tif,1,genuine_genuine,100033,0.2855882942676544,0.24711237681898562,0
2648,data/raw/bhsig260/BHSig160_Hindi/Genuine/H-S-33-G-08.tif,data/raw/bhsig260/BHSig160_Hindi/Genuine/H-S-33-G-09.tif,1,genuine_genuine,100033,0.5492186546325684,0.24711237681898562,0
2649,data/raw/bhsig260/BHSig160_Hindi/Genuine/H-S-33-G-10.tif,data/raw/bhsig260/BHSig160_Hindi/Genuine/H-S-33-G-23.tif,1,genuine_genuine,100033,0.3564326763153076,0.24711237681898562,0
2650,data/raw/bhsig260/BHSig160_Hindi/Genuine/H-S-33-G-19.tif,data/raw/bhsig260/BHSig160_Hindi/Forged/H-S-33-F-13.tif,0,skilled_forgery,100033,1.0220563411712646,0.24711237681898562,0
2651,data/raw/bhsig260/BHSig160_Hindi/Genuine/H-S-33-G-02.tif,data/raw/bhsig260/BHSig160_Hindi/Forged/H-S-33-F-12.tif,0,skilled_forgery,100033,0.3528956472873688,0.24711237681898562,0
2652,data/raw/bhsig260/BHSig160_Hindi/Genuine/H-S-33-G-06.tif,data/raw/bhsig260/BHSig160_Hindi/Forged/H-S-33-F-04.tif,0,skilled_forgery,100033,0.6609526872634888,0.24711237681898562,0
2653,data/raw/bhsig260/BHSig160_Hindi/Genuine/H-S-33-G-04.tif,data/raw/bhsig260/BHSig160_Hindi/Forged/H-S-33-F-25.tif,0,skilled_forgery,100033,0.7435346245765686,0.24711237681898562,0
2654,data/raw/bhsig260/BHSig160_Hindi/Genuine/H-S-33-G-12.tif,data/raw/bhsig260/BHSig160_Hindi/Forged/H-S-33-F-11.tif,0,skilled_forgery,100033,0.9721466898918152,0.24711237681898562,0
2655,data/raw/bhsig260/BHSig160_Hindi/Genuine/H-S-33-G-03.tif,data/raw/bhsig260/BHSig160_Hindi/Genuine/H-S-90-G-11.tif,0,random_forgery,100033,0.45282280445098877,0.24711237681898562,0
2656,data/raw/bhsig260/BHSig160_Hindi/Genuine/H-S-33-G-16.tif,data/raw/bhsig260/BHSig160_Hindi/Genuine/H-S-52-G-05.tif,0,random_forgery,100033,1.1885311603546143,0.24711237681898562,0
2657,data/raw/bhsig260/BHSig160_Hindi/Genuine/H-S-33-G-03.tif,data/raw/bhsig260/BHSig160_Hindi/Genuine/H-S-37-G-06.tif,0,random_forgery,100033,0.326240211725235,0.24711237681898562,0
2658,data/raw/bhsig260/BHSig160_Hindi/Genuine/H-S-33-G-17.tif,data/raw/bhsig260/BHSig160_Hindi/Genuine/H-S-65-G-12.tif,0,random_forgery,100033,0.8087322115898132,0.24711237681898562,0
2659,data/raw/bhsig260/BHSig160_Hindi/Genuine/H-S-33-G-22.tif,data/raw/bhsig260/BHSig160_Hindi/Genuine/H-S-72-G-07.tif,0,random_forgery,100033,0.38626790046691895,0.24711237681898562,0
2660,data/raw/bhsig260/BHSig160_Hindi/Genuine/H-S-34-G-18.tif,data/raw/bhsig260/BHSig160_Hindi/Genuine/H-S-34-G-24.tif,1,genuine_genuine,100034,0.2076769918203354,0.24711237681898562,1
2661,data/raw/bhsig260/BHSig160_Hindi/Genuine/H-S-34-G-03.tif,data/raw/bhsig260/BHSig160_Hindi/Genuine/H-S-34-G-05.tif,1,genuine_genuine,100034,0.317008912563324,0.24711237681898562,0
2662,data/raw/bhsig260/BHSig160_Hindi/Genuine/H-S-34-G-03.tif,data/raw/bhsig260/BHSig160_Hindi/Genuine/H-S-34-G-11.tif,1,genuine_genuine,100034,0.30409687757492065,0.24711237681898562,0
2663,data/raw/bhsig260/BHSig160_Hindi/Genuine/H-S-34-G-12.tif,data/raw/bhsig260/BHSig160_Hindi/Genuine/H-S-34-G-18.tif,1,genuine_genuine,100034,0.2911314368247986,0.24711237681898562,0
2664,data/raw/bhsig260/BHSig160_Hindi/Genuine/H-S-34-G-06.tif,data/raw/bhsig260/BHSig160_Hindi/Genuine/H-S-34-G-08.tif,1,genuine_genuine,100034,0.44990766048431396,0.24711237681898562,0
2665,data/raw/bhsig260/BHSig160_Hindi/Genuine/H-S-34-G-01.tif,data/raw/bhsig260/BHSig160_Hindi/Genuine/H-S-34-G-19.tif,1,genuine_genuine,100034,0.3673023283481598,0.24711237681898562,0
2666,data/raw/bhsig260/BHSig160_Hindi/Genuine/H-S-34-G-18.tif,data/raw/bhsig260/BHSig160_Hindi/Genuine/H-S-34-G-23.tif,1,genuine_genuine,100034,0.4545935094356537,0.24711237681898562,0
2667,data/raw/bhsig260/BHSig160_Hindi/Genuine/H-S-34-G-13.tif,data/raw/bhsig260/BHSig160_Hindi/Genuine/H-S-34-G-21.tif,1,genuine_genuine,100034,0.4388064444065094,0.24711237681898562,0
2668,data/raw/bhsig260/BHSig160_Hindi/Genuine/H-S-34-G-15.tif,data/raw/bhsig260/BHSig160_Hindi/Genuine/H-S-34-G-21.tif,1,genuine_genuine,100034,1.048945665359497,0.24711237681898562,0
2669,data/raw/bhsig260/BHSig160_Hindi/Genuine/H-S-34-G-02.tif,data/raw/bhsig260/BHSig160_Hindi/Genuine/H-S-34-G-13.tif,1,genuine_genuine,100034,0.5005549788475037,0.24711237681898562,0
2670,data/raw/bhsig260/BHSig160_Hindi/Genuine/H-S-34-G-14.tif,data/raw/bhsig260/BHSig160_Hindi/Forged/H-S-34-F-19.tif,0,skilled_forgery,100034,0.7013813853263855,0.24711237681898562,0
2671,data/raw/bhsig260/BHSig160_Hindi/Genuine/H-S-34-G-08.tif,data/raw/bhsig260/BHSig160_Hindi/Forged/H-S-34-F-07.tif,0,skilled_forgery,100034,0.7161955833435059,0.24711237681898562,0
2672,data/raw/bhsig260/BHSig160_Hindi/Genuine/H-S-34-G-10.tif,data/raw/bhsig260/BHSig160_Hindi/Forged/H-S-34-F-15.tif,0,skilled_forgery,100034,0.1986331045627594,0.24711237681898562,1
2673,data/raw/bhsig260/BHSig160_Hindi/Genuine/H-S-34-G-08.tif,data/raw/bhsig260/BHSig160_Hindi/Forged/H-S-34-F-28.tif,0,skilled_forgery,100034,0.3850623667240143,0.24711237681898562,0
2674,data/raw/bhsig260/BHSig160_Hindi/Genuine/H-S-34-G-04.tif,data/raw/bhsig260/BHSig160_Hindi/Forged/H-S-34-F-21.tif,0,skilled_forgery,100034,0.31780630350112915,0.24711237681898562,0
2675,data/raw/bhsig260/BHSig160_Hindi/Genuine/H-S-34-G-06.tif,data/raw/bhsig260/BHSig100_Bengali/Genuine/B-S-84-G-17.tif,0,random_forgery,100034,0.2281225323677063,0.24711237681898562,1
2676,data/raw/bhsig260/BHSig160_Hindi/Genuine/H-S-34-G-09.tif,data/raw/bhsig260/BHSig160_Hindi/Genuine/H-S-97-G-09.tif,0,random_forgery,100034,0.5979282855987549,0.24711237681898562,0
2677,data/raw/bhsig260/BHSig160_Hindi/Genuine/H-S-34-G-09.tif,data/raw/bhsig260/BHSig100_Bengali/Genuine/B-S-57-G-04.tif,0,random_forgery,100034,0.2591360807418823,0.24711237681898562,0
2678,data/raw/bhsig260/BHSig160_Hindi/Genuine/H-S-34-G-19.tif,data/raw/bhsig260/BHSig160_Hindi/Genuine/H-S-4-G-24.tif,0,random_forgery,100034,1.3725254535675049,0.24711237681898562,0
2679,data/raw/bhsig260/BHSig160_Hindi/Genuine/H-S-34-G-13.tif,data/raw/bhsig260/BHSig160_Hindi/Genuine/H-S-37-G-14.tif,0,random_forgery,100034,0.29040762782096863,0.24711237681898562,0
2680,data/raw/bhsig260/BHSig160_Hindi/Genuine/H-S-035-G-04.tif,data/raw/bhsig260/BHSig160_Hindi/Genuine/H-S-035-G-08.tif,1,genuine_genuine,100035,0.37487372756004333,0.24711237681898562,0
2681,data/raw/bhsig260/BHSig160_Hindi/Genuine/H-S-035-G-03.tif,data/raw/bhsig260/BHSig160_Hindi/Genuine/H-S-035-G-18.tif,1,genuine_genuine,100035,0.14497964084148407,0.24711237681898562,1
2682,data/raw/bhsig260/BHSig160_Hindi/Genuine/H-S-035-G-04.tif,data/raw/bhsig260/BHSig160_Hindi/Genuine/H-S-035-G-11.tif,1,genuine_genuine,100035,0.41163021326065063,0.24711237681898562,0
2683,data/raw/bhsig260/BHSig160_Hindi/Genuine/H-S-035-G-17.tif,data/raw/bhsig260/BHSig160_Hindi/Genuine/H-S-035-G-20.tif,1,genuine_genuine,100035,0.33736228942871094,0.24711237681898562,0
2684,data/raw/bhsig260/BHSig160_Hindi/Genuine/H-S-035-G-06.tif,data/raw/bhsig260/BHSig160_Hindi/Genuine/H-S-035-G-24.tif,1,genuine_genuine,100035,0.3770572543144226,0.24711237681898562,0
2685,data/raw/bhsig260/BHSig160_Hindi/Genuine/H-S-035-G-09.tif,data/raw/bhsig260/BHSig160_Hindi/Genuine/H-S-035-G-20.tif,1,genuine_genuine,100035,0.606101393699646,0.24711237681898562,0
2686,data/raw/bhsig260/BHSig160_Hindi/Genuine/H-S-035-G-02.tif,data/raw/bhsig260/BHSig160_Hindi/Genuine/H-S-035-G-22.tif,1,genuine_genuine,100035,0.28607505559921265,0.24711237681898562,0
2687,data/raw/bhsig260/BHSig160_Hindi/Genuine/H-S-035-G-12.tif,data/raw/bhsig260/BHSig160_Hindi/Genuine/H-S-035-G-14.tif,1,genuine_genuine,100035,0.1996709704399109,0.24711237681898562,1
2688,data/raw/bhsig260/BHSig160_Hindi/Genuine/H-S-035-G-05.tif,data/raw/bhsig260/BHSig160_Hindi/Genuine/H-S-035-G-23.tif,1,genuine_genuine,100035,0.33231794834136963,0.24711237681898562,0
2689,data/raw/bhsig260/BHSig160_Hindi/Genuine/H-S-035-G-15.tif,data/raw/bhsig260/BHSig160_Hindi/Genuine/H-S-035-G-18.tif,1,genuine_genuine,100035,0.16955448687076569,0.24711237681898562,1
2690,data/raw/bhsig260/BHSig160_Hindi/Genuine/H-S-035-G-09.tif,data/raw/bhsig260/BHSig160_Hindi/Forged/H-S-035-F-19.tif,0,skilled_forgery,100035,0.782719075679779,0.24711237681898562,0
2691,data/raw/bhsig260/BHSig160_Hindi/Genuine/H-S-035-G-07.tif,data/raw/bhsig260/BHSig160_Hindi/Forged/H-S-035-F-17.tif,0,skilled_forgery,100035,1.0526856184005737,0.24711237681898562,0
2692,data/raw/bhsig260/BHSig160_Hindi/Genuine/H-S-035-G-22.tif,data/raw/bhsig260/BHSig160_Hindi/Forged/H-S-035-F-18.tif,0,skilled_forgery,100035,0.8977298140525818,0.24711237681898562,0
2693,data/raw/bhsig260/BHSig160_Hindi/Genuine/H-S-035-G-05.tif,data/raw/bhsig260/BHSig160_Hindi/Forged/H-S-035-F-07.tif,0,skilled_forgery,100035,1.0757334232330322,0.24711237681898562,0
2694,data/raw/bhsig260/BHSig160_Hindi/Genuine/H-S-035-G-18.tif,data/raw/bhsig260/BHSig160_Hindi/Forged/H-S-035-F-28.tif,0,skilled_forgery,100035,0.14076144993305206,0.24711237681898562,1
2695,data/raw/bhsig260/BHSig160_Hindi/Genuine/H-S-035-G-16.tif,data/raw/bhsig260/BHSig100_Bengali/Genuine/B-S-53-G-21.tif,0,random_forgery,100035,0.3825487196445465,0.24711237681898562,0
2696,data/raw/bhsig260/BHSig160_Hindi/Genuine/H-S-035-G-10.tif,data/raw/bhsig260/BHSig100_Bengali/Genuine/B-S-64-G-23.tif,0,random_forgery,100035,0.4864698052406311,0.24711237681898562,0
2697,data/raw/bhsig260/BHSig160_Hindi/Genuine/H-S-035-G-12.tif,data/raw/bhsig260/BHSig160_Hindi/Genuine/H-S-9-G-13.tif,0,random_forgery,100035,0.2581898868083954,0.24711237681898562,0
2698,data/raw/bhsig260/BHSig160_Hindi/Genuine/H-S-035-G-17.tif,data/raw/bhsig260/BHSig100_Bengali/Genuine/B-S-77-G-06.tif,0,random_forgery,100035,0.6939169764518738,0.24711237681898562,0
2699,data/raw/bhsig260/BHSig160_Hindi/Genuine/H-S-035-G-03.tif,data/raw/bhsig260/BHSig160_Hindi/Genuine/H-S-79-G-12.tif,0,random_forgery,100035,0.3964192271232605,0.24711237681898562,0
2700,data/raw/bhsig260/BHSig160_Hindi/Genuine/H-S-36-G-05.tif,data/raw/bhsig260/BHSig160_Hindi/Genuine/H-S-36-G-20.tif,1,genuine_genuine,100036,0.32346397638320923,0.24711237681898562,0
2701,data/raw/bhsig260/BHSig160_Hindi/Genuine/H-S-36-G-05.tif,data/raw/bhsig260/BHSig160_Hindi/Genuine/H-S-36-G-06.tif,1,genuine_genuine,100036,0.19214043021202087,0.24711237681898562,1
2702,data/raw/bhsig260/BHSig160_Hindi/Genuine/H-S-36-G-10.tif,data/raw/bhsig260/BHSig160_Hindi/Genuine/H-S-36-G-22.tif,1,genuine_genuine,100036,0.3190295696258545,0.24711237681898562,0
2703,data/raw/bhsig260/BHSig160_Hindi/Genuine/H-S-36-G-08.tif,data/raw/bhsig260/BHSig160_Hindi/Genuine/H-S-36-G-24.tif,1,genuine_genuine,100036,0.1610526591539383,0.24711237681898562,1
2704,data/raw/bhsig260/BHSig160_Hindi/Genuine/H-S-36-G-12.tif,data/raw/bhsig260/BHSig160_Hindi/Genuine/H-S-36-G-19.tif,1,genuine_genuine,100036,0.34764644503593445,0.24711237681898562,0
2705,data/raw/bhsig260/BHSig160_Hindi/Genuine/H-S-36-G-11.tif,data/raw/bhsig260/BHSig160_Hindi/Genuine/H-S-36-G-22.tif,1,genuine_genuine,100036,0.19775359332561493,0.24711237681898562,1
2706,data/raw/bhsig260/BHSig160_Hindi/Genuine/H-S-36-G-21.tif,data/raw/bhsig260/BHSig160_Hindi/Genuine/H-S-36-G-24.tif,1,genuine_genuine,100036,0.24003566801548004,0.24711237681898562,1
2707,data/raw/bhsig260/BHSig160_Hindi/Genuine/H-S-36-G-01.tif,data/raw/bhsig260/BHSig160_Hindi/Genuine/H-S-36-G-12.tif,1,genuine_genuine,100036,0.3499242663383484,0.24711237681898562,0
2708,data/raw/bhsig260/BHSig160_Hindi/Genuine/H-S-36-G-16.tif,data/raw/bhsig260/BHSig160_Hindi/Genuine/H-S-36-G-19.tif,1,genuine_genuine,100036,0.2319200038909912,0.24711237681898562,1
2709,data/raw/bhsig260/BHSig160_Hindi/Genuine/H-S-36-G-07.tif,data/raw/bhsig260/BHSig160_Hindi/Genuine/H-S-36-G-12.tif,1,genuine_genuine,100036,0.21658046543598175,0.24711237681898562,1
2710,data/raw/bhsig260/BHSig160_Hindi/Genuine/H-S-36-G-15.tif,data/raw/bhsig260/BHSig160_Hindi/Forged/H-S-36-F-24.tif,0,skilled_forgery,100036,0.387338787317276,0.24711237681898562,0
2711,data/raw/bhsig260/BHSig160_Hindi/Genuine/H-S-36-G-14.tif,data/raw/bhsig260/BHSig160_Hindi/Forged/H-S-36-F-20.tif,0,skilled_forgery,100036,0.4432876706123352,0.24711237681898562,0
2712,data/raw/bhsig260/BHSig160_Hindi/Genuine/H-S-36-G-19.tif,data/raw/bhsig260/BHSig160_Hindi/Forged/H-S-36-F-07.tif,0,skilled_forgery,100036,0.4392165541648865,0.24711237681898562,0
2713,data/raw/bhsig260/BHSig160_Hindi/Genuine/H-S-36-G-01.tif,data/raw/bhsig260/BHSig160_Hindi/Forged/H-S-36-F-24.tif,0,skilled_forgery,100036,0.8755806684494019,0.24711237681898562,0
2714,data/raw/bhsig260/BHSig160_Hindi/Genuine/H-S-36-G-12.tif,data/raw/bhsig260/BHSig160_Hindi/Forged/H-S-36-F-09.tif,0,skilled_forgery,100036,0.40153664350509644,0.24711237681898562,0
2715,data/raw/bhsig260/BHSig160_Hindi/Genuine/H-S-36-G-11.tif,data/raw/bhsig260/BHSig160_Hindi/Genuine/H-S-65-G-07.tif,0,random_forgery,100036,0.2638157606124878,0.24711237681898562,0
2716,data/raw/bhsig260/BHSig160_Hindi/Genuine/H-S-36-G-03.tif,data/raw/bhsig260/BHSig160_Hindi/Genuine/H-S-15-G-22.tif,0,random_forgery,100036,0.2335026115179062,0.24711237681898562,1
2717,data/raw/bhsig260/BHSig160_Hindi/Genuine/H-S-36-G-01.tif,data/raw/bhsig260/BHSig160_Hindi/Genuine/H-S-81-G-02.tif,0,random_forgery,100036,0.5992212891578674,0.24711237681898562,0
2718,data/raw/bhsig260/BHSig160_Hindi/Genuine/H-S-36-G-21.tif,data/raw/bhsig260/BHSig160_Hindi/Genuine/H-S-142-G-16.tif,0,random_forgery,100036,1.3834948539733887,0.24711237681898562,0
2719,data/raw/bhsig260/BHSig160_Hindi/Genuine/H-S-36-G-07.tif,data/raw/bhsig260/BHSig160_Hindi/Genuine/H-S-98-G-04.tif,0,random_forgery,100036,0.5184878706932068,0.24711237681898562,0
2720,data/raw/bhsig260/BHSig160_Hindi/Genuine/H-S-37-G-18.tif,data/raw/bhsig260/BHSig160_Hindi/Genuine/H-S-37-G-21.tif,1,genuine_genuine,100037,0.461988240480423,0.24711237681898562,0
2721,data/raw/bhsig260/BHSig160_Hindi/Genuine/H-S-37-G-01.tif,data/raw/bhsig260/BHSig160_Hindi/Genuine/H-S-37-G-17.tif,1,genuine_genuine,100037,0.7774021625518799,0.24711237681898562,0
2722,data/raw/bhsig260/BHSig160_Hindi/Genuine/H-S-37-G-07.tif,data/raw/bhsig260/BHSig160_Hindi/Genuine/H-S-37-G-16.tif,1,genuine_genuine,100037,0.3232037127017975,0.24711237681898562,0
2723,data/raw/bhsig260/BHSig160_Hindi/Genuine/H-S-37-G-04.tif,data/raw/bhsig260/BHSig160_Hindi/Genuine/H-S-37-G-17.tif,1,genuine_genuine,100037,0.67822265625,0.24711237681898562,0
2724,data/raw/bhsig260/BHSig160_Hindi/Genuine/H-S-37-G-05.tif,data/raw/bhsig260/BHSig160_Hindi/Genuine/H-S-37-G-18.tif,1,genuine_genuine,100037,0.340776652097702,0.24711237681898562,0
2725,data/raw/bhsig260/BHSig160_Hindi/Genuine/H-S-37-G-02.tif,data/raw/bhsig260/BHSig160_Hindi/Genuine/H-S-37-G-08.tif,1,genuine_genuine,100037,0.09572598338127136,0.24711237681898562,1
2726,data/raw/bhsig260/BHSig160_Hindi/Genuine/H-S-37-G-12.tif,data/raw/bhsig260/BHSig160_Hindi/Genuine/H-S-37-G-23.tif,1,genuine_genuine,100037,0.22150005400180817,0.24711237681898562,1
2727,data/raw/bhsig260/BHSig160_Hindi/Genuine/H-S-37-G-08.tif,data/raw/bhsig260/BHSig160_Hindi/Genuine/H-S-37-G-13.tif,1,genuine_genuine,100037,0.4356236457824707,0.24711237681898562,0
2728,data/raw/bhsig260/BHSig160_Hindi/Genuine/H-S-37-G-12.tif,data/raw/bhsig260/BHSig160_Hindi/Genuine/H-S-37-G-13.tif,1,genuine_genuine,100037,0.4217967689037323,0.24711237681898562,0
2729,data/raw/bhsig260/BHSig160_Hindi/Genuine/H-S-37-G-06.tif,data/raw/bhsig260/BHSig160_Hindi/Genuine/H-S-37-G-14.tif,1,genuine_genuine,100037,0.17332303524017334,0.24711237681898562,1
2730,data/raw/bhsig260/BHSig160_Hindi/Genuine/H-S-37-G-05.tif,data/raw/bhsig260/BHSig160_Hindi/Forged/H-S-37-F-14.tif,0,skilled_forgery,100037,0.5839737057685852,0.24711237681898562,0
2731,data/raw/bhsig260/BHSig160_Hindi/Genuine/H-S-37-G-04.tif,data/raw/bhsig260/BHSig160_Hindi/Forged/H-S-37-F-02.tif,0,skilled_forgery,100037,0.4427790641784668,0.24711237681898562,0
2732,data/raw/bhsig260/BHSig160_Hindi/Genuine/H-S-37-G-09.tif,data/raw/bhsig260/BHSig160_Hindi/Forged/H-S-37-F-22.tif,0,skilled_forgery,100037,0.27484241127967834,0.24711237681898562,0
2733,data/raw/bhsig260/BHSig160_Hindi/Genuine/H-S-37-G-07.tif,data/raw/bhsig260/BHSig160_Hindi/Forged/H-S-37-F-01.tif,0,skilled_forgery,100037,0.3587777018547058,0.24711237681898562,0
2734,data/raw/bhsig260/BHSig160_Hindi/Genuine/H-S-37-G-09.tif,data/raw/bhsig260/BHSig160_Hindi/Forged/H-S-37-F-21.tif,0,skilled_forgery,100037,0.3264566659927368,0.24711237681898562,0
2735,data/raw/bhsig260/BHSig160_Hindi/Genuine/H-S-37-G-05.tif,data/raw/bhsig260/BHSig100_Bengali/Genuine/B-S-74-G-11.tif,0,random_forgery,100037,1.0439616441726685,0.24711237681898562,0
2736,data/raw/bhsig260/BHSig160_Hindi/Genuine/H-S-37-G-16.tif,data/raw/bhsig260/BHSig160_Hindi/Genuine/H-S-125-G-08.tif,0,random_forgery,100037,0.5709142684936523,0.24711237681898562,0
2737,data/raw/bhsig260/BHSig160_Hindi/Genuine/H-S-37-G-05.tif,data/raw/bhsig260/BHSig160_Hindi/Genuine/H-S-58-G-03.tif,0,random_forgery,100037,0.9379812479019165,0.24711237681898562,0
2738,data/raw/bhsig260/BHSig160_Hindi/Genuine/H-S-37-G-05.tif,data/raw/bhsig260/BHSig160_Hindi/Genuine/H-S-40-G-13.tif,0,random_forgery,100037,1.0616695880889893,0.24711237681898562,0
2739,data/raw/bhsig260/BHSig160_Hindi/Genuine/H-S-37-G-16.tif,data/raw/bhsig260/BHSig160_Hindi/Genuine/H-S-146-G-10.tif,0,random_forgery,100037,0.9600611329078674,0.24711237681898562,0
2740,data/raw/bhsig260/BHSig160_Hindi/Genuine/H-S-38-G-01.tif,data/raw/bhsig260/BHSig160_Hindi/Genuine/H-S-38-G-06.tif,1,genuine_genuine,100038,0.28409677743911743,0.24711237681898562,0
2741,data/raw/bhsig260/BHSig160_Hindi/Genuine/H-S-38-G-14.tif,data/raw/bhsig260/BHSig160_Hindi/Genuine/H-S-38-G-22.tif,1,genuine_genuine,100038,0.10877036303281784,0.24711237681898562,1
2742,data/raw/bhsig260/BHSig160_Hindi/Genuine/H-S-38-G-07.tif,data/raw/bhsig260/BHSig160_Hindi/Genuine/H-S-38-G-09.tif,1,genuine_genuine,100038,0.05298891291022301,0.24711237681898562,1
2743,data/raw/bhsig260/BHSig160_Hindi/Genuine/H-S-38-G-06.tif,data/raw/bhsig260/BHSig160_Hindi/Genuine/H-S-38-G-20.tif,1,genuine_genuine,100038,0.3678061366081238,0.24711237681898562,0
2744,data/raw/bhsig260/BHSig160_Hindi/Genuine/H-S-38-G-01.tif,data/raw/bhsig260/BHSig160_Hindi/Genuine/H-S-38-G-18.tif,1,genuine_genuine,100038,0.5520741939544678,0.24711237681898562,0
2745,data/raw/bhsig260/BHSig160_Hindi/Genuine/H-S-38-G-05.tif,data/raw/bhsig260/BHSig160_Hindi/Genuine/H-S-38-G-20.tif,1,genuine_genuine,100038,0.4722636640071869,0.24711237681898562,0
2746,data/raw/bhsig260/BHSig160_Hindi/Genuine/H-S-38-G-09.tif,data/raw/bhsig260/BHSig160_Hindi/Genuine/H-S-38-G-11.tif,1,genuine_genuine,100038,0.3672829270362854,0.24711237681898562,0
2747,data/raw/bhsig260/BHSig160_Hindi/Genuine/H-S-38-G-03.tif,data/raw/bhsig260/BHSig160_Hindi/Genuine/H-S-38-G-16.tif,1,genuine_genuine,100038,0.400404691696167,0.24711237681898562,0
2748,data/raw/bhsig260/BHSig160_Hindi/Genuine/H-S-38-G-03.tif,data/raw/bhsig260/BHSig160_Hindi/Genuine/H-S-38-G-07.tif,1,genuine_genuine,100038,0.3027709126472473,0.24711237681898562,0
2749,data/raw/bhsig260/BHSig160_Hindi/Genuine/H-S-38-G-01.tif,data/raw/bhsig260/BHSig160_Hindi/Genuine/H-S-38-G-10.tif,1,genuine_genuine,100038,0.19141243398189545,0.24711237681898562,1
2750,data/raw/bhsig260/BHSig160_Hindi/Genuine/H-S-38-G-11.tif,data/raw/bhsig260/BHSig160_Hindi/Forged/H-S-38-F-15.tif,0,skilled_forgery,100038,0.5556937456130981,0.24711237681898562,0
2751,data/raw/bhsig260/BHSig160_Hindi/Genuine/H-S-38-G-20.tif,data/raw/bhsig260/BHSig160_Hindi/Forged/H-S-38-F-29.tif,0,skilled_forgery,100038,0.5189945697784424,0.24711237681898562,0
2752,data/raw/bhsig260/BHSig160_Hindi/Genuine/H-S-38-G-09.tif,data/raw/bhsig260/BHSig160_Hindi/Forged/H-S-38-F-16.tif,0,skilled_forgery,100038,0.17975783348083496,0.24711237681898562,1
2753,data/raw/bhsig260/BHSig160_Hindi/Genuine/H-S-38-G-07.tif,data/raw/bhsig260/BHSig160_Hindi/Forged/H-S-38-F-12.tif,0,skilled_forgery,100038,0.5088227391242981,0.24711237681898562,0
2754,data/raw/bhsig260/BHSig160_Hindi/Genuine/H-S-38-G-21.tif,data/raw/bhsig260/BHSig160_Hindi/Forged/H-S-38-F-10.tif,0,skilled_forgery,100038,1.0855311155319214,0.24711237681898562,0
2755,data/raw/bhsig260/BHSig160_Hindi/Genuine/H-S-38-G-06.tif,data/raw/bhsig260/BHSig160_Hindi/Genuine/H-S-143-G-02.tif,0,random_forgery,100038,0.46097588539123535,0.24711237681898562,0
2756,data/raw/bhsig260/BHSig160_Hindi/Genuine/H-S-38-G-14.tif,data/raw/bhsig260/BHSig160_Hindi/Genuine/H-S-139-G-19.tif,0,random_forgery,100038,0.7111754417419434,0.24711237681898562,0
2757,data/raw/bhsig260/BHSig160_Hindi/Genuine/H-S-38-G-07.tif,data/raw/bhsig260/BHSig160_Hindi/Genuine/H-S-88-G-13.tif,0,random_forgery,100038,0.47072553634643555,0.24711237681898562,0
2758,data/raw/bhsig260/BHSig160_Hindi/Genuine/H-S-38-G-06.tif,data/raw/bhsig260/BHSig100_Bengali/Genuine/B-S-78-G-06.tif,0,random_forgery,100038,0.11480013281106949,0.24711237681898562,1
2759,data/raw/bhsig260/BHSig160_Hindi/Genuine/H-S-38-G-17.tif,data/raw/bhsig260/BHSig160_Hindi/Genuine/H-S-141-G-07.tif,0,random_forgery,100038,0.6593270897865295,0.24711237681898562,0
2760,data/raw/bhsig260/BHSig160_Hindi/Genuine/H-S-39-G-07.tif,data/raw/bhsig260/BHSig160_Hindi/Genuine/H-S-39-G-19.tif,1,genuine_genuine,100039,0.11831974983215332,0.24711237681898562,1
2761,data/raw/bhsig260/BHSig160_Hindi/Genuine/H-S-39-G-15.tif,data/raw/bhsig260/BHSig160_Hindi/Genuine/H-S-39-G-18.tif,1,genuine_genuine,100039,0.04381468519568443,0.24711237681898562,1
2762,data/raw/bhsig260/BHSig160_Hindi/Genuine/H-S-39-G-02.tif,data/raw/bhsig260/BHSig160_Hindi/Genuine/H-S-39-G-19.tif,1,genuine_genuine,100039,0.1227298304438591,0.24711237681898562,1
2763,data/raw/bhsig260/BHSig160_Hindi/Genuine/H-S-39-G-08.tif,data/raw/bhsig260/BHSig160_Hindi/Genuine/H-S-39-G-11.tif,1,genuine_genuine,100039,0.1306104212999344,0.24711237681898562,1
2764,data/raw/bhsig260/BHSig160_Hindi/Genuine/H-S-39-G-16.tif,data/raw/bhsig260/BHSig160_Hindi/Genuine/H-S-39-G-20.tif,1,genuine_genuine,100039,0.1360853761434555,0.24711237681898562,1
2765,data/raw/bhsig260/BHSig160_Hindi/Genuine/H-S-39-G-16.tif,data/raw/bhsig260/BHSig160_Hindi/Genuine/H-S-39-G-17.tif,1,genuine_genuine,100039,0.12006637454032898,0.24711237681898562,1
2766,data/raw/bhsig260/BHSig160_Hindi/Genuine/H-S-39-G-19.tif,data/raw/bhsig260/BHSig160_Hindi/Genuine/H-S-39-G-21.tif,1,genuine_genuine,100039,0.19840054214000702,0.24711237681898562,1
2767,data/raw/bhsig260/BHSig160_Hindi/Genuine/H-S-39-G-01.tif,data/raw/bhsig260/BHSig160_Hindi/Genuine/H-S-39-G-03.tif,1,genuine_genuine,100039,0.1447134166955948,0.24711237681898562,1
2768,data/raw/bhsig260/BHSig160_Hindi/Genuine/H-S-39-G-16.tif,data/raw/bhsig260/BHSig160_Hindi/Genuine/H-S-39-G-19.tif,1,genuine_genuine,100039,0.13058483600616455,0.24711237681898562,1
2769,data/raw/bhsig260/BHSig160_Hindi/Genuine/H-S-39-G-04.tif,data/raw/bhsig260/BHSig160_Hindi/Genuine/H-S-39-G-06.tif,1,genuine_genuine,100039,0.0939430519938469,0.24711237681898562,1
2770,data/raw/bhsig260/BHSig160_Hindi/Genuine/H-S-39-G-01.tif,data/raw/bhsig260/BHSig160_Hindi/Forged/H-S-39-F-28.tif,0,skilled_forgery,100039,0.18775276839733124,0.24711237681898562,1
2771,data/raw/bhsig260/BHSig160_Hindi/Genuine/H-S-39-G-07.tif,data/raw/bhsig260/BHSig160_Hindi/Forged/H-S-39-F-16.tif,0,skilled_forgery,100039,0.3029595911502838,0.24711237681898562,0
2772,data/raw/bhsig260/BHSig160_Hindi/Genuine/H-S-39-G-10.tif,data/raw/bhsig260/BHSig160_Hindi/Forged/H-S-39-F-18.tif,0,skilled_forgery,100039,0.3118581175804138,0.24711237681898562,0
2773,data/raw/bhsig260/BHSig160_Hindi/Genuine/H-S-39-G-03.tif,data/raw/bhsig260/BHSig160_Hindi/Forged/H-S-39-F-22.tif,0,skilled_forgery,100039,0.36485952138900757,0.24711237681898562,0
2774,data/raw/bhsig260/BHSig160_Hindi/Genuine/H-S-39-G-18.tif,data/raw/bhsig260/BHSig160_Hindi/Forged/H-S-39-F-21.tif,0,skilled_forgery,100039,0.24202677607536316,0.24711237681898562,1
2775,data/raw/bhsig260/BHSig160_Hindi/Genuine/H-S-39-G-03.tif,data/raw/bhsig260/BHSig160_Hindi/Genuine/H-S-133-G-05.tif,0,random_forgery,100039,0.4404042363166809,0.24711237681898562,0
2776,data/raw/bhsig260/BHSig160_Hindi/Genuine/H-S-39-G-08.tif,data/raw/bhsig260/BHSig100_Bengali/Genuine/B-S-37-G-16.tif,0,random_forgery,100039,0.7122870683670044,0.24711237681898562,0
2777,data/raw/bhsig260/BHSig160_Hindi/Genuine/H-S-39-G-10.tif,data/raw/bhsig260/BHSig100_Bengali/Genuine/B-S-53-G-12.tif,0,random_forgery,100039,0.30098846554756165,0.24711237681898562,0
2778,data/raw/bhsig260/BHSig160_Hindi/Genuine/H-S-39-G-20.tif,data/raw/bhsig260/BHSig100_Bengali/Genuine/B-S-46-G-07.tif,0,random_forgery,100039,0.6956555843353271,0.24711237681898562,0
2779,data/raw/bhsig260/BHSig160_Hindi/Genuine/H-S-39-G-06.tif,data/raw/bhsig260/BHSig100_Bengali/Genuine/B-S-73-G-15.tif,0,random_forgery,100039,0.667144775390625,0.24711237681898562,0
2780,data/raw/bhsig260/BHSig160_Hindi/Genuine/H-S-40-G-16.tif,data/raw/bhsig260/BHSig160_Hindi/Genuine/H-S-40-G-24.tif,1,genuine_genuine,100040,0.23924994468688965,0.24711237681898562,1
2781,data/raw/bhsig260/BHSig160_Hindi/Genuine/H-S-40-G-14.tif,data/raw/bhsig260/BHSig160_Hindi/Genuine/H-S-40-G-21.tif,1,genuine_genuine,100040,0.14206068217754364,0.24711237681898562,1
2782,data/raw/bhsig260/BHSig160_Hindi/Genuine/H-S-40-G-07.tif,data/raw/bhsig260/BHSig160_Hindi/Genuine/H-S-40-G-24.tif,1,genuine_genuine,100040,0.40319156646728516,0.24711237681898562,0
2783,data/raw/bhsig260/BHSig160_Hindi/Genuine/H-S-40-G-13.tif,data/raw/bhsig260/BHSig160_Hindi/Genuine/H-S-40-G-18.tif,1,genuine_genuine,100040,0.19041737914085388,0.24711237681898562,1
2784,data/raw/bhsig260/BHSig160_Hindi/Genuine/H-S-40-G-16.tif,data/raw/bhsig260/BHSig160_Hindi/Genuine/H-S-40-G-23.tif,1,genuine_genuine,100040,0.23034198582172394,0.24711237681898562,1
2785,data/raw/bhsig260/BHSig160_Hindi/Genuine/H-S-40-G-21.tif,data/raw/bhsig260/BHSig160_Hindi/Genuine/H-S-40-G-24.tif,1,genuine_genuine,100040,0.19848281145095825,0.24711237681898562,1
2786,data/raw/bhsig260/BHSig160_Hindi/Genuine/H-S-40-G-14.tif,data/raw/bhsig260/BHSig160_Hindi/Genuine/H-S-40-G-15.tif,1,genuine_genuine,100040,0.10464134812355042,0.24711237681898562,1
2787,data/raw/bhsig260/BHSig160_Hindi/Genuine/H-S-40-G-01.tif,data/raw/bhsig260/BHSig160_Hindi/Genuine/H-S-40-G-08.tif,1,genuine_genuine,100040,0.19878479838371277,0.24711237681898562,1
2788,data/raw/bhsig260/BHSig160_Hindi/Genuine/H-S-40-G-17.tif,data/raw/bhsig260/BHSig160_Hindi/Genuine/H-S-40-G-21.tif,1,genuine_genuine,100040,0.20852698385715485,0.24711237681898562,1
2789,data/raw/bhsig260/BHSig160_Hindi/Genuine/H-S-40-G-02.tif,data/raw/bhsig260/BHSig160_Hindi/Genuine/H-S-40-G-09.tif,1,genuine_genuine,100040,0.31424495577812195,0.24711237681898562,0
2790,data/raw/bhsig260/BHSig160_Hindi/Genuine/H-S-40-G-02.tif,data/raw/bhsig260/BHSig160_Hindi/Forged/H-S-40-F-23.tif,0,skilled_forgery,100040,0.12622740864753723,0.24711237681898562,1
2791,data/raw/bhsig260/BHSig160_Hindi/Genuine/H-S-40-G-21.tif,data/raw/bhsig260/BHSig160_Hindi/Forged/H-S-40-F-18.tif,0,skilled_forgery,100040,0.23596599698066711,0.24711237681898562,1
2792,data/raw/bhsig260/BHSig160_Hindi/Genuine/H-S-40-G-13.tif,data/raw/bhsig260/BHSig160_Hindi/Forged/H-S-40-F-17.tif,0,skilled_forgery,100040,0.4257797300815582,0.24711237681898562,0
2793,data/raw/bhsig260/BHSig160_Hindi/Genuine/H-S-40-G-17.tif,data/raw/bhsig260/BHSig160_Hindi/Forged/H-S-40-F-15.tif,0,skilled_forgery,100040,0.054046276956796646,0.24711237681898562,1
2794,data/raw/bhsig260/BHSig160_Hindi/Genuine/H-S-40-G-04.tif,data/raw/bhsig260/BHSig160_Hindi/Forged/H-S-40-F-20.tif,0,skilled_forgery,100040,0.2821442782878876,0.24711237681898562,0
2795,data/raw/bhsig260/BHSig160_Hindi/Genuine/H-S-40-G-07.tif,data/raw/bhsig260/BHSig100_Bengali/Genuine/B-S-21-G-07.tif,0,random_forgery,100040,0.7984405159950256,0.24711237681898562,0
2796,data/raw/bhsig260/BHSig160_Hindi/Genuine/H-S-40-G-01.tif,data/raw/bhsig260/BHSig160_Hindi/Genuine/H-S-151-G-08.tif,0,random_forgery,100040,0.3772759437561035,0.24711237681898562,0
2797,data/raw/bhsig260/BHSig160_Hindi/Genuine/H-S-40-G-04.tif,data/raw/bhsig260/BHSig160_Hindi/Genuine/H-S-70-G-12.tif,0,random_forgery,100040,1.3302305936813354,0.24711237681898562,0
2798,data/raw/bhsig260/BHSig160_Hindi/Genuine/H-S-40-G-16.tif,data/raw/bhsig260/BHSig160_Hindi/Genuine/H-S-89-G-20.tif,0,random_forgery,100040,0.7446126937866211,0.24711237681898562,0
2799,data/raw/bhsig260/BHSig160_Hindi/Genuine/H-S-40-G-08.tif,data/raw/bhsig260/BHSig160_Hindi/Genuine/H-S-75-G-23.tif,0,random_forgery,100040,0.40403106808662415,0.24711237681898562,0
2800,data/raw/bhsig260/BHSig160_Hindi/Genuine/H-S-41-G-15.tif,data/raw/bhsig260/BHSig160_Hindi/Genuine/H-S-41-G-18.tif,1,genuine_genuine,100041,0.21381795406341553,0.24711237681898562,1
2801,data/raw/bhsig260/BHSig160_Hindi/Genuine/H-S-41-G-03.tif,data/raw/bhsig260/BHSig160_Hindi/Genuine/H-S-41-G-24.tif,1,genuine_genuine,100041,0.3283572196960449,0.24711237681898562,0
2802,data/raw/bhsig260/BHSig160_Hindi/Genuine/H-S-41-G-04.tif,data/raw/bhsig260/BHSig160_Hindi/Genuine/H-S-41-G-19.tif,1,genuine_genuine,100041,0.6799557209014893,0.24711237681898562,0
2803,data/raw/bhsig260/BHSig160_Hindi/Genuine/H-S-41-G-08.tif,data/raw/bhsig260/BHSig160_Hindi/Genuine/H-S-41-G-15.tif,1,genuine_genuine,100041,0.3995654284954071,0.24711237681898562,0
2804,data/raw/bhsig260/BHSig160_Hindi/Genuine/H-S-41-G-09.tif,data/raw/bhsig260/BHSig160_Hindi/Genuine/H-S-41-G-11.tif,1,genuine_genuine,100041,0.18231284618377686,0.24711237681898562,1
2805,data/raw/bhsig260/BHSig160_Hindi/Genuine/H-S-41-G-05.tif,data/raw/bhsig260/BHSig160_Hindi/Genuine/H-S-41-G-23.tif,1,genuine_genuine,100041,0.26738598942756653,0.24711237681898562,0
2806,data/raw/bhsig260/BHSig160_Hindi/Genuine/H-S-41-G-08.tif,data/raw/bhsig260/BHSig160_Hindi/Genuine/H-S-41-G-20.tif,1,genuine_genuine,100041,0.33074241876602173,0.24711237681898562,0
2807,data/raw/bhsig260/BHSig160_Hindi/Genuine/H-S-41-G-07.tif,data/raw/bhsig260/BHSig160_Hindi/Genuine/H-S-41-G-18.tif,1,genuine_genuine,100041,0.24172784388065338,0.24711237681898562,1
2808,data/raw/bhsig260/BHSig160_Hindi/Genuine/H-S-41-G-13.tif,data/raw/bhsig260/BHSig160_Hindi/Genuine/H-S-41-G-19.tif,1,genuine_genuine,100041,0.25819048285484314,0.24711237681898562,0
2809,data/raw/bhsig260/BHSig160_Hindi/Genuine/H-S-41-G-01.tif,data/raw/bhsig260/BHSig160_Hindi/Genuine/H-S-41-G-20.tif,1,genuine_genuine,100041,0.43146008253097534,0.24711237681898562,0
2810,data/raw/bhsig260/BHSig160_Hindi/Genuine/H-S-41-G-17.tif,data/raw/bhsig260/BHSig160_Hindi/Forged/H-S-41-F-16.tif,0,skilled_forgery,100041,0.2542758882045746,0.24711237681898562,0
2811,data/raw/bhsig260/BHSig160_Hindi/Genuine/H-S-41-G-02.tif,data/raw/bhsig260/BHSig160_Hindi/Forged/H-S-41-F-03.tif,0,skilled_forgery,100041,0.36501139402389526,0.24711237681898562,0
2812,data/raw/bhsig260/BHSig160_Hindi/Genuine/H-S-41-G-07.tif,data/raw/bhsig260/BHSig160_Hindi/Forged/H-S-41-F-05.tif,0,skilled_forgery,100041,0.254315584897995,0.24711237681898562,0
2813,data/raw/bhsig260/BHSig160_Hindi/Genuine/H-S-41-G-19.tif,data/raw/bhsig260/BHSig160_Hindi/Forged/H-S-41-F-09.tif,0,skilled_forgery,100041,0.448291540145874,0.24711237681898562,0
2814,data/raw/bhsig260/BHSig160_Hindi/Genuine/H-S-41-G-09.tif,data/raw/bhsig260/BHSig160_Hindi/Forged/H-S-41-F-25.tif,0,skilled_forgery,100041,0.4875321686267853,0.24711237681898562,0
2815,data/raw/bhsig260/BHSig160_Hindi/Genuine/H-S-41-G-11.tif,data/raw/bhsig260/BHSig160_Hindi/Genuine/H-S-159-G-21.tif,0,random_forgery,100041,0.17402532696723938,0.24711237681898562,1
2816,data/raw/bhsig260/BHSig160_Hindi/Genuine/H-S-41-G-17.tif,data/raw/bhsig260/BHSig160_Hindi/Genuine/H-S-15-G-16.tif,0,random_forgery,100041,0.8517932891845703,0.24711237681898562,0
2817,data/raw/bhsig260/BHSig160_Hindi/Genuine/H-S-41-G-07.tif,data/raw/bhsig260/BHSig100_Bengali/Genuine/B-S-4-G-16.tif,0,random_forgery,100041,0.8732897043228149,0.24711237681898562,0
2818,data/raw/bhsig260/BHSig160_Hindi/Genuine/H-S-41-G-01.tif,data/raw/bhsig260/BHSig160_Hindi/Genuine/H-S-63-G-22.tif,0,random_forgery,100041,0.19591665267944336,0.24711237681898562,1
2819,data/raw/bhsig260/BHSig160_Hindi/Genuine/H-S-41-G-16.tif,data/raw/bhsig260/BHSig160_Hindi/Genuine/H-S-134-G-21.tif,0,random_forgery,100041,1.9174467325210571,0.24711237681898562,0
2820,data/raw/bhsig260/BHSig160_Hindi/Genuine/H-S-42-G-09.tif,data/raw/bhsig260/BHSig160_Hindi/Genuine/H-S-42-G-13.tif,1,genuine_genuine,100042,0.38814085721969604,0.24711237681898562,0
2821,data/raw/bhsig260/BHSig160_Hindi/Genuine/H-S-42-G-03.tif,data/raw/bhsig260/BHSig160_Hindi/Genuine/H-S-42-G-14.tif,1,genuine_genuine,100042,0.09755321592092514,0.24711237681898562,1
2822,data/raw/bhsig260/BHSig160_Hindi/Genuine/H-S-42-G-07.tif,data/raw/bhsig260/BHSig160_Hindi/Genuine/H-S-42-G-17.tif,1,genuine_genuine,100042,0.08231692761182785,0.24711237681898562,1
2823,data/raw/bhsig260/BHSig160_Hindi/Genuine/H-S-42-G-09.tif,data/raw/bhsig260/BHSig160_Hindi/Genuine/H-S-42-G-24.tif,1,genuine_genuine,100042,0.38134682178497314,0.24711237681898562,0
2824,data/raw/bhsig260/BHSig160_Hindi/Genuine/H-S-42-G-04.tif,data/raw/bhsig260/BHSig160_Hindi/Genuine/H-S-42-G-21.tif,1,genuine_genuine,100042,0.2803325355052948,0.24711237681898562,0
2825,data/raw/bhsig260/BHSig160_Hindi/Genuine/H-S-42-G-15.tif,data/raw/bhsig260/BHSig160_Hindi/Genuine/H-S-42-G-18.tif,1,genuine_genuine,100042,0.07402592152357101,0.24711237681898562,1
2826,data/raw/bhsig260/BHSig160_Hindi/Genuine/H-S-42-G-02.tif,data/raw/bhsig260/BHSig160_Hindi/Genuine/H-S-42-G-16.tif,1,genuine_genuine,100042,0.19647353887557983,0.24711237681898562,1
2827,data/raw/bhsig260/BHSig160_Hindi/Genuine/H-S-42-G-02.tif,data/raw/bhsig260/BHSig160_Hindi/Genuine/H-S-42-G-23.tif,1,genuine_genuine,100042,0.14451944828033447,0.24711237681898562,1
2828,data/raw/bhsig260/BHSig160_Hindi/Genuine/H-S-42-G-02.tif,data/raw/bhsig260/BHSig160_Hindi/Genuine/H-S-42-G-15.tif,1,genuine_genuine,100042,0.07058672606945038,0.24711237681898562,1
2829,data/raw/bhsig260/BHSig160_Hindi/Genuine/H-S-42-G-15.tif,data/raw/bhsig260/BHSig160_Hindi/Genuine/H-S-42-G-22.tif,1,genuine_genuine,100042,0.17602618038654327,0.24711237681898562,1
2830,data/raw/bhsig260/BHSig160_Hindi/Genuine/H-S-42-G-16.tif,data/raw/bhsig260/BHSig160_Hindi/Forged/H-S-42-F-24.tif,0,skilled_forgery,100042,0.397704541683197,0.24711237681898562,0
2831,data/raw/bhsig260/BHSig160_Hindi/Genuine/H-S-42-G-03.tif,data/raw/bhsig260/BHSig160_Hindi/Forged/H-S-42-F-15.tif,0,skilled_forgery,100042,0.373853862285614,0.24711237681898562,0
2832,data/raw/bhsig260/BHSig160_Hindi/Genuine/H-S-42-G-19.tif,data/raw/bhsig260/BHSig160_Hindi/Forged/H-S-42-F-25.tif,0,skilled_forgery,100042,0.39221930503845215,0.24711237681898562,0
2833,data/raw/bhsig260/BHSig160_Hindi/Genuine/H-S-42-G-17.tif,data/raw/bhsig260/BHSig160_Hindi/Forged/H-S-42-F-20.tif,0,skilled_forgery,100042,0.2664421796798706,0.24711237681898562,0
2834,data/raw/bhsig260/BHSig160_Hindi/Genuine/H-S-42-G-10.tif,data/raw/bhsig260/BHSig160_Hindi/Forged/H-S-42-F-16.tif,0,skilled_forgery,100042,0.6865837574005127,0.24711237681898562,0
2835,data/raw/bhsig260/BHSig160_Hindi/Genuine/H-S-42-G-14.tif,data/raw/bhsig260/BHSig160_Hindi/Genuine/H-S-093-G-03.tif,0,random_forgery,100042,0.36703184247016907,0.24711237681898562,0
2836,data/raw/bhsig260/BHSig160_Hindi/Genuine/H-S-42-G-04.tif,data/raw/bhsig260/BHSig160_Hindi/Genuine/H-S-40-G-18.tif,0,random_forgery,100042,0.3586738705635071,0.24711237681898562,0
2837,data/raw/bhsig260/BHSig160_Hindi/Genuine/H-S-42-G-08.tif,data/raw/bhsig260/BHSig100_Bengali/Genuine/B-S-77-G-10.tif,0,random_forgery,100042,0.3611828088760376,0.24711237681898562,0
2838,data/raw/bhsig260/BHSig160_Hindi/Genuine/H-S-42-G-21.tif,data/raw/bhsig260/BHSig100_Bengali/Genuine/B-S-34-G-24.tif,0,random_forgery,100042,0.7182314991950989,0.24711237681898562,0
2839,data/raw/bhsig260/BHSig160_Hindi/Genuine/H-S-42-G-03.tif,data/raw/bhsig260/BHSig100_Bengali/Genuine/B-S-34-G-19.tif,0,random_forgery,100042,0.6341879367828369,0.24711237681898562,0
2840,data/raw/bhsig260/BHSig160_Hindi/Genuine/H-S-43-G-01.tif,data/raw/bhsig260/BHSig160_Hindi/Genuine/H-S-43-G-12.tif,1,genuine_genuine,100043,0.1502886414527893,0.24711237681898562,1
2841,data/raw/bhsig260/BHSig160_Hindi/Genuine/H-S-43-G-11.tif,data/raw/bhsig260/BHSig160_Hindi/Genuine/H-S-43-G-12.tif,1,genuine_genuine,100043,0.3857584595680237,0.24711237681898562,0
2842,data/raw/bhsig260/BHSig160_Hindi/Genuine/H-S-43-G-02.tif,data/raw/bhsig260/BHSig160_Hindi/Genuine/H-S-43-G-06.tif,1,genuine_genuine,100043,0.2787996828556061,0.24711237681898562,0
2843,data/raw/bhsig260/BHSig160_Hindi/Genuine/H-S-43-G-08.tif,data/raw/bhsig260/BHSig160_Hindi/Genuine/H-S-43-G-22.tif,1,genuine_genuine,100043,0.1480579525232315,0.24711237681898562,1
2844,data/raw/bhsig260/BHSig160_Hindi/Genuine/H-S-43-G-16.tif,data/raw/bhsig260/BHSig160_Hindi/Genuine/H-S-43-G-20.tif,1,genuine_genuine,100043,0.4694197475910187,0.24711237681898562,0
2845,data/raw/bhsig260/BHSig160_Hindi/Genuine/H-S-43-G-13.tif,data/raw/bhsig260/BHSig160_Hindi/Genuine/H-S-43-G-21.tif,1,genuine_genuine,100043,0.42938801646232605,0.24711237681898562,0
2846,data/raw/bhsig260/BHSig160_Hindi/Genuine/H-S-43-G-01.tif,data/raw/bhsig260/BHSig160_Hindi/Genuine/H-S-43-G-23.tif,1,genuine_genuine,100043,0.5156170129776001,0.24711237681898562,0
2847,data/raw/bhsig260/BHSig160_Hindi/Genuine/H-S-43-G-04.tif,data/raw/bhsig260/BHSig160_Hindi/Genuine/H-S-43-G-14.tif,1,genuine_genuine,100043,0.29188767075538635,0.24711237681898562,0
2848,data/raw/bhsig260/BHSig160_Hindi/Genuine/H-S-43-G-10.tif,data/raw/bhsig260/BHSig160_Hindi/Genuine/H-S-43-G-14.tif,1,genuine_genuine,100043,0.08853382617235184,0.24711237681898562,1
2849,data/raw/bhsig260/BHSig160_Hindi/Genuine/H-S-43-G-16.tif,data/raw/bhsig260/BHSig160_Hindi/Genuine/H-S-43-G-17.tif,1,genuine_genuine,100043,0.45711642503738403,0.24711237681898562,0
2850,data/raw/bhsig260/BHSig160_Hindi/Genuine/H-S-43-G-13.tif,data/raw/bhsig260/BHSig160_Hindi/Forged/H-S-43-F-15.tif,0,skilled_forgery,100043,0.21623852849006653,0.24711237681898562,1
2851,data/raw/bhsig260/BHSig160_Hindi/Genuine/H-S-43-G-09.tif,data/raw/bhsig260/BHSig160_Hindi/Forged/H-S-43-F-18.tif,0,skilled_forgery,100043,0.5495399832725525,0.24711237681898562,0
2852,data/raw/bhsig260/BHSig160_Hindi/Genuine/H-S-43-G-16.tif,data/raw/bhsig260/BHSig160_Hindi/Forged/H-S-43-F-19.tif,0,skilled_forgery,100043,0.517605185508728,0.24711237681898562,0
2853,data/raw/bhsig260/BHSig160_Hindi/Genuine/H-S-43-G-08.tif,data/raw/bhsig260/BHSig160_Hindi/Forged/H-S-43-F-17.tif,0,skilled_forgery,100043,0.306856632232666,0.24711237681898562,0
2854,data/raw/bhsig260/BHSig160_Hindi/Genuine/H-S-43-G-21.tif,data/raw/bhsig260/BHSig160_Hindi/Forged/H-S-43-F-11.tif,0,skilled_forgery,100043,0.4987148344516754,0.24711237681898562,0
2855,data/raw/bhsig260/BHSig160_Hindi/Genuine/H-S-43-G-10.tif,data/raw/bhsig260/BHSig160_Hindi/Genuine/H-S-42-G-16.tif,0,random_forgery,100043,0.597428560256958,0.24711237681898562,0
2856,data/raw/bhsig260/BHSig160_Hindi/Genuine/H-S-43-G-14.tif,data/raw/bhsig260/BHSig160_Hindi/Genuine/H-S-29-G-03.tif,0,random_forgery,100043,0.49712398648262024,0.24711237681898562,0
2857,data/raw/bhsig260/BHSig160_Hindi/Genuine/H-S-43-G-18.tif,data/raw/bhsig260/BHSig100_Bengali/Genuine/B-S-10-G-05.tif,0,random_forgery,100043,0.7146578431129456,0.24711237681898562,0
2858,data/raw/bhsig260/BHSig160_Hindi/Genuine/H-S-43-G-17.tif,data/raw/bhsig260/BHSig100_Bengali/Genuine/B-S-4-G-22.tif,0,random_forgery,100043,0.6414763927459717,0.24711237681898562,0
2859,data/raw/bhsig260/BHSig160_Hindi/Genuine/H-S-43-G-01.tif,data/raw/bhsig260/BHSig100_Bengali/Genuine/B-S-42-G-05.tif,0,random_forgery,100043,1.2473382949829102,0.24711237681898562,0
2860,data/raw/bhsig260/BHSig160_Hindi/Genuine/H-S-44-G-05.tif,data/raw/bhsig260/BHSig160_Hindi/Genuine/H-S-44-G-16.tif,1,genuine_genuine,100044,0.24615733325481415,0.24711237681898562,1
2861,data/raw/bhsig260/BHSig160_Hindi/Genuine/H-S-44-G-05.tif,data/raw/bhsig260/BHSig160_Hindi/Genuine/H-S-44-G-07.tif,1,genuine_genuine,100044,0.1854599565267563,0.24711237681898562,1
2862,data/raw/bhsig260/BHSig160_Hindi/Genuine/H-S-44-G-15.tif,data/raw/bhsig260/BHSig160_Hindi/Genuine/H-S-44-G-21.tif,1,genuine_genuine,100044,0.10726873576641083,0.24711237681898562,1
2863,data/raw/bhsig260/BHSig160_Hindi/Genuine/H-S-44-G-12.tif,data/raw/bhsig260/BHSig160_Hindi/Genuine/H-S-44-G-16.tif,1,genuine_genuine,100044,0.10859805345535278,0.24711237681898562,1
2864,data/raw/bhsig260/BHSig160_Hindi/Genuine/H-S-44-G-04.tif,data/raw/bhsig260/BHSig160_Hindi/Genuine/H-S-44-G-19.tif,1,genuine_genuine,100044,0.018752846866846085,0.24711237681898562,1
2865,data/raw/bhsig260/BHSig160_Hindi/Genuine/H-S-44-G-14.tif,data/raw/bhsig260/BHSig160_Hindi/Genuine/H-S-44-G-20.tif,1,genuine_genuine,100044,0.1232706606388092,0.24711237681898562,1
2866,data/raw/bhsig260/BHSig160_Hindi/Genuine/H-S-44-G-01.tif,data/raw/bhsig260/BHSig160_Hindi/Genuine/H-S-44-G-22.tif,1,genuine_genuine,100044,0.06345591694116592,0.24711237681898562,1
2867,data/raw/bhsig260/BHSig160_Hindi/Genuine/H-S-44-G-08.tif,data/raw/bhsig260/BHSig160_Hindi/Genuine/H-S-44-G-15.tif,1,genuine_genuine,100044,0.18102622032165527,0.24711237681898562,1
2868,data/raw/bhsig260/BHSig160_Hindi/Genuine/H-S-44-G-06.tif,data/raw/bhsig260/BHSig160_Hindi/Genuine/H-S-44-G-07.tif,1,genuine_genuine,100044,0.14959824085235596,0.24711237681898562,1
2869,data/raw/bhsig260/BHSig160_Hindi/Genuine/H-S-44-G-04.tif,data/raw/bhsig260/BHSig160_Hindi/Genuine/H-S-44-G-20.tif,1,genuine_genuine,100044,0.02009122259914875,0.24711237681898562,1
2870,data/raw/bhsig260/BHSig160_Hindi/Genuine/H-S-44-G-02.tif,data/raw/bhsig260/BHSig160_Hindi/Forged/H-S-44-F-17.tif,0,skilled_forgery,100044,0.4853334426879883,0.24711237681898562,0
2871,data/raw/bhsig260/BHSig160_Hindi/Genuine/H-S-44-G-14.tif,data/raw/bhsig260/BHSig160_Hindi/Forged/H-S-44-F-27.tif,0,skilled_forgery,100044,0.18499307334423065,0.24711237681898562,1
2872,data/raw/bhsig260/BHSig160_Hindi/Genuine/H-S-44-G-20.tif,data/raw/bhsig260/BHSig160_Hindi/Forged/H-S-44-F-11.tif,0,skilled_forgery,100044,0.36304983496665955,0.24711237681898562,0
2873,data/raw/bhsig260/BHSig160_Hindi/Genuine/H-S-44-G-06.tif,data/raw/bhsig260/BHSig160_Hindi/Forged/H-S-44-F-10.tif,0,skilled_forgery,100044,0.3061155676841736,0.24711237681898562,0
2874,data/raw/bhsig260/BHSig160_Hindi/Genuine/H-S-44-G-09.tif,data/raw/bhsig260/BHSig160_Hindi/Forged/H-S-44-F-14.tif,0,skilled_forgery,100044,0.33414599299430847,0.24711237681898562,0
2875,data/raw/bhsig260/BHSig160_Hindi/Genuine/H-S-44-G-05.tif,data/raw/bhsig260/BHSig160_Hindi/Genuine/H-S-47-G-21.tif,0,random_forgery,100044,0.9967642426490784,0.24711237681898562,0
2876,data/raw/bhsig260/BHSig160_Hindi/Genuine/H-S-44-G-08.tif,data/raw/bhsig260/BHSig100_Bengali/Genuine/B-S-90-G-05.tif,0,random_forgery,100044,0.6027108430862427,0.24711237681898562,0
2877,data/raw/bhsig260/BHSig160_Hindi/Genuine/H-S-44-G-14.tif,data/raw/bhsig260/BHSig100_Bengali/Genuine/B-S-26-G-19.tif,0,random_forgery,100044,1.2049310207366943,0.24711237681898562,0
2878,data/raw/bhsig260/BHSig160_Hindi/Genuine/H-S-44-G-13.tif,data/raw/bhsig260/BHSig100_Bengali/Genuine/B-S-27-G-17.tif,0,random_forgery,100044,0.6426181197166443,0.24711237681898562,0
2879,data/raw/bhsig260/BHSig160_Hindi/Genuine/H-S-44-G-01.tif,data/raw/bhsig260/BHSig160_Hindi/Genuine/H-S-120-G-02.tif,0,random_forgery,100044,1.086297869682312,0.24711237681898562,0
2880,data/raw/bhsig260/BHSig160_Hindi/Genuine/H-S-45-G-03.tif,data/raw/bhsig260/BHSig160_Hindi/Genuine/H-S-45-G-06.tif,1,genuine_genuine,100045,0.14073589444160461,0.24711237681898562,1
2881,data/raw/bhsig260/BHSig160_Hindi/Genuine/H-S-45-G-03.tif,data/raw/bhsig260/BHSig160_Hindi/Genuine/H-S-45-G-17.tif,1,genuine_genuine,100045,0.6479513049125671,0.24711237681898562,0
2882,data/raw/bhsig260/BHSig160_Hindi/Genuine/H-S-45-G-06.tif,data/raw/bhsig260/BHSig160_Hindi/Genuine/H-S-45-G-24.tif,1,genuine_genuine,100045,0.1499418318271637,0.24711237681898562,1
2883,data/raw/bhsig260/BHSig160_Hindi/Genuine/H-S-45-G-03.tif,data/raw/bhsig260/BHSig160_Hindi/Genuine/H-S-45-G-19.tif,1,genuine_genuine,100045,0.80305415391922,0.24711237681898562,0
2884,data/raw/bhsig260/BHSig160_Hindi/Genuine/H-S-45-G-23.tif,data/raw/bhsig260/BHSig160_Hindi/Genuine/H-S-45-G-24.tif,1,genuine_genuine,100045,0.5669311285018921,0.24711237681898562,0
2885,data/raw/bhsig260/BHSig160_Hindi/Genuine/H-S-45-G-01.tif,data/raw/bhsig260/BHSig160_Hindi/Genuine/H-S-45-G-10.tif,1,genuine_genuine,100045,0.4735243618488312,0.24711237681898562,0
2886,data/raw/bhsig260/BHSig160_Hindi/Genuine/H-S-45-G-09.tif,data/raw/bhsig260/BHSig160_Hindi/Genuine/H-S-45-G-17.tif,1,genuine_genuine,100045,0.42063581943511963,0.24711237681898562,0
2887,data/raw/bhsig260/BHSig160_Hindi/Genuine/H-S-45-G-10.tif,data/raw/bhsig260/BHSig160_Hindi/Genuine/H-S-45-G-24.tif,1,genuine_genuine,100045,0.49573713541030884,0.24711237681898562,0
2888,data/raw/bhsig260/BHSig160_Hindi/Genuine/H-S-45-G-20.tif,data/raw/bhsig260/BHSig160_Hindi/Genuine/H-S-45-G-21.tif,1,genuine_genuine,100045,0.4222160577774048,0.24711237681898562,0
2889,data/raw/bhsig260/BHSig160_Hindi/Genuine/H-S-45-G-02.tif,data/raw/bhsig260/BHSig160_Hindi/Genuine/H-S-45-G-06.tif,1,genuine_genuine,100045,0.5117428302764893,0.24711237681898562,0
2890,data/raw/bhsig260/BHSig160_Hindi/Genuine/H-S-45-G-24.tif,data/raw/bhsig260/BHSig160_Hindi/Forged/H-S-45-F-16.tif,0,skilled_forgery,100045,0.3894166648387909,0.24711237681898562,0
2891,data/raw/bhsig260/BHSig160_Hindi/Genuine/H-S-45-G-19.tif,data/raw/bhsig260/BHSig160_Hindi/Forged/H-S-45-F-08.tif,0,skilled_forgery,100045,0.6047004461288452,0.24711237681898562,0
2892,data/raw/bhsig260/BHSig160_Hindi/Genuine/H-S-45-G-22.tif,data/raw/bhsig260/BHSig160_Hindi/Forged/H-S-45-F-10.tif,0,skilled_forgery,100045,0.42491915822029114,0.24711237681898562,0
2893,data/raw/bhsig260/BHSig160_Hindi/Genuine/H-S-45-G-21.tif,data/raw/bhsig260/BHSig160_Hindi/Forged/H-S-45-F-20.tif,0,skilled_forgery,100045,0.8204807043075562,0.24711237681898562,0
2894,data/raw/bhsig260/BHSig160_Hindi/Genuine/H-S-45-G-15.tif,data/raw/bhsig260/BHSig160_Hindi/Forged/H-S-45-F-13.tif,0,skilled_forgery,100045,0.4317862093448639,0.24711237681898562,0
2895,data/raw/bhsig260/BHSig160_Hindi/Genuine/H-S-45-G-22.tif,data/raw/bhsig260/BHSig160_Hindi/Genuine/H-S-56-G-09.tif,0,random_forgery,100045,1.4570893049240112,0.24711237681898562,0
2896,data/raw/bhsig260/BHSig160_Hindi/Genuine/H-S-45-G-07.tif,data/raw/bhsig260/BHSig160_Hindi/Genuine/H-S-77-G-16.tif,0,random_forgery,100045,1.092611312866211,0.24711237681898562,0
2897,data/raw/bhsig260/BHSig160_Hindi/Genuine/H-S-45-G-02.tif,data/raw/bhsig260/BHSig160_Hindi/Genuine/H-S-113-G-16.tif,0,random_forgery,100045,0.7302509546279907,0.24711237681898562,0
2898,data/raw/bhsig260/BHSig160_Hindi/Genuine/H-S-45-G-11.tif,data/raw/bhsig260/BHSig160_Hindi/Genuine/H-S-143-G-11.tif,0,random_forgery,100045,0.6990906000137329,0.24711237681898562,0
2899,data/raw/bhsig260/BHSig160_Hindi/Genuine/H-S-45-G-05.tif,data/raw/bhsig260/BHSig160_Hindi/Genuine/H-S-119-G-06.tif,0,random_forgery,100045,0.7906243205070496,0.24711237681898562,0
2900,data/raw/bhsig260/BHSig160_Hindi/Genuine/H-S-46-G-03.tif,data/raw/bhsig260/BHSig160_Hindi/Genuine/H-S-46-G-17.tif,1,genuine_genuine,100046,0.31651771068573,0.24711237681898562,0
2901,data/raw/bhsig260/BHSig160_Hindi/Genuine/H-S-46-G-04.tif,data/raw/bhsig260/BHSig160_Hindi/Genuine/H-S-46-G-06.tif,1,genuine_genuine,100046,0.815219521522522,0.24711237681898562,0
2902,data/raw/bhsig260/BHSig160_Hindi/Genuine/H-S-46-G-02.tif,data/raw/bhsig260/BHSig160_Hindi/Genuine/H-S-46-G-05.tif,1,genuine_genuine,100046,0.3155328333377838,0.24711237681898562,0
2903,data/raw/bhsig260/BHSig160_Hindi/Genuine/H-S-46-G-07.tif,data/raw/bhsig260/BHSig160_Hindi/Genuine/H-S-46-G-09.tif,1,genuine_genuine,100046,0.35868293046951294,0.24711237681898562,0
2904,data/raw/bhsig260/BHSig160_Hindi/Genuine/H-S-46-G-08.tif,data/raw/bhsig260/BHSig160_Hindi/Genuine/H-S-46-G-10.tif,1,genuine_genuine,100046,0.7164283990859985,0.24711237681898562,0
2905,data/raw/bhsig260/BHSig160_Hindi/Genuine/H-S-46-G-14.tif,data/raw/bhsig260/BHSig160_Hindi/Genuine/H-S-46-G-18.tif,1,genuine_genuine,100046,0.4623475670814514,0.24711237681898562,0
2906,data/raw/bhsig260/BHSig160_Hindi/Genuine/H-S-46-G-04.tif,data/raw/bhsig260/BHSig160_Hindi/Genuine/H-S-46-G-14.tif,1,genuine_genuine,100046,0.48888105154037476,0.24711237681898562,0
2907,data/raw/bhsig260/BHSig160_Hindi/Genuine/H-S-46-G-06.tif,data/raw/bhsig260/BHSig160_Hindi/Genuine/H-S-46-G-07.tif,1,genuine_genuine,100046,0.7464972138404846,0.24711237681898562,0
2908,data/raw/bhsig260/BHSig160_Hindi/Genuine/H-S-46-G-09.tif,data/raw/bhsig260/BHSig160_Hindi/Genuine/H-S-46-G-20.tif,1,genuine_genuine,100046,0.19556888937950134,0.24711237681898562,1
2909,data/raw/bhsig260/BHSig160_Hindi/Genuine/H-S-46-G-01.tif,data/raw/bhsig260/BHSig160_Hindi/Genuine/H-S-46-G-09.tif,1,genuine_genuine,100046,0.10875067859888077,0.24711237681898562,1
2910,data/raw/bhsig260/BHSig160_Hindi/Genuine/H-S-46-G-12.tif,data/raw/bhsig260/BHSig160_Hindi/Forged/H-S-46-F-29.tif,0,skilled_forgery,100046,0.5162339806556702,0.24711237681898562,0
2911,data/raw/bhsig260/BHSig160_Hindi/Genuine/H-S-46-G-20.tif,data/raw/bhsig260/BHSig160_Hindi/Forged/H-S-46-F-04.tif,0,skilled_forgery,100046,0.21782507002353668,0.24711237681898562,1
2912,data/raw/bhsig260/BHSig160_Hindi/Genuine/H-S-46-G-17.tif,data/raw/bhsig260/BHSig160_Hindi/Forged/H-S-46-F-24.tif,0,skilled_forgery,100046,0.316506564617157,0.24711237681898562,0
2913,data/raw/bhsig260/BHSig160_Hindi/Genuine/H-S-46-G-09.tif,data/raw/bhsig260/BHSig160_Hindi/Forged/H-S-46-F-05.tif,0,skilled_forgery,100046,0.14223681390285492,0.24711237681898562,1
2914,data/raw/bhsig260/BHSig160_Hindi/Genuine/H-S-46-G-17.tif,data/raw/bhsig260/BHSig160_Hindi/Forged/H-S-46-F-19.tif,0,skilled_forgery,100046,0.4703519940376282,0.24711237681898562,0
2915,data/raw/bhsig260/BHSig160_Hindi/Genuine/H-S-46-G-06.tif,data/raw/bhsig260/BHSig160_Hindi/Genuine/H-S-017-G-19.tif,0,random_forgery,100046,0.35010090470314026,0.24711237681898562,0
2916,data/raw/bhsig260/BHSig160_Hindi/Genuine/H-S-46-G-04.tif,data/raw/bhsig260/BHSig160_Hindi/Genuine/H-S-98-G-02.tif,0,random_forgery,100046,1.0179893970489502,0.24711237681898562,0
2917,data/raw/bhsig260/BHSig160_Hindi/Genuine/H-S-46-G-21.tif,data/raw/bhsig260/BHSig100_Bengali/Genuine/B-S-42-G-23.tif,0,random_forgery,100046,0.7420435547828674,0.24711237681898562,0
2918,data/raw/bhsig260/BHSig160_Hindi/Genuine/H-S-46-G-21.tif,data/raw/bhsig260/BHSig160_Hindi/Genuine/H-S-142-G-12.tif,0,random_forgery,100046,0.6842607855796814,0.24711237681898562,0
2919,data/raw/bhsig260/BHSig160_Hindi/Genuine/H-S-46-G-07.tif,data/raw/bhsig260/BHSig160_Hindi/Genuine/H-S-011-G-16.tif,0,random_forgery,100046,1.3543771505355835,0.24711237681898562,0
2920,data/raw/bhsig260/BHSig160_Hindi/Genuine/H-S-47-G-12.tif,data/raw/bhsig260/BHSig160_Hindi/Genuine/H-S-47-G-14.tif,1,genuine_genuine,100047,0.4057956635951996,0.24711237681898562,0
2921,data/raw/bhsig260/BHSig160_Hindi/Genuine/H-S-47-G-10.tif,data/raw/bhsig260/BHSig160_Hindi/Genuine/H-S-47-G-20.tif,1,genuine_genuine,100047,0.07682549953460693,0.24711237681898562,1
2922,data/raw/bhsig260/BHSig160_Hindi/Genuine/H-S-47-G-12.tif,data/raw/bhsig260/BHSig160_Hindi/Genuine/H-S-47-G-18.tif,1,genuine_genuine,100047,0.5273438096046448,0.24711237681898562,0
2923,data/raw/bhsig260/BHSig160_Hindi/Genuine/H-S-47-G-11.tif,data/raw/bhsig260/BHSig160_Hindi/Genuine/H-S-47-G-14.tif,1,genuine_genuine,100047,0.2945241630077362,0.24711237681898562,0
2924,data/raw/bhsig260/BHSig160_Hindi/Genuine/H-S-47-G-03.tif,data/raw/bhsig260/BHSig160_Hindi/Genuine/H-S-47-G-23.tif,1,genuine_genuine,100047,0.56300950050354,0.24711237681898562,0
2925,data/raw/bhsig260/BHSig160_Hindi/Genuine/H-S-47-G-05.tif,data/raw/bhsig260/BHSig160_Hindi/Genuine/H-S-47-G-14.tif,1,genuine_genuine,100047,0.2820145785808563,0.24711237681898562,0
2926,data/raw/bhsig260/BHSig160_Hindi/Genuine/H-S-47-G-03.tif,data/raw/bhsig260/BHSig160_Hindi/Genuine/H-S-47-G-11.tif,1,genuine_genuine,100047,0.5108264684677124,0.24711237681898562,0
2927,data/raw/bhsig260/BHSig160_Hindi/Genuine/H-S-47-G-12.tif,data/raw/bhsig260/BHSig160_Hindi/Genuine/H-S-47-G-16.tif,1,genuine_genuine,100047,0.40246644616127014,0.24711237681898562,0
2928,data/raw/bhsig260/BHSig160_Hindi/Genuine/H-S-47-G-06.tif,data/raw/bhsig260/BHSig160_Hindi/Genuine/H-S-47-G-21.tif,1,genuine_genuine,100047,0.010309850797057152,0.24711237681898562,1
2929,data/raw/bhsig260/BHSig160_Hindi/Genuine/H-S-47-G-08.tif,data/raw/bhsig260/BHSig160_Hindi/Genuine/H-S-47-G-09.tif,1,genuine_genuine,100047,0.18702980875968933,0.24711237681898562,1
2930,data/raw/bhsig260/BHSig160_Hindi/Genuine/H-S-47-G-02.tif,data/raw/bhsig260/BHSig160_Hindi/Forged/H-S-47-F-24.tif,0,skilled_forgery,100047,0.21368837356567383,0.24711237681898562,1
2931,data/raw/bhsig260/BHSig160_Hindi/Genuine/H-S-47-G-22.tif,data/raw/bhsig260/BHSig160_Hindi/Forged/H-S-47-F-13.tif,0,skilled_forgery,100047,0.589444637298584,0.24711237681898562,0
2932,data/raw/bhsig260/BHSig160_Hindi/Genuine/H-S-47-G-09.tif,data/raw/bhsig260/BHSig160_Hindi/Forged/H-S-47-F-08.tif,0,skilled_forgery,100047,0.5481725335121155,0.24711237681898562,0
2933,data/raw/bhsig260/BHSig160_Hindi/Genuine/H-S-47-G-07.tif,data/raw/bhsig260/BHSig160_Hindi/Forged/H-S-47-F-11.tif,0,skilled_forgery,100047,0.34422776103019714,0.24711237681898562,0
2934,data/raw/bhsig260/BHSig160_Hindi/Genuine/H-S-47-G-15.tif,data/raw/bhsig260/BHSig160_Hindi/Forged/H-S-47-F-14.tif,0,skilled_forgery,100047,0.9717469215393066,0.24711237681898562,0
2935,data/raw/bhsig260/BHSig160_Hindi/Genuine/H-S-47-G-20.tif,data/raw/bhsig260/BHSig100_Bengali/Genuine/B-S-56-G-19.tif,0,random_forgery,100047,0.7039410471916199,0.24711237681898562,0
2936,data/raw/bhsig260/BHSig160_Hindi/Genuine/H-S-47-G-24.tif,data/raw/bhsig260/BHSig160_Hindi/Genuine/H-S-131-G-14.tif,0,random_forgery,100047,0.2871773838996887,0.24711237681898562,0
2937,data/raw/bhsig260/BHSig160_Hindi/Genuine/H-S-47-G-18.tif,data/raw/bhsig260/BHSig100_Bengali/Genuine/B-S-56-G-13.tif,0,random_forgery,100047,0.4501263201236725,0.24711237681898562,0
2938,data/raw/bhsig260/BHSig160_Hindi/Genuine/H-S-47-G-24.tif,data/raw/bhsig260/BHSig100_Bengali/Genuine/B-S-70-G-10.tif,0,random_forgery,100047,0.8812193274497986,0.24711237681898562,0
2939,data/raw/bhsig260/BHSig160_Hindi/Genuine/H-S-47-G-03.tif,data/raw/bhsig260/BHSig160_Hindi/Genuine/H-S-21-G-07.tif,0,random_forgery,100047,0.8726910948753357,0.24711237681898562,0
2940,data/raw/bhsig260/BHSig160_Hindi/Genuine/H-S-48-G-17.tif,data/raw/bhsig260/BHSig160_Hindi/Genuine/H-S-48-G-22.tif,1,genuine_genuine,100048,0.14899842441082,0.24711237681898562,1
2941,data/raw/bhsig260/BHSig160_Hindi/Genuine/H-S-48-G-06.tif,data/raw/bhsig260/BHSig160_Hindi/Genuine/H-S-48-G-12.tif,1,genuine_genuine,100048,0.2770880460739136,0.24711237681898562,0
2942,data/raw/bhsig260/BHSig160_Hindi/Genuine/H-S-48-G-07.tif,data/raw/bhsig260/BHSig160_Hindi/Genuine/H-S-48-G-13.tif,1,genuine_genuine,100048,0.3723866045475006,0.24711237681898562,0
2943,data/raw/bhsig260/BHSig160_Hindi/Genuine/H-S-48-G-05.tif,data/raw/bhsig260/BHSig160_Hindi/Genuine/H-S-48-G-13.tif,1,genuine_genuine,100048,0.45338863134384155,0.24711237681898562,0
2944,data/raw/bhsig260/BHSig160_Hindi/Genuine/H-S-48-G-10.tif,data/raw/bhsig260/BHSig160_Hindi/Genuine/H-S-48-G-19.tif,1,genuine_genuine,100048,0.588955819606781,0.24711237681898562,0
2945,data/raw/bhsig260/BHSig160_Hindi/Genuine/H-S-48-G-04.tif,data/raw/bhsig260/BHSig160_Hindi/Genuine/H-S-48-G-14.tif,1,genuine_genuine,100048,0.26301756501197815,0.24711237681898562,0
2946,data/raw/bhsig260/BHSig160_Hindi/Genuine/H-S-48-G-14.tif,data/raw/bhsig260/BHSig160_Hindi/Genuine/H-S-48-G-22.tif,1,genuine_genuine,100048,0.07655257731676102,0.24711237681898562,1
2947,data/raw/bhsig260/BHSig160_Hindi/Genuine/H-S-48-G-12.tif,data/raw/bhsig260/BHSig160_Hindi/Genuine/H-S-48-G-19.tif,1,genuine_genuine,100048,0.08640623837709427,0.24711237681898562,1
2948,data/raw/bhsig260/BHSig160_Hindi/Genuine/H-S-48-G-04.tif,data/raw/bhsig260/BHSig160_Hindi/Genuine/H-S-48-G-22.tif,1,genuine_genuine,100048,0.33357977867126465,0.24711237681898562,0
2949,data/raw/bhsig260/BHSig160_Hindi/Genuine/H-S-48-G-03.tif,data/raw/bhsig260/BHSig160_Hindi/Genuine/H-S-48-G-16.tif,1,genuine_genuine,100048,0.22106225788593292,0.24711237681898562,1
2950,data/raw/bhsig260/BHSig160_Hindi/Genuine/H-S-48-G-15.tif,data/raw/bhsig260/BHSig160_Hindi/Forged/H-S-48-F-01.tif,0,skilled_forgery,100048,0.06619825959205627,0.24711237681898562,1
2951,data/raw/bhsig260/BHSig160_Hindi/Genuine/H-S-48-G-14.tif,data/raw/bhsig260/BHSig160_Hindi/Forged/H-S-48-F-20.tif,0,skilled_forgery,100048,0.23832659423351288,0.24711237681898562,1
2952,data/raw/bhsig260/BHSig160_Hindi/Genuine/H-S-48-G-24.tif,data/raw/bhsig260/BHSig160_Hindi/Forged/H-S-48-F-30.tif,0,skilled_forgery,100048,0.14880193769931793,0.24711237681898562,1
2953,data/raw/bhsig260/BHSig160_Hindi/Genuine/H-S-48-G-09.tif,data/raw/bhsig260/BHSig160_Hindi/Forged/H-S-48-F-09.tif,0,skilled_forgery,100048,0.19365210831165314,0.24711237681898562,1
2954,data/raw/bhsig260/BHSig160_Hindi/Genuine/H-S-48-G-07.tif,data/raw/bhsig260/BHSig160_Hindi/Forged/H-S-48-F-18.tif,0,skilled_forgery,100048,0.30512142181396484,0.24711237681898562,0
2955,data/raw/bhsig260/BHSig160_Hindi/Genuine/H-S-48-G-09.tif,data/raw/bhsig260/BHSig100_Bengali/Genuine/B-S-74-G-20.tif,0,random_forgery,100048,1.155842900276184,0.24711237681898562,0
2956,data/raw/bhsig260/BHSig160_Hindi/Genuine/H-S-48-G-10.tif,data/raw/bhsig260/BHSig100_Bengali/Genuine/B-S-30-G-23.tif,0,random_forgery,100048,1.3060742616653442,0.24711237681898562,0
2957,data/raw/bhsig260/BHSig160_Hindi/Genuine/H-S-48-G-10.tif,data/raw/bhsig260/BHSig100_Bengali/Genuine/B-S-97-G-19.tif,0,random_forgery,100048,0.4840613603591919,0.24711237681898562,0
2958,data/raw/bhsig260/BHSig160_Hindi/Genuine/H-S-48-G-11.tif,data/raw/bhsig260/BHSig160_Hindi/Genuine/H-S-7-G-02.tif,0,random_forgery,100048,0.660862922668457,0.24711237681898562,0
2959,data/raw/bhsig260/BHSig160_Hindi/Genuine/H-S-48-G-06.tif,data/raw/bhsig260/BHSig100_Bengali/Genuine/B-S-89-G-18.tif,0,random_forgery,100048,0.7039615511894226,0.24711237681898562,0
2960,data/raw/bhsig260/BHSig160_Hindi/Genuine/H-S-49-G-11.tif,data/raw/bhsig260/BHSig160_Hindi/Genuine/H-S-49-G-19.tif,1,genuine_genuine,100049,0.21681147813796997,0.24711237681898562,1
2961,data/raw/bhsig260/BHSig160_Hindi/Genuine/H-S-49-G-07.tif,data/raw/bhsig260/BHSig160_Hindi/Genuine/H-S-49-G-13.tif,1,genuine_genuine,100049,0.15909022092819214,0.24711237681898562,1
2962,data/raw/bhsig260/BHSig160_Hindi/Genuine/H-S-49-G-19.tif,data/raw/bhsig260/BHSig160_Hindi/Genuine/H-S-49-G-20.tif,1,genuine_genuine,100049,0.26792362332344055,0.24711237681898562,0
2963,data/raw/bhsig260/BHSig160_Hindi/Genuine/H-S-49-G-06.tif,data/raw/bhsig260/BHSig160_Hindi/Genuine/H-S-49-G-19.tif,1,genuine_genuine,100049,0.08935031294822693,0.24711237681898562,1
2964,data/raw/bhsig260/BHSig160_Hindi/Genuine/H-S-49-G-02.tif,data/raw/bhsig260/BHSig160_Hindi/Genuine/H-S-49-G-05.tif,1,genuine_genuine,100049,0.3109733462333679,0.24711237681898562,0
2965,data/raw/bhsig260/BHSig160_Hindi/Genuine/H-S-49-G-05.tif,data/raw/bhsig260/BHSig160_Hindi/Genuine/H-S-49-G-10.tif,1,genuine_genuine,100049,0.7857984304428101,0.24711237681898562,0
2966,data/raw/bhsig260/BHSig160_Hindi/Genuine/H-S-49-G-04.tif,data/raw/bhsig260/BHSig160_Hindi/Genuine/H-S-49-G-13.tif,1,genuine_genuine,100049,0.4086915850639343,0.24711237681898562,0
2967,data/raw/bhsig260/BHSig160_Hindi/Genuine/H-S-49-G-08.tif,data/raw/bhsig260/BHSig160_Hindi/Genuine/H-S-49-G-19.tif,1,genuine_genuine,100049,0.14305071532726288,0.24711237681898562,1
2968,data/raw/bhsig260/BHSig160_Hindi/Genuine/H-S-49-G-10.tif,data/raw/bhsig260/BHSig160_Hindi/Genuine/H-S-49-G-21.tif,1,genuine_genuine,100049,0.6608453989028931,0.24711237681898562,0
2969,data/raw/bhsig260/BHSig160_Hindi/Genuine/H-S-49-G-13.tif,data/raw/bhsig260/BHSig160_Hindi/Genuine/H-S-49-G-21.tif,1,genuine_genuine,100049,0.4383017420768738,0.24711237681898562,0
2970,data/raw/bhsig260/BHSig160_Hindi/Genuine/H-S-49-G-10.tif,data/raw/bhsig260/BHSig160_Hindi/Forged/H-S-49-F-08.tif,0,skilled_forgery,100049,0.20287927985191345,0.24711237681898562,1
2971,data/raw/bhsig260/BHSig160_Hindi/Genuine/H-S-49-G-10.tif,data/raw/bhsig260/BHSig160_Hindi/Forged/H-S-49-F-28.tif,0,skilled_forgery,100049,0.2848442494869232,0.24711237681898562,0
2972,data/raw/bhsig260/BHSig160_Hindi/Genuine/H-S-49-G-13.tif,data/raw/bhsig260/BHSig160_Hindi/Forged/H-S-49-F-23.tif,0,skilled_forgery,100049,0.32894614338874817,0.24711237681898562,0
2973,data/raw/bhsig260/BHSig160_Hindi/Genuine/H-S-49-G-01.tif,data/raw/bhsig260/BHSig160_Hindi/Forged/H-S-49-F-16.tif,0,skilled_forgery,100049,0.21027705073356628,0.24711237681898562,1
2974,data/raw/bhsig260/BHSig160_Hindi/Genuine/H-S-49-G-08.tif,data/raw/bhsig260/BHSig160_Hindi/Forged/H-S-49-F-10.tif,0,skilled_forgery,100049,0.20747928321361542,0.24711237681898562,1
2975,data/raw/bhsig260/BHSig160_Hindi/Genuine/H-S-49-G-02.tif,data/raw/bhsig260/BHSig160_Hindi/Genuine/H-S-129-G-03.tif,0,random_forgery,100049,0.6546172499656677,0.24711237681898562,0
2976,data/raw/bhsig260/BHSig160_Hindi/Genuine/H-S-49-G-17.tif,data/raw/bhsig260/BHSig100_Bengali/Genuine/B-S-47-G-20.tif,0,random_forgery,100049,1.1479562520980835,0.24711237681898562,0
2977,data/raw/bhsig260/BHSig160_Hindi/Genuine/H-S-49-G-04.tif,data/raw/bhsig260/BHSig160_Hindi/Genuine/H-S-133-G-19.tif,0,random_forgery,100049,0.9518810510635376,0.24711237681898562,0
2978,data/raw/bhsig260/BHSig160_Hindi/Genuine/H-S-49-G-15.tif,data/raw/bhsig260/BHSig100_Bengali/Genuine/B-S-14-G-04.tif,0,random_forgery,100049,0.528240442276001,0.24711237681898562,0
2979,data/raw/bhsig260/BHSig160_Hindi/Genuine/H-S-49-G-19.tif,data/raw/bhsig260/BHSig160_Hindi/Genuine/H-S-124-G-22.tif,0,random_forgery,100049,0.353392630815506,0.24711237681898562,0
2980,data/raw/bhsig260/BHSig160_Hindi/Genuine/H-S-50-G-05.tif,data/raw/bhsig260/BHSig160_Hindi/Genuine/H-S-50-G-18.tif,1,genuine_genuine,100050,0.3135950565338135,0.24711237681898562,0
2981,data/raw/bhsig260/BHSig160_Hindi/Genuine/H-S-50-G-06.tif,data/raw/bhsig260/BHSig160_Hindi/Genuine/H-S-50-G-17.tif,1,genuine_genuine,100050,0.1197054386138916,0.24711237681898562,1
2982,data/raw/bhsig260/BHSig160_Hindi/Genuine/H-S-50-G-08.tif,data/raw/bhsig260/BHSig160_Hindi/Genuine/H-S-50-G-12.tif,1,genuine_genuine,100050,0.24889600276947021,0.24711237681898562,0
2983,data/raw/bhsig260/BHSig160_Hindi/Genuine/H-S-50-G-01.tif,data/raw/bhsig260/BHSig160_Hindi/Genuine/H-S-50-G-06.tif,1,genuine_genuine,100050,0.11031687259674072,0.24711237681898562,1
2984,data/raw/bhsig260/BHSig160_Hindi/Genuine/H-S-50-G-18.tif,data/raw/bhsig260/BHSig160_Hindi/Genuine/H-S-50-G-19.tif,1,genuine_genuine,100050,0.2090628296136856,0.24711237681898562,1
2985,data/raw/bhsig260/BHSig160_Hindi/Genuine/H-S-50-G-16.tif,data/raw/bhsig260/BHSig160_Hindi/Genuine/H-S-50-G-18.tif,1,genuine_genuine,100050,0.08784246444702148,0.24711237681898562,1
2986,data/raw/bhsig260/BHSig160_Hindi/Genuine/H-S-50-G-08.tif,data/raw/bhsig260/BHSig160_Hindi/Genuine/H-S-50-G-19.tif,1,genuine_genuine,100050,0.08451336622238159,0.24711237681898562,1
2987,data/raw/bhsig260/BHSig160_Hindi/Genuine/H-S-50-G-14.tif,data/raw/bhsig260/BHSig160_Hindi/Genuine/H-S-50-G-19.tif,1,genuine_genuine,100050,0.0941273644566536,0.24711237681898562,1
2988,data/raw/bhsig260/BHSig160_Hindi/Genuine/H-S-50-G-10.tif,data/raw/bhsig260/BHSig160_Hindi/Genuine/H-S-50-G-17.tif,1,genuine_genuine,100050,0.13432331383228302,0.24711237681898562,1
2989,data/raw/bhsig260/BHSig160_Hindi/Genuine/H-S-50-G-10.tif,data/raw/bhsig260/BHSig160_Hindi/Genuine/H-S-50-G-11.tif,1,genuine_genuine,100050,0.2963956296443939,0.24711237681898562,0
2990,data/raw/bhsig260/BHSig160_Hindi/Genuine/H-S-50-G-18.tif,data/raw/bhsig260/BHSig160_Hindi/Forged/H-S-50-F-26.tif,0,skilled_forgery,100050,0.18012011051177979,0.24711237681898562,1
2991,data/raw/bhsig260/BHSig160_Hindi/Genuine/H-S-50-G-15.tif,data/raw/bhsig260/BHSig160_Hindi/Forged/H-S-50-F-15.tif,0,skilled_forgery,100050,0.2685636878013611,0.24711237681898562,0
2992,data/raw/bhsig260/BHSig160_Hindi/Genuine/H-S-50-G-17.tif,data/raw/bhsig260/BHSig160_Hindi/Forged/H-S-50-F-11.tif,0,skilled_forgery,100050,0.34940028190612793,0.24711237681898562,0
2993,data/raw/bhsig260/BHSig160_Hindi/Genuine/H-S-50-G-09.tif,data/raw/bhsig260/BHSig160_Hindi/Forged/H-S-50-F-29.tif,0,skilled_forgery,100050,0.278664767742157,0.24711237681898562,0
2994,data/raw/bhsig260/BHSig160_Hindi/Genuine/H-S-50-G-22.tif,data/raw/bhsig260/BHSig160_Hindi/Forged/H-S-50-F-10.tif,0,skilled_forgery,100050,0.2958311140537262,0.24711237681898562,0
2995,data/raw/bhsig260/BHSig160_Hindi/Genuine/H-S-50-G-05.tif,data/raw/bhsig260/BHSig160_Hindi/Genuine/H-S-42-G-09.tif,0,random_forgery,100050,0.2536448538303375,0.24711237681898562,0
2996,data/raw/bhsig260/BHSig160_Hindi/Genuine/H-S-50-G-03.tif,data/raw/bhsig260/BHSig160_Hindi/Genuine/H-S-102-G-16.tif,0,random_forgery,100050,0.2581094205379486,0.24711237681898562,0
2997,data/raw/bhsig260/BHSig160_Hindi/Genuine/H-S-50-G-13.tif,data/raw/bhsig260/BHSig100_Bengali/Genuine/B-S-83-G-22.tif,0,random_forgery,100050,0.2720005214214325,0.24711237681898562,0
2998,data/raw/bhsig260/BHSig160_Hindi/Genuine/H-S-50-G-02.tif,data/raw/bhsig260/BHSig160_Hindi/Genuine/H-S-109-G-06.tif,0,random_forgery,100050,0.3733806312084198,0.24711237681898562,0
2999,data/raw/bhsig260/BHSig160_Hindi/Genuine/H-S-50-G-20.tif,data/raw/bhsig260/BHSig160_Hindi/Genuine/H-S-101-G-15.tif,0,random_forgery,100050,0.27929219603538513,0.24711237681898562,0
3000,data/raw/bhsig260/BHSig160_Hindi/Genuine/H-S-51-G-02.tif,data/raw/bhsig260/BHSig160_Hindi/Genuine/H-S-51-G-04.tif,1,genuine_genuine,100051,0.16617365181446075,0.24711237681898562,1
3001,data/raw/bhsig260/BHSig160_Hindi/Genuine/H-S-51-G-07.tif,data/raw/bhsig260/BHSig160_Hindi/Genuine/H-S-51-G-17.tif,1,genuine_genuine,100051,0.07132609933614731,0.24711237681898562,1
3002,data/raw/bhsig260/BHSig160_Hindi/Genuine/H-S-51-G-02.tif,data/raw/bhsig260/BHSig160_Hindi/Genuine/H-S-51-G-15.tif,1,genuine_genuine,100051,0.22829125821590424,0.24711237681898562,1
3003,data/raw/bhsig260/BHSig160_Hindi/Genuine/H-S-51-G-09.tif,data/raw/bhsig260/BHSig160_Hindi/Genuine/H-S-51-G-14.tif,1,genuine_genuine,100051,0.19773653149604797,0.24711237681898562,1
3004,data/raw/bhsig260/BHSig160_Hindi/Genuine/H-S-51-G-01.tif,data/raw/bhsig260/BHSig160_Hindi/Genuine/H-S-51-G-23.tif,1,genuine_genuine,100051,0.15030699968338013,0.24711237681898562,1
3005,data/raw/bhsig260/BHSig160_Hindi/Genuine/H-S-51-G-02.tif,data/raw/bhsig260/BHSig160_Hindi/Genuine/H-S-51-G-18.tif,1,genuine_genuine,100051,0.16991035640239716,0.24711237681898562,1
3006,data/raw/bhsig260/BHSig160_Hindi/Genuine/H-S-51-G-01.tif,data/raw/bhsig260/BHSig160_Hindi/Genuine/H-S-51-G-14.tif,1,genuine_genuine,100051,0.16598670184612274,0.24711237681898562,1
3007,data/raw/bhsig260/BHSig160_Hindi/Genuine/H-S-51-G-03.tif,data/raw/bhsig260/BHSig160_Hindi/Genuine/H-S-51-G-12.tif,1,genuine_genuine,100051,0.21192632615566254,0.24711237681898562,1
3008,data/raw/bhsig260/BHSig160_Hindi/Genuine/H-S-51-G-02.tif,data/raw/bhsig260/BHSig160_Hindi/Genuine/H-S-51-G-12.tif,1,genuine_genuine,100051,0.17732974886894226,0.24711237681898562,1
3009,data/raw/bhsig260/BHSig160_Hindi/Genuine/H-S-51-G-03.tif,data/raw/bhsig260/BHSig160_Hindi/Genuine/H-S-51-G-04.tif,1,genuine_genuine,100051,0.21188461780548096,0.24711237681898562,1
3010,data/raw/bhsig260/BHSig160_Hindi/Genuine/H-S-51-G-22.tif,data/raw/bhsig260/BHSig160_Hindi/Forged/H-S-51-F-08.tif,0,skilled_forgery,100051,0.5567701458930969,0.24711237681898562,0
3011,data/raw/bhsig260/BHSig160_Hindi/Genuine/H-S-51-G-04.tif,data/raw/bhsig260/BHSig160_Hindi/Forged/H-S-51-F-10.tif,0,skilled_forgery,100051,0.6712996959686279,0.24711237681898562,0
3012,data/raw/bhsig260/BHSig160_Hindi/Genuine/H-S-51-G-10.tif,data/raw/bhsig260/BHSig160_Hindi/Forged/H-S-51-F-08.tif,0,skilled_forgery,100051,0.3973063826560974,0.24711237681898562,0
3013,data/raw/bhsig260/BHSig160_Hindi/Genuine/H-S-51-G-17.tif,data/raw/bhsig260/BHSig160_Hindi/Forged/H-S-51-F-07.tif,0,skilled_forgery,100051,0.3016752004623413,0.24711237681898562,0
3014,data/raw/bhsig260/BHSig160_Hindi/Genuine/H-S-51-G-15.tif,data/raw/bhsig260/BHSig160_Hindi/Forged/H-S-51-F-16.tif,0,skilled_forgery,100051,0.5537720322608948,0.24711237681898562,0
3015,data/raw/bhsig260/BHSig160_Hindi/Genuine/H-S-51-G-20.tif,data/raw/bhsig260/BHSig100_Bengali/Genuine/B-S-78-G-19.tif,0,random_forgery,100051,0.41969308257102966,0.24711237681898562,0
3016,data/raw/bhsig260/BHSig160_Hindi/Genuine/H-S-51-G-03.tif,data/raw/bhsig260/BHSig160_Hindi/Genuine/H-S-141-G-14.tif,0,random_forgery,100051,0.6274144649505615,0.24711237681898562,0
3017,data/raw/bhsig260/BHSig160_Hindi/Genuine/H-S-51-G-03.tif,data/raw/bhsig260/BHSig160_Hindi/Genuine/H-S-156-G-10.tif,0,random_forgery,100051,0.5051432251930237,0.24711237681898562,0
3018,data/raw/bhsig260/BHSig160_Hindi/Genuine/H-S-51-G-10.tif,data/raw/bhsig260/BHSig160_Hindi/Genuine/H-S-32-G-21.tif,0,random_forgery,100051,0.4807870388031006,0.24711237681898562,0
3019,data/raw/bhsig260/BHSig160_Hindi/Genuine/H-S-51-G-21.tif,data/raw/bhsig260/BHSig160_Hindi/Genuine/H-S-69-G-23.tif,0,random_forgery,100051,0.7409229278564453,0.24711237681898562,0
3020,data/raw/bhsig260/BHSig160_Hindi/Genuine/H-S-52-G-03.tif,data/raw/bhsig260/BHSig160_Hindi/Genuine/H-S-52-G-18.tif,1,genuine_genuine,100052,0.1913633495569229,0.24711237681898562,1
3021,data/raw/bhsig260/BHSig160_Hindi/Genuine/H-S-52-G-04.tif,data/raw/bhsig260/BHSig160_Hindi/Genuine/H-S-52-G-19.tif,1,genuine_genuine,100052,0.16753873229026794,0.24711237681898562,1
3022,data/raw/bhsig260/BHSig160_Hindi/Genuine/H-S-52-G-04.tif,data/raw/bhsig260/BHSig160_Hindi/Genuine/H-S-52-G-06.tif,1,genuine_genuine,100052,0.1770768165588379,0.24711237681898562,1
3023,data/raw/bhsig260/BHSig160_Hindi/Genuine/H-S-52-G-06.tif,data/raw/bhsig260/BHSig160_Hindi/Genuine/H-S-52-G-08.tif,1,genuine_genuine,100052,0.10215242952108383,0.24711237681898562,1
3024,data/raw/bhsig260/BHSig160_Hindi/Genuine/H-S-52-G-09.tif,data/raw/bhsig260/BHSig160_Hindi/Genuine/H-S-52-G-13.tif,1,genuine_genuine,100052,0.07661076635122299,0.24711237681898562,1
3025,data/raw/bhsig260/BHSig160_Hindi/Genuine/H-S-52-G-12.tif,data/raw/bhsig260/BHSig160_Hindi/Genuine/H-S-52-G-24.tif,1,genuine_genuine,100052,0.41172677278518677,0.24711237681898562,0
3026,data/raw/bhsig260/BHSig160_Hindi/Genuine/H-S-52-G-07.tif,data/raw/bhsig260/BHSig160_Hindi/Genuine/H-S-52-G-18.tif,1,genuine_genuine,100052,0.046292196959257126,0.24711237681898562,1
3027,data/raw/bhsig260/BHSig160_Hindi/Genuine/H-S-52-G-15.tif,data/raw/bhsig260/BHSig160_Hindi/Genuine/H-S-52-G-23.tif,1,genuine_genuine,100052,0.6034355163574219,0.24711237681898562,0
3028,data/raw/bhsig260/BHSig160_Hindi/Genuine/H-S-52-G-07.tif,data/raw/bhsig260/BHSig160_Hindi/Genuine/H-S-52-G-09.tif,1,genuine_genuine,100052,0.11676666885614395,0.24711237681898562,1
3029,data/raw/bhsig260/BHSig160_Hindi/Genuine/H-S-52-G-12.tif,data/raw/bhsig260/BHSig160_Hindi/Genuine/H-S-52-G-15.tif,1,genuine_genuine,100052,0.26339054107666016,0.24711237681898562,0
3030,data/raw/bhsig260/BHSig160_Hindi/Genuine/H-S-52-G-23.tif,data/raw/bhsig260/BHSig160_Hindi/Forged/H-S-52-F-14.tif,0,skilled_forgery,100052,0.3526563346385956,0.24711237681898562,0
3031,data/raw/bhsig260/BHSig160_Hindi/Genuine/H-S-52-G-18.tif,data/raw/bhsig260/BHSig160_Hindi/Forged/H-S-52-F-22.tif,0,skilled_forgery,100052,0.1154947429895401,0.24711237681898562,1
3032,data/raw/bhsig260/BHSig160_Hindi/Genuine/H-S-52-G-01.tif,data/raw/bhsig260/BHSig160_Hindi/Forged/H-S-52-F-11.tif,0,skilled_forgery,100052,0.18894846737384796,0.24711237681898562,1
3033,data/raw/bhsig260/BHSig160_Hindi/Genuine/H-S-52-G-01.tif,data/raw/bhsig260/BHSig160_Hindi/Forged/H-S-52-F-07.tif,0,skilled_forgery,100052,0.3005174398422241,0.24711237681898562,0
3034,data/raw/bhsig260/BHSig160_Hindi/Genuine/H-S-52-G-06.tif,data/raw/bhsig260/BHSig160_Hindi/Forged/H-S-52-F-19.tif,0,skilled_forgery,100052,0.32743218541145325,0.24711237681898562,0
3035,data/raw/bhsig260/BHSig160_Hindi/Genuine/H-S-52-G-08.tif,data/raw/bhsig260/BHSig160_Hindi/Genuine/H-S-093-G-11.tif,0,random_forgery,100052,0.4296838641166687,0.24711237681898562,0
3036,data/raw/bhsig260/BHSig160_Hindi/Genuine/H-S-52-G-22.tif,data/raw/bhsig260/BHSig160_Hindi/Genuine/H-S-25-G-14.tif,0,random_forgery,100052,0.13874781131744385,0.24711237681898562,1
3037,data/raw/bhsig260/BHSig160_Hindi/Genuine/H-S-52-G-09.tif,data/raw/bhsig260/BHSig100_Bengali/Genuine/B-S-27-G-21.tif,0,random_forgery,100052,0.2623932957649231,0.24711237681898562,0
3038,data/raw/bhsig260/BHSig160_Hindi/Genuine/H-S-52-G-12.tif,data/raw/bhsig260/BHSig160_Hindi/Genuine/H-S-72-G-14.tif,0,random_forgery,100052,1.0906915664672852,0.24711237681898562,0
3039,data/raw/bhsig260/BHSig160_Hindi/Genuine/H-S-52-G-08.tif,data/raw/bhsig260/BHSig160_Hindi/Genuine/H-S-150-G-20.tif,0,random_forgery,100052,0.5702103972434998,0.24711237681898562,0
3040,data/raw/bhsig260/BHSig160_Hindi/Genuine/H-S-53-G-01.tif,data/raw/bhsig260/BHSig160_Hindi/Genuine/H-S-53-G-20.tif,1,genuine_genuine,100053,0.18380552530288696,0.24711237681898562,1
3041,data/raw/bhsig260/BHSig160_Hindi/Genuine/H-S-53-G-09.tif,data/raw/bhsig260/BHSig160_Hindi/Genuine/H-S-53-G-23.tif,1,genuine_genuine,100053,0.287604421377182,0.24711237681898562,0
3042,data/raw/bhsig260/BHSig160_Hindi/Genuine/H-S-53-G-06.tif,data/raw/bhsig260/BHSig160_Hindi/Genuine/H-S-53-G-11.tif,1,genuine_genuine,100053,0.23556120693683624,0.24711237681898562,1
3043,data/raw/bhsig260/BHSig160_Hindi/Genuine/H-S-53-G-05.tif,data/raw/bhsig260/BHSig160_Hindi/Genuine/H-S-53-G-13.tif,1,genuine_genuine,100053,0.23280107975006104,0.24711237681898562,1
3044,data/raw/bhsig260/BHSig160_Hindi/Genuine/H-S-53-G-11.tif,data/raw/bhsig260/BHSig160_Hindi/Genuine/H-S-53-G-24.tif,1,genuine_genuine,100053,0.5379806756973267,0.24711237681898562,0
3045,data/raw/bhsig260/BHSig160_Hindi/Genuine/H-S-53-G-16.tif,data/raw/bhsig260/BHSig160_Hindi/Genuine/H-S-53-G-22.tif,1,genuine_genuine,100053,0.3489293158054352,0.24711237681898562,0
3046,data/raw/bhsig260/BHSig160_Hindi/Genuine/H-S-53-G-02.tif,data/raw/bhsig260/BHSig160_Hindi/Genuine/H-S-53-G-22.tif,1,genuine_genuine,100053,0.38782718777656555,0.24711237681898562,0
3047,data/raw/bhsig260/BHSig160_Hindi/Genuine/H-S-53-G-16.tif,data/raw/bhsig260/BHSig160_Hindi/Genuine/H-S-53-G-20.tif,1,genuine_genuine,100053,0.2777351140975952,0.24711237681898562,0
3048,data/raw/bhsig260/BHSig160_Hindi/Genuine/H-S-53-G-07.tif,data/raw/bhsig260/BHSig160_Hindi/Genuine/H-S-53-G-17.tif,1,genuine_genuine,100053,0.47685179114341736,0.24711237681898562,0
3049,data/raw/bhsig260/BHSig160_Hindi/Genuine/H-S-53-G-02.tif,data/raw/bhsig260/BHSig160_Hindi/Genuine/H-S-53-G-03.tif,1,genuine_genuine,100053,0.5081214308738708,0.24711237681898562,0
3050,data/raw/bhsig260/BHSig160_Hindi/Genuine/H-S-53-G-04.tif,data/raw/bhsig260/BHSig160_Hindi/Forged/H-S-53-F-04.tif,0,skilled_forgery,100053,0.13088318705558777,0.24711237681898562,1
3051,data/raw/bhsig260/BHSig160_Hindi/Genuine/H-S-53-G-15.tif,data/raw/bhsig260/BHSig160_Hindi/Forged/H-S-53-F-28.tif,0,skilled_forgery,100053,0.27020660042762756,0.24711237681898562,0
3052,data/raw/bhsig260/BHSig160_Hindi/Genuine/H-S-53-G-07.tif,data/raw/bhsig260/BHSig160_Hindi/Forged/H-S-53-F-09.tif,0,skilled_forgery,100053,0.5708693265914917,0.24711237681898562,0
3053,data/raw/bhsig260/BHSig160_Hindi/Genuine/H-S-53-G-16.tif,data/raw/bhsig260/BHSig160_Hindi/Forged/H-S-53-F-22.tif,0,skilled_forgery,100053,0.5667219161987305,0.24711237681898562,0
3054,data/raw/bhsig260/BHSig160_Hindi/Genuine/H-S-53-G-04.tif,data/raw/bhsig260/BHSig160_Hindi/Forged/H-S-53-F-21.tif,0,skilled_forgery,100053,0.2141588181257248,0.24711237681898562,1
3055,data/raw/bhsig260/BHSig160_Hindi/Genuine/H-S-53-G-16.tif,data/raw/bhsig260/BHSig100_Bengali/Genuine/B-S-1-G-22.tif,0,random_forgery,100053,0.2984088957309723,0.24711237681898562,0
3056,data/raw/bhsig260/BHSig160_Hindi/Genuine/H-S-53-G-23.tif,data/raw/bhsig260/BHSig160_Hindi/Genuine/H-S-152-G-19.tif,0,random_forgery,100053,1.3597211837768555,0.24711237681898562,0
3057,data/raw/bhsig260/BHSig160_Hindi/Genuine/H-S-53-G-06.tif,data/raw/bhsig260/BHSig100_Bengali/Genuine/B-S-53-G-03.tif,0,random_forgery,100053,0.24675247073173523,0.24711237681898562,1
3058,data/raw/bhsig260/BHSig160_Hindi/Genuine/H-S-53-G-07.tif,data/raw/bhsig260/BHSig160_Hindi/Genuine/H-S-093-G-10.tif,0,random_forgery,100053,0.9587976336479187,0.24711237681898562,0
3059,data/raw/bhsig260/BHSig160_Hindi/Genuine/H-S-53-G-03.tif,data/raw/bhsig260/BHSig100_Bengali/Genuine/B-S-82-G-11.tif,0,random_forgery,100053,1.0164850950241089,0.24711237681898562,0
3060,data/raw/bhsig260/BHSig160_Hindi/Genuine/H-S-54-G-07.tif,data/raw/bhsig260/BHSig160_Hindi/Genuine/H-S-54-G-21.tif,1,genuine_genuine,100054,0.2857348322868347,0.24711237681898562,0
3061,data/raw/bhsig260/BHSig160_Hindi/Genuine/H-S-54-G-09.tif,data/raw/bhsig260/BHSig160_Hindi/Genuine/H-S-54-G-13.tif,1,genuine_genuine,100054,0.19150285422801971,0.24711237681898562,1
3062,data/raw/bhsig260/BHSig160_Hindi/Genuine/H-S-54-G-13.tif,data/raw/bhsig260/BHSig160_Hindi/Genuine/H-S-54-G-19.tif,1,genuine_genuine,100054,0.2562945783138275,0.24711237681898562,0
3063,data/raw/bhsig260/BHSig160_Hindi/Genuine/H-S-54-G-09.tif,data/raw/bhsig260/BHSig160_Hindi/Genuine/H-S-54-G-11.tif,1,genuine_genuine,100054,0.23972056806087494,0.24711237681898562,1
3064,data/raw/bhsig260/BHSig160_Hindi/Genuine/H-S-54-G-04.tif,data/raw/bhsig260/BHSig160_Hindi/Genuine/H-S-54-G-09.tif,1,genuine_genuine,100054,0.28460195660591125,0.24711237681898562,0
3065,data/raw/bhsig260/BHSig160_Hindi/Genuine/H-S-54-G-05.tif,data/raw/bhsig260/BHSig160_Hindi/Genuine/H-S-54-G-06.tif,1,genuine_genuine,100054,0.09603136777877808,0.24711237681898562,1
3066,data/raw/bhsig260/BHSig160_Hindi/Genuine/H-S-54-G-06.tif,data/raw/bhsig260/BHSig160_Hindi/Genuine/H-S-54-G-24.tif,1,genuine_genuine,100054,0.0895436480641365,0.24711237681898562,1
3067,data/raw/bhsig260/BHSig160_Hindi/Genuine/H-S-54-G-14.tif,data/raw/bhsig260/BHSig160_Hindi/Genuine/H-S-54-G-17.tif,1,genuine_genuine,100054,0.31135162711143494,0.24711237681898562,0
3068,data/raw/bhsig260/BHSig160_Hindi/Genuine/H-S-54-G-08.tif,data/raw/bhsig260/BHSig160_Hindi/Genuine/H-S-54-G-18.tif,1,genuine_genuine,100054,0.016896050423383713,0.24711237681898562,1
3069,data/raw/bhsig260/BHSig160_Hindi/Genuine/H-S-54-G-15.tif,data/raw/bhsig260/BHSig160_Hindi/Genuine/H-S-54-G-22.tif,1,genuine_genuine,100054,0.08120285719633102,0.24711237681898562,1
3070,data/raw/bhsig260/BHSig160_Hindi/Genuine/H-S-54-G-18.tif,data/raw/bhsig260/BHSig160_Hindi/Forged/H-S-54-F-04.tif,0,skilled_forgery,100054,0.6796978116035461,0.24711237681898562,0
3071,data/raw/bhsig260/BHSig160_Hindi/Genuine/H-S-54-G-11.tif,data/raw/bhsig260/BHSig160_Hindi/Forged/H-S-54-F-26.tif,0,skilled_forgery,100054,0.36578673124313354,0.24711237681898562,0
3072,data/raw/bhsig260/BHSig160_Hindi/Genuine/H-S-54-G-19.tif,data/raw/bhsig260/BHSig160_Hindi/Forged/H-S-54-F-20.tif,0,skilled_forgery,100054,0.3268323540687561,0.24711237681898562,0
3073,data/raw/bhsig260/BHSig160_Hindi/Genuine/H-S-54-G-05.tif,data/raw/bhsig260/BHSig160_Hindi/Forged/H-S-54-F-11.tif,0,skilled_forgery,100054,0.6403719186782837,0.24711237681898562,0
3074,data/raw/bhsig260/BHSig160_Hindi/Genuine/H-S-54-G-24.tif,data/raw/bhsig260/BHSig160_Hindi/Forged/H-S-54-F-12.tif,0,skilled_forgery,100054,0.3746151626110077,0.24711237681898562,0
3075,data/raw/bhsig260/BHSig160_Hindi/Genuine/H-S-54-G-05.tif,data/raw/bhsig260/BHSig100_Bengali/Genuine/B-S-38-G-24.tif,0,random_forgery,100054,0.781193196773529,0.24711237681898562,0
3076,data/raw/bhsig260/BHSig160_Hindi/Genuine/H-S-54-G-02.tif,data/raw/bhsig260/BHSig160_Hindi/Genuine/H-S-125-G-22.tif,0,random_forgery,100054,0.5669898986816406,0.24711237681898562,0
3077,data/raw/bhsig260/BHSig160_Hindi/Genuine/H-S-54-G-15.tif,data/raw/bhsig260/BHSig160_Hindi/Genuine/H-S-153-G-02.tif,0,random_forgery,100054,0.5744909048080444,0.24711237681898562,0
3078,data/raw/bhsig260/BHSig160_Hindi/Genuine/H-S-54-G-19.tif,data/raw/bhsig260/BHSig100_Bengali/Genuine/B-S-81-G-17.tif,0,random_forgery,100054,0.3590453863143921,0.24711237681898562,0
3079,data/raw/bhsig260/BHSig160_Hindi/Genuine/H-S-54-G-17.tif,data/raw/bhsig260/BHSig100_Bengali/Genuine/B-S-51-G-12.tif,0,random_forgery,100054,0.9744453430175781,0.24711237681898562,0
3080,data/raw/bhsig260/BHSig160_Hindi/Genuine/H-S-55-G-12.tif,data/raw/bhsig260/BHSig160_Hindi/Genuine/H-S-55-G-20.tif,1,genuine_genuine,100055,0.19971011579036713,0.24711237681898562,1
3081,data/raw/bhsig260/BHSig160_Hindi/Genuine/H-S-55-G-02.tif,data/raw/bhsig260/BHSig160_Hindi/Genuine/H-S-55-G-04.tif,1,genuine_genuine,100055,0.09930891543626785,0.24711237681898562,1
3082,data/raw/bhsig260/BHSig160_Hindi/Genuine/H-S-55-G-07.tif,data/raw/bhsig260/BHSig160_Hindi/Genuine/H-S-55-G-20.tif,1,genuine_genuine,100055,0.2171020358800888,0.24711237681898562,1
3083,data/raw/bhsig260/BHSig160_Hindi/Genuine/H-S-55-G-13.tif,data/raw/bhsig260/BHSig160_Hindi/Genuine/H-S-55-G-24.tif,1,genuine_genuine,100055,0.36299702525138855,0.24711237681898562,0
3084,data/raw/bhsig260/BHSig160_Hindi/Genuine/H-S-55-G-14.tif,data/raw/bhsig260/BHSig160_Hindi/Genuine/H-S-55-G-23.tif,1,genuine_genuine,100055,0.07764651626348495,0.24711237681898562,1
3085,data/raw/bhsig260/BHSig160_Hindi/Genuine/H-S-55-G-01.tif,data/raw/bhsig260/BHSig160_Hindi/Genuine/H-S-55-G-08.tif,1,genuine_genuine,100055,0.09038950502872467,0.24711237681898562,1
3086,data/raw/bhsig260/BHSig160_Hindi/Genuine/H-S-55-G-23.tif,data/raw/bhsig260/BHSig160_Hindi/Genuine/H-S-55-G-24.tif,1,genuine_genuine,100055,0.3762955963611603,0.24711237681898562,0
3087,data/raw/bhsig260/BHSig160_Hindi/Genuine/H-S-55-G-05.tif,data/raw/bhsig260/BHSig160_Hindi/Genuine/H-S-55-G-18.tif,1,genuine_genuine,100055,0.11708670109510422,0.24711237681898562,1
3088,data/raw/bhsig260/BHSig160_Hindi/Genuine/H-S-55-G-04.tif,data/raw/bhsig260/BHSig160_Hindi/Genuine/H-S-55-G-19.tif,1,genuine_genuine,100055,0.07445452362298965,0.24711237681898562,1
3089,data/raw/bhsig260/BHSig160_Hindi/Genuine/H-S-55-G-05.tif,data/raw/bhsig260/BHSig160_Hindi/Genuine/H-S-55-G-21.tif,1,genuine_genuine,100055,0.05202846974134445,0.24711237681898562,1
3090,data/raw/bhsig260/BHSig160_Hindi/Genuine/H-S-55-G-17.tif,data/raw/bhsig260/BHSig160_Hindi/Forged/H-S-55-F-26.tif,0,skilled_forgery,100055,0.36122584342956543,0.24711237681898562,0
3091,data/raw/bhsig260/BHSig160_Hindi/Genuine/H-S-55-G-14.tif,data/raw/bhsig260/BHSig160_Hindi/Forged/H-S-55-F-28.tif,0,skilled_forgery,100055,0.5028213262557983,0.24711237681898562,0
3092,data/raw/bhsig260/BHSig160_Hindi/Genuine/H-S-55-G-09.tif,data/raw/bhsig260/BHSig160_Hindi/Forged/H-S-55-F-08.tif,0,skilled_forgery,100055,0.46230748295783997,0.24711237681898562,0
3093,data/raw/bhsig260/BHSig160_Hindi/Genuine/H-S-55-G-07.tif,data/raw/bhsig260/BHSig160_Hindi/Forged/H-S-55-F-01.tif,0,skilled_forgery,100055,0.2993313670158386,0.24711237681898562,0
3094,data/raw/bhsig260/BHSig160_Hindi/Genuine/H-S-55-G-21.tif,data/raw/bhsig260/BHSig160_Hindi/Forged/H-S-55-F-28.tif,0,skilled_forgery,100055,0.5156660676002502,0.24711237681898562,0
3095,data/raw/bhsig260/BHSig160_Hindi/Genuine/H-S-55-G-17.tif,data/raw/bhsig260/BHSig100_Bengali/Genuine/B-S-71-G-22.tif,0,random_forgery,100055,1.0424319505691528,0.24711237681898562,0
3096,data/raw/bhsig260/BHSig160_Hindi/Genuine/H-S-55-G-21.tif,data/raw/bhsig260/BHSig160_Hindi/Genuine/H-S-62-G-08.tif,0,random_forgery,100055,0.540873110294342,0.24711237681898562,0
3097,data/raw/bhsig260/BHSig160_Hindi/Genuine/H-S-55-G-24.tif,data/raw/bhsig260/BHSig160_Hindi/Genuine/H-S-39-G-05.tif,0,random_forgery,100055,0.5272404551506042,0.24711237681898562,0
3098,data/raw/bhsig260/BHSig160_Hindi/Genuine/H-S-55-G-24.tif,data/raw/bhsig260/BHSig160_Hindi/Genuine/H-S-44-G-21.tif,0,random_forgery,100055,0.3950064480304718,0.24711237681898562,0
3099,data/raw/bhsig260/BHSig160_Hindi/Genuine/H-S-55-G-11.tif,data/raw/bhsig260/BHSig160_Hindi/Genuine/H-S-45-G-12.tif,0,random_forgery,100055,1.4467265605926514,0.24711237681898562,0
3100,data/raw/bhsig260/BHSig160_Hindi/Genuine/H-S-56-G-01.tif,data/raw/bhsig260/BHSig160_Hindi/Genuine/H-S-56-G-22.tif,1,genuine_genuine,100056,0.1555892378091812,0.24711237681898562,1
3101,data/raw/bhsig260/BHSig160_Hindi/Genuine/H-S-56-G-19.tif,data/raw/bhsig260/BHSig160_Hindi/Genuine/H-S-56-G-24.tif,1,genuine_genuine,100056,0.40906429290771484,0.24711237681898562,0
3102,data/raw/bhsig260/BHSig160_Hindi/Genuine/H-S-56-G-13.tif,data/raw/bhsig260/BHSig160_Hindi/Genuine/H-S-56-G-16.tif,1,genuine_genuine,100056,0.1862764209508896,0.24711237681898562,1
3103,data/raw/bhsig260/BHSig160_Hindi/Genuine/H-S-56-G-11.tif,data/raw/bhsig260/BHSig160_Hindi/Genuine/H-S-56-G-13.tif,1,genuine_genuine,100056,0.19354134798049927,0.24711237681898562,1
3104,data/raw/bhsig260/BHSig160_Hindi/Genuine/H-S-56-G-04.tif,data/raw/bhsig260/BHSig160_Hindi/Genuine/H-S-56-G-05.tif,1,genuine_genuine,100056,0.27989551424980164,0.24711237681898562,0
3105,data/raw/bhsig260/BHSig160_Hindi/Genuine/H-S-56-G-14.tif,data/raw/bhsig260/BHSig160_Hindi/Genuine/H-S-56-G-22.tif,1,genuine_genuine,100056,0.33380359411239624,0.24711237681898562,0
3106,data/raw/bhsig260/BHSig160_Hindi/Genuine/H-S-56-G-01.tif,data/raw/bhsig260/BHSig160_Hindi/Genuine/H-S-56-G-24.tif,1,genuine_genuine,100056,0.16291669011116028,0.24711237681898562,1
3107,data/raw/bhsig260/BHSig160_Hindi/Genuine/H-S-56-G-22.tif,data/raw/bhsig260/BHSig160_Hindi/Genuine/H-S-56-G-23.tif,1,genuine_genuine,100056,0.0731913223862648,0.24711237681898562,1
3108,data/raw/bhsig260/BHSig160_Hindi/Genuine/H-S-56-G-05.tif,data/raw/bhsig260/BHSig160_Hindi/Genuine/H-S-56-G-18.tif,1,genuine_genuine,100056,0.16660238802433014,0.24711237681898562,1
3109,data/raw/bhsig260/BHSig160_Hindi/Genuine/H-S-56-G-10.tif,data/raw/bhsig260/BHSig160_Hindi/Genuine/H-S-56-G-20.tif,1,genuine_genuine,100056,0.2727409303188324,0.24711237681898562,0
3110,data/raw/bhsig260/BHSig160_Hindi/Genuine/H-S-56-G-16.tif,data/raw/bhsig260/BHSig160_Hindi/Forged/H-S-56-F-07.tif,0,skilled_forgery,100056,0.3566311001777649,0.24711237681898562,0
3111,data/raw/bhsig260/BHSig160_Hindi/Genuine/H-S-56-G-23.tif,data/raw/bhsig260/BHSig160_Hindi/Forged/H-S-56-F-20.tif,0,skilled_forgery,100056,0.3039117157459259,0.24711237681898562,0
3112,data/raw/bhsig260/BHSig160_Hindi/Genuine/H-S-56-G-12.tif,data/raw/bhsig260/BHSig160_Hindi/Forged/H-S-56-F-23.tif,0,skilled_forgery,100056,0.5552770495414734,0.24711237681898562,0
3113,data/raw/bhsig260/BHSig160_Hindi/Genuine/H-S-56-G-15.tif,data/raw/bhsig260/BHSig160_Hindi/Forged/H-S-56-F-10.tif,0,skilled_forgery,100056,0.3033747971057892,0.24711237681898562,0
3114,data/raw/bhsig260/BHSig160_Hindi/Genuine/H-S-56-G-22.tif,data/raw/bhsig260/BHSig160_Hindi/Forged/H-S-56-F-21.tif,0,skilled_forgery,100056,0.3972102105617523,0.24711237681898562,0
3115,data/raw/bhsig260/BHSig160_Hindi/Genuine/H-S-56-G-20.tif,data/raw/bhsig260/BHSig100_Bengali/Genuine/B-S-2-G-13.tif,0,random_forgery,100056,1.7543691396713257,0.24711237681898562,0
3116,data/raw/bhsig260/BHSig160_Hindi/Genuine/H-S-56-G-19.tif,data/raw/bhsig260/BHSig160_Hindi/Genuine/H-S-55-G-20.tif,0,random_forgery,100056,0.34984761476516724,0.24711237681898562,0
3117,data/raw/bhsig260/BHSig160_Hindi/Genuine/H-S-56-G-21.tif,data/raw/bhsig260/BHSig160_Hindi/Genuine/H-S-087-G-24.tif,0,random_forgery,100056,0.6245140433311462,0.24711237681898562,0
3118,data/raw/bhsig260/BHSig160_Hindi/Genuine/H-S-56-G-12.tif,data/raw/bhsig260/BHSig100_Bengali/Genuine/B-S-24-G-09.tif,0,random_forgery,100056,0.6832543611526489,0.24711237681898562,0
3119,data/raw/bhsig260/BHSig160_Hindi/Genuine/H-S-56-G-23.tif,data/raw/bhsig260/BHSig160_Hindi/Genuine/H-S-4-G-09.tif,0,random_forgery,100056,0.650702714920044,0.24711237681898562,0
3120,data/raw/bhsig260/BHSig160_Hindi/Genuine/H-S-57-G-15.tif,data/raw/bhsig260/BHSig160_Hindi/Genuine/H-S-57-G-18.tif,1,genuine_genuine,100057,0.16092538833618164,0.24711237681898562,1
3121,data/raw/bhsig260/BHSig160_Hindi/Genuine/H-S-57-G-10.tif,data/raw/bhsig260/BHSig160_Hindi/Genuine/H-S-57-G-16.tif,1,genuine_genuine,100057,0.13330316543579102,0.24711237681898562,1
3122,data/raw/bhsig260/BHSig160_Hindi/Genuine/H-S-57-G-01.tif,data/raw/bhsig260/BHSig160_Hindi/Genuine/H-S-57-G-22.tif,1,genuine_genuine,100057,0.10337573289871216,0.24711237681898562,1
3123,data/raw/bhsig260/BHSig160_Hindi/Genuine/H-S-57-G-05.tif,data/raw/bhsig260/BHSig160_Hindi/Genuine/H-S-57-G-06.tif,1,genuine_genuine,100057,0.22056937217712402,0.24711237681898562,1
3124,data/raw/bhsig260/BHSig160_Hindi/Genuine/H-S-57-G-06.tif,data/raw/bhsig260/BHSig160_Hindi/Genuine/H-S-57-G-17.tif,1,genuine_genuine,100057,0.1469547152519226,0.24711237681898562,1
3125,data/raw/bhsig260/BHSig160_Hindi/Genuine/H-S-57-G-17.tif,data/raw/bhsig260/BHSig160_Hindi/Genuine/H-S-57-G-23.tif,1,genuine_genuine,100057,0.03205922618508339,0.24711237681898562,1
3126,data/raw/bhsig260/BHSig160_Hindi/Genuine/H-S-57-G-16.tif,data/raw/bhsig260/BHSig160_Hindi/Genuine/H-S-57-G-20.tif,1,genuine_genuine,100057,0.24635323882102966,0.24711237681898562,1
3127,data/raw/bhsig260/BHSig160_Hindi/Genuine/H-S-57-G-13.tif,data/raw/bhsig260/BHSig160_Hindi/Genuine/H-S-57-G-18.tif,1,genuine_genuine,100057,0.04421477019786835,0.24711237681898562,1
3128,data/raw/bhsig260/BHSig160_Hindi/Genuine/H-S-57-G-16.tif,data/raw/bhsig260/BHSig160_Hindi/Genuine/H-S-57-G-19.tif,1,genuine_genuine,100057,0.09269198775291443,0.24711237681898562,1
3129,data/raw/bhsig260/BHSig160_Hindi/Genuine/H-S-57-G-13.tif,data/raw/bhsig260/BHSig160_Hindi/Genuine/H-S-57-G-24.tif,1,genuine_genuine,100057,0.10698064416646957,0.24711237681898562,1
3130,data/raw/bhsig260/BHSig160_Hindi/Genuine/H-S-57-G-20.tif,data/raw/bhsig260/BHSig160_Hindi/Forged/H-S-57-F-29.tif,0,skilled_forgery,100057,0.47033751010894775,0.24711237681898562,0
3131,data/raw/bhsig260/BHSig160_Hindi/Genuine/H-S-57-G-16.tif,data/raw/bhsig260/BHSig160_Hindi/Forged/H-S-57-F-28.tif,0,skilled_forgery,100057,0.4452346861362457,0.24711237681898562,0
3132,data/raw/bhsig260/BHSig160_Hindi/Genuine/H-S-57-G-11.tif,data/raw/bhsig260/BHSig160_Hindi/Forged/H-S-57-F-22.tif,0,skilled_forgery,100057,0.4016153812408447,0.24711237681898562,0
3133,data/raw/bhsig260/BHSig160_Hindi/Genuine/H-S-57-G-08.tif,data/raw/bhsig260/BHSig160_Hindi/Forged/H-S-57-F-15.tif,0,skilled_forgery,100057,0.45168519020080566,0.24711237681898562,0
3134,data/raw/bhsig260/BHSig160_Hindi/Genuine/H-S-57-G-12.tif,data/raw/bhsig260/BHSig160_Hindi/Forged/H-S-57-F-13.tif,0,skilled_forgery,100057,0.4205675423145294,0.24711237681898562,0
3135,data/raw/bhsig260/BHSig160_Hindi/Genuine/H-S-57-G-02.tif,data/raw/bhsig260/BHSig100_Bengali/Genuine/B-S-49-G-21.tif,0,random_forgery,100057,0.9963688850402832,0.24711237681898562,0
3136,data/raw/bhsig260/BHSig160_Hindi/Genuine/H-S-57-G-20.tif,data/raw/bhsig260/BHSig160_Hindi/Genuine/H-S-142-G-17.tif,0,random_forgery,100057,1.0479512214660645,0.24711237681898562,0
3137,data/raw/bhsig260/BHSig160_Hindi/Genuine/H-S-57-G-09.tif,data/raw/bhsig260/BHSig100_Bengali/Genuine/B-S-1-G-07.tif,0,random_forgery,100057,1.0835767984390259,0.24711237681898562,0
3138,data/raw/bhsig260/BHSig160_Hindi/Genuine/H-S-57-G-09.tif,data/raw/bhsig260/BHSig100_Bengali/Genuine/B-S-63-G-11.tif,0,random_forgery,100057,0.29985231161117554,0.24711237681898562,0
3139,data/raw/bhsig260/BHSig160_Hindi/Genuine/H-S-57-G-19.tif,data/raw/bhsig260/BHSig160_Hindi/Genuine/H-S-56-G-10.tif,0,random_forgery,100057,0.3240199089050293,0.24711237681898562,0
3140,data/raw/bhsig260/BHSig160_Hindi/Genuine/H-S-58-G-20.tif,data/raw/bhsig260/BHSig160_Hindi/Genuine/H-S-58-G-21.tif,1,genuine_genuine,100058,0.13065601885318756,0.24711237681898562,1
3141,data/raw/bhsig260/BHSig160_Hindi/Genuine/H-S-58-G-16.tif,data/raw/bhsig260/BHSig160_Hindi/Genuine/H-S-58-G-18.tif,1,genuine_genuine,100058,0.11693991720676422,0.24711237681898562,1
3142,data/raw/bhsig260/BHSig160_Hindi/Genuine/H-S-58-G-12.tif,data/raw/bhsig260/BHSig160_Hindi/Genuine/H-S-58-G-16.tif,1,genuine_genuine,100058,0.07504488527774811,0.24711237681898562,1
3143,data/raw/bhsig260/BHSig160_Hindi/Genuine/H-S-58-G-16.tif,data/raw/bhsig260/BHSig160_Hindi/Genuine/H-S-58-G-20.tif,1,genuine_genuine,100058,0.17686942219734192,0.24711237681898562,1
3144,data/raw/bhsig260/BHSig160_Hindi/Genuine/H-S-58-G-05.tif,data/raw/bhsig260/BHSig160_Hindi/Genuine/H-S-58-G-06.tif,1,genuine_genuine,100058,0.32907044887542725,0.24711237681898562,0
3145,data/raw/bhsig260/BHSig160_Hindi/Genuine/H-S-58-G-07.tif,data/raw/bhsig260/BHSig160_Hindi/Genuine/H-S-58-G-08.tif,1,genuine_genuine,100058,0.041865408420562744,0.24711237681898562,1
3146,data/raw/bhsig260/BHSig160_Hindi/Genuine/H-S-58-G-07.tif,data/raw/bhsig260/BHSig160_Hindi/Genuine/H-S-58-G-15.tif,1,genuine_genuine,100058,0.07782435417175293,0.24711237681898562,1
3147,data/raw/bhsig260/BHSig160_Hindi/Genuine/H-S-58-G-09.tif,data/raw/bhsig260/BHSig160_Hindi/Genuine/H-S-58-G-13.tif,1,genuine_genuine,100058,0.3771955072879791,0.24711237681898562,0
3148,data/raw/bhsig260/BHSig160_Hindi/Genuine/H-S-58-G-06.tif,data/raw/bhsig260/BHSig160_Hindi/Genuine/H-S-58-G-15.tif,1,genuine_genuine,100058,0.10486096888780594,0.24711237681898562,1
3149,data/raw/bhsig260/BHSig160_Hindi/Genuine/H-S-58-G-11.tif,data/raw/bhsig260/BHSig160_Hindi/Genuine/H-S-58-G-17.tif,1,genuine_genuine,100058,0.318797767162323,0.24711237681898562,0
3150,data/raw/bhsig260/BHSig160_Hindi/Genuine/H-S-58-G-23.tif,data/raw/bhsig260/BHSig160_Hindi/Forged/H-S-58-F-19.tif,0,skilled_forgery,100058,0.2640618681907654,0.24711237681898562,0
3151,data/raw/bhsig260/BHSig160_Hindi/Genuine/H-S-58-G-14.tif,data/raw/bhsig260/BHSig160_Hindi/Forged/H-S-58-F-27.tif,0,skilled_forgery,100058,0.5744285583496094,0.24711237681898562,0
3152,data/raw/bhsig260/BHSig160_Hindi/Genuine/H-S-58-G-08.tif,data/raw/bhsig260/BHSig160_Hindi/Forged/H-S-58-F-29.tif,0,skilled_forgery,100058,0.341590940952301,0.24711237681898562,0
3153,data/raw/bhsig260/BHSig160_Hindi/Genuine/H-S-58-G-05.tif,data/raw/bhsig260/BHSig160_Hindi/Forged/H-S-58-F-10.tif,0,skilled_forgery,100058,0.8606972098350525,0.24711237681898562,0
3154,data/raw/bhsig260/BHSig160_Hindi/Genuine/H-S-58-G-07.tif,data/raw/bhsig260/BHSig160_Hindi/Forged/H-S-58-F-19.tif,0,skilled_forgery,100058,0.47925958037376404,0.24711237681898562,0
3155,data/raw/bhsig260/BHSig160_Hindi/Genuine/H-S-58-G-09.tif,data/raw/bhsig260/BHSig100_Bengali/Genuine/B-S-89-G-03.tif,0,random_forgery,100058,0.6543620228767395,0.24711237681898562,0
3156,data/raw/bhsig260/BHSig160_Hindi/Genuine/H-S-58-G-15.tif,data/raw/bhsig260/BHSig160_Hindi/Genuine/H-S-33-G-14.tif,0,random_forgery,100058,0.5132923126220703,0.24711237681898562,0
3157,data/raw/bhsig260/BHSig160_Hindi/Genuine/H-S-58-G-23.tif,data/raw/bhsig260/BHSig160_Hindi/Genuine/H-S-12-G-10.tif,0,random_forgery,100058,0.40524470806121826,0.24711237681898562,0
3158,data/raw/bhsig260/BHSig160_Hindi/Genuine/H-S-58-G-19.tif,data/raw/bhsig260/BHSig100_Bengali/Genuine/B-S-42-G-02.tif,0,random_forgery,100058,0.8695261478424072,0.24711237681898562,0
3159,data/raw/bhsig260/BHSig160_Hindi/Genuine/H-S-58-G-14.tif,data/raw/bhsig260/BHSig100_Bengali/Genuine/B-S-74-G-22.tif,0,random_forgery,100058,0.8331212997436523,0.24711237681898562,0
3160,data/raw/bhsig260/BHSig160_Hindi/Genuine/H-S-59-G-08.tif,data/raw/bhsig260/BHSig160_Hindi/Genuine/H-S-59-G-16.tif,1,genuine_genuine,100059,0.2480127066373825,0.24711237681898562,0
3161,data/raw/bhsig260/BHSig160_Hindi/Genuine/H-S-59-G-02.tif,data/raw/bhsig260/BHSig160_Hindi/Genuine/H-S-59-G-11.tif,1,genuine_genuine,100059,0.11845851689577103,0.24711237681898562,1
3162,data/raw/bhsig260/BHSig160_Hindi/Genuine/H-S-59-G-02.tif,data/raw/bhsig260/BHSig160_Hindi/Genuine/H-S-59-G-15.tif,1,genuine_genuine,100059,0.5323353409767151,0.24711237681898562,0
3163,data/raw/bhsig260/BHSig160_Hindi/Genuine/H-S-59-G-03.tif,data/raw/bhsig260/BHSig160_Hindi/Genuine/H-S-59-G-06.tif,1,genuine_genuine,100059,0.19100834429264069,0.24711237681898562,1
3164,data/raw/bhsig260/BHSig160_Hindi/Genuine/H-S-59-G-06.tif,data/raw/bhsig260/BHSig160_Hindi/Genuine/H-S-59-G-08.tif,1,genuine_genuine,100059,0.9488435387611389,0.24711237681898562,0
3165,data/raw/bhsig260/BHSig160_Hindi/Genuine/H-S-59-G-04.tif,data/raw/bhsig260/BHSig160_Hindi/Genuine/H-S-59-G-06.tif,1,genuine_genuine,100059,0.389007031917572,0.24711237681898562,0
3166,data/raw/bhsig260/BHSig160_Hindi/Genuine/H-S-59-G-10.tif,data/raw/bhsig260/BHSig160_Hindi/Genuine/H-S-59-G-15.tif,1,genuine_genuine,100059,0.67637699842453,0.24711237681898562,0
3167,data/raw/bhsig260/BHSig160_Hindi/Genuine/H-S-59-G-04.tif,data/raw/bhsig260/BHSig160_Hindi/Genuine/H-S-59-G-18.tif,1,genuine_genuine,100059,0.20397460460662842,0.24711237681898562,1
3168,data/raw/bhsig260/BHSig160_Hindi/Genuine/H-S-59-G-15.tif,data/raw/bhsig260/BHSig160_Hindi/Genuine/H-S-59-G-23.tif,1,genuine_genuine,100059,0.752951443195343,0.24711237681898562,0
3169,data/raw/bhsig260/BHSig160_Hindi/Genuine/H-S-59-G-05.tif,data/raw/bhsig260/BHSig160_Hindi/Genuine/H-S-59-G-19.tif,1,genuine_genuine,100059,0.8181512951850891,0.24711237681898562,0
3170,data/raw/bhsig260/BHSig160_Hindi/Genuine/H-S-59-G-24.tif,data/raw/bhsig260/BHSig160_Hindi/Forged/H-S-59-F-01.tif,0,skilled_forgery,100059,0.2957976460456848,0.24711237681898562,0
3171,data/raw/bhsig260/BHSig160_Hindi/Genuine/H-S-59-G-04.tif,data/raw/bhsig260/BHSig160_Hindi/Forged/H-S-59-F-08.tif,0,skilled_forgery,100059,0.24337075650691986,0.24711237681898562,1
3172,data/raw/bhsig260/BHSig160_Hindi/Genuine/H-S-59-G-17.tif,data/raw/bhsig260/BHSig160_Hindi/Forged/H-S-59-F-21.tif,0,skilled_forgery,100059,0.5779879689216614,0.24711237681898562,0
3173,data/raw/bhsig260/BHSig160_Hindi/Genuine/H-S-59-G-18.tif,data/raw/bhsig260/BHSig160_Hindi/Forged/H-S-59-F-05.tif,0,skilled_forgery,100059,0.26355844736099243,0.24711237681898562,0
3174,data/raw/bhsig260/BHSig160_Hindi/Genuine/H-S-59-G-11.tif,data/raw/bhsig260/BHSig160_Hindi/Forged/H-S-59-F-10.tif,0,skilled_forgery,100059,0.5705773234367371,0.24711237681898562,0
3175,data/raw/bhsig260/BHSig160_Hindi/Genuine/H-S-59-G-19.tif,data/raw/bhsig260/BHSig160_Hindi/Genuine/H-S-035-G-08.tif,0,random_forgery,100059,1.0629541873931885,0.24711237681898562,0
3176,data/raw/bhsig260/BHSig160_Hindi/Genuine/H-S-59-G-03.tif,data/raw/bhsig260/BHSig160_Hindi/Genuine/H-S-15-G-13.tif,0,random_forgery,100059,0.2681419551372528,0.24711237681898562,0
3177,data/raw/bhsig260/BHSig160_Hindi/Genuine/H-S-59-G-03.tif,data/raw/bhsig260/BHSig160_Hindi/Genuine/H-S-98-G-16.tif,0,random_forgery,100059,0.1557796746492386,0.24711237681898562,1
3178,data/raw/bhsig260/BHSig160_Hindi/Genuine/H-S-59-G-03.tif,data/raw/bhsig260/BHSig160_Hindi/Genuine/H-S-54-G-09.tif,0,random_forgery,100059,0.8350372314453125,0.24711237681898562,0
3179,data/raw/bhsig260/BHSig160_Hindi/Genuine/H-S-59-G-10.tif,data/raw/bhsig260/BHSig100_Bengali/Genuine/B-S-74-G-14.tif,0,random_forgery,100059,0.3945232629776001,0.24711237681898562,0
3180,data/raw/bhsig260/BHSig160_Hindi/Genuine/H-S-60-G-05.tif,data/raw/bhsig260/BHSig160_Hindi/Genuine/H-S-60-G-14.tif,1,genuine_genuine,100060,0.3508148193359375,0.24711237681898562,0
3181,data/raw/bhsig260/BHSig160_Hindi/Genuine/H-S-60-G-03.tif,data/raw/bhsig260/BHSig160_Hindi/Genuine/H-S-60-G-12.tif,1,genuine_genuine,100060,0.350650429725647,0.24711237681898562,0
3182,data/raw/bhsig260/BHSig160_Hindi/Genuine/H-S-60-G-06.tif,data/raw/bhsig260/BHSig160_Hindi/Genuine/H-S-60-G-24.tif,1,genuine_genuine,100060,0.432146817445755,0.24711237681898562,0
3183,data/raw/bhsig260/BHSig160_Hindi/Genuine/H-S-60-G-05.tif,data/raw/bhsig260/BHSig160_Hindi/Genuine/H-S-60-G-21.tif,1,genuine_genuine,100060,0.12801353633403778,0.24711237681898562,1
3184,data/raw/bhsig260/BHSig160_Hindi/Genuine/H-S-60-G-11.tif,data/raw/bhsig260/BHSig160_Hindi/Genuine/H-S-60-G-18.tif,1,genuine_genuine,100060,0.2775261104106903,0.24711237681898562,0
3185,data/raw/bhsig260/BHSig160_Hindi/Genuine/H-S-60-G-10.tif,data/raw/bhsig260/BHSig160_Hindi/Genuine/H-S-60-G-21.tif,1,genuine_genuine,100060,0.48966845870018005,0.24711237681898562,0
3186,data/raw/bhsig260/BHSig160_Hindi/Genuine/H-S-60-G-09.tif,data/raw/bhsig260/BHSig160_Hindi/Genuine/H-S-60-G-19.tif,1,genuine_genuine,100060,0.17878389358520508,0.24711237681898562,1
3187,data/raw/bhsig260/BHSig160_Hindi/Genuine/H-S-60-G-09.tif,data/raw/bhsig260/BHSig160_Hindi/Genuine/H-S-60-G-15.tif,1,genuine_genuine,100060,0.18393446505069733,0.24711237681898562,1
3188,data/raw/bhsig260/BHSig160_Hindi/Genuine/H-S-60-G-08.tif,data/raw/bhsig260/BHSig160_Hindi/Genuine/H-S-60-G-22.tif,1,genuine_genuine,100060,0.4095920920372009,0.24711237681898562,0
3189,data/raw/bhsig260/BHSig160_Hindi/Genuine/H-S-60-G-17.tif,data/raw/bhsig260/BHSig160_Hindi/Genuine/H-S-60-G-23.tif,1,genuine_genuine,100060,0.2584376335144043,0.24711237681898562,0
3190,data/raw/bhsig260/BHSig160_Hindi/Genuine/H-S-60-G-18.tif,data/raw/bhsig260/BHSig160_Hindi/Forged/H-S-60-F-02.tif,0,skilled_forgery,100060,1.004805564880371,0.24711237681898562,0
3191,data/raw/bhsig260/BHSig160_Hindi/Genuine/H-S-60-G-07.tif,data/raw/bhsig260/BHSig160_Hindi/Forged/H-S-60-F-21.tif,0,skilled_forgery,100060,0.4253220558166504,0.24711237681898562,0
3192,data/raw/bhsig260/BHSig160_Hindi/Genuine/H-S-60-G-09.tif,data/raw/bhsig260/BHSig160_Hindi/Forged/H-S-60-F-10.tif,0,skilled_forgery,100060,0.3884665071964264,0.24711237681898562,0
3193,data/raw/bhsig260/BHSig160_Hindi/Genuine/H-S-60-G-22.tif,data/raw/bhsig260/BHSig160_Hindi/Forged/H-S-60-F-20.tif,0,skilled_forgery,100060,0.45657604932785034,0.24711237681898562,0
3194,data/raw/bhsig260/BHSig160_Hindi/Genuine/H-S-60-G-01.tif,data/raw/bhsig260/BHSig160_Hindi/Forged/H-S-60-F-23.tif,0,skilled_forgery,100060,0.19077076017856598,0.24711237681898562,1
3195,data/raw/bhsig260/BHSig160_Hindi/Genuine/H-S-60-G-10.tif,data/raw/bhsig260/BHSig100_Bengali/Genuine/B-S-7-G-01.tif,0,random_forgery,100060,0.3749831020832062,0.24711237681898562,0
3196,data/raw/bhsig260/BHSig160_Hindi/Genuine/H-S-60-G-10.tif,data/raw/bhsig260/BHSig160_Hindi/Genuine/H-S-111-G-12.tif,0,random_forgery,100060,0.2999900281429291,0.24711237681898562,0
3197,data/raw/bhsig260/BHSig160_Hindi/Genuine/H-S-60-G-18.tif,data/raw/bhsig260/BHSig160_Hindi/Genuine/H-S-28-G-17.tif,0,random_forgery,100060,0.9684749245643616,0.24711237681898562,0
3198,data/raw/bhsig260/BHSig160_Hindi/Genuine/H-S-60-G-21.tif,data/raw/bhsig260/BHSig100_Bengali/Genuine/B-S-33-G-03.tif,0,random_forgery,100060,0.8841500282287598,0.24711237681898562,0
3199,data/raw/bhsig260/BHSig160_Hindi/Genuine/H-S-60-G-13.tif,data/raw/bhsig260/BHSig100_Bengali/Genuine/B-S-79-G-05.tif,0,random_forgery,100060,0.5695040225982666,0.24711237681898562,0
3200,data/raw/bhsig260/BHSig160_Hindi/Genuine/H-S-61-G-07.tif,data/raw/bhsig260/BHSig160_Hindi/Genuine/H-S-61-G-12.tif,1,genuine_genuine,100061,0.13403333723545074,0.24711237681898562,1
3201,data/raw/bhsig260/BHSig160_Hindi/Genuine/H-S-61-G-06.tif,data/raw/bhsig260/BHSig160_Hindi/Genuine/H-S-61-G-18.tif,1,genuine_genuine,100061,0.14259031414985657,0.24711237681898562,1
3202,data/raw/bhsig260/BHSig160_Hindi/Genuine/H-S-61-G-02.tif,data/raw/bhsig260/BHSig160_Hindi/Genuine/H-S-61-G-13.tif,1,genuine_genuine,100061,0.08448585122823715,0.24711237681898562,1
3203,data/raw/bhsig260/BHSig160_Hindi/Genuine/H-S-61-G-16.tif,data/raw/bhsig260/BHSig160_Hindi/Genuine/H-S-61-G-21.tif,1,genuine_genuine,100061,0.12880711257457733,0.24711237681898562,1
3204,data/raw/bhsig260/BHSig160_Hindi/Genuine/H-S-61-G-19.tif,data/raw/bhsig260/BHSig160_Hindi/Genuine/H-S-61-G-23.tif,1,genuine_genuine,100061,0.08525647222995758,0.24711237681898562,1
3205,data/raw/bhsig260/BHSig160_Hindi/Genuine/H-S-61-G-11.tif,data/raw/bhsig260/BHSig160_Hindi/Genuine/H-S-61-G-21.tif,1,genuine_genuine,100061,0.29517924785614014,0.24711237681898562,0
3206,data/raw/bhsig260/BHSig160_Hindi/Genuine/H-S-61-G-15.tif,data/raw/bhsig260/BHSig160_Hindi/Genuine/H-S-61-G-22.tif,1,genuine_genuine,100061,0.09826933592557907,0.24711237681898562,1
3207,data/raw/bhsig260/BHSig160_Hindi/Genuine/H-S-61-G-04.tif,data/raw/bhsig260/BHSig160_Hindi/Genuine/H-S-61-G-19.tif,1,genuine_genuine,100061,0.14251390099525452,0.24711237681898562,1
3208,data/raw/bhsig260/BHSig160_Hindi/Genuine/H-S-61-G-07.tif,data/raw/bhsig260/BHSig160_Hindi/Genuine/H-S-61-G-11.tif,1,genuine_genuine,100061,0.05918024480342865,0.24711237681898562,1
3209,data/raw/bhsig260/BHSig160_Hindi/Genuine/H-S-61-G-05.tif,data/raw/bhsig260/BHSig160_Hindi/Genuine/H-S-61-G-12.tif,1,genuine_genuine,100061,0.13581132888793945,0.24711237681898562,1
3210,data/raw/bhsig260/BHSig160_Hindi/Genuine/H-S-61-G-16.tif,data/raw/bhsig260/BHSig160_Hindi/Forged/H-S-61-F-14.tif,0,skilled_forgery,100061,0.44214925169944763,0.24711237681898562,0
3211,data/raw/bhsig260/BHSig160_Hindi/Genuine/H-S-61-G-11.tif,data/raw/bhsig260/BHSig160_Hindi/Forged/H-S-61-F-05.tif,0,skilled_forgery,100061,0.2566589117050171,0.24711237681898562,0
3212,data/raw/bhsig260/BHSig160_Hindi/Genuine/H-S-61-G-14.tif,data/raw/bhsig260/BHSig160_Hindi/Forged/H-S-61-F-11.tif,0,skilled_forgery,100061,0.2682283818721771,0.24711237681898562,0
3213,data/raw/bhsig260/BHSig160_Hindi/Genuine/H-S-61-G-18.tif,data/raw/bhsig260/BHSig160_Hindi/Forged/H-S-61-F-08.tif,0,skilled_forgery,100061,0.4353197515010834,0.24711237681898562,0
3214,data/raw/bhsig260/BHSig160_Hindi/Genuine/H-S-61-G-14.tif,data/raw/bhsig260/BHSig160_Hindi/Forged/H-S-61-F-04.tif,0,skilled_forgery,100061,0.2665579617023468,0.24711237681898562,0
3215,data/raw/bhsig260/BHSig160_Hindi/Genuine/H-S-61-G-11.tif,data/raw/bhsig260/BHSig100_Bengali/Genuine/B-S-57-G-03.tif,0,random_forgery,100061,0.5427838563919067,0.24711237681898562,0
3216,data/raw/bhsig260/BHSig160_Hindi/Genuine/H-S-61-G-09.tif,data/raw/bhsig260/BHSig100_Bengali/Genuine/B-S-43-G-01.tif,0,random_forgery,100061,0.9410066604614258,0.24711237681898562,0
3217,data/raw/bhsig260/BHSig160_Hindi/Genuine/H-S-61-G-08.tif,data/raw/bhsig260/BHSig160_Hindi/Genuine/H-S-46-G-02.tif,0,random_forgery,100061,0.7883905172348022,0.24711237681898562,0
3218,data/raw/bhsig260/BHSig160_Hindi/Genuine/H-S-61-G-02.tif,data/raw/bhsig260/BHSig100_Bengali/Genuine/B-S-2-G-12.tif,0,random_forgery,100061,1.6154323816299438,0.24711237681898562,0
3219,data/raw/bhsig260/BHSig160_Hindi/Genuine/H-S-61-G-16.tif,data/raw/bhsig260/BHSig100_Bengali/Genuine/B-S-55-G-19.tif,0,random_forgery,100061,1.0590664148330688,0.24711237681898562,0
3220,data/raw/bhsig260/BHSig160_Hindi/Genuine/H-S-62-G-04.tif,data/raw/bhsig260/BHSig160_Hindi/Genuine/H-S-62-G-19.tif,1,genuine_genuine,100062,0.2362028956413269,0.24711237681898562,1
3221,data/raw/bhsig260/BHSig160_Hindi/Genuine/H-S-62-G-17.tif,data/raw/bhsig260/BHSig160_Hindi/Genuine/H-S-62-G-19.tif,1,genuine_genuine,100062,0.38939327001571655,0.24711237681898562,0
3222,data/raw/bhsig260/BHSig160_Hindi/Genuine/H-S-62-G-04.tif,data/raw/bhsig260/BHSig160_Hindi/Genuine/H-S-62-G-05.tif,1,genuine_genuine,100062,0.21141692996025085,0.24711237681898562,1
3223,data/raw/bhsig260/BHSig160_Hindi/Genuine/H-S-62-G-01.tif,data/raw/bhsig260/BHSig160_Hindi/Genuine/H-S-62-G-23.tif,1,genuine_genuine,100062,0.1450759768486023,0.24711237681898562,1
3224,data/raw/bhsig260/BHSig160_Hindi/Genuine/H-S-62-G-08.tif,data/raw/bhsig260/BHSig160_Hindi/Genuine/H-S-62-G-09.tif,1,genuine_genuine,100062,0.12438615411520004,0.24711237681898562,1
3225,data/raw/bhsig260/BHSig160_Hindi/Genuine/H-S-62-G-18.tif,data/raw/bhsig260/BHSig160_Hindi/Genuine/H-S-62-G-19.tif,1,genuine_genuine,100062,0.060009073466062546,0.24711237681898562,1
3226,data/raw/bhsig260/BHSig160_Hindi/Genuine/H-S-62-G-03.tif,data/raw/bhsig260/BHSig160_Hindi/Genuine/H-S-62-G-18.tif,1,genuine_genuine,100062,0.035026371479034424,0.24711237681898562,1
3227,data/raw/bhsig260/BHSig160_Hindi/Genuine/H-S-62-G-01.tif,data/raw/bhsig260/BHSig160_Hindi/Genuine/H-S-62-G-11.tif,1,genuine_genuine,100062,0.16453917324543,0.24711237681898562,1
3228,data/raw/bhsig260/BHSig160_Hindi/Genuine/H-S-62-G-05.tif,data/raw/bhsig260/BHSig160_Hindi/Genuine/H-S-62-G-24.tif,1,genuine_genuine,100062,0.19902688264846802,0.24711237681898562,1
3229,data/raw/bhsig260/BHSig160_Hindi/Genuine/H-S-62-G-13.tif,data/raw/bhsig260/BHSig160_Hindi/Genuine/H-S-62-G-20.tif,1,genuine_genuine,100062,0.34556519985198975,0.24711237681898562,0
3230,data/raw/bhsig260/BHSig160_Hindi/Genuine/H-S-62-G-13.tif,data/raw/bhsig260/BHSig160_Hindi/Forged/H-S-62-F-01.tif,0,skilled_forgery,100062,0.41307562589645386,0.24711237681898562,0
3231,data/raw/bhsig260/BHSig160_Hindi/Genuine/H-S-62-G-13.tif,data/raw/bhsig260/BHSig160_Hindi/Forged/H-S-62-F-12.tif,0,skilled_forgery,100062,0.23466038703918457,0.24711237681898562,1
3232,data/raw/bhsig260/BHSig160_Hindi/Genuine/H-S-62-G-14.tif,data/raw/bhsig260/BHSig160_Hindi/Forged/H-S-62-F-14.tif,0,skilled_forgery,100062,0.11498177796602249,0.24711237681898562,1
3233,data/raw/bhsig260/BHSig160_Hindi/Genuine/H-S-62-G-04.tif,data/raw/bhsig260/BHSig160_Hindi/Forged/H-S-62-F-05.tif,0,skilled_forgery,100062,0.289105623960495,0.24711237681898562,0
3234,data/raw/bhsig260/BHSig160_Hindi/Genuine/H-S-62-G-19.tif,data/raw/bhsig260/BHSig160_Hindi/Forged/H-S-62-F-15.tif,0,skilled_forgery,100062,0.2960948348045349,0.24711237681898562,0
3235,data/raw/bhsig260/BHSig160_Hindi/Genuine/H-S-62-G-20.tif,data/raw/bhsig260/BHSig160_Hindi/Genuine/H-S-111-G-24.tif,0,random_forgery,100062,1.1662782430648804,0.24711237681898562,0
3236,data/raw/bhsig260/BHSig160_Hindi/Genuine/H-S-62-G-19.tif,data/raw/bhsig260/BHSig160_Hindi/Genuine/H-S-65-G-17.tif,0,random_forgery,100062,0.4312954246997833,0.24711237681898562,0
3237,data/raw/bhsig260/BHSig160_Hindi/Genuine/H-S-62-G-20.tif,data/raw/bhsig260/BHSig160_Hindi/Genuine/H-S-48-G-01.tif,0,random_forgery,100062,0.3678613603115082,0.24711237681898562,0
3238,data/raw/bhsig260/BHSig160_Hindi/Genuine/H-S-62-G-20.tif,data/raw/bhsig260/BHSig100_Bengali/Genuine/B-S-16-G-08.tif,0,random_forgery,100062,1.3077266216278076,0.24711237681898562,0
3239,data/raw/bhsig260/BHSig160_Hindi/Genuine/H-S-62-G-03.tif,data/raw/bhsig260/BHSig100_Bengali/Genuine/B-S-1-G-05.tif,0,random_forgery,100062,0.614704430103302,0.24711237681898562,0
3240,data/raw/bhsig260/BHSig160_Hindi/Genuine/H-S-63-G-19.tif,data/raw/bhsig260/BHSig160_Hindi/Genuine/H-S-63-G-21.tif,1,genuine_genuine,100063,0.1153058260679245,0.24711237681898562,1
3241,data/raw/bhsig260/BHSig160_Hindi/Genuine/H-S-63-G-12.tif,data/raw/bhsig260/BHSig160_Hindi/Genuine/H-S-63-G-16.tif,1,genuine_genuine,100063,0.04074113443493843,0.24711237681898562,1
3242,data/raw/bhsig260/BHSig160_Hindi/Genuine/H-S-63-G-04.tif,data/raw/bhsig260/BHSig160_Hindi/Genuine/H-S-63-G-22.tif,1,genuine_genuine,100063,0.09028761833906174,0.24711237681898562,1
3243,data/raw/bhsig260/BHSig160_Hindi/Genuine/H-S-63-G-11.tif,data/raw/bhsig260/BHSig160_Hindi/Genuine/H-S-63-G-14.tif,1,genuine_genuine,100063,0.15483225882053375,0.24711237681898562,1
3244,data/raw/bhsig260/BHSig160_Hindi/Genuine/H-S-63-G-06.tif,data/raw/bhsig260/BHSig160_Hindi/Genuine/H-S-63-G-22.tif,1,genuine_genuine,100063,0.1980952024459839,0.24711237681898562,1
3245,data/raw/bhsig260/BHSig160_Hindi/Genuine/H-S-63-G-16.tif,data/raw/bhsig260/BHSig160_Hindi/Genuine/H-S-63-G-18.tif,1,genuine_genuine,100063,0.05979350954294205,0.24711237681898562,1
3246,data/raw/bhsig260/BHSig160_Hindi/Genuine/H-S-63-G-02.tif,data/raw/bhsig260/BHSig160_Hindi/Genuine/H-S-63-G-13.tif,1,genuine_genuine,100063,0.3714607357978821,0.24711237681898562,0
3247,data/raw/bhsig260/BHSig160_Hindi/Genuine/H-S-63-G-02.tif,data/raw/bhsig260/BHSig160_Hindi/Genuine/H-S-63-G-08.tif,1,genuine_genuine,100063,0.3631342649459839,0.24711237681898562,0
3248,data/raw/bhsig260/BHSig160_Hindi/Genuine/H-S-63-G-18.tif,data/raw/bhsig260/BHSig160_Hindi/Genuine/H-S-63-G-22.tif,1,genuine_genuine,100063,0.1054077297449112,0.24711237681898562,1
3249,data/raw/bhsig260/BHSig160_Hindi/Genuine/H-S-63-G-07.tif,data/raw/bhsig260/BHSig160_Hindi/Genuine/H-S-63-G-08.tif,1,genuine_genuine,100063,0.16945447027683258,0.24711237681898562,1
3250,data/raw/bhsig260/BHSig160_Hindi/Genuine/H-S-63-G-21.tif,data/raw/bhsig260/BHSig160_Hindi/Forged/H-S-63-F-26.tif,0,skilled_forgery,100063,0.16594260931015015,0.24711237681898562,1
3251,data/raw/bhsig260/BHSig160_Hindi/Genuine/H-S-63-G-22.tif,data/raw/bhsig260/BHSig160_Hindi/Forged/H-S-63-F-11.tif,0,skilled_forgery,100063,0.3219093084335327,0.24711237681898562,0
3252,data/raw/bhsig260/BHSig160_Hindi/Genuine/H-S-63-G-11.tif,data/raw/bhsig260/BHSig160_Hindi/Forged/H-S-63-F-12.tif,0,skilled_forgery,100063,0.2551215887069702,0.24711237681898562,0
3253,data/raw/bhsig260/BHSig160_Hindi/Genuine/H-S-63-G-08.tif,data/raw/bhsig260/BHSig160_Hindi/Forged/H-S-63-F-15.tif,0,skilled_forgery,100063,0.48413851857185364,0.24711237681898562,0
3254,data/raw/bhsig260/BHSig160_Hindi/Genuine/H-S-63-G-18.tif,data/raw/bhsig260/BHSig160_Hindi/Forged/H-S-63-F-29.tif,0,skilled_forgery,100063,0.09555192291736603,0.24711237681898562,1
3255,data/raw/bhsig260/BHSig160_Hindi/Genuine/H-S-63-G-19.tif,data/raw/bhsig260/BHSig100_Bengali/Genuine/B-S-86-G-19.tif,0,random_forgery,100063,0.354971319437027,0.24711237681898562,0
3256,data/raw/bhsig260/BHSig160_Hindi/Genuine/H-S-63-G-16.tif,data/raw/bhsig260/BHSig160_Hindi/Genuine/H-S-125-G-21.tif,0,random_forgery,100063,0.36986595392227173,0.24711237681898562,0
3257,data/raw/bhsig260/BHSig160_Hindi/Genuine/H-S-63-G-05.tif,data/raw/bhsig260/BHSig160_Hindi/Genuine/H-S-116-G-05.tif,0,random_forgery,100063,0.5260879397392273,0.24711237681898562,0
3258,data/raw/bhsig260/BHSig160_Hindi/Genuine/H-S-63-G-06.tif,data/raw/bhsig260/BHSig160_Hindi/Genuine/H-S-96-G-11.tif,0,random_forgery,100063,0.3847985863685608,0.24711237681898562,0
3259,data/raw/bhsig260/BHSig160_Hindi/Genuine/H-S-63-G-15.tif,data/raw/bhsig260/BHSig160_Hindi/Genuine/H-S-152-G-24.tif,0,random_forgery,100063,0.33968910574913025,0.24711237681898562,0
3260,data/raw/bhsig260/BHSig160_Hindi/Genuine/H-S-64-G-14.tif,data/raw/bhsig260/BHSig160_Hindi/Genuine/H-S-64-G-16.tif,1,genuine_genuine,100064,0.048859577625989914,0.24711237681898562,1
3261,data/raw/bhsig260/BHSig160_Hindi/Genuine/H-S-64-G-16.tif,data/raw/bhsig260/BHSig160_Hindi/Genuine/H-S-64-G-18.tif,1,genuine_genuine,100064,0.1619320511817932,0.24711237681898562,1
3262,data/raw/bhsig260/BHSig160_Hindi/Genuine/H-S-64-G-01.tif,data/raw/bhsig260/BHSig160_Hindi/Genuine/H-S-64-G-13.tif,1,genuine_genuine,100064,0.12390093505382538,0.24711237681898562,1
3263,data/raw/bhsig260/BHSig160_Hindi/Genuine/H-S-64-G-04.tif,data/raw/bhsig260/BHSig160_Hindi/Genuine/H-S-64-G-23.tif,1,genuine_genuine,100064,0.402784526348114,0.24711237681898562,0
3264,data/raw/bhsig260/BHSig160_Hindi/Genuine/H-S-64-G-07.tif,data/raw/bhsig260/BHSig160_Hindi/Genuine/H-S-64-G-23.tif,1,genuine_genuine,100064,0.4673197567462921,0.24711237681898562,0
3265,data/raw/bhsig260/BHSig160_Hindi/Genuine/H-S-64-G-12.tif,data/raw/bhsig260/BHSig160_Hindi/Genuine/H-S-64-G-20.tif,1,genuine_genuine,100064,0.5072003602981567,0.24711237681898562,0
3266,data/raw/bhsig260/BHSig160_Hindi/Genuine/H-S-64-G-05.tif,data/raw/bhsig260/BHSig160_Hindi/Genuine/H-S-64-G-17.tif,1,genuine_genuine,100064,0.20481236279010773,0.24711237681898562,1
3267,data/raw/bhsig260/BHSig160_Hindi/Genuine/H-S-64-G-18.tif,data/raw/bhsig260/BHSig160_Hindi/Genuine/H-S-64-G-24.tif,1,genuine_genuine,100064,0.28888386487960815,0.24711237681898562,0
3268,data/raw/bhsig260/BHSig160_Hindi/Genuine/H-S-64-G-14.tif,data/raw/bhsig260/BHSig160_Hindi/Genuine/H-S-64-G-18.tif,1,genuine_genuine,100064,0.15823936462402344,0.24711237681898562,1
3269,data/raw/bhsig260/BHSig160_Hindi/Genuine/H-S-64-G-04.tif,data/raw/bhsig260/BHSig160_Hindi/Genuine/H-S-64-G-19.tif,1,genuine_genuine,100064,0.13461174070835114,0.24711237681898562,1
3270,data/raw/bhsig260/BHSig160_Hindi/Genuine/H-S-64-G-05.tif,data/raw/bhsig260/BHSig160_Hindi/Forged/H-S-64-F-24.tif,0,skilled_forgery,100064,0.36848610639572144,0.24711237681898562,0
3271,data/raw/bhsig260/BHSig160_Hindi/Genuine/H-S-64-G-07.tif,data/raw/bhsig260/BHSig160_Hindi/Forged/H-S-64-F-14.tif,0,skilled_forgery,100064,0.3479667603969574,0.24711237681898562,0
3272,data/raw/bhsig260/BHSig160_Hindi/Genuine/H-S-64-G-11.tif,data/raw/bhsig260/BHSig160_Hindi/Forged/H-S-64-F-18.tif,0,skilled_forgery,100064,0.16427269577980042,0.24711237681898562,1
3273,data/raw/bhsig260/BHSig160_Hindi/Genuine/H-S-64-G-08.tif,data/raw/bhsig260/BHSig160_Hindi/Forged/H-S-64-F-27.tif,0,skilled_forgery,100064,0.3606608510017395,0.24711237681898562,0
3274,data/raw/bhsig260/BHSig160_Hindi/Genuine/H-S-64-G-10.tif,data/raw/bhsig260/BHSig160_Hindi/Forged/H-S-64-F-01.tif,0,skilled_forgery,100064,0.28231555223464966,0.24711237681898562,0
3275,data/raw/bhsig260/BHSig160_Hindi/Genuine/H-S-64-G-17.tif,data/raw/bhsig260/BHSig160_Hindi/Genuine/H-S-63-G-22.tif,0,random_forgery,100064,0.47017964720726013,0.24711237681898562,0
3276,data/raw/bhsig260/BHSig160_Hindi/Genuine/H-S-64-G-15.tif,data/raw/bhsig260/BHSig100_Bengali/Genuine/B-S-47-G-21.tif,0,random_forgery,100064,1.591746211051941,0.24711237681898562,0
3277,data/raw/bhsig260/BHSig160_Hindi/Genuine/H-S-64-G-14.tif,data/raw/bhsig260/BHSig160_Hindi/Genuine/H-S-076-G-02.tif,0,random_forgery,100064,0.9813687801361084,0.24711237681898562,0
3278,data/raw/bhsig260/BHSig160_Hindi/Genuine/H-S-64-G-17.tif,data/raw/bhsig260/BHSig100_Bengali/Genuine/B-S-49-G-20.tif,0,random_forgery,100064,0.7149909138679504,0.24711237681898562,0
3279,data/raw/bhsig260/BHSig160_Hindi/Genuine/H-S-64-G-15.tif,data/raw/bhsig260/BHSig160_Hindi/Genuine/H-S-46-G-14.tif,0,random_forgery,100064,0.9511502981185913,0.24711237681898562,0
3280,data/raw/bhsig260/BHSig160_Hindi/Genuine/H-S-65-G-06.tif,data/raw/bhsig260/BHSig160_Hindi/Genuine/H-S-65-G-10.tif,1,genuine_genuine,100065,0.3342753052711487,0.24711237681898562,0
3281,data/raw/bhsig260/BHSig160_Hindi/Genuine/H-S-65-G-17.tif,data/raw/bhsig260/BHSig160_Hindi/Genuine/H-S-65-G-18.tif,1,genuine_genuine,100065,0.1436707079410553,0.24711237681898562,1
3282,data/raw/bhsig260/BHSig160_Hindi/Genuine/H-S-65-G-10.tif,data/raw/bhsig260/BHSig160_Hindi/Genuine/H-S-65-G-21.tif,1,genuine_genuine,100065,0.06665059924125671,0.24711237681898562,1
3283,data/raw/bhsig260/BHSig160_Hindi/Genuine/H-S-65-G-08.tif,data/raw/bhsig260/BHSig160_Hindi/Genuine/H-S-65-G-12.tif,1,genuine_genuine,100065,0.32094043493270874,0.24711237681898562,0
3284,data/raw/bhsig260/BHSig160_Hindi/Genuine/H-S-65-G-02.tif,data/raw/bhsig260/BHSig160_Hindi/Genuine/H-S-65-G-18.tif,1,genuine_genuine,100065,0.2984318733215332,0.24711237681898562,0
3285,data/raw/bhsig260/BHSig160_Hindi/Genuine/H-S-65-G-08.tif,data/raw/bhsig260/BHSig160_Hindi/Genuine/H-S-65-G-16.tif,1,genuine_genuine,100065,0.3045283257961273,0.24711237681898562,0
3286,data/raw/bhsig260/BHSig160_Hindi/Genuine/H-S-65-G-03.tif,data/raw/bhsig260/BHSig160_Hindi/Genuine/H-S-65-G-10.tif,1,genuine_genuine,100065,0.1680820733308792,0.24711237681898562,1
3287,data/raw/bhsig260/BHSig160_Hindi/Genuine/H-S-65-G-09.tif,data/raw/bhsig260/BHSig160_Hindi/Genuine/H-S-65-G-20.tif,1,genuine_genuine,100065,0.321276992559433,0.24711237681898562,0
3288,data/raw/bhsig260/BHSig160_Hindi/Genuine/H-S-65-G-06.tif,data/raw/bhsig260/BHSig160_Hindi/Genuine/H-S-65-G-11.tif,1,genuine_genuine,100065,0.046165063977241516,0.24711237681898562,1
3289,data/raw/bhsig260/BHSig160_Hindi/Genuine/H-S-65-G-01.tif,data/raw/bhsig260/BHSig160_Hindi/Genuine/H-S-65-G-20.tif,1,genuine_genuine,100065,0.19547870755195618,0.24711237681898562,1
3290,data/raw/bhsig260/BHSig160_Hindi/Genuine/H-S-65-G-05.tif,data/raw/bhsig260/BHSig160_Hindi/Forged/H-S-65-F-02.tif,0,skilled_forgery,100065,0.8220354318618774,0.24711237681898562,0
3291,data/raw/bhsig260/BHSig160_Hindi/Genuine/H-S-65-G-15.tif,data/raw/bhsig260/BHSig160_Hindi/Forged/H-S-65-F-25.tif,0,skilled_forgery,100065,0.6029182076454163,0.24711237681898562,0
3292,data/raw/bhsig260/BHSig160_Hindi/Genuine/H-S-65-G-03.tif,data/raw/bhsig260/BHSig160_Hindi/Forged/H-S-65-F-01.tif,0,skilled_forgery,100065,0.48426103591918945,0.24711237681898562,0
3293,data/raw/bhsig260/BHSig160_Hindi/Genuine/H-S-65-G-06.tif,data/raw/bhsig260/BHSig160_Hindi/Forged/H-S-65-F-13.tif,0,skilled_forgery,100065,0.7139486074447632,0.24711237681898562,0
3294,data/raw/bhsig260/BHSig160_Hindi/Genuine/H-S-65-G-03.tif,data/raw/bhsig260/BHSig160_Hindi/Forged/H-S-65-F-30.tif,0,skilled_forgery,100065,0.81857830286026,0.24711237681898562,0
3295,data/raw/bhsig260/BHSig160_Hindi/Genuine/H-S-65-G-21.tif,data/raw/bhsig260/BHSig100_Bengali/Genuine/B-S-60-G-11.tif,0,random_forgery,100065,0.8079156875610352,0.24711237681898562,0
3296,data/raw/bhsig260/BHSig160_Hindi/Genuine/H-S-65-G-18.tif,data/raw/bhsig260/BHSig100_Bengali/Genuine/B-S-97-G-04.tif,0,random_forgery,100065,1.0818005800247192,0.24711237681898562,0
3297,data/raw/bhsig260/BHSig160_Hindi/Genuine/H-S-65-G-08.tif,data/raw/bhsig260/BHSig160_Hindi/Genuine/H-S-73-G-19.tif,0,random_forgery,100065,0.9138443470001221,0.24711237681898562,0
3298,data/raw/bhsig260/BHSig160_Hindi/Genuine/H-S-65-G-10.tif,data/raw/bhsig260/BHSig100_Bengali/Genuine/B-S-98-G-14.tif,0,random_forgery,100065,1.1794620752334595,0.24711237681898562,0
3299,data/raw/bhsig260/BHSig160_Hindi/Genuine/H-S-65-G-03.tif,data/raw/bhsig260/BHSig160_Hindi/Genuine/H-S-108-G-22.tif,0,random_forgery,100065,0.5366384983062744,0.24711237681898562,0
3300,data/raw/bhsig260/BHSig160_Hindi/Genuine/H-S-66-G-02.tif,data/raw/bhsig260/BHSig160_Hindi/Genuine/H-S-66-G-05.tif,1,genuine_genuine,100066,0.0783967599272728,0.24711237681898562,1
3301,data/raw/bhsig260/BHSig160_Hindi/Genuine/H-S-66-G-03.tif,data/raw/bhsig260/BHSig160_Hindi/Genuine/H-S-66-G-08.tif,1,genuine_genuine,100066,0.021659119054675102,0.24711237681898562,1
3302,data/raw/bhsig260/BHSig160_Hindi/Genuine/H-S-66-G-08.tif,data/raw/bhsig260/BHSig160_Hindi/Genuine/H-S-66-G-21.tif,1,genuine_genuine,100066,0.30386731028556824,0.24711237681898562,0
3303,data/raw/bhsig260/BHSig160_Hindi/Genuine/H-S-66-G-01.tif,data/raw/bhsig260/BHSig160_Hindi/Genuine/H-S-66-G-24.tif,1,genuine_genuine,100066,0.09896906465291977,0.24711237681898562,1
3304,data/raw/bhsig260/BHSig160_Hindi/Genuine/H-S-66-G-07.tif,data/raw/bhsig260/BHSig160_Hindi/Genuine/H-S-66-G-23.tif,1,genuine_genuine,100066,0.14968129992485046,0.24711237681898562,1
3305,data/raw/bhsig260/BHSig160_Hindi/Genuine/H-S-66-G-13.tif,data/raw/bhsig260/BHSig160_Hindi/Genuine/H-S-66-G-20.tif,1,genuine_genuine,100066,0.38462257385253906,0.24711237681898562,0
3306,data/raw/bhsig260/BHSig160_Hindi/Genuine/H-S-66-G-07.tif,data/raw/bhsig260/BHSig160_Hindi/Genuine/H-S-66-G-12.tif,1,genuine_genuine,100066,0.1306886374950409,0.24711237681898562,1
3307,data/raw/bhsig260/BHSig160_Hindi/Genuine/H-S-66-G-17.tif,data/raw/bhsig260/BHSig160_Hindi/Genuine/H-S-66-G-19.tif,1,genuine_genuine,100066,0.04697185754776001,0.24711237681898562,1
3308,data/raw/bhsig260/BHSig160_Hindi/Genuine/H-S-66-G-06.tif,data/raw/bhsig260/BHSig160_Hindi/Genuine/H-S-66-G-18.tif,1,genuine_genuine,100066,0.2942572236061096,0.24711237681898562,0
3309,data/raw/bhsig260/BHSig160_Hindi/Genuine/H-S-66-G-16.tif,data/raw/bhsig260/BHSig160_Hindi/Genuine/H-S-66-G-19.tif,1,genuine_genuine,100066,0.20321650803089142,0.24711237681898562,1
3310,data/raw/bhsig260/BHSig160_Hindi/Genuine/H-S-66-G-09.tif,data/raw/bhsig260/BHSig160_Hindi/Forged/H-S-66-F-17.tif,0,skilled_forgery,100066,0.4224146008491516,0.24711237681898562,0
3311,data/raw/bhsig260/BHSig160_Hindi/Genuine/H-S-66-G-04.tif,data/raw/bhsig260/BHSig160_Hindi/Forged/H-S-66-F-13.tif,0,skilled_forgery,100066,0.5145899653434753,0.24711237681898562,0
3312,data/raw/bhsig260/BHSig160_Hindi/Genuine/H-S-66-G-24.tif,data/raw/bhsig260/BHSig160_Hindi/Forged/H-S-66-F-02.tif,0,skilled_forgery,100066,0.35427454113960266,0.24711237681898562,0
3313,data/raw/bhsig260/BHSig160_Hindi/Genuine/H-S-66-G-20.tif,data/raw/bhsig260/BHSig160_Hindi/Forged/H-S-66-F-05.tif,0,skilled_forgery,100066,0.7564037442207336,0.24711237681898562,0
3314,data/raw/bhsig260/BHSig160_Hindi/Genuine/H-S-66-G-21.tif,data/raw/bhsig260/BHSig160_Hindi/Forged/H-S-66-F-09.tif,0,skilled_forgery,100066,0.203792005777359,0.24711237681898562,1
3315,data/raw/bhsig260/BHSig160_Hindi/Genuine/H-S-66-G-06.tif,data/raw/bhsig260/BHSig160_Hindi/Genuine/H-S-100-G-11.tif,0,random_forgery,100066,0.49582546949386597,0.24711237681898562,0
3316,data/raw/bhsig260/BHSig160_Hindi/Genuine/H-S-66-G-14.tif,data/raw/bhsig260/BHSig100_Bengali/Genuine/B-S-10-G-16.tif,0,random_forgery,100066,0.8197603225708008,0.24711237681898562,0
3317,data/raw/bhsig260/BHSig160_Hindi/Genuine/H-S-66-G-11.tif,data/raw/bhsig260/BHSig160_Hindi/Genuine/H-S-125-G-12.tif,0,random_forgery,100066,0.6423243880271912,0.24711237681898562,0
3318,data/raw/bhsig260/BHSig160_Hindi/Genuine/H-S-66-G-07.tif,data/raw/bhsig260/BHSig100_Bengali/Genuine/B-S-27-G-08.tif,0,random_forgery,100066,0.3904421329498291,0.24711237681898562,0
3319,data/raw/bhsig260/BHSig160_Hindi/Genuine/H-S-66-G-14.tif,data/raw/bhsig260/BHSig160_Hindi/Genuine/H-S-45-G-22.tif,0,random_forgery,100066,1.2050902843475342,0.24711237681898562,0
3320,data/raw/bhsig260/BHSig160_Hindi/Genuine/H-S-67-G-11.tif,data/raw/bhsig260/BHSig160_Hindi/Genuine/H-S-67-G-17.tif,1,genuine_genuine,100067,0.054387398064136505,0.24711237681898562,1
3321,data/raw/bhsig260/BHSig160_Hindi/Genuine/H-S-67-G-14.tif,data/raw/bhsig260/BHSig160_Hindi/Genuine/H-S-67-G-16.tif,1,genuine_genuine,100067,0.39434507489204407,0.24711237681898562,0
3322,data/raw/bhsig260/BHSig160_Hindi/Genuine/H-S-67-G-01.tif,data/raw/bhsig260/BHSig160_Hindi/Genuine/H-S-67-G-02.tif,1,genuine_genuine,100067,0.20690517127513885,0.24711237681898562,1
3323,data/raw/bhsig260/BHSig160_Hindi/Genuine/H-S-67-G-08.tif,data/raw/bhsig260/BHSig160_Hindi/Genuine/H-S-67-G-12.tif,1,genuine_genuine,100067,0.1628779172897339,0.24711237681898562,1
3324,data/raw/bhsig260/BHSig160_Hindi/Genuine/H-S-67-G-05.tif,data/raw/bhsig260/BHSig160_Hindi/Genuine/H-S-67-G-06.tif,1,genuine_genuine,100067,0.3333287835121155,0.24711237681898562,0
3325,data/raw/bhsig260/BHSig160_Hindi/Genuine/H-S-67-G-10.tif,data/raw/bhsig260/BHSig160_Hindi/Genuine/H-S-67-G-20.tif,1,genuine_genuine,100067,0.1795884519815445,0.24711237681898562,1
3326,data/raw/bhsig260/BHSig160_Hindi/Genuine/H-S-67-G-12.tif,data/raw/bhsig260/BHSig160_Hindi/Genuine/H-S-67-G-21.tif,1,genuine_genuine,100067,0.41758984327316284,0.24711237681898562,0
3327,data/raw/bhsig260/BHSig160_Hindi/Genuine/H-S-67-G-08.tif,data/raw/bhsig260/BHSig160_Hindi/Genuine/H-S-67-G-15.tif,1,genuine_genuine,100067,0.12188901752233505,0.24711237681898562,1
3328,data/raw/bhsig260/BHSig160_Hindi/Genuine/H-S-67-G-11.tif,data/raw/bhsig260/BHSig160_Hindi/Genuine/H-S-67-G-24.tif,1,genuine_genuine,100067,0.7810921669006348,0.24711237681898562,0
3329,data/raw/bhsig260/BHSig160_Hindi/Genuine/H-S-67-G-06.tif,data/raw/bhsig260/BHSig160_Hindi/Genuine/H-S-67-G-14.tif,1,genuine_genuine,100067,0.38509583473205566,0.24711237681898562,0
3330,data/raw/bhsig260/BHSig160_Hindi/Genuine/H-S-67-G-13.tif,data/raw/bhsig260/BHSig160_Hindi/Forged/H-S-67-F-28.tif,0,skilled_forgery,100067,0.9283584952354431,0.24711237681898562,0
3331,data/raw/bhsig260/BHSig160_Hindi/Genuine/H-S-67-G-04.tif,data/raw/bhsig260/BHSig160_Hindi/Forged/H-S-67-F-20.tif,0,skilled_forgery,100067,0.42482587695121765,0.24711237681898562,0
3332,data/raw/bhsig260/BHSig160_Hindi/Genuine/H-S-67-G-18.tif,data/raw/bhsig260/BHSig160_Hindi/Forged/H-S-67-F-08.tif,0,skilled_forgery,100067,0.7759832143783569,0.24711237681898562,0
3333,data/raw/bhsig260/BHSig160_Hindi/Genuine/H-S-67-G-02.tif,data/raw/bhsig260/BHSig160_Hindi/Forged/H-S-67-F-24.tif,0,skilled_forgery,100067,0.41285645961761475,0.24711237681898562,0
3334,data/raw/bhsig260/BHSig160_Hindi/Genuine/H-S-67-G-21.tif,data/raw/bhsig260/BHSig160_Hindi/Forged/H-S-67-F-11.tif,0,skilled_forgery,100067,0.6238800287246704,0.24711237681898562,0
3335,data/raw/bhsig260/BHSig160_Hindi/Genuine/H-S-67-G-12.tif,data/raw/bhsig260/BHSig160_Hindi/Genuine/H-S-62-G-14.tif,0,random_forgery,100067,0.20765647292137146,0.24711237681898562,1
3336,data/raw/bhsig260/BHSig160_Hindi/Genuine/H-S-67-G-06.tif,data/raw/bhsig260/BHSig160_Hindi/Genuine/H-S-91-G-22.tif,0,random_forgery,100067,0.5830620527267456,0.24711237681898562,0
3337,data/raw/bhsig260/BHSig160_Hindi/Genuine/H-S-67-G-22.tif,data/raw/bhsig260/BHSig100_Bengali/Genuine/B-S-4-G-02.tif,0,random_forgery,100067,0.6801806688308716,0.24711237681898562,0
3338,data/raw/bhsig260/BHSig160_Hindi/Genuine/H-S-67-G-13.tif,data/raw/bhsig260/BHSig160_Hindi/Genuine/H-S-38-G-17.tif,0,random_forgery,100067,0.7881984114646912,0.24711237681898562,0
3339,data/raw/bhsig260/BHSig160_Hindi/Genuine/H-S-67-G-16.tif,data/raw/bhsig260/BHSig160_Hindi/Genuine/H-S-118-G-04.tif,0,random_forgery,100067,1.6411585807800293,0.24711237681898562,0
3340,data/raw/bhsig260/BHSig160_Hindi/Genuine/H-S-68-G-04.tif,data/raw/bhsig260/BHSig160_Hindi/Genuine/H-S-68-G-06.tif,1,genuine_genuine,100068,0.3199543058872223,0.24711237681898562,0
3341,data/raw/bhsig260/BHSig160_Hindi/Genuine/H-S-68-G-13.tif,data/raw/bhsig260/BHSig160_Hindi/Genuine/H-S-68-G-22.tif,1,genuine_genuine,100068,0.21944940090179443,0.24711237681898562,1
3342,data/raw/bhsig260/BHSig160_Hindi/Genuine/H-S-68-G-15.tif,data/raw/bhsig260/BHSig160_Hindi/Genuine/H-S-68-G-18.tif,1,genuine_genuine,100068,0.2350207418203354,0.24711237681898562,1
3343,data/raw/bhsig260/BHSig160_Hindi/Genuine/H-S-68-G-07.tif,data/raw/bhsig260/BHSig160_Hindi/Genuine/H-S-68-G-15.tif,1,genuine_genuine,100068,0.17534896731376648,0.24711237681898562,1
3344,data/raw/bhsig260/BHSig160_Hindi/Genuine/H-S-68-G-12.tif,data/raw/bhsig260/BHSig160_Hindi/Genuine/H-S-68-G-14.tif,1,genuine_genuine,100068,0.2985226809978485,0.24711237681898562,0
3345,data/raw/bhsig260/BHSig160_Hindi/Genuine/H-S-68-G-06.tif,data/raw/bhsig260/BHSig160_Hindi/Genuine/H-S-68-G-20.tif,1,genuine_genuine,100068,0.16995668411254883,0.24711237681898562,1
3346,data/raw/bhsig260/BHSig160_Hindi/Genuine/H-S-68-G-02.tif,data/raw/bhsig260/BHSig160_Hindi/Genuine/H-S-68-G-04.tif,1,genuine_genuine,100068,0.09144376963376999,0.24711237681898562,1
3347,data/raw/bhsig260/BHSig160_Hindi/Genuine/H-S-68-G-10.tif,data/raw/bhsig260/BHSig160_Hindi/Genuine/H-S-68-G-18.tif,1,genuine_genuine,100068,0.1086515560746193,0.24711237681898562,1
3348,data/raw/bhsig260/BHSig160_Hindi/Genuine/H-S-68-G-01.tif,data/raw/bhsig260/BHSig160_Hindi/Genuine/H-S-68-G-21.tif,1,genuine_genuine,100068,0.1842377930879593,0.24711237681898562,1
3349,data/raw/bhsig260/BHSig160_Hindi/Genuine/H-S-68-G-11.tif,data/raw/bhsig260/BHSig160_Hindi/Genuine/H-S-68-G-22.tif,1,genuine_genuine,100068,0.24363045394420624,0.24711237681898562,1
3350,data/raw/bhsig260/BHSig160_Hindi/Genuine/H-S-68-G-12.tif,data/raw/bhsig260/BHSig160_Hindi/Forged/H-S-68-F-14.tif,0,skilled_forgery,100068,0.07643800228834152,0.24711237681898562,1
3351,data/raw/bhsig260/BHSig160_Hindi/Genuine/H-S-68-G-07.tif,data/raw/bhsig260/BHSig160_Hindi/Forged/H-S-68-F-25.tif,0,skilled_forgery,100068,0.34644344449043274,0.24711237681898562,0
3352,data/raw/bhsig260/BHSig160_Hindi/Genuine/H-S-68-G-03.tif,data/raw/bhsig260/BHSig160_Hindi/Forged/H-S-68-F-11.tif,0,skilled_forgery,100068,0.19303978979587555,0.24711237681898562,1
3353,data/raw/bhsig260/BHSig160_Hindi/Genuine/H-S-68-G-14.tif,data/raw/bhsig260/BHSig160_Hindi/Forged/H-S-68-F-24.tif,0,skilled_forgery,100068,0.5191329717636108,0.24711237681898562,0
3354,data/raw/bhsig260/BHSig160_Hindi/Genuine/H-S-68-G-15.tif,data/raw/bhsig260/BHSig160_Hindi/Forged/H-S-68-F-15.tif,0,skilled_forgery,100068,0.17950202524662018,0.24711237681898562,1
3355,data/raw/bhsig260/BHSig160_Hindi/Genuine/H-S-68-G-07.tif,data/raw/bhsig260/BHSig160_Hindi/Genuine/H-S-093-G-24.tif,0,random_forgery,100068,0.07382120192050934,0.24711237681898562,1
3356,data/raw/bhsig260/BHSig160_Hindi/Genuine/H-S-68-G-14.tif,data/raw/bhsig260/BHSig160_Hindi/Genuine/H-S-89-G-04.tif,0,random_forgery,100068,0.5992034673690796,0.24711237681898562,0
3357,data/raw/bhsig260/BHSig160_Hindi/Genuine/H-S-68-G-07.tif,data/raw/bhsig260/BHSig100_Bengali/Genuine/B-S-33-G-02.tif,0,random_forgery,100068,0.26532360911369324,0.24711237681898562,0
3358,data/raw/bhsig260/BHSig160_Hindi/Genuine/H-S-68-G-11.tif,data/raw/bhsig260/BHSig100_Bengali/Genuine/B-S-68-G-20.tif,0,random_forgery,100068,0.28610217571258545,0.24711237681898562,0
3359,data/raw/bhsig260/BHSig160_Hindi/Genuine/H-S-68-G-12.tif,data/raw/bhsig260/BHSig100_Bengali/Genuine/B-S-39-G-11.tif,0,random_forgery,100068,0.7128970623016357,0.24711237681898562,0
3360,data/raw/bhsig260/BHSig160_Hindi/Genuine/H-S-69-G-05.tif,data/raw/bhsig260/BHSig160_Hindi/Genuine/H-S-69-G-19.tif,1,genuine_genuine,100069,0.15460415184497833,0.24711237681898562,1
3361,data/raw/bhsig260/BHSig160_Hindi/Genuine/H-S-69-G-04.tif,data/raw/bhsig260/BHSig160_Hindi/Genuine/H-S-69-G-12.tif,1,genuine_genuine,100069,0.11048857122659683,0.24711237681898562,1
3362,data/raw/bhsig260/BHSig160_Hindi/Genuine/H-S-69-G-05.tif,data/raw/bhsig260/BHSig160_Hindi/Genuine/H-S-69-G-23.tif,1,genuine_genuine,100069,0.35483646392822266,0.24711237681898562,0
3363,data/raw/bhsig260/BHSig160_Hindi/Genuine/H-S-69-G-16.tif,data/raw/bhsig260/BHSig160_Hindi/Genuine/H-S-69-G-23.tif,1,genuine_genuine,100069,0.3190497159957886,0.24711237681898562,0
3364,data/raw/bhsig260/BHSig160_Hindi/Genuine/H-S-69-G-07.tif,data/raw/bhsig260/BHSig160_Hindi/Genuine/H-S-69-G-24.tif,1,genuine_genuine,100069,0.16798552870750427,0.24711237681898562,1
3365,data/raw/bhsig260/BHSig160_Hindi/Genuine/H-S-69-G-05.tif,data/raw/bhsig260/BHSig160_Hindi/Genuine/H-S-69-G-15.tif,1,genuine_genuine,100069,0.13737912476062775,0.24711237681898562,1
3366,data/raw/bhsig260/BHSig160_Hindi/Genuine/H-S-69-G-04.tif,data/raw/bhsig260/BHSig160_Hindi/Genuine/H-S-69-G-10.tif,1,genuine_genuine,100069,0.06280014663934708,0.24711237681898562,1
3367,data/raw/bhsig260/BHSig160_Hindi/Genuine/H-S-69-G-02.tif,data/raw/bhsig260/BHSig160_Hindi/Genuine/H-S-69-G-13.tif,1,genuine_genuine,100069,0.4309558570384979,0.24711237681898562,0
3368,data/raw/bhsig260/BHSig160_Hindi/Genuine/H-S-69-G-20.tif,data/raw/bhsig260/BHSig160_Hindi/Genuine/H-S-69-G-21.tif,1,genuine_genuine,100069,0.21867413818836212,0.24711237681898562,1
3369,data/raw/bhsig260/BHSig160_Hindi/Genuine/H-S-69-G-04.tif,data/raw/bhsig260/BHSig160_Hindi/Genuine/H-S-69-G-20.tif,1,genuine_genuine,100069,0.31744012236595154,0.24711237681898562,0
3370,data/raw/bhsig260/BHSig160_Hindi/Genuine/H-S-69-G-10.tif,data/raw/bhsig260/BHSig160_Hindi/Forged/H-S-69-F-29.tif,0,skilled_forgery,100069,0.0861918032169342,0.24711237681898562,1
3371,data/raw/bhsig260/BHSig160_Hindi/Genuine/H-S-69-G-08.tif,data/raw/bhsig260/BHSig160_Hindi/Forged/H-S-69-F-20.tif,0,skilled_forgery,100069,0.4260407090187073,0.24711237681898562,0
3372,data/raw/bhsig260/BHSig160_Hindi/Genuine/H-S-69-G-13.tif,data/raw/bhsig260/BHSig160_Hindi/Forged/H-S-69-F-21.tif,0,skilled_forgery,100069,0.6709957718849182,0.24711237681898562,0
3373,data/raw/bhsig260/BHSig160_Hindi/Genuine/H-S-69-G-05.tif,data/raw/bhsig260/BHSig160_Hindi/Forged/H-S-69-F-30.tif,0,skilled_forgery,100069,0.2762054204940796,0.24711237681898562,0
3374,data/raw/bhsig260/BHSig160_Hindi/Genuine/H-S-69-G-03.tif,data/raw/bhsig260/BHSig160_Hindi/Forged/H-S-69-F-25.tif,0,skilled_forgery,100069,0.6458907723426819,0.24711237681898562,0
3375,data/raw/bhsig260/BHSig160_Hindi/Genuine/H-S-69-G-08.tif,data/raw/bhsig260/BHSig160_Hindi/Genuine/H-S-113-G-01.tif,0,random_forgery,100069,0.43413782119750977,0.24711237681898562,0
3376,data/raw/bhsig260/BHSig160_Hindi/Genuine/H-S-69-G-14.tif,data/raw/bhsig260/BHSig100_Bengali/Genuine/B-S-7-G-11.tif,0,random_forgery,100069,0.6867006421089172,0.24711237681898562,0
3377,data/raw/bhsig260/BHSig160_Hindi/Genuine/H-S-69-G-24.tif,data/raw/bhsig260/BHSig100_Bengali/Genuine/B-S-38-G-06.tif,0,random_forgery,100069,0.6428580284118652,0.24711237681898562,0
3378,data/raw/bhsig260/BHSig160_Hindi/Genuine/H-S-69-G-16.tif,data/raw/bhsig260/BHSig160_Hindi/Genuine/H-S-48-G-21.tif,0,random_forgery,100069,0.38195204734802246,0.24711237681898562,0
3379,data/raw/bhsig260/BHSig160_Hindi/Genuine/H-S-69-G-08.tif,data/raw/bhsig260/BHSig160_Hindi/Genuine/H-S-80-G-22.tif,0,random_forgery,100069,0.5906410813331604,0.24711237681898562,0
3380,data/raw/bhsig260/BHSig160_Hindi/Genuine/H-S-70-G-10.tif,data/raw/bhsig260/BHSig160_Hindi/Genuine/H-S-70-G-20.tif,1,genuine_genuine,100070,0.7360678911209106,0.24711237681898562,0
3381,data/raw/bhsig260/BHSig160_Hindi/Genuine/H-S-70-G-21.tif,data/raw/bhsig260/BHSig160_Hindi/Genuine/H-S-70-G-22.tif,1,genuine_genuine,100070,0.2724355459213257,0.24711237681898562,0
3382,data/raw/bhsig260/BHSig160_Hindi/Genuine/H-S-70-G-06.tif,data/raw/bhsig260/BHSig160_Hindi/Genuine/H-S-70-G-24.tif,1,genuine_genuine,100070,0.37717142701148987,0.24711237681898562,0
3383,data/raw/bhsig260/BHSig160_Hindi/Genuine/H-S-70-G-04.tif,data/raw/bhsig260/BHSig160_Hindi/Genuine/H-S-70-G-20.tif,1,genuine_genuine,100070,0.6318433880805969,0.24711237681898562,0
3384,data/raw/bhsig260/BHSig160_Hindi/Genuine/H-S-70-G-02.tif,data/raw/bhsig260/BHSig160_Hindi/Genuine/H-S-70-G-23.tif,1,genuine_genuine,100070,0.47907567024230957,0.24711237681898562,0
3385,data/raw/bhsig260/BHSig160_Hindi/Genuine/H-S-70-G-03.tif,data/raw/bhsig260/BHSig160_Hindi/Genuine/H-S-70-G-15.tif,1,genuine_genuine,100070,0.2518426775932312,0.24711237681898562,0
3386,data/raw/bhsig260/BHSig160_Hindi/Genuine/H-S-70-G-05.tif,data/raw/bhsig260/BHSig160_Hindi/Genuine/H-S-70-G-11.tif,1,genuine_genuine,100070,0.1682649552822113,0.24711237681898562,1
3387,data/raw/bhsig260/BHSig160_Hindi/Genuine/H-S-70-G-01.tif,data/raw/bhsig260/BHSig160_Hindi/Genuine/H-S-70-G-02.tif,1,genuine_genuine,100070,0.22577263414859772,0.24711237681898562,1
3388,data/raw/bhsig260/BHSig160_Hindi/Genuine/H-S-70-G-20.tif,data/raw/bhsig260/BHSig160_Hindi/Genuine/H-S-70-G-21.tif,1,genuine_genuine,100070,0.388938844203949,0.24711237681898562,0
3389,data/raw/bhsig260/BHSig160_Hindi/Genuine/H-S-70-G-19.tif,data/raw/bhsig260/BHSig160_Hindi/Genuine/H-S-70-G-24.tif,1,genuine_genuine,100070,0.9150083661079407,0.24711237681898562,0
3390,data/raw/bhsig260/BHSig160_Hindi/Genuine/H-S-70-G-06.tif,data/raw/bhsig260/BHSig160_Hindi/Forged/H-S-70-F-16.tif,0,skilled_forgery,100070,0.6864871382713318,0.24711237681898562,0
3391,data/raw/bhsig260/BHSig160_Hindi/Genuine/H-S-70-G-22.tif,data/raw/bhsig260/BHSig160_Hindi/Forged/H-S-70-F-10.tif,0,skilled_forgery,100070,0.6724616289138794,0.24711237681898562,0
3392,data/raw/bhsig260/BHSig160_Hindi/Genuine/H-S-70-G-24.tif,data/raw/bhsig260/BHSig160_Hindi/Forged/H-S-70-F-04.tif,0,skilled_forgery,100070,0.2976245582103729,0.24711237681898562,0
3393,data/raw/bhsig260/BHSig160_Hindi/Genuine/H-S-70-G-08.tif,data/raw/bhsig260/BHSig160_Hindi/Forged/H-S-70-F-19.tif,0,skilled_forgery,100070,0.6047956347465515,0.24711237681898562,0
3394,data/raw/bhsig260/BHSig160_Hindi/Genuine/H-S-70-G-17.tif,data/raw/bhsig260/BHSig160_Hindi/Forged/H-S-70-F-28.tif,0,skilled_forgery,100070,0.5923810005187988,0.24711237681898562,0
3395,data/raw/bhsig260/BHSig160_Hindi/Genuine/H-S-70-G-11.tif,data/raw/bhsig260/BHSig160_Hindi/Genuine/H-S-33-G-23.tif,0,random_forgery,100070,1.1519123315811157,0.24711237681898562,0
3396,data/raw/bhsig260/BHSig160_Hindi/Genuine/H-S-70-G-11.tif,data/raw/bhsig260/BHSig100_Bengali/Genuine/B-S-62-G-14.tif,0,random_forgery,100070,0.6135318875312805,0.24711237681898562,0
3397,data/raw/bhsig260/BHSig160_Hindi/Genuine/H-S-70-G-23.tif,data/raw/bhsig260/BHSig160_Hindi/Genuine/H-S-69-G-17.tif,0,random_forgery,100070,1.0123640298843384,0.24711237681898562,0
3398,data/raw/bhsig260/BHSig160_Hindi/Genuine/H-S-70-G-08.tif,data/raw/bhsig260/BHSig160_Hindi/Genuine/H-S-57-G-17.tif,0,random_forgery,100070,1.9328376054763794,0.24711237681898562,0
3399,data/raw/bhsig260/BHSig160_Hindi/Genuine/H-S-70-G-03.tif,data/raw/bhsig260/BHSig160_Hindi/Genuine/H-S-46-G-01.tif,0,random_forgery,100070,0.6871936917304993,0.24711237681898562,0
3400,data/raw/bhsig260/BHSig160_Hindi/Genuine/H-S-71-G-01.tif,data/raw/bhsig260/BHSig160_Hindi/Genuine/H-S-71-G-18.tif,1,genuine_genuine,100071,0.4702844023704529,0.24711237681898562,0
3401,data/raw/bhsig260/BHSig160_Hindi/Genuine/H-S-71-G-05.tif,data/raw/bhsig260/BHSig160_Hindi/Genuine/H-S-71-G-16.tif,1,genuine_genuine,100071,0.6496462225914001,0.24711237681898562,0
3402,data/raw/bhsig260/BHSig160_Hindi/Genuine/H-S-71-G-09.tif,data/raw/bhsig260/BHSig160_Hindi/Genuine/H-S-71-G-20.tif,1,genuine_genuine,100071,0.5884838700294495,0.24711237681898562,0
3403,data/raw/bhsig260/BHSig160_Hindi/Genuine/H-S-71-G-13.tif,data/raw/bhsig260/BHSig160_Hindi/Genuine/H-S-71-G-22.tif,1,genuine_genuine,100071,0.2766859829425812,0.24711237681898562,0
3404,data/raw/bhsig260/BHSig160_Hindi/Genuine/H-S-71-G-20.tif,data/raw/bhsig260/BHSig160_Hindi/Genuine/H-S-71-G-21.tif,1,genuine_genuine,100071,0.7835553884506226,0.24711237681898562,0
3405,data/raw/bhsig260/BHSig160_Hindi/Genuine/H-S-71-G-01.tif,data/raw/bhsig260/BHSig160_Hindi/Genuine/H-S-71-G-04.tif,1,genuine_genuine,100071,0.1231793761253357,0.24711237681898562,1
3406,data/raw/bhsig260/BHSig160_Hindi/Genuine/H-S-71-G-03.tif,data/raw/bhsig260/BHSig160_Hindi/Genuine/H-S-71-G-12.tif,1,genuine_genuine,100071,0.3384450078010559,0.24711237681898562,0
3407,data/raw/bhsig260/BHSig160_Hindi/Genuine/H-S-71-G-04.tif,data/raw/bhsig260/BHSig160_Hindi/Genuine/H-S-71-G-15.tif,1,genuine_genuine,100071,0.037428390234708786,0.24711237681898562,1
3408,data/raw/bhsig260/BHSig160_Hindi/Genuine/H-S-71-G-04.tif,data/raw/bhsig260/BHSig160_Hindi/Genuine/H-S-71-G-07.tif,1,genuine_genuine,100071,0.27333253622055054,0.24711237681898562,0
3409,data/raw/bhsig260/BHSig160_Hindi/Genuine/H-S-71-G-04.tif,data/raw/bhsig260/BHSig160_Hindi/Genuine/H-S-71-G-22.tif,1,genuine_genuine,100071,0.1084601879119873,0.24711237681898562,1
3410,data/raw/bhsig260/BHSig160_Hindi/Genuine/H-S-71-G-16.tif,data/raw/bhsig260/BHSig160_Hindi/Forged/H-S-71-F-19.tif,0,skilled_forgery,100071,0.3503417670726776,0.24711237681898562,0
3411,data/raw/bhsig260/BHSig160_Hindi/Genuine/H-S-71-G-19.tif,data/raw/bhsig260/BHSig160_Hindi/Forged/H-S-71-F-26.tif,0,skilled_forgery,100071,0.22801293432712555,0.24711237681898562,1
3412,data/raw/bhsig260/BHSig160_Hindi/Genuine/H-S-71-G-02.tif,data/raw/bhsig260/BHSig160_Hindi/Forged/H-S-71-F-17.tif,0,skilled_forgery,100071,0.09406240284442902,0.24711237681898562,1
3413,data/raw/bhsig260/BHSig160_Hindi/Genuine/H-S-71-G-20.tif,data/raw/bhsig260/BHSig160_Hindi/Forged/H-S-71-F-29.tif,0,skilled_forgery,100071,0.36839136481285095,0.24711237681898562,0
3414,data/raw/bhsig260/BHSig160_Hindi/Genuine/H-S-71-G-14.tif,data/raw/bhsig260/BHSig160_Hindi/Forged/H-S-71-F-09.tif,0,skilled_forgery,100071,0.10276529937982559,0.24711237681898562,1
3415,data/raw/bhsig260/BHSig160_Hindi/Genuine/H-S-71-G-10.tif,data/raw/bhsig260/BHSig100_Bengali/Genuine/B-S-17-G-02.tif,0,random_forgery,100071,0.945316731929779,0.24711237681898562,0
3416,data/raw/bhsig260/BHSig160_Hindi/Genuine/H-S-71-G-12.tif,data/raw/bhsig260/BHSig100_Bengali/Genuine/B-S-10-G-05.tif,0,random_forgery,100071,0.9114420413970947,0.24711237681898562,0
3417,data/raw/bhsig260/BHSig160_Hindi/Genuine/H-S-71-G-02.tif,data/raw/bhsig260/BHSig160_Hindi/Genuine/H-S-127-G-21.tif,0,random_forgery,100071,0.6966871023178101,0.24711237681898562,0
3418,data/raw/bhsig260/BHSig160_Hindi/Genuine/H-S-71-G-15.tif,data/raw/bhsig260/BHSig160_Hindi/Genuine/H-S-144-G-17.tif,0,random_forgery,100071,0.44737860560417175,0.24711237681898562,0
3419,data/raw/bhsig260/BHSig160_Hindi/Genuine/H-S-71-G-18.tif,data/raw/bhsig260/BHSig160_Hindi/Genuine/H-S-90-G-15.tif,0,random_forgery,100071,1.4880081415176392,0.24711237681898562,0
3420,data/raw/bhsig260/BHSig160_Hindi/Genuine/H-S-72-G-08.tif,data/raw/bhsig260/BHSig160_Hindi/Genuine/H-S-72-G-16.tif,1,genuine_genuine,100072,0.30135637521743774,0.24711237681898562,0
3421,data/raw/bhsig260/BHSig160_Hindi/Genuine/H-S-72-G-16.tif,data/raw/bhsig260/BHSig160_Hindi/Genuine/H-S-72-G-23.tif,1,genuine_genuine,100072,0.32742902636528015,0.24711237681898562,0
3422,data/raw/bhsig260/BHSig160_Hindi/Genuine/H-S-72-G-07.tif,data/raw/bhsig260/BHSig160_Hindi/Genuine/H-S-72-G-10.tif,1,genuine_genuine,100072,0.20913927257061005,0.24711237681898562,1
3423,data/raw/bhsig260/BHSig160_Hindi/Genuine/H-S-72-G-13.tif,data/raw/bhsig260/BHSig160_Hindi/Genuine/H-S-72-G-21.tif,1,genuine_genuine,100072,0.15906691551208496,0.24711237681898562,1
3424,data/raw/bhsig260/BHSig160_Hindi/Genuine/H-S-72-G-12.tif,data/raw/bhsig260/BHSig160_Hindi/Genuine/H-S-72-G-23.tif,1,genuine_genuine,100072,0.09881585091352463,0.24711237681898562,1
3425,data/raw/bhsig260/BHSig160_Hindi/Genuine/H-S-72-G-12.tif,data/raw/bhsig260/BHSig160_Hindi/Genuine/H-S-72-G-15.tif,1,genuine_genuine,100072,0.11419976502656937,0.24711237681898562,1
3426,data/raw/bhsig260/BHSig160_Hindi/Genuine/H-S-72-G-08.tif,data/raw/bhsig260/BHSig160_Hindi/Genuine/H-S-72-G-22.tif,1,genuine_genuine,100072,0.1119467094540596,0.24711237681898562,1
3427,data/raw/bhsig260/BHSig160_Hindi/Genuine/H-S-72-G-10.tif,data/raw/bhsig260/BHSig160_Hindi/Genuine/H-S-72-G-13.tif,1,genuine_genuine,100072,0.18296973407268524,0.24711237681898562,1
3428,data/raw/bhsig260/BHSig160_Hindi/Genuine/H-S-72-G-07.tif,data/raw/bhsig260/BHSig160_Hindi/Genuine/H-S-72-G-09.tif,1,genuine_genuine,100072,0.16501018404960632,0.24711237681898562,1
3429,data/raw/bhsig260/BHSig160_Hindi/Genuine/H-S-72-G-03.tif,data/raw/bhsig260/BHSig160_Hindi/Genuine/H-S-72-G-04.tif,1,genuine_genuine,100072,0.18406161665916443,0.24711237681898562,1
3430,data/raw/bhsig260/BHSig160_Hindi/Genuine/H-S-72-G-15.tif,data/raw/bhsig260/BHSig160_Hindi/Forged/H-S-72-F-05.tif,0,skilled_forgery,100072,0.33588603138923645,0.24711237681898562,0
3431,data/raw/bhsig260/BHSig160_Hindi/Genuine/H-S-72-G-20.tif,data/raw/bhsig260/BHSig160_Hindi/Forged/H-S-72-F-15.tif,0,skilled_forgery,100072,0.1393476128578186,0.24711237681898562,1
3432,data/raw/bhsig260/BHSig160_Hindi/Genuine/H-S-72-G-18.tif,data/raw/bhsig260/BHSig160_Hindi/Forged/H-S-72-F-24.tif,0,skilled_forgery,100072,0.3822323679924011,0.24711237681898562,0
3433,data/raw/bhsig260/BHSig160_Hindi/Genuine/H-S-72-G-16.tif,data/raw/bhsig260/BHSig160_Hindi/Forged/H-S-72-F-21.tif,0,skilled_forgery,100072,0.5791305899620056,0.24711237681898562,0
3434,data/raw/bhsig260/BHSig160_Hindi/Genuine/H-S-72-G-13.tif,data/raw/bhsig260/BHSig160_Hindi/Forged/H-S-72-F-21.tif,0,skilled_forgery,100072,0.4159296452999115,0.24711237681898562,0
3435,data/raw/bhsig260/BHSig160_Hindi/Genuine/H-S-72-G-06.tif,data/raw/bhsig260/BHSig100_Bengali/Genuine/B-S-67-G-04.tif,0,random_forgery,100072,0.9352513551712036,0.24711237681898562,0
3436,data/raw/bhsig260/BHSig160_Hindi/Genuine/H-S-72-G-10.tif,data/raw/bhsig260/BHSig160_Hindi/Genuine/H-S-85-G-21.tif,0,random_forgery,100072,0.2566400468349457,0.24711237681898562,0
3437,data/raw/bhsig260/BHSig160_Hindi/Genuine/H-S-72-G-15.tif,data/raw/bhsig260/BHSig160_Hindi/Genuine/H-S-093-G-24.tif,0,random_forgery,100072,0.4333350956439972,0.24711237681898562,0
3438,data/raw/bhsig260/BHSig160_Hindi/Genuine/H-S-72-G-10.tif,data/raw/bhsig260/BHSig160_Hindi/Genuine/H-S-158-G-17.tif,0,random_forgery,100072,0.68236243724823,0.24711237681898562,0
3439,data/raw/bhsig260/BHSig160_Hindi/Genuine/H-S-72-G-02.tif,data/raw/bhsig260/BHSig160_Hindi/Genuine/H-S-100-G-05.tif,0,random_forgery,100072,1.0976711511611938,0.24711237681898562,0
3440,data/raw/bhsig260/BHSig160_Hindi/Genuine/H-S-73-G-01.tif,data/raw/bhsig260/BHSig160_Hindi/Genuine/H-S-73-G-11.tif,1,genuine_genuine,100073,0.2965283989906311,0.24711237681898562,0
3441,data/raw/bhsig260/BHSig160_Hindi/Genuine/H-S-73-G-10.tif,data/raw/bhsig260/BHSig160_Hindi/Genuine/H-S-73-G-22.tif,1,genuine_genuine,100073,0.4210110902786255,0.24711237681898562,0
3442,data/raw/bhsig260/BHSig160_Hindi/Genuine/H-S-73-G-05.tif,data/raw/bhsig260/BHSig160_Hindi/Genuine/H-S-73-G-14.tif,1,genuine_genuine,100073,0.3232399821281433,0.24711237681898562,0
3443,data/raw/bhsig260/BHSig160_Hindi/Genuine/H-S-73-G-05.tif,data/raw/bhsig260/BHSig160_Hindi/Genuine/H-S-73-G-24.tif,1,genuine_genuine,100073,0.6024393439292908,0.24711237681898562,0
3444,data/raw/bhsig260/BHSig160_Hindi/Genuine/H-S-73-G-07.tif,data/raw/bhsig260/BHSig160_Hindi/Genuine/H-S-73-G-18.tif,1,genuine_genuine,100073,0.24739666283130646,0.24711237681898562,0
3445,data/raw/bhsig260/BHSig160_Hindi/Genuine/H-S-73-G-18.tif,data/raw/bhsig260/BHSig160_Hindi/Genuine/H-S-73-G-20.tif,1,genuine_genuine,100073,0.1227899119257927,0.24711237681898562,1
3446,data/raw/bhsig260/BHSig160_Hindi/Genuine/H-S-73-G-04.tif,data/raw/bhsig260/BHSig160_Hindi/Genuine/H-S-73-G-11.tif,1,genuine_genuine,100073,0.21594958007335663,0.24711237681898562,1
3447,data/raw/bhsig260/BHSig160_Hindi/Genuine/H-S-73-G-02.tif,data/raw/bhsig260/BHSig160_Hindi/Genuine/H-S-73-G-16.tif,1,genuine_genuine,100073,0.18912650644779205,0.24711237681898562,1
3448,data/raw/bhsig260/BHSig160_Hindi/Genuine/H-S-73-G-01.tif,data/raw/bhsig260/BHSig160_Hindi/Genuine/H-S-73-G-13.tif,1,genuine_genuine,100073,0.39443913102149963,0.24711237681898562,0
3449,data/raw/bhsig260/BHSig160_Hindi/Genuine/H-S-73-G-04.tif,data/raw/bhsig260/BHSig160_Hindi/Genuine/H-S-73-G-09.tif,1,genuine_genuine,100073,0.2984235882759094,0.24711237681898562,0
3450,data/raw/bhsig260/BHSig160_Hindi/Genuine/H-S-73-G-20.tif,data/raw/bhsig260/BHSig160_Hindi/Forged/H-S-73-F-24.tif,0,skilled_forgery,100073,0.7131128907203674,0.24711237681898562,0
3451,data/raw/bhsig260/BHSig160_Hindi/Genuine/H-S-73-G-04.tif,data/raw/bhsig260/BHSig160_Hindi/Forged/H-S-73-F-18.tif,0,skilled_forgery,100073,0.7458569407463074,0.24711237681898562,0
3452,data/raw/bhsig260/BHSig160_Hindi/Genuine/H-S-73-G-20.tif,data/raw/bhsig260/BHSig160_Hindi/Forged/H-S-73-F-18.tif,0,skilled_forgery,100073,0.8021848201751709,0.24711237681898562,0
3453,data/raw/bhsig260/BHSig160_Hindi/Genuine/H-S-73-G-17.tif,data/raw/bhsig260/BHSig160_Hindi/Forged/H-S-73-F-08.tif,0,skilled_forgery,100073,0.7742393016815186,0.24711237681898562,0
3454,data/raw/bhsig260/BHSig160_Hindi/Genuine/H-S-73-G-07.tif,data/raw/bhsig260/BHSig160_Hindi/Forged/H-S-73-F-22.tif,0,skilled_forgery,100073,0.5857974886894226,0.24711237681898562,0
3455,data/raw/bhsig260/BHSig160_Hindi/Genuine/H-S-73-G-11.tif,data/raw/bhsig260/BHSig160_Hindi/Genuine/H-S-26-G-18.tif,0,random_forgery,100073,0.9192799925804138,0.24711237681898562,0
3456,data/raw/bhsig260/BHSig160_Hindi/Genuine/H-S-73-G-04.tif,data/raw/bhsig260/BHSig160_Hindi/Genuine/H-S-116-G-18.tif,0,random_forgery,100073,1.087672233581543,0.24711237681898562,0
3457,data/raw/bhsig260/BHSig160_Hindi/Genuine/H-S-73-G-20.tif,data/raw/bhsig260/BHSig100_Bengali/Genuine/B-S-43-G-13.tif,0,random_forgery,100073,0.9444665908813477,0.24711237681898562,0
3458,data/raw/bhsig260/BHSig160_Hindi/Genuine/H-S-73-G-22.tif,data/raw/bhsig260/BHSig160_Hindi/Genuine/H-S-99-G-15.tif,0,random_forgery,100073,0.5950579047203064,0.24711237681898562,0
3459,data/raw/bhsig260/BHSig160_Hindi/Genuine/H-S-73-G-22.tif,data/raw/bhsig260/BHSig100_Bengali/Genuine/B-S-10-G-23.tif,0,random_forgery,100073,0.3895198404788971,0.24711237681898562,0
3460,data/raw/bhsig260/BHSig160_Hindi/Genuine/H-S-74-G-18.tif,data/raw/bhsig260/BHSig160_Hindi/Genuine/H-S-74-G-22.tif,1,genuine_genuine,100074,0.35597601532936096,0.24711237681898562,0
3461,data/raw/bhsig260/BHSig160_Hindi/Genuine/H-S-74-G-22.tif,data/raw/bhsig260/BHSig160_Hindi/Genuine/H-S-74-G-23.tif,1,genuine_genuine,100074,0.4385188817977905,0.24711237681898562,0
3462,data/raw/bhsig260/BHSig160_Hindi/Genuine/H-S-74-G-07.tif,data/raw/bhsig260/BHSig160_Hindi/Genuine/H-S-74-G-09.tif,1,genuine_genuine,100074,0.10492008179426193,0.24711237681898562,1
3463,data/raw/bhsig260/BHSig160_Hindi/Genuine/H-S-74-G-03.tif,data/raw/bhsig260/BHSig160_Hindi/Genuine/H-S-74-G-07.tif,1,genuine_genuine,100074,0.14076808094978333,0.24711237681898562,1
3464,data/raw/bhsig260/BHSig160_Hindi/Genuine/H-S-74-G-02.tif,data/raw/bhsig260/BHSig160_Hindi/Genuine/H-S-74-G-05.tif,1,genuine_genuine,100074,0.06721370667219162,0.24711237681898562,1
3465,data/raw/bhsig260/BHSig160_Hindi/Genuine/H-S-74-G-16.tif,data/raw/bhsig260/BHSig160_Hindi/Genuine/H-S-74-G-20.tif,1,genuine_genuine,100074,0.09504901617765427,0.24711237681898562,1
3466,data/raw/bhsig260/BHSig160_Hindi/Genuine/H-S-74-G-14.tif,data/raw/bhsig260/BHSig160_Hindi/Genuine/H-S-74-G-21.tif,1,genuine_genuine,100074,0.1479526162147522,0.24711237681898562,1
3467,data/raw/bhsig260/BHSig160_Hindi/Genuine/H-S-74-G-09.tif,data/raw/bhsig260/BHSig160_Hindi/Genuine/H-S-74-G-11.tif,1,genuine_genuine,100074,0.3377280831336975,0.24711237681898562,0
3468,data/raw/bhsig260/BHSig160_Hindi/Genuine/H-S-74-G-14.tif,data/raw/bhsig260/BHSig160_Hindi/Genuine/H-S-74-G-24.tif,1,genuine_genuine,100074,0.22820618748664856,0.24711237681898562,1
3469,data/raw/bhsig260/BHSig160_Hindi/Genuine/H-S-74-G-04.tif,data/raw/bhsig260/BHSig160_Hindi/Genuine/H-S-74-G-22.tif,1,genuine_genuine,100074,0.4201894998550415,0.24711237681898562,0
3470,data/raw/bhsig260/BHSig160_Hindi/Genuine/H-S-74-G-22.tif,data/raw/bhsig260/BHSig160_Hindi/Forged/H-S-74-F-17.tif,0,skilled_forgery,100074,0.12889520823955536,0.24711237681898562,1
3471,data/raw/bhsig260/BHSig160_Hindi/Genuine/H-S-74-G-04.tif,data/raw/bhsig260/BHSig160_Hindi/Forged/H-S-74-F-11.tif,0,skilled_forgery,100074,0.2801637351512909,0.24711237681898562,0
3472,data/raw/bhsig260/BHSig160_Hindi/Genuine/H-S-74-G-05.tif,data/raw/bhsig260/BHSig160_Hindi/Forged/H-S-74-F-06.tif,0,skilled_forgery,100074,0.406648188829422,0.24711237681898562,0
3473,data/raw/bhsig260/BHSig160_Hindi/Genuine/H-S-74-G-14.tif,data/raw/bhsig260/BHSig160_Hindi/Forged/H-S-74-F-07.tif,0,skilled_forgery,100074,0.16692961752414703,0.24711237681898562,1
3474,data/raw/bhsig260/BHSig160_Hindi/Genuine/H-S-74-G-07.tif,data/raw/bhsig260/BHSig160_Hindi/Forged/H-S-74-F-25.tif,0,skilled_forgery,100074,0.49025216698646545,0.24711237681898562,0
3475,data/raw/bhsig260/BHSig160_Hindi/Genuine/H-S-74-G-23.tif,data/raw/bhsig260/BHSig160_Hindi/Genuine/H-S-59-G-14.tif,0,random_forgery,100074,0.9815056920051575,0.24711237681898562,0
3476,data/raw/bhsig260/BHSig160_Hindi/Genuine/H-S-74-G-06.tif,data/raw/bhsig260/BHSig160_Hindi/Genuine/H-S-44-G-12.tif,0,random_forgery,100074,0.5994508862495422,0.24711237681898562,0
3477,data/raw/bhsig260/BHSig160_Hindi/Genuine/H-S-74-G-17.tif,data/raw/bhsig260/BHSig160_Hindi/Genuine/H-S-47-G-13.tif,0,random_forgery,100074,1.7477108240127563,0.24711237681898562,0
3478,data/raw/bhsig260/BHSig160_Hindi/Genuine/H-S-74-G-24.tif,data/raw/bhsig260/BHSig160_Hindi/Genuine/H-S-57-G-15.tif,0,random_forgery,100074,0.3192901611328125,0.24711237681898562,0
3479,data/raw/bhsig260/BHSig160_Hindi/Genuine/H-S-74-G-12.tif,data/raw/bhsig260/BHSig160_Hindi/Genuine/H-S-151-G-20.tif,0,random_forgery,100074,0.7043424844741821,0.24711237681898562,0
3480,data/raw/bhsig260/BHSig160_Hindi/Genuine/H-S-75-G-02.tif,data/raw/bhsig260/BHSig160_Hindi/Genuine/H-S-75-G-22.tif,1,genuine_genuine,100075,0.14230981469154358,0.24711237681898562,1
3481,data/raw/bhsig260/BHSig160_Hindi/Genuine/H-S-75-G-03.tif,data/raw/bhsig260/BHSig160_Hindi/Genuine/H-S-75-G-21.tif,1,genuine_genuine,100075,0.09120076894760132,0.24711237681898562,1
3482,data/raw/bhsig260/BHSig160_Hindi/Genuine/H-S-75-G-07.tif,data/raw/bhsig260/BHSig160_Hindi/Genuine/H-S-75-G-18.tif,1,genuine_genuine,100075,0.5961307287216187,0.24711237681898562,0
3483,data/raw/bhsig260/BHSig160_Hindi/Genuine/H-S-75-G-01.tif,data/raw/bhsig260/BHSig160_Hindi/Genuine/H-S-75-G-04.tif,1,genuine_genuine,100075,0.06191427633166313,0.24711237681898562,1
3484,data/raw/bhsig260/BHSig160_Hindi/Genuine/H-S-75-G-04.tif,data/raw/bhsig260/BHSig160_Hindi/Genuine/H-S-75-G-22.tif,1,genuine_genuine,100075,0.10383815318346024,0.24711237681898562,1
3485,data/raw/bhsig260/BHSig160_Hindi/Genuine/H-S-75-G-03.tif,data/raw/bhsig260/BHSig160_Hindi/Genuine/H-S-75-G-18.tif,1,genuine_genuine,100075,0.5340614318847656,0.24711237681898562,0
3486,data/raw/bhsig260/BHSig160_Hindi/Genuine/H-S-75-G-12.tif,data/raw/bhsig260/BHSig160_Hindi/Genuine/H-S-75-G-14.tif,1,genuine_genuine,100075,0.20793356001377106,0.24711237681898562,1
3487,data/raw/bhsig260/BHSig160_Hindi/Genuine/H-S-75-G-13.tif,data/raw/bhsig260/BHSig160_Hindi/Genuine/H-S-75-G-19.tif,1,genuine_genuine,100075,0.0939498171210289,0.24711237681898562,1
3488,data/raw/bhsig260/BHSig160_Hindi/Genuine/H-S-75-G-11.tif,data/raw/bhsig260/BHSig160_Hindi/Genuine/H-S-75-G-23.tif,1,genuine_genuine,100075,0.2638121545314789,0.24711237681898562,0
3489,data/raw/bhsig260/BHSig160_Hindi/Genuine/H-S-75-G-05.tif,data/raw/bhsig260/BHSig160_Hindi/Genuine/H-S-75-G-11.tif,1,genuine_genuine,100075,0.32488685846328735,0.24711237681898562,0
3490,data/raw/bhsig260/BHSig160_Hindi/Genuine/H-S-75-G-19.tif,data/raw/bhsig260/BHSig160_Hindi/Forged/H-S-75-F-07.tif,0,skilled_forgery,100075,0.7512735724449158,0.24711237681898562,0
3491,data/raw/bhsig260/BHSig160_Hindi/Genuine/H-S-75-G-14.tif,data/raw/bhsig260/BHSig160_Hindi/Forged/H-S-75-F-04.tif,0,skilled_forgery,100075,0.5116564035415649,0.24711237681898562,0
3492,data/raw/bhsig260/BHSig160_Hindi/Genuine/H-S-75-G-02.tif,data/raw/bhsig260/BHSig160_Hindi/Forged/H-S-75-F-09.tif,0,skilled_forgery,100075,0.8770325183868408,0.24711237681898562,0
3493,data/raw/bhsig260/BHSig160_Hindi/Genuine/H-S-75-G-11.tif,data/raw/bhsig260/BHSig160_Hindi/Forged/H-S-75-F-01.tif,0,skilled_forgery,100075,0.4846630096435547,0.24711237681898562,0
3494,data/raw/bhsig260/BHSig160_Hindi/Genuine/H-S-75-G-20.tif,data/raw/bhsig260/BHSig160_Hindi/Forged/H-S-75-F-09.tif,0,skilled_forgery,100075,0.8167205452919006,0.24711237681898562,0
3495,data/raw/bhsig260/BHSig160_Hindi/Genuine/H-S-75-G-19.tif,data/raw/bhsig260/BHSig160_Hindi/Genuine/H-S-139-G-17.tif,0,random_forgery,100075,0.4569062888622284,0.24711237681898562,0
3496,data/raw/bhsig260/BHSig160_Hindi/Genuine/H-S-75-G-06.tif,data/raw/bhsig260/BHSig100_Bengali/Genuine/B-S-61-G-23.tif,0,random_forgery,100075,0.5011990070343018,0.24711237681898562,0
3497,data/raw/bhsig260/BHSig160_Hindi/Genuine/H-S-75-G-01.tif,data/raw/bhsig260/BHSig160_Hindi/Genuine/H-S-27-G-02.tif,0,random_forgery,100075,1.21017324924469,0.24711237681898562,0
3498,data/raw/bhsig260/BHSig160_Hindi/Genuine/H-S-75-G-01.tif,data/raw/bhsig260/BHSig160_Hindi/Genuine/H-S-018-G-12.tif,0,random_forgery,100075,0.5211873650550842,0.24711237681898562,0
3499,data/raw/bhsig260/BHSig160_Hindi/Genuine/H-S-75-G-23.tif,data/raw/bhsig260/BHSig160_Hindi/Genuine/H-S-107-G-01.tif,0,random_forgery,100075,0.4981362819671631,0.24711237681898562,0
3500,data/raw/bhsig260/BHSig160_Hindi/Genuine/H-S-076-G-02.tif,data/raw/bhsig260/BHSig160_Hindi/Genuine/H-S-076-G-21.tif,1,genuine_genuine,100076,0.17204344272613525,0.24711237681898562,1
3501,data/raw/bhsig260/BHSig160_Hindi/Genuine/H-S-076-G-20.tif,data/raw/bhsig260/BHSig160_Hindi/Genuine/H-S-076-G-24.tif,1,genuine_genuine,100076,0.3346371054649353,0.24711237681898562,0
3502,data/raw/bhsig260/BHSig160_Hindi/Genuine/H-S-076-G-05.tif,data/raw/bhsig260/BHSig160_Hindi/Genuine/H-S-076-G-18.tif,1,genuine_genuine,100076,0.09834589809179306,0.24711237681898562,1
3503,data/raw/bhsig260/BHSig160_Hindi/Genuine/H-S-076-G-03.tif,data/raw/bhsig260/BHSig160_Hindi/Genuine/H-S-076-G-14.tif,1,genuine_genuine,100076,0.11128886789083481,0.24711237681898562,1
3504,data/raw/bhsig260/BHSig160_Hindi/Genuine/H-S-076-G-08.tif,data/raw/bhsig260/BHSig160_Hindi/Genuine/H-S-076-G-17.tif,1,genuine_genuine,100076,0.2343468815088272,0.24711237681898562,1
3505,data/raw/bhsig260/BHSig160_Hindi/Genuine/H-S-076-G-06.tif,data/raw/bhsig260/BHSig160_Hindi/Genuine/H-S-076-G-21.tif,1,genuine_genuine,100076,0.28111499547958374,0.24711237681898562,0
3506,data/raw/bhsig260/BHSig160_Hindi/Genuine/H-S-076-G-09.tif,data/raw/bhsig260/BHSig160_Hindi/Genuine/H-S-076-G-10.tif,1,genuine_genuine,100076,0.3631048798561096,0.24711237681898562,0
3507,data/raw/bhsig260/BHSig160_Hindi/Genuine/H-S-076-G-06.tif,data/raw/bhsig260/BHSig160_Hindi/Genuine/H-S-076-G-15.tif,1,genuine_genuine,100076,0.2064526528120041,0.24711237681898562,1
3508,data/raw/bhsig260/BHSig160_Hindi/Genuine/H-S-076-G-12.tif,data/raw/bhsig260/BHSig160_Hindi/Genuine/H-S-076-G-22.tif,1,genuine_genuine,100076,0.24540169537067413,0.24711237681898562,1
3509,data/raw/bhsig260/BHSig160_Hindi/Genuine/H-S-076-G-08.tif,data/raw/bhsig260/BHSig160_Hindi/Genuine/H-S-076-G-21.tif,1,genuine_genuine,100076,0.14303363859653473,0.24711237681898562,1
3510,data/raw/bhsig260/BHSig160_Hindi/Genuine/H-S-076-G-18.tif,data/raw/bhsig260/BHSig160_Hindi/Forged/H-S-076-F-08.tif,0,skilled_forgery,100076,0.40406039357185364,0.24711237681898562,0
3511,data/raw/bhsig260/BHSig160_Hindi/Genuine/H-S-076-G-24.tif,data/raw/bhsig260/BHSig160_Hindi/Forged/H-S-076-F-11.tif,0,skilled_forgery,100076,0.22331197559833527,0.24711237681898562,1
3512,data/raw/bhsig260/BHSig160_Hindi/Genuine/H-S-076-G-16.tif,data/raw/bhsig260/BHSig160_Hindi/Forged/H-S-076-F-19.tif,0,skilled_forgery,100076,0.6484302878379822,0.24711237681898562,0
3513,data/raw/bhsig260/BHSig160_Hindi/Genuine/H-S-076-G-07.tif,data/raw/bhsig260/BHSig160_Hindi/Forged/H-S-076-F-13.tif,0,skilled_forgery,100076,0.3857007622718811,0.24711237681898562,0
3514,data/raw/bhsig260/BHSig160_Hindi/Genuine/H-S-076-G-16.tif,data/raw/bhsig260/BHSig160_Hindi/Forged/H-S-076-F-28.tif,0,skilled_forgery,100076,0.2756074368953705,0.24711237681898562,0
3515,data/raw/bhsig260/BHSig160_Hindi/Genuine/H-S-076-G-16.tif,data/raw/bhsig260/BHSig100_Bengali/Genuine/B-S-99-G-09.tif,0,random_forgery,100076,0.9956425428390503,0.24711237681898562,0
3516,data/raw/bhsig260/BHSig160_Hindi/Genuine/H-S-076-G-04.tif,data/raw/bhsig260/BHSig100_Bengali/Genuine/B-S-32-G-09.tif,0,random_forgery,100076,0.1456773430109024,0.24711237681898562,1
3517,data/raw/bhsig260/BHSig160_Hindi/Genuine/H-S-076-G-08.tif,data/raw/bhsig260/BHSig160_Hindi/Genuine/H-S-48-G-14.tif,0,random_forgery,100076,0.7848680019378662,0.24711237681898562,0
3518,data/raw/bhsig260/BHSig160_Hindi/Genuine/H-S-076-G-22.tif,data/raw/bhsig260/BHSig100_Bengali/Genuine/B-S-79-G-08.tif,0,random_forgery,100076,0.1398007720708847,0.24711237681898562,1
3519,data/raw/bhsig260/BHSig160_Hindi/Genuine/H-S-076-G-14.tif,data/raw/bhsig260/BHSig160_Hindi/Genuine/H-S-64-G-09.tif,0,random_forgery,100076,0.9158186912536621,0.24711237681898562,0
3520,data/raw/bhsig260/BHSig160_Hindi/Genuine/H-S-77-G-06.tif,data/raw/bhsig260/BHSig160_Hindi/Genuine/H-S-77-G-23.tif,1,genuine_genuine,100077,0.14672061800956726,0.24711237681898562,1
3521,data/raw/bhsig260/BHSig160_Hindi/Genuine/H-S-77-G-21.tif,data/raw/bhsig260/BHSig160_Hindi/Genuine/H-S-77-G-22.tif,1,genuine_genuine,100077,0.14994806051254272,0.24711237681898562,1
3522,data/raw/bhsig260/BHSig160_Hindi/Genuine/H-S-77-G-18.tif,data/raw/bhsig260/BHSig160_Hindi/Genuine/H-S-77-G-23.tif,1,genuine_genuine,100077,0.20675677061080933,0.24711237681898562,1
3523,data/raw/bhsig260/BHSig160_Hindi/Genuine/H-S-77-G-02.tif,data/raw/bhsig260/BHSig160_Hindi/Genuine/H-S-77-G-05.tif,1,genuine_genuine,100077,0.103012315928936,0.24711237681898562,1
3524,data/raw/bhsig260/BHSig160_Hindi/Genuine/H-S-77-G-03.tif,data/raw/bhsig260/BHSig160_Hindi/Genuine/H-S-77-G-24.tif,1,genuine_genuine,100077,0.27487996220588684,0.24711237681898562,0
3525,data/raw/bhsig260/BHSig160_Hindi/Genuine/H-S-77-G-20.tif,data/raw/bhsig260/BHSig160_Hindi/Genuine/H-S-77-G-23.tif,1,genuine_genuine,100077,0.14648766815662384,0.24711237681898562,1
3526,data/raw/bhsig260/BHSig160_Hindi/Genuine/H-S-77-G-20.tif,data/raw/bhsig260/BHSig160_Hindi/Genuine/H-S-77-G-24.tif,1,genuine_genuine,100077,0.09845170378684998,0.24711237681898562,1
3527,data/raw/bhsig260/BHSig160_Hindi/Genuine/H-S-77-G-08.tif,data/raw/bhsig260/BHSig160_Hindi/Genuine/H-S-77-G-16.tif,1,genuine_genuine,100077,0.12046411633491516,0.24711237681898562,1
3528,data/raw/bhsig260/BHSig160_Hindi/Genuine/H-S-77-G-01.tif,data/raw/bhsig260/BHSig160_Hindi/Genuine/H-S-77-G-24.tif,1,genuine_genuine,100077,0.10855952650308609,0.24711237681898562,1
3529,data/raw/bhsig260/BHSig160_Hindi/Genuine/H-S-77-G-16.tif,data/raw/bhsig260/BHSig160_Hindi/Genuine/H-S-77-G-21.tif,1,genuine_genuine,100077,0.20022833347320557,0.24711237681898562,1
3530,data/raw/bhsig260/BHSig160_Hindi/Genuine/H-S-77-G-05.tif,data/raw/bhsig260/BHSig160_Hindi/Forged/H-S-77-F-13.tif,0,skilled_forgery,100077,0.18483364582061768,0.24711237681898562,1
3531,data/raw/bhsig260/BHSig160_Hindi/Genuine/H-S-77-G-02.tif,data/raw/bhsig260/BHSig160_Hindi/Forged/H-S-77-F-28.tif,0,skilled_forgery,100077,0.4104718863964081,0.24711237681898562,0
3532,data/raw/bhsig260/BHSig160_Hindi/Genuine/H-S-77-G-21.tif,data/raw/bhsig260/BHSig160_Hindi/Forged/H-S-77-F-18.tif,0,skilled_forgery,100077,0.32653293013572693,0.24711237681898562,0
3533,data/raw/bhsig260/BHSig160_Hindi/Genuine/H-S-77-G-23.tif,data/raw/bhsig260/BHSig160_Hindi/Forged/H-S-77-F-17.tif,0,skilled_forgery,100077,0.2780643105506897,0.24711237681898562,0
3534,data/raw/bhsig260/BHSig160_Hindi/Genuine/H-S-77-G-04.tif,data/raw/bhsig260/BHSig160_Hindi/Forged/H-S-77-F-04.tif,0,skilled_forgery,100077,0.3156700134277344,0.24711237681898562,0
3535,data/raw/bhsig260/BHSig160_Hindi/Genuine/H-S-77-G-05.tif,data/raw/bhsig260/BHSig160_Hindi/Genuine/H-S-86-G-05.tif,0,random_forgery,100077,0.5065439343452454,0.24711237681898562,0
3536,data/raw/bhsig260/BHSig160_Hindi/Genuine/H-S-77-G-16.tif,data/raw/bhsig260/BHSig160_Hindi/Genuine/H-S-135-G-18.tif,0,random_forgery,100077,0.22784443199634552,0.24711237681898562,1
3537,data/raw/bhsig260/BHSig160_Hindi/Genuine/H-S-77-G-06.tif,data/raw/bhsig260/BHSig160_Hindi/Genuine/H-S-29-G-05.tif,0,random_forgery,100077,0.3921971023082733,0.24711237681898562,0
3538,data/raw/bhsig260/BHSig160_Hindi/Genuine/H-S-77-G-07.tif,data/raw/bhsig260/BHSig160_Hindi/Genuine/H-S-83-G-08.tif,0,random_forgery,100077,0.18797925114631653,0.24711237681898562,1
3539,data/raw/bhsig260/BHSig160_Hindi/Genuine/H-S-77-G-17.tif,data/raw/bhsig260/BHSig100_Bengali/Genuine/B-S-44-G-10.tif,0,random_forgery,100077,0.5205049514770508,0.24711237681898562,0
3540,data/raw/bhsig260/BHSig160_Hindi/Genuine/H-S-78-G-17.tif,data/raw/bhsig260/BHSig160_Hindi/Genuine/H-S-78-G-20.tif,1,genuine_genuine,100078,0.14322862029075623,0.24711237681898562,1
3541,data/raw/bhsig260/BHSig160_Hindi/Genuine/H-S-78-G-01.tif,data/raw/bhsig260/BHSig160_Hindi/Genuine/H-S-78-G-15.tif,1,genuine_genuine,100078,0.5481913685798645,0.24711237681898562,0
3542,data/raw/bhsig260/BHSig160_Hindi/Genuine/H-S-78-G-10.tif,data/raw/bhsig260/BHSig160_Hindi/Genuine/H-S-78-G-23.tif,1,genuine_genuine,100078,0.18659114837646484,0.24711237681898562,1
3543,data/raw/bhsig260/BHSig160_Hindi/Genuine/H-S-78-G-08.tif,data/raw/bhsig260/BHSig160_Hindi/Genuine/H-S-78-G-09.tif,1,genuine_genuine,100078,0.19133345782756805,0.24711237681898562,1
3544,data/raw/bhsig260/BHSig160_Hindi/Genuine/H-S-78-G-03.tif,data/raw/bhsig260/BHSig160_Hindi/Genuine/H-S-78-G-06.tif,1,genuine_genuine,100078,0.2574252188205719,0.24711237681898562,0
3545,data/raw/bhsig260/BHSig160_Hindi/Genuine/H-S-78-G-05.tif,data/raw/bhsig260/BHSig160_Hindi/Genuine/H-S-78-G-16.tif,1,genuine_genuine,100078,0.44654884934425354,0.24711237681898562,0
3546,data/raw/bhsig260/BHSig160_Hindi/Genuine/H-S-78-G-07.tif,data/raw/bhsig260/BHSig160_Hindi/Genuine/H-S-78-G-15.tif,1,genuine_genuine,100078,0.6213876008987427,0.24711237681898562,0
3547,data/raw/bhsig260/BHSig160_Hindi/Genuine/H-S-78-G-04.tif,data/raw/bhsig260/BHSig160_Hindi/Genuine/H-S-78-G-14.tif,1,genuine_genuine,100078,0.26521575450897217,0.24711237681898562,0
3548,data/raw/bhsig260/BHSig160_Hindi/Genuine/H-S-78-G-03.tif,data/raw/bhsig260/BHSig160_Hindi/Genuine/H-S-78-G-07.tif,1,genuine_genuine,100078,0.5422396063804626,0.24711237681898562,0
3549,data/raw/bhsig260/BHSig160_Hindi/Genuine/H-S-78-G-19.tif,data/raw/bhsig260/BHSig160_Hindi/Genuine/H-S-78-G-21.tif,1,genuine_genuine,100078,0.045332618057727814,0.24711237681898562,1
3550,data/raw/bhsig260/BHSig160_Hindi/Genuine/H-S-78-G-05.tif,data/raw/bhsig260/BHSig160_Hindi/Forged/H-S-78-F-26.tif,0,skilled_forgery,100078,0.6186041831970215,0.24711237681898562,0
3551,data/raw/bhsig260/BHSig160_Hindi/Genuine/H-S-78-G-16.tif,data/raw/bhsig260/BHSig160_Hindi/Forged/H-S-78-F-02.tif,0,skilled_forgery,100078,0.21383722126483917,0.24711237681898562,1
3552,data/raw/bhsig260/BHSig160_Hindi/Genuine/H-S-78-G-17.tif,data/raw/bhsig260/BHSig160_Hindi/Forged/H-S-78-F-08.tif,0,skilled_forgery,100078,0.23503325879573822,0.24711237681898562,1
3553,data/raw/bhsig260/BHSig160_Hindi/Genuine/H-S-78-G-24.tif,data/raw/bhsig260/BHSig160_Hindi/Forged/H-S-78-F-25.tif,0,skilled_forgery,100078,0.2854948043823242,0.24711237681898562,0
3554,data/raw/bhsig260/BHSig160_Hindi/Genuine/H-S-78-G-17.tif,data/raw/bhsig260/BHSig160_Hindi/Forged/H-S-78-F-23.tif,0,skilled_forgery,100078,0.1935947835445404,0.24711237681898562,1
3555,data/raw/bhsig260/BHSig160_Hindi/Genuine/H-S-78-G-19.tif,data/raw/bhsig260/BHSig160_Hindi/Genuine/H-S-126-G-23.tif,0,random_forgery,100078,0.29089564085006714,0.24711237681898562,0
3556,data/raw/bhsig260/BHSig160_Hindi/Genuine/H-S-78-G-14.tif,data/raw/bhsig260/BHSig100_Bengali/Genuine/B-S-86-G-24.tif,0,random_forgery,100078,0.7107461094856262,0.24711237681898562,0
3557,data/raw/bhsig260/BHSig160_Hindi/Genuine/H-S-78-G-19.tif,data/raw/bhsig260/BHSig160_Hindi/Genuine/H-S-65-G-02.tif,0,random_forgery,100078,0.8003727793693542,0.24711237681898562,0
3558,data/raw/bhsig260/BHSig160_Hindi/Genuine/H-S-78-G-07.tif,data/raw/bhsig260/BHSig160_Hindi/Genuine/H-S-41-G-17.tif,0,random_forgery,100078,0.6955670118331909,0.24711237681898562,0
3559,data/raw/bhsig260/BHSig160_Hindi/Genuine/H-S-78-G-10.tif,data/raw/bhsig260/BHSig100_Bengali/Genuine/B-S-92-G-05.tif,0,random_forgery,100078,0.26927921175956726,0.24711237681898562,0
3560,data/raw/bhsig260/BHSig160_Hindi/Genuine/H-S-79-G-11.tif,data/raw/bhsig260/BHSig160_Hindi/Genuine/H-S-79-G-20.tif,1,genuine_genuine,100079,0.15152017772197723,0.24711237681898562,1
3561,data/raw/bhsig260/BHSig160_Hindi/Genuine/H-S-79-G-15.tif,data/raw/bhsig260/BHSig160_Hindi/Genuine/H-S-79-G-23.tif,1,genuine_genuine,100079,0.2963026463985443,0.24711237681898562,0
3562,data/raw/bhsig260/BHSig160_Hindi/Genuine/H-S-79-G-02.tif,data/raw/bhsig260/BHSig160_Hindi/Genuine/H-S-79-G-14.tif,1,genuine_genuine,100079,0.25797104835510254,0.24711237681898562,0
3563,data/raw/bhsig260/BHSig160_Hindi/Genuine/H-S-79-G-19.tif,data/raw/bhsig260/BHSig160_Hindi/Genuine/H-S-79-G-22.tif,1,genuine_genuine,100079,0.32804593443870544,0.24711237681898562,0
3564,data/raw/bhsig260/BHSig160_Hindi/Genuine/H-S-79-G-06.tif,data/raw/bhsig260/BHSig160_Hindi/Genuine/H-S-79-G-08.tif,1,genuine_genuine,100079,0.1314823031425476,0.24711237681898562,1
3565,data/raw/bhsig260/BHSig160_Hindi/Genuine/H-S-79-G-06.tif,data/raw/bhsig260/BHSig160_Hindi/Genuine/H-S-79-G-24.tif,1,genuine_genuine,100079,0.08396855741739273,0.24711237681898562,1
3566,data/raw/bhsig260/BHSig160_Hindi/Genuine/H-S-79-G-03.tif,data/raw/bhsig260/BHSig160_Hindi/Genuine/H-S-79-G-08.tif,1,genuine_genuine,100079,0.3435223400592804,0.24711237681898562,0
3567,data/raw/bhsig260/BHSig160_Hindi/Genuine/H-S-79-G-01.tif,data/raw/bhsig260/BHSig160_Hindi/Genuine/H-S-79-G-08.tif,1,genuine_genuine,100079,0.3125041127204895,0.24711237681898562,0
3568,data/raw/bhsig260/BHSig160_Hindi/Genuine/H-S-79-G-03.tif,data/raw/bhsig260/BHSig160_Hindi/Genuine/H-S-79-G-21.tif,1,genuine_genuine,100079,0.09839904308319092,0.24711237681898562,1
3569,data/raw/bhsig260/BHSig160_Hindi/Genuine/H-S-79-G-17.tif,data/raw/bhsig260/BHSig160_Hindi/Genuine/H-S-79-G-22.tif,1,genuine_genuine,100079,0.22781728208065033,0.24711237681898562,1
3570,data/raw/bhsig260/BHSig160_Hindi/Genuine/H-S-79-G-10.tif,data/raw/bhsig260/BHSig160_Hindi/Forged/H-S-79-F-08.tif,0,skilled_forgery,100079,0.20673035085201263,0.24711237681898562,1
3571,data/raw/bhsig260/BHSig160_Hindi/Genuine/H-S-79-G-15.tif,data/raw/bhsig260/BHSig160_Hindi/Forged/H-S-79-F-21.tif,0,skilled_forgery,100079,0.29151028394699097,0.24711237681898562,0
3572,data/raw/bhsig260/BHSig160_Hindi/Genuine/H-S-79-G-10.tif,data/raw/bhsig260/BHSig160_Hindi/Forged/H-S-79-F-15.tif,0,skilled_forgery,100079,0.14435061812400818,0.24711237681898562,1
3573,data/raw/bhsig260/BHSig160_Hindi/Genuine/H-S-79-G-04.tif,data/raw/bhsig260/BHSig160_Hindi/Forged/H-S-79-F-25.tif,0,skilled_forgery,100079,0.3809007406234741,0.24711237681898562,0
3574,data/raw/bhsig260/BHSig160_Hindi/Genuine/H-S-79-G-07.tif,data/raw/bhsig260/BHSig160_Hindi/Forged/H-S-79-F-24.tif,0,skilled_forgery,100079,0.22030608355998993,0.24711237681898562,1
3575,data/raw/bhsig260/BHSig160_Hindi/Genuine/H-S-79-G-23.tif,data/raw/bhsig260/BHSig100_Bengali/Genuine/B-S-50-G-09.tif,0,random_forgery,100079,0.1282723993062973,0.24711237681898562,1
3576,data/raw/bhsig260/BHSig160_Hindi/Genuine/H-S-79-G-07.tif,data/raw/bhsig260/BHSig100_Bengali/Genuine/B-S-89-G-14.tif,0,random_forgery,100079,0.6208750605583191,0.24711237681898562,0
3577,data/raw/bhsig260/BHSig160_Hindi/Genuine/H-S-79-G-21.tif,data/raw/bhsig260/BHSig160_Hindi/Genuine/H-S-135-G-01.tif,0,random_forgery,100079,0.3274376690387726,0.24711237681898562,0
3578,data/raw/bhsig260/BHSig160_Hindi/Genuine/H-S-79-G-04.tif,data/raw/bhsig260/BHSig160_Hindi/Genuine/H-S-69-G-04.tif,0,random_forgery,100079,0.45888495445251465,0.24711237681898562,0
3579,data/raw/bhsig260/BHSig160_Hindi/Genuine/H-S-79-G-05.tif,data/raw/bhsig260/BHSig100_Bengali/Genuine/B-S-49-G-03.tif,0,random_forgery,100079,0.656023383140564,0.24711237681898562,0
3580,data/raw/bhsig260/BHSig160_Hindi/Genuine/H-S-80-G-10.tif,data/raw/bhsig260/BHSig160_Hindi/Genuine/H-S-80-G-22.tif,1,genuine_genuine,100080,0.3894701600074768,0.24711237681898562,0
3581,data/raw/bhsig260/BHSig160_Hindi/Genuine/H-S-80-G-02.tif,data/raw/bhsig260/BHSig160_Hindi/Genuine/H-S-80-G-22.tif,1,genuine_genuine,100080,0.35714516043663025,0.24711237681898562,0
3582,data/raw/bhsig260/BHSig160_Hindi/Genuine/H-S-80-G-03.tif,data/raw/bhsig260/BHSig160_Hindi/Genuine/H-S-80-G-20.tif,1,genuine_genuine,100080,0.09691567718982697,0.24711237681898562,1
3583,data/raw/bhsig260/BHSig160_Hindi/Genuine/H-S-80-G-02.tif,data/raw/bhsig260/BHSig160_Hindi/Genuine/H-S-80-G-09.tif,1,genuine_genuine,100080,0.062163345515728,0.24711237681898562,1
3584,data/raw/bhsig260/BHSig160_Hindi/Genuine/H-S-80-G-13.tif,data/raw/bhsig260/BHSig160_Hindi/Genuine/H-S-80-G-24.tif,1,genuine_genuine,100080,0.34442058205604553,0.24711237681898562,0
3585,data/raw/bhsig260/BHSig160_Hindi/Genuine/H-S-80-G-10.tif,data/raw/bhsig260/BHSig160_Hindi/Genuine/H-S-80-G-13.tif,1,genuine_genuine,100080,0.2724543809890747,0.24711237681898562,0
3586,data/raw/bhsig260/BHSig160_Hindi/Genuine/H-S-80-G-04.tif,data/raw/bhsig260/BHSig160_Hindi/Genuine/H-S-80-G-23.tif,1,genuine_genuine,100080,0.12951959669589996,0.24711237681898562,1
3587,data/raw/bhsig260/BHSig160_Hindi/Genuine/H-S-80-G-04.tif,data/raw/bhsig260/BHSig160_Hindi/Genuine/H-S-80-G-09.tif,1,genuine_genuine,100080,0.1171833947300911,0.24711237681898562,1
3588,data/raw/bhsig260/BHSig160_Hindi/Genuine/H-S-80-G-14.tif,data/raw/bhsig260/BHSig160_Hindi/Genuine/H-S-80-G-21.tif,1,genuine_genuine,100080,0.2690393030643463,0.24711237681898562,0
3589,data/raw/bhsig260/BHSig160_Hindi/Genuine/H-S-80-G-19.tif,data/raw/bhsig260/BHSig160_Hindi/Genuine/H-S-80-G-21.tif,1,genuine_genuine,100080,0.20843099057674408,0.24711237681898562,1
3590,data/raw/bhsig260/BHSig160_Hindi/Genuine/H-S-80-G-01.tif,data/raw/bhsig260/BHSig160_Hindi/Forged/H-S-80-F-25.tif,0,skilled_forgery,100080,0.3535960018634796,0.24711237681898562,0
3591,data/raw/bhsig260/BHSig160_Hindi/Genuine/H-S-80-G-04.tif,data/raw/bhsig260/BHSig160_Hindi/Forged/H-S-80-F-24.tif,0,skilled_forgery,100080,0.34382328391075134,0.24711237681898562,0
3592,data/raw/bhsig260/BHSig160_Hindi/Genuine/H-S-80-G-13.tif,data/raw/bhsig260/BHSig160_Hindi/Forged/H-S-80-F-19.tif,0,skilled_forgery,100080,0.11396762728691101,0.24711237681898562,1
3593,data/raw/bhsig260/BHSig160_Hindi/Genuine/H-S-80-G-13.tif,data/raw/bhsig260/BHSig160_Hindi/Forged/H-S-80-F-27.tif,0,skilled_forgery,100080,0.20895741879940033,0.24711237681898562,1
3594,data/raw/bhsig260/BHSig160_Hindi/Genuine/H-S-80-G-16.tif,data/raw/bhsig260/BHSig160_Hindi/Forged/H-S-80-F-04.tif,0,skilled_forgery,100080,0.10789359360933304,0.24711237681898562,1
3595,data/raw/bhsig260/BHSig160_Hindi/Genuine/H-S-80-G-01.tif,data/raw/bhsig260/BHSig160_Hindi/Genuine/H-S-54-G-07.tif,0,random_forgery,100080,1.3006983995437622,0.24711237681898562,0
3596,data/raw/bhsig260/BHSig160_Hindi/Genuine/H-S-80-G-11.tif,data/raw/bhsig260/BHSig100_Bengali/Genuine/B-S-41-G-12.tif,0,random_forgery,100080,0.395077645778656,0.24711237681898562,0
3597,data/raw/bhsig260/BHSig160_Hindi/Genuine/H-S-80-G-16.tif,data/raw/bhsig260/BHSig160_Hindi/Genuine/H-S-65-G-06.tif,0,random_forgery,100080,0.6320712566375732,0.24711237681898562,0
3598,data/raw/bhsig260/BHSig160_Hindi/Genuine/H-S-80-G-11.tif,data/raw/bhsig260/BHSig160_Hindi/Genuine/H-S-122-G-09.tif,0,random_forgery,100080,0.4244246780872345,0.24711237681898562,0
3599,data/raw/bhsig260/BHSig160_Hindi/Genuine/H-S-80-G-11.tif,data/raw/bhsig260/BHSig100_Bengali/Genuine/B-S-16-G-13.tif,0,random_forgery,100080,1.2998236417770386,0.24711237681898562,0
3600,data/raw/bhsig260/BHSig160_Hindi/Genuine/H-S-81-G-02.tif,data/raw/bhsig260/BHSig160_Hindi/Genuine/H-S-81-G-17.tif,1,genuine_genuine,100081,0.16754285991191864,0.24711237681898562,1
3601,data/raw/bhsig260/BHSig160_Hindi/Genuine/H-S-81-G-03.tif,data/raw/bhsig260/BHSig160_Hindi/Genuine/H-S-81-G-16.tif,1,genuine_genuine,100081,0.20147772133350372,0.24711237681898562,1
3602,data/raw/bhsig260/BHSig160_Hindi/Genuine/H-S-81-G-05.tif,data/raw/bhsig260/BHSig160_Hindi/Genuine/H-S-81-G-07.tif,1,genuine_genuine,100081,0.06601433455944061,0.24711237681898562,1
3603,data/raw/bhsig260/BHSig160_Hindi/Genuine/H-S-81-G-09.tif,data/raw/bhsig260/BHSig160_Hindi/Genuine/H-S-81-G-11.tif,1,genuine_genuine,100081,0.06664145737886429,0.24711237681898562,1
3604,data/raw/bhsig260/BHSig160_Hindi/Genuine/H-S-81-G-15.tif,data/raw/bhsig260/BHSig160_Hindi/Genuine/H-S-81-G-20.tif,1,genuine_genuine,100081,0.1371384859085083,0.24711237681898562,1
3605,data/raw/bhsig260/BHSig160_Hindi/Genuine/H-S-81-G-01.tif,data/raw/bhsig260/BHSig160_Hindi/Genuine/H-S-81-G-03.tif,1,genuine_genuine,100081,0.0938892811536789,0.24711237681898562,1
3606,data/raw/bhsig260/BHSig160_Hindi/Genuine/H-S-81-G-18.tif,data/raw/bhsig260/BHSig160_Hindi/Genuine/H-S-81-G-23.tif,1,genuine_genuine,100081,0.1346765011548996,0.24711237681898562,1
3607,data/raw/bhsig260/BHSig160_Hindi/Genuine/H-S-81-G-06.tif,data/raw/bhsig260/BHSig160_Hindi/Genuine/H-S-81-G-18.tif,1,genuine_genuine,100081,0.03076133131980896,0.24711237681898562,1
3608,data/raw/bhsig260/BHSig160_Hindi/Genuine/H-S-81-G-07.tif,data/raw/bhsig260/BHSig160_Hindi/Genuine/H-S-81-G-16.tif,1,genuine_genuine,100081,0.11140001565217972,0.24711237681898562,1
3609,data/raw/bhsig260/BHSig160_Hindi/Genuine/H-S-81-G-05.tif,data/raw/bhsig260/BHSig160_Hindi/Genuine/H-S-81-G-14.tif,1,genuine_genuine,100081,0.17157582938671112,0.24711237681898562,1
3610,data/raw/bhsig260/BHSig160_Hindi/Genuine/H-S-81-G-24.tif,data/raw/bhsig260/BHSig160_Hindi/Forged/H-S-81-F-29.tif,0,skilled_forgery,100081,0.38178667426109314,0.24711237681898562,0
3611,data/raw/bhsig260/BHSig160_Hindi/Genuine/H-S-81-G-20.tif,data/raw/bhsig260/BHSig160_Hindi/Forged/H-S-81-F-28.tif,0,skilled_forgery,100081,0.2183479219675064,0.24711237681898562,1
3612,data/raw/bhsig260/BHSig160_Hindi/Genuine/H-S-81-G-04.tif,data/raw/bhsig260/BHSig160_Hindi/Forged/H-S-81-F-22.tif,0,skilled_forgery,100081,0.22727102041244507,0.24711237681898562,1
3613,data/raw/bhsig260/BHSig160_Hindi/Genuine/H-S-81-G-07.tif,data/raw/bhsig260/BHSig160_Hindi/Forged/H-S-81-F-30.tif,0,skilled_forgery,100081,0.2835874557495117,0.24711237681898562,0
3614,data/raw/bhsig260/BHSig160_Hindi/Genuine/H-S-81-G-02.tif,data/raw/bhsig260/BHSig160_Hindi/Forged/H-S-81-F-25.tif,0,skilled_forgery,100081,0.13315489888191223,0.24711237681898562,1
3615,data/raw/bhsig260/BHSig160_Hindi/Genuine/H-S-81-G-20.tif,data/raw/bhsig260/BHSig160_Hindi/Genuine/H-S-50-G-19.tif,0,random_forgery,100081,0.26715925335884094,0.24711237681898562,0
3616,data/raw/bhsig260/BHSig160_Hindi/Genuine/H-S-81-G-19.tif,data/raw/bhsig260/BHSig160_Hindi/Genuine/H-S-33-G-04.tif,0,random_forgery,100081,0.7345800995826721,0.24711237681898562,0
3617,data/raw/bhsig260/BHSig160_Hindi/Genuine/H-S-81-G-17.tif,data/raw/bhsig260/BHSig160_Hindi/Genuine/H-S-018-G-06.tif,0,random_forgery,100081,0.2930839955806732,0.24711237681898562,0
3618,data/raw/bhsig260/BHSig160_Hindi/Genuine/H-S-81-G-17.tif,data/raw/bhsig260/BHSig160_Hindi/Genuine/H-S-39-G-18.tif,0,random_forgery,100081,0.143599271774292,0.24711237681898562,1
3619,data/raw/bhsig260/BHSig160_Hindi/Genuine/H-S-81-G-06.tif,data/raw/bhsig260/BHSig160_Hindi/Genuine/H-S-6-G-15.tif,0,random_forgery,100081,0.21194453537464142,0.24711237681898562,1
3620,data/raw/bhsig260/BHSig160_Hindi/Genuine/H-S-82-G-13.tif,data/raw/bhsig260/BHSig160_Hindi/Genuine/H-S-82-G-19.tif,1,genuine_genuine,100082,0.19487117230892181,0.24711237681898562,1
3621,data/raw/bhsig260/BHSig160_Hindi/Genuine/H-S-82-G-07.tif,data/raw/bhsig260/BHSig160_Hindi/Genuine/H-S-82-G-22.tif,1,genuine_genuine,100082,0.2807469367980957,0.24711237681898562,0
3622,data/raw/bhsig260/BHSig160_Hindi/Genuine/H-S-82-G-06.tif,data/raw/bhsig260/BHSig160_Hindi/Genuine/H-S-82-G-22.tif,1,genuine_genuine,100082,0.25357821583747864,0.24711237681898562,0
3623,data/raw/bhsig260/BHSig160_Hindi/Genuine/H-S-82-G-13.tif,data/raw/bhsig260/BHSig160_Hindi/Genuine/H-S-82-G-18.tif,1,genuine_genuine,100082,0.513887345790863,0.24711237681898562,0
3624,data/raw/bhsig260/BHSig160_Hindi/Genuine/H-S-82-G-01.tif,data/raw/bhsig260/BHSig160_Hindi/Genuine/H-S-82-G-16.tif,1,genuine_genuine,100082,0.4985010325908661,0.24711237681898562,0
3625,data/raw/bhsig260/BHSig160_Hindi/Genuine/H-S-82-G-20.tif,data/raw/bhsig260/BHSig160_Hindi/Genuine/H-S-82-G-23.tif,1,genuine_genuine,100082,0.6557087898254395,0.24711237681898562,0
3626,data/raw/bhsig260/BHSig160_Hindi/Genuine/H-S-82-G-19.tif,data/raw/bhsig260/BHSig160_Hindi/Genuine/H-S-82-G-23.tif,1,genuine_genuine,100082,0.2298613339662552,0.24711237681898562,1
3627,data/raw/bhsig260/BHSig160_Hindi/Genuine/H-S-82-G-14.tif,data/raw/bhsig260/BHSig160_Hindi/Genuine/H-S-82-G-22.tif,1,genuine_genuine,100082,0.15808150172233582,0.24711237681898562,1
3628,data/raw/bhsig260/BHSig160_Hindi/Genuine/H-S-82-G-06.tif,data/raw/bhsig260/BHSig160_Hindi/Genuine/H-S-82-G-19.tif,1,genuine_genuine,100082,0.5904817581176758,0.24711237681898562,0
3629,data/raw/bhsig260/BHSig160_Hindi/Genuine/H-S-82-G-09.tif,data/raw/bhsig260/BHSig160_Hindi/Genuine/H-S-82-G-17.tif,1,genuine_genuine,100082,0.20700480043888092,0.24711237681898562,1
3630,data/raw/bhsig260/BHSig160_Hindi/Genuine/H-S-82-G-18.tif,data/raw/bhsig260/BHSig160_Hindi/Forged/H-S-82-F-16.tif,0,skilled_forgery,100082,0.7011914849281311,0.24711237681898562,0
3631,data/raw/bhsig260/BHSig160_Hindi/Genuine/H-S-82-G-10.tif,data/raw/bhsig260/BHSig160_Hindi/Forged/H-S-82-F-25.tif,0,skilled_forgery,100082,0.36109402775764465,0.24711237681898562,0
3632,data/raw/bhsig260/BHSig160_Hindi/Genuine/H-S-82-G-11.tif,data/raw/bhsig260/BHSig160_Hindi/Forged/H-S-82-F-22.tif,0,skilled_forgery,100082,0.8955833315849304,0.24711237681898562,0
3633,data/raw/bhsig260/BHSig160_Hindi/Genuine/H-S-82-G-18.tif,data/raw/bhsig260/BHSig160_Hindi/Forged/H-S-82-F-26.tif,0,skilled_forgery,100082,0.9159055352210999,0.24711237681898562,0
3634,data/raw/bhsig260/BHSig160_Hindi/Genuine/H-S-82-G-06.tif,data/raw/bhsig260/BHSig160_Hindi/Forged/H-S-82-F-02.tif,0,skilled_forgery,100082,0.6997866034507751,0.24711237681898562,0
3635,data/raw/bhsig260/BHSig160_Hindi/Genuine/H-S-82-G-24.tif,data/raw/bhsig260/BHSig160_Hindi/Genuine/H-S-10-G-21.tif,0,random_forgery,100082,0.6159593462944031,0.24711237681898562,0
3636,data/raw/bhsig260/BHSig160_Hindi/Genuine/H-S-82-G-07.tif,data/raw/bhsig260/BHSig160_Hindi/Genuine/H-S-1-G-24.tif,0,random_forgery,100082,0.43931758403778076,0.24711237681898562,0
3637,data/raw/bhsig260/BHSig160_Hindi/Genuine/H-S-82-G-20.tif,data/raw/bhsig260/BHSig100_Bengali/Genuine/B-S-9-G-16.tif,0,random_forgery,100082,1.998313546180725,0.24711237681898562,0
3638,data/raw/bhsig260/BHSig160_Hindi/Genuine/H-S-82-G-23.tif,data/raw/bhsig260/BHSig100_Bengali/Genuine/B-S-85-G-24.tif,0,random_forgery,100082,0.4824608564376831,0.24711237681898562,0
3639,data/raw/bhsig260/BHSig160_Hindi/Genuine/H-S-82-G-06.tif,data/raw/bhsig260/BHSig160_Hindi/Genuine/H-S-32-G-18.tif,0,random_forgery,100082,0.8500663042068481,0.24711237681898562,0
3640,data/raw/bhsig260/BHSig160_Hindi/Genuine/H-S-83-G-07.tif,data/raw/bhsig260/BHSig160_Hindi/Genuine/H-S-83-G-11.tif,1,genuine_genuine,100083,0.1832815259695053,0.24711237681898562,1
3641,data/raw/bhsig260/BHSig160_Hindi/Genuine/H-S-83-G-10.tif,data/raw/bhsig260/BHSig160_Hindi/Genuine/H-S-83-G-22.tif,1,genuine_genuine,100083,0.07343064248561859,0.24711237681898562,1
3642,data/raw/bhsig260/BHSig160_Hindi/Genuine/H-S-83-G-02.tif,data/raw/bhsig260/BHSig160_Hindi/Genuine/H-S-83-G-09.tif,1,genuine_genuine,100083,0.10601648688316345,0.24711237681898562,1
3643,data/raw/bhsig260/BHSig160_Hindi/Genuine/H-S-83-G-06.tif,data/raw/bhsig260/BHSig160_Hindi/Genuine/H-S-83-G-22.tif,1,genuine_genuine,100083,0.16674630343914032,0.24711237681898562,1
3644,data/raw/bhsig260/BHSig160_Hindi/Genuine/H-S-83-G-17.tif,data/raw/bhsig260/BHSig160_Hindi/Genuine/H-S-83-G-24.tif,1,genuine_genuine,100083,0.20418457686901093,0.24711237681898562,1
3645,data/raw/bhsig260/BHSig160_Hindi/Genuine/H-S-83-G-15.tif,data/raw/bhsig260/BHSig160_Hindi/Genuine/H-S-83-G-23.tif,1,genuine_genuine,100083,0.16313578188419342,0.24711237681898562,1
3646,data/raw/bhsig260/BHSig160_Hindi/Genuine/H-S-83-G-09.tif,data/raw/bhsig260/BHSig160_Hindi/Genuine/H-S-83-G-23.tif,1,genuine_genuine,100083,0.14583377540111542,0.24711237681898562,1
3647,data/raw/bhsig260/BHSig160_Hindi/Genuine/H-S-83-G-06.tif,data/raw/bhsig260/BHSig160_Hindi/Genuine/H-S-83-G-13.tif,1,genuine_genuine,100083,0.112718865275383,0.24711237681898562,1
3648,data/raw/bhsig260/BHSig160_Hindi/Genuine/H-S-83-G-04.tif,data/raw/bhsig260/BHSig160_Hindi/Genuine/H-S-83-G-20.tif,1,genuine_genuine,100083,0.0968407541513443,0.24711237681898562,1
3649,data/raw/bhsig260/BHSig160_Hindi/Genuine/H-S-83-G-07.tif,data/raw/bhsig260/BHSig160_Hindi/Genuine/H-S-83-G-08.tif,1,genuine_genuine,100083,0.2561679482460022,0.24711237681898562,0
3650,data/raw/bhsig260/BHSig160_Hindi/Genuine/H-S-83-G-18.tif,data/raw/bhsig260/BHSig160_Hindi/Forged/H-S-83-F-13.tif,0,skilled_forgery,100083,0.509698212146759,0.24711237681898562,0
3651,data/raw/bhsig260/BHSig160_Hindi/Genuine/H-S-83-G-16.tif,data/raw/bhsig260/BHSig160_Hindi/Forged/H-S-83-F-06.tif,0,skilled_forgery,100083,0.2313431203365326,0.24711237681898562,1
3652,data/raw/bhsig260/BHSig160_Hindi/Genuine/H-S-83-G-21.tif,data/raw/bhsig260/BHSig160_Hindi/Forged/H-S-83-F-08.tif,0,skilled_forgery,100083,0.410092830657959,0.24711237681898562,0
3653,data/raw/bhsig260/BHSig160_Hindi/Genuine/H-S-83-G-19.tif,data/raw/bhsig260/BHSig160_Hindi/Forged/H-S-83-F-11.tif,0,skilled_forgery,100083,0.38689014315605164,0.24711237681898562,0
3654,data/raw/bhsig260/BHSig160_Hindi/Genuine/H-S-83-G-15.tif,data/raw/bhsig260/BHSig160_Hindi/Forged/H-S-83-F-29.tif,0,skilled_forgery,100083,0.30045145750045776,0.24711237681898562,0
3655,data/raw/bhsig260/BHSig160_Hindi/Genuine/H-S-83-G-09.tif,data/raw/bhsig260/BHSig160_Hindi/Genuine/H-S-31-G-24.tif,0,random_forgery,100083,0.9150795936584473,0.24711237681898562,0
3656,data/raw/bhsig260/BHSig160_Hindi/Genuine/H-S-83-G-22.tif,data/raw/bhsig260/BHSig160_Hindi/Genuine/H-S-37-G-20.tif,0,random_forgery,100083,1.054781198501587,0.24711237681898562,0
3657,data/raw/bhsig260/BHSig160_Hindi/Genuine/H-S-83-G-06.tif,data/raw/bhsig260/BHSig160_Hindi/Genuine/H-S-50-G-13.tif,0,random_forgery,100083,0.6036717891693115,0.24711237681898562,0
3658,data/raw/bhsig260/BHSig160_Hindi/Genuine/H-S-83-G-11.tif,data/raw/bhsig260/BHSig100_Bengali/Genuine/B-S-98-G-20.tif,0,random_forgery,100083,0.650698721408844,0.24711237681898562,0
3659,data/raw/bhsig260/BHSig160_Hindi/Genuine/H-S-83-G-03.tif,data/raw/bhsig260/BHSig160_Hindi/Genuine/H-S-132-G-20.tif,0,random_forgery,100083,0.3541571795940399,0.24711237681898562,0
3660,data/raw/bhsig260/BHSig160_Hindi/Genuine/H-S-84-G-06.tif,data/raw/bhsig260/BHSig160_Hindi/Genuine/H-S-84-G-09.tif,1,genuine_genuine,100084,0.05556482821702957,0.24711237681898562,1
3661,data/raw/bhsig260/BHSig160_Hindi/Genuine/H-S-84-G-06.tif,data/raw/bhsig260/BHSig160_Hindi/Genuine/H-S-84-G-07.tif,1,genuine_genuine,100084,0.216627836227417,0.24711237681898562,1
3662,data/raw/bhsig260/BHSig160_Hindi/Genuine/H-S-84-G-21.tif,data/raw/bhsig260/BHSig160_Hindi/Genuine/H-S-84-G-23.tif,1,genuine_genuine,100084,0.20384497940540314,0.24711237681898562,1
3663,data/raw/bhsig260/BHSig160_Hindi/Genuine/H-S-84-G-01.tif,data/raw/bhsig260/BHSig160_Hindi/Genuine/H-S-84-G-22.tif,1,genuine_genuine,100084,0.09972397238016129,0.24711237681898562,1
3664,data/raw/bhsig260/BHSig160_Hindi/Genuine/H-S-84-G-03.tif,data/raw/bhsig260/BHSig160_Hindi/Genuine/H-S-84-G-11.tif,1,genuine_genuine,100084,0.21424362063407898,0.24711237681898562,1
3665,data/raw/bhsig260/BHSig160_Hindi/Genuine/H-S-84-G-16.tif,data/raw/bhsig260/BHSig160_Hindi/Genuine/H-S-84-G-18.tif,1,genuine_genuine,100084,0.20160838961601257,0.24711237681898562,1
3666,data/raw/bhsig260/BHSig160_Hindi/Genuine/H-S-84-G-01.tif,data/raw/bhsig260/BHSig160_Hindi/Genuine/H-S-84-G-14.tif,1,genuine_genuine,100084,0.09972397238016129,0.24711237681898562,1
3667,data/raw/bhsig260/BHSig160_Hindi/Genuine/H-S-84-G-08.tif,data/raw/bhsig260/BHSig160_Hindi/Genuine/H-S-84-G-09.tif,1,genuine_genuine,100084,0.14095215499401093,0.24711237681898562,1
3668,data/raw/bhsig260/BHSig160_Hindi/Genuine/H-S-84-G-07.tif,data/raw/bhsig260/BHSig160_Hindi/Genuine/H-S-84-G-17.tif,1,genuine_genuine,100084,0.20120230317115784,0.24711237681898562,1
3669,data/raw/bhsig260/BHSig160_Hindi/Genuine/H-S-84-G-08.tif,data/raw/bhsig260/BHSig160_Hindi/Genuine/H-S-84-G-17.tif,1,genuine_genuine,100084,0.1638367474079132,0.24711237681898562,1
3670,data/raw/bhsig260/BHSig160_Hindi/Genuine/H-S-84-G-19.tif,data/raw/bhsig260/BHSig160_Hindi/Forged/H-S-84-F-25.tif,0,skilled_forgery,100084,0.18216778337955475,0.24711237681898562,1
3671,data/raw/bhsig260/BHSig160_Hindi/Genuine/H-S-84-G-09.tif,data/raw/bhsig260/BHSig160_Hindi/Forged/H-S-84-F-29.tif,0,skilled_forgery,100084,0.546393632888794,0.24711237681898562,0
3672,data/raw/bhsig260/BHSig160_Hindi/Genuine/H-S-84-G-20.tif,data/raw/bhsig260/BHSig160_Hindi/Forged/H-S-84-F-26.tif,0,skilled_forgery,100084,0.18747155368328094,0.24711237681898562,1
3673,data/raw/bhsig260/BHSig160_Hindi/Genuine/H-S-84-G-17.tif,data/raw/bhsig260/BHSig160_Hindi/Forged/H-S-84-F-02.tif,0,skilled_forgery,100084,0.5460124015808105,0.24711237681898562,0
3674,data/raw/bhsig260/BHSig160_Hindi/Genuine/H-S-84-G-13.tif,data/raw/bhsig260/BHSig160_Hindi/Forged/H-S-84-F-18.tif,0,skilled_forgery,100084,0.24105937778949738,0.24711237681898562,1
3675,data/raw/bhsig260/BHSig160_Hindi/Genuine/H-S-84-G-04.tif,data/raw/bhsig260/BHSig160_Hindi/Genuine/H-S-018-G-10.tif,0,random_forgery,100084,0.8948089480400085,0.24711237681898562,0
3676,data/raw/bhsig260/BHSig160_Hindi/Genuine/H-S-84-G-17.tif,data/raw/bhsig260/BHSig100_Bengali/Genuine/B-S-14-G-01.tif,0,random_forgery,100084,0.4159117341041565,0.24711237681898562,0
3677,data/raw/bhsig260/BHSig160_Hindi/Genuine/H-S-84-G-01.tif,data/raw/bhsig260/BHSig160_Hindi/Genuine/H-S-56-G-17.tif,0,random_forgery,100084,0.6798806190490723,0.24711237681898562,0
3678,data/raw/bhsig260/BHSig160_Hindi/Genuine/H-S-84-G-09.tif,data/raw/bhsig260/BHSig160_Hindi/Genuine/H-S-52-G-12.tif,0,random_forgery,100084,0.17123417556285858,0.24711237681898562,1
3679,data/raw/bhsig260/BHSig160_Hindi/Genuine/H-S-84-G-21.tif,data/raw/bhsig260/BHSig160_Hindi/Genuine/H-S-47-G-24.tif,0,random_forgery,100084,0.2031601071357727,0.24711237681898562,1
3680,data/raw/bhsig260/BHSig160_Hindi/Genuine/H-S-85-G-14.tif,data/raw/bhsig260/BHSig160_Hindi/Genuine/H-S-85-G-16.tif,1,genuine_genuine,100085,0.15288612246513367,0.24711237681898562,1
3681,data/raw/bhsig260/BHSig160_Hindi/Genuine/H-S-85-G-12.tif,data/raw/bhsig260/BHSig160_Hindi/Genuine/H-S-85-G-15.tif,1,genuine_genuine,100085,0.32950258255004883,0.24711237681898562,0
3682,data/raw/bhsig260/BHSig160_Hindi/Genuine/H-S-85-G-12.tif,data/raw/bhsig260/BHSig160_Hindi/Genuine/H-S-85-G-14.tif,1,genuine_genuine,100085,0.2969643771648407,0.24711237681898562,0
3683,data/raw/bhsig260/BHSig160_Hindi/Genuine/H-S-85-G-10.tif,data/raw/bhsig260/BHSig160_Hindi/Genuine/H-S-85-G-19.tif,1,genuine_genuine,100085,0.12290117889642715,0.24711237681898562,1
3684,data/raw/bhsig260/BHSig160_Hindi/Genuine/H-S-85-G-07.tif,data/raw/bhsig260/BHSig160_Hindi/Genuine/H-S-85-G-13.tif,1,genuine_genuine,100085,0.130674809217453,0.24711237681898562,1
3685,data/raw/bhsig260/BHSig160_Hindi/Genuine/H-S-85-G-01.tif,data/raw/bhsig260/BHSig160_Hindi/Genuine/H-S-85-G-21.tif,1,genuine_genuine,100085,0.5518311262130737,0.24711237681898562,0
3686,data/raw/bhsig260/BHSig160_Hindi/Genuine/H-S-85-G-10.tif,data/raw/bhsig260/BHSig160_Hindi/Genuine/H-S-85-G-16.tif,1,genuine_genuine,100085,0.2249656766653061,0.24711237681898562,1
3687,data/raw/bhsig260/BHSig160_Hindi/Genuine/H-S-85-G-10.tif,data/raw/bhsig260/BHSig160_Hindi/Genuine/H-S-85-G-22.tif,1,genuine_genuine,100085,0.2518271207809448,0.24711237681898562,0
3688,data/raw/bhsig260/BHSig160_Hindi/Genuine/H-S-85-G-06.tif,data/raw/bhsig260/BHSig160_Hindi/Genuine/H-S-85-G-16.tif,1,genuine_genuine,100085,0.23272569477558136,0.24711237681898562,1
3689,data/raw/bhsig260/BHSig160_Hindi/Genuine/H-S-85-G-06.tif,data/raw/bhsig260/BHSig160_Hindi/Genuine/H-S-85-G-24.tif,1,genuine_genuine,100085,0.3817116320133209,0.24711237681898562,0
3690,data/raw/bhsig260/BHSig160_Hindi/Genuine/H-S-85-G-13.tif,data/raw/bhsig260/BHSig160_Hindi/Forged/H-S-85-F-15.tif,0,skilled_forgery,100085,0.40059730410575867,0.24711237681898562,0
3691,data/raw/bhsig260/BHSig160_Hindi/Genuine/H-S-85-G-08.tif,data/raw/bhsig260/BHSig160_Hindi/Forged/H-S-85-F-24.tif,0,skilled_forgery,100085,0.4618241786956787,0.24711237681898562,0
3692,data/raw/bhsig260/BHSig160_Hindi/Genuine/H-S-85-G-12.tif,data/raw/bhsig260/BHSig160_Hindi/Forged/H-S-85-F-15.tif,0,skilled_forgery,100085,0.5296080112457275,0.24711237681898562,0
3693,data/raw/bhsig260/BHSig160_Hindi/Genuine/H-S-85-G-07.tif,data/raw/bhsig260/BHSig160_Hindi/Forged/H-S-85-F-26.tif,0,skilled_forgery,100085,0.31110045313835144,0.24711237681898562,0
3694,data/raw/bhsig260/BHSig160_Hindi/Genuine/H-S-85-G-04.tif,data/raw/bhsig260/BHSig160_Hindi/Forged/H-S-85-F-22.tif,0,skilled_forgery,100085,0.30150988698005676,0.24711237681898562,0
3695,data/raw/bhsig260/BHSig160_Hindi/Genuine/H-S-85-G-19.tif,data/raw/bhsig260/BHSig100_Bengali/Genuine/B-S-84-G-09.tif,0,random_forgery,100085,0.3429102897644043,0.24711237681898562,0
3696,data/raw/bhsig260/BHSig160_Hindi/Genuine/H-S-85-G-12.tif,data/raw/bhsig260/BHSig100_Bengali/Genuine/B-S-74-G-06.tif,0,random_forgery,100085,1.4873400926589966,0.24711237681898562,0
3697,data/raw/bhsig260/BHSig160_Hindi/Genuine/H-S-85-G-20.tif,data/raw/bhsig260/BHSig100_Bengali/Genuine/B-S-51-G-15.tif,0,random_forgery,100085,0.485991895198822,0.24711237681898562,0
3698,data/raw/bhsig260/BHSig160_Hindi/Genuine/H-S-85-G-11.tif,data/raw/bhsig260/BHSig100_Bengali/Genuine/B-S-29-G-08.tif,0,random_forgery,100085,0.2163984328508377,0.24711237681898562,1
3699,data/raw/bhsig260/BHSig160_Hindi/Genuine/H-S-85-G-09.tif,data/raw/bhsig260/BHSig100_Bengali/Genuine/B-S-31-G-20.tif,0,random_forgery,100085,1.3923410177230835,0.24711237681898562,0
3700,data/raw/bhsig260/BHSig160_Hindi/Genuine/H-S-86-G-12.tif,data/raw/bhsig260/BHSig160_Hindi/Genuine/H-S-86-G-19.tif,1,genuine_genuine,100086,0.20141032338142395,0.24711237681898562,1
3701,data/raw/bhsig260/BHSig160_Hindi/Genuine/H-S-86-G-05.tif,data/raw/bhsig260/BHSig160_Hindi/Genuine/H-S-86-G-19.tif,1,genuine_genuine,100086,0.10848546028137207,0.24711237681898562,1
3702,data/raw/bhsig260/BHSig160_Hindi/Genuine/H-S-86-G-11.tif,data/raw/bhsig260/BHSig160_Hindi/Genuine/H-S-86-G-21.tif,1,genuine_genuine,100086,0.06533881276845932,0.24711237681898562,1
3703,data/raw/bhsig260/BHSig160_Hindi/Genuine/H-S-86-G-05.tif,data/raw/bhsig260/BHSig160_Hindi/Genuine/H-S-86-G-18.tif,1,genuine_genuine,100086,0.36283761262893677,0.24711237681898562,0
3704,data/raw/bhsig260/BHSig160_Hindi/Genuine/H-S-86-G-16.tif,data/raw/bhsig260/BHSig160_Hindi/Genuine/H-S-86-G-23.tif,1,genuine_genuine,100086,0.3978809416294098,0.24711237681898562,0
3705,data/raw/bhsig260/BHSig160_Hindi/Genuine/H-S-86-G-15.tif,data/raw/bhsig260/BHSig160_Hindi/Genuine/H-S-86-G-20.tif,1,genuine_genuine,100086,0.423439085483551,0.24711237681898562,0
3706,data/raw/bhsig260/BHSig160_Hindi/Genuine/H-S-86-G-10.tif,data/raw/bhsig260/BHSig160_Hindi/Genuine/H-S-86-G-16.tif,1,genuine_genuine,100086,0.30189403891563416,0.24711237681898562,0
3707,data/raw/bhsig260/BHSig160_Hindi/Genuine/H-S-86-G-01.tif,data/raw/bhsig260/BHSig160_Hindi/Genuine/H-S-86-G-09.tif,1,genuine_genuine,100086,0.11761447787284851,0.24711237681898562,1
3708,data/raw/bhsig260/BHSig160_Hindi/Genuine/H-S-86-G-13.tif,data/raw/bhsig260/BHSig160_Hindi/Genuine/H-S-86-G-18.tif,1,genuine_genuine,100086,0.2720198333263397,0.24711237681898562,0
3709,data/raw/bhsig260/BHSig160_Hindi/Genuine/H-S-86-G-04.tif,data/raw/bhsig260/BHSig160_Hindi/Genuine/H-S-86-G-11.tif,1,genuine_genuine,100086,0.16670501232147217,0.24711237681898562,1
3710,data/raw/bhsig260/BHSig160_Hindi/Genuine/H-S-86-G-19.tif,data/raw/bhsig260/BHSig160_Hindi/Forged/H-S-86-F-18.tif,0,skilled_forgery,100086,0.7319329977035522,0.24711237681898562,0
3711,data/raw/bhsig260/BHSig160_Hindi/Genuine/H-S-86-G-06.tif,data/raw/bhsig260/BHSig160_Hindi/Forged/H-S-86-F-09.tif,0,skilled_forgery,100086,0.32650530338287354,0.24711237681898562,0
3712,data/raw/bhsig260/BHSig160_Hindi/Genuine/H-S-86-G-21.tif,data/raw/bhsig260/BHSig160_Hindi/Forged/H-S-86-F-01.tif,0,skilled_forgery,100086,0.3992553651332855,0.24711237681898562,0
3713,data/raw/bhsig260/BHSig160_Hindi/Genuine/H-S-86-G-14.tif,data/raw/bhsig260/BHSig160_Hindi/Forged/H-S-86-F-11.tif,0,skilled_forgery,100086,0.937660276889801,0.24711237681898562,0
3714,data/raw/bhsig260/BHSig160_Hindi/Genuine/H-S-86-G-12.tif,data/raw/bhsig260/BHSig160_Hindi/Forged/H-S-86-F-22.tif,0,skilled_forgery,100086,0.5853809714317322,0.24711237681898562,0
3715,data/raw/bhsig260/BHSig160_Hindi/Genuine/H-S-86-G-07.tif,data/raw/bhsig260/BHSig160_Hindi/Genuine/H-S-56-G-01.tif,0,random_forgery,100086,0.1714993417263031,0.24711237681898562,1
3716,data/raw/bhsig260/BHSig160_Hindi/Genuine/H-S-86-G-17.tif,data/raw/bhsig260/BHSig160_Hindi/Genuine/H-S-155-G-05.tif,0,random_forgery,100086,0.8247902989387512,0.24711237681898562,0
3717,data/raw/bhsig260/BHSig160_Hindi/Genuine/H-S-86-G-20.tif,data/raw/bhsig260/BHSig160_Hindi/Genuine/H-S-154-G-19.tif,0,random_forgery,100086,0.46384063363075256,0.24711237681898562,0
3718,data/raw/bhsig260/BHSig160_Hindi/Genuine/H-S-86-G-24.tif,data/raw/bhsig260/BHSig100_Bengali/Genuine/B-S-60-G-08.tif,0,random_forgery,100086,0.555439829826355,0.24711237681898562,0
3719,data/raw/bhsig260/BHSig160_Hindi/Genuine/H-S-86-G-22.tif,data/raw/bhsig260/BHSig160_Hindi/Genuine/H-S-20-G-07.tif,0,random_forgery,100086,0.36373382806777954,0.24711237681898562,0
3720,data/raw/bhsig260/BHSig160_Hindi/Genuine/H-S-087-G-02.tif,data/raw/bhsig260/BHSig160_Hindi/Genuine/H-S-087-G-13.tif,1,genuine_genuine,100087,0.14100657403469086,0.24711237681898562,1
3721,data/raw/bhsig260/BHSig160_Hindi/Genuine/H-S-087-G-09.tif,data/raw/bhsig260/BHSig160_Hindi/Genuine/H-S-087-G-22.tif,1,genuine_genuine,100087,0.026822686195373535,0.24711237681898562,1
3722,data/raw/bhsig260/BHSig160_Hindi/Genuine/H-S-087-G-06.tif,data/raw/bhsig260/BHSig160_Hindi/Genuine/H-S-087-G-13.tif,1,genuine_genuine,100087,0.35886603593826294,0.24711237681898562,0
3723,data/raw/bhsig260/BHSig160_Hindi/Genuine/H-S-087-G-22.tif,data/raw/bhsig260/BHSig160_Hindi/Genuine/H-S-087-G-23.tif,1,genuine_genuine,100087,0.17519649863243103,0.24711237681898562,1
3724,data/raw/bhsig260/BHSig160_Hindi/Genuine/H-S-087-G-03.tif,data/raw/bhsig260/BHSig160_Hindi/Genuine/H-S-087-G-15.tif,1,genuine_genuine,100087,0.16421489417552948,0.24711237681898562,1
3725,data/raw/bhsig260/BHSig160_Hindi/Genuine/H-S-087-G-03.tif,data/raw/bhsig260/BHSig160_Hindi/Genuine/H-S-087-G-07.tif,1,genuine_genuine,100087,0.10541554540395737,0.24711237681898562,1
3726,data/raw/bhsig260/BHSig160_Hindi/Genuine/H-S-087-G-05.tif,data/raw/bhsig260/BHSig160_Hindi/Genuine/H-S-087-G-24.tif,1,genuine_genuine,100087,0.35039544105529785,0.24711237681898562,0
3727,data/raw/bhsig260/BHSig160_Hindi/Genuine/H-S-087-G-01.tif,data/raw/bhsig260/BHSig160_Hindi/Genuine/H-S-087-G-16.tif,1,genuine_genuine,100087,0.08169947564601898,0.24711237681898562,1
3728,data/raw/bhsig260/BHSig160_Hindi/Genuine/H-S-087-G-20.tif,data/raw/bhsig260/BHSig160_Hindi/Genuine/H-S-087-G-24.tif,1,genuine_genuine,100087,0.1709195375442505,0.24711237681898562,1
3729,data/raw/bhsig260/BHSig160_Hindi/Genuine/H-S-087-G-18.tif,data/raw/bhsig260/BHSig160_Hindi/Genuine/H-S-087-G-24.tif,1,genuine_genuine,100087,0.0996561348438263,0.24711237681898562,1
3730,data/raw/bhsig260/BHSig160_Hindi/Genuine/H-S-087-G-12.tif,data/raw/bhsig260/BHSig160_Hindi/Forged/H-S-087-F-27.tif,0,skilled_forgery,100087,0.1350041925907135,0.24711237681898562,1
3731,data/raw/bhsig260/BHSig160_Hindi/Genuine/H-S-087-G-12.tif,data/raw/bhsig260/BHSig160_Hindi/Forged/H-S-087-F-04.tif,0,skilled_forgery,100087,0.18800263106822968,0.24711237681898562,1
3732,data/raw/bhsig260/BHSig160_Hindi/Genuine/H-S-087-G-06.tif,data/raw/bhsig260/BHSig160_Hindi/Forged/H-S-087-F-09.tif,0,skilled_forgery,100087,0.28003811836242676,0.24711237681898562,0
3733,data/raw/bhsig260/BHSig160_Hindi/Genuine/H-S-087-G-13.tif,data/raw/bhsig260/BHSig160_Hindi/Forged/H-S-087-F-05.tif,0,skilled_forgery,100087,0.08427242934703827,0.24711237681898562,1
3734,data/raw/bhsig260/BHSig160_Hindi/Genuine/H-S-087-G-02.tif,data/raw/bhsig260/BHSig160_Hindi/Forged/H-S-087-F-06.tif,0,skilled_forgery,100087,0.29169386625289917,0.24711237681898562,0
3735,data/raw/bhsig260/BHSig160_Hindi/Genuine/H-S-087-G-09.tif,data/raw/bhsig260/BHSig100_Bengali/Genuine/B-S-4-G-06.tif,0,random_forgery,100087,0.4138356149196625,0.24711237681898562,0
3736,data/raw/bhsig260/BHSig160_Hindi/Genuine/H-S-087-G-11.tif,data/raw/bhsig260/BHSig160_Hindi/Genuine/H-S-018-G-04.tif,0,random_forgery,100087,0.6559104323387146,0.24711237681898562,0
3737,data/raw/bhsig260/BHSig160_Hindi/Genuine/H-S-087-G-02.tif,data/raw/bhsig260/BHSig100_Bengali/Genuine/B-S-80-G-13.tif,0,random_forgery,100087,0.8196514844894409,0.24711237681898562,0
3738,data/raw/bhsig260/BHSig160_Hindi/Genuine/H-S-087-G-15.tif,data/raw/bhsig260/BHSig100_Bengali/Genuine/B-S-90-G-10.tif,0,random_forgery,100087,0.9342098832130432,0.24711237681898562,0
3739,data/raw/bhsig260/BHSig160_Hindi/Genuine/H-S-087-G-15.tif,data/raw/bhsig260/BHSig160_Hindi/Genuine/H-S-92-G-17.tif,0,random_forgery,100087,0.4798389673233032,0.24711237681898562,0
3740,data/raw/bhsig260/BHSig160_Hindi/Genuine/H-S-88-G-14.tif,data/raw/bhsig260/BHSig160_Hindi/Genuine/H-S-88-G-22.tif,1,genuine_genuine,100088,0.09025708585977554,0.24711237681898562,1
3741,data/raw/bhsig260/BHSig160_Hindi/Genuine/H-S-88-G-02.tif,data/raw/bhsig260/BHSig160_Hindi/Genuine/H-S-88-G-21.tif,1,genuine_genuine,100088,0.5018466711044312,0.24711237681898562,0
3742,data/raw/bhsig260/BHSig160_Hindi/Genuine/H-S-88-G-02.tif,data/raw/bhsig260/BHSig160_Hindi/Genuine/H-S-88-G-19.tif,1,genuine_genuine,100088,0.23878973722457886,0.24711237681898562,1
3743,data/raw/bhsig260/BHSig160_Hindi/Genuine/H-S-88-G-22.tif,data/raw/bhsig260/BHSig160_Hindi/Genuine/H-S-88-G-23.tif,1,genuine_genuine,100088,0.37045764923095703,0.24711237681898562,0
3744,data/raw/bhsig260/BHSig160_Hindi/Genuine/H-S-88-G-10.tif,data/raw/bhsig260/BHSig160_Hindi/Genuine/H-S-88-G-22.tif,1,genuine_genuine,100088,0.3081827461719513,0.24711237681898562,0
3745,data/raw/bhsig260/BHSig160_Hindi/Genuine/H-S-88-G-23.tif,data/raw/bhsig260/BHSig160_Hindi/Genuine/H-S-88-G-24.tif,1,genuine_genuine,100088,0.4994022846221924,0.24711237681898562,0
3746,data/raw/bhsig260/BHSig160_Hindi/Genuine/H-S-88-G-02.tif,data/raw/bhsig260/BHSig160_Hindi/Genuine/H-S-88-G-07.tif,1,genuine_genuine,100088,0.2210971564054489,0.24711237681898562,1
3747,data/raw/bhsig260/BHSig160_Hindi/Genuine/H-S-88-G-11.tif,data/raw/bhsig260/BHSig160_Hindi/Genuine/H-S-88-G-24.tif,1,genuine_genuine,100088,0.3999135494232178,0.24711237681898562,0
3748,data/raw/bhsig260/BHSig160_Hindi/Genuine/H-S-88-G-17.tif,data/raw/bhsig260/BHSig160_Hindi/Genuine/H-S-88-G-21.tif,1,genuine_genuine,100088,0.7384767532348633,0.24711237681898562,0
3749,data/raw/bhsig260/BHSig160_Hindi/Genuine/H-S-88-G-14.tif,data/raw/bhsig260/BHSig160_Hindi/Genuine/H-S-88-G-19.tif,1,genuine_genuine,100088,0.18606136739253998,0.24711237681898562,1
3750,data/raw/bhsig260/BHSig160_Hindi/Genuine/H-S-88-G-02.tif,data/raw/bhsig260/BHSig160_Hindi/Forged/H-S-88-F-22.tif,0,skilled_forgery,100088,0.5742813348770142,0.24711237681898562,0
3751,data/raw/bhsig260/BHSig160_Hindi/Genuine/H-S-88-G-02.tif,data/raw/bhsig260/BHSig160_Hindi/Forged/H-S-88-F-01.tif,0,skilled_forgery,100088,0.25305595993995667,0.24711237681898562,0
3752,data/raw/bhsig260/BHSig160_Hindi/Genuine/H-S-88-G-07.tif,data/raw/bhsig260/BHSig160_Hindi/Forged/H-S-88-F-26.tif,0,skilled_forgery,100088,0.15437452495098114,0.24711237681898562,1
3753,data/raw/bhsig260/BHSig160_Hindi/Genuine/H-S-88-G-05.tif,data/raw/bhsig260/BHSig160_Hindi/Forged/H-S-88-F-22.tif,0,skilled_forgery,100088,0.4204886853694916,0.24711237681898562,0
3754,data/raw/bhsig260/BHSig160_Hindi/Genuine/H-S-88-G-10.tif,data/raw/bhsig260/BHSig160_Hindi/Forged/H-S-88-F-22.tif,0,skilled_forgery,100088,0.26548394560813904,0.24711237681898562,0
3755,data/raw/bhsig260/BHSig160_Hindi/Genuine/H-S-88-G-20.tif,data/raw/bhsig260/BHSig100_Bengali/Genuine/B-S-83-G-09.tif,0,random_forgery,100088,0.833989679813385,0.24711237681898562,0
3756,data/raw/bhsig260/BHSig160_Hindi/Genuine/H-S-88-G-06.tif,data/raw/bhsig260/BHSig160_Hindi/Genuine/H-S-109-G-03.tif,0,random_forgery,100088,0.7157101631164551,0.24711237681898562,0
3757,data/raw/bhsig260/BHSig160_Hindi/Genuine/H-S-88-G-16.tif,data/raw/bhsig260/BHSig160_Hindi/Genuine/H-S-21-G-17.tif,0,random_forgery,100088,0.34678325057029724,0.24711237681898562,0
3758,data/raw/bhsig260/BHSig160_Hindi/Genuine/H-S-88-G-13.tif,data/raw/bhsig260/BHSig160_Hindi/Genuine/H-S-011-G-19.tif,0,random_forgery,100088,0.8603042960166931,0.24711237681898562,0
3759,data/raw/bhsig260/BHSig160_Hindi/Genuine/H-S-88-G-15.tif,data/raw/bhsig260/BHSig100_Bengali/Genuine/B-S-27-G-09.tif,0,random_forgery,100088,0.8422669172286987,0.24711237681898562,0
3760,data/raw/bhsig260/BHSig160_Hindi/Genuine/H-S-89-G-01.tif,data/raw/bhsig260/BHSig160_Hindi/Genuine/H-S-89-G-08.tif,1,genuine_genuine,100089,0.3171848952770233,0.24711237681898562,0
3761,data/raw/bhsig260/BHSig160_Hindi/Genuine/H-S-89-G-15.tif,data/raw/bhsig260/BHSig160_Hindi/Genuine/H-S-89-G-19.tif,1,genuine_genuine,100089,0.3248600363731384,0.24711237681898562,0
3762,data/raw/bhsig260/BHSig160_Hindi/Genuine/H-S-89-G-03.tif,data/raw/bhsig260/BHSig160_Hindi/Genuine/H-S-89-G-07.tif,1,genuine_genuine,100089,0.0740153044462204,0.24711237681898562,1
3763,data/raw/bhsig260/BHSig160_Hindi/Genuine/H-S-89-G-16.tif,data/raw/bhsig260/BHSig160_Hindi/Genuine/H-S-89-G-23.tif,1,genuine_genuine,100089,0.13329707086086273,0.24711237681898562,1
3764,data/raw/bhsig260/BHSig160_Hindi/Genuine/H-S-89-G-12.tif,data/raw/bhsig260/BHSig160_Hindi/Genuine/H-S-89-G-19.tif,1,genuine_genuine,100089,0.1775341033935547,0.24711237681898562,1
3765,data/raw/bhsig260/BHSig160_Hindi/Genuine/H-S-89-G-09.tif,data/raw/bhsig260/BHSig160_Hindi/Genuine/H-S-89-G-15.tif,1,genuine_genuine,100089,0.2585972845554352,0.24711237681898562,0
3766,data/raw/bhsig260/BHSig160_Hindi/Genuine/H-S-89-G-07.tif,data/raw/bhsig260/BHSig160_Hindi/Genuine/H-S-89-G-11.tif,1,genuine_genuine,100089,0.3009534180164337,0.24711237681898562,0
3767,data/raw/bhsig260/BHSig160_Hindi/Genuine/H-S-89-G-05.tif,data/raw/bhsig260/BHSig160_Hindi/Genuine/H-S-89-G-22.tif,1,genuine_genuine,100089,0.2507496774196625,0.24711237681898562,0
3768,data/raw/bhsig260/BHSig160_Hindi/Genuine/H-S-89-G-02.tif,data/raw/bhsig260/BHSig160_Hindi/Genuine/H-S-89-G-21.tif,1,genuine_genuine,100089,0.23827014863491058,0.24711237681898562,1
3769,data/raw/bhsig260/BHSig160_Hindi/Genuine/H-S-89-G-02.tif,data/raw/bhsig260/BHSig160_Hindi/Genuine/H-S-89-G-10.tif,1,genuine_genuine,100089,0.4862912595272064,0.24711237681898562,0
3770,data/raw/bhsig260/BHSig160_Hindi/Genuine/H-S-89-G-20.tif,data/raw/bhsig260/BHSig160_Hindi/Forged/H-S-89-F-21.tif,0,skilled_forgery,100089,0.7192549109458923,0.24711237681898562,0
3771,data/raw/bhsig260/BHSig160_Hindi/Genuine/H-S-89-G-09.tif,data/raw/bhsig260/BHSig160_Hindi/Forged/H-S-89-F-26.tif,0,skilled_forgery,100089,0.5534718036651611,0.24711237681898562,0
3772,data/raw/bhsig260/BHSig160_Hindi/Genuine/H-S-89-G-22.tif,data/raw/bhsig260/BHSig160_Hindi/Forged/H-S-89-F-08.tif,0,skilled_forgery,100089,0.5435928702354431,0.24711237681898562,0
3773,data/raw/bhsig260/BHSig160_Hindi/Genuine/H-S-89-G-22.tif,data/raw/bhsig260/BHSig160_Hindi/Forged/H-S-89-F-22.tif,0,skilled_forgery,100089,0.5033661723136902,0.24711237681898562,0
3774,data/raw/bhsig260/BHSig160_Hindi/Genuine/H-S-89-G-06.tif,data/raw/bhsig260/BHSig160_Hindi/Forged/H-S-89-F-03.tif,0,skilled_forgery,100089,0.5050932765007019,0.24711237681898562,0
3775,data/raw/bhsig260/BHSig160_Hindi/Genuine/H-S-89-G-17.tif,data/raw/bhsig260/BHSig160_Hindi/Genuine/H-S-15-G-04.tif,0,random_forgery,100089,0.9084129333496094,0.24711237681898562,0
3776,data/raw/bhsig260/BHSig160_Hindi/Genuine/H-S-89-G-04.tif,data/raw/bhsig260/BHSig160_Hindi/Genuine/H-S-66-G-04.tif,0,random_forgery,100089,0.7839652299880981,0.24711237681898562,0
3777,data/raw/bhsig260/BHSig160_Hindi/Genuine/H-S-89-G-08.tif,data/raw/bhsig260/BHSig100_Bengali/Genuine/B-S-64-G-22.tif,0,random_forgery,100089,0.4974634051322937,0.24711237681898562,0
3778,data/raw/bhsig260/BHSig160_Hindi/Genuine/H-S-89-G-08.tif,data/raw/bhsig260/BHSig100_Bengali/Genuine/B-S-23-G-18.tif,0,random_forgery,100089,0.7281202077865601,0.24711237681898562,0
3779,data/raw/bhsig260/BHSig160_Hindi/Genuine/H-S-89-G-02.tif,data/raw/bhsig260/BHSig160_Hindi/Genuine/H-S-23-G-08.tif,0,random_forgery,100089,0.39638203382492065,0.24711237681898562,0
3780,data/raw/bhsig260/BHSig160_Hindi/Genuine/H-S-90-G-11.tif,data/raw/bhsig260/BHSig160_Hindi/Genuine/H-S-90-G-22.tif,1,genuine_genuine,100090,0.3729858696460724,0.24711237681898562,0
3781,data/raw/bhsig260/BHSig160_Hindi/Genuine/H-S-90-G-11.tif,data/raw/bhsig260/BHSig160_Hindi/Genuine/H-S-90-G-17.tif,1,genuine_genuine,100090,0.0922778993844986,0.24711237681898562,1
3782,data/raw/bhsig260/BHSig160_Hindi/Genuine/H-S-90-G-06.tif,data/raw/bhsig260/BHSig160_Hindi/Genuine/H-S-90-G-12.tif,1,genuine_genuine,100090,0.15523779392242432,0.24711237681898562,1
3783,data/raw/bhsig260/BHSig160_Hindi/Genuine/H-S-90-G-07.tif,data/raw/bhsig260/BHSig160_Hindi/Genuine/H-S-90-G-16.tif,1,genuine_genuine,100090,0.16824674606323242,0.24711237681898562,1
3784,data/raw/bhsig260/BHSig160_Hindi/Genuine/H-S-90-G-03.tif,data/raw/bhsig260/BHSig160_Hindi/Genuine/H-S-90-G-14.tif,1,genuine_genuine,100090,0.5685889720916748,0.24711237681898562,0
3785,data/raw/bhsig260/BHSig160_Hindi/Genuine/H-S-90-G-07.tif,data/raw/bhsig260/BHSig160_Hindi/Genuine/H-S-90-G-11.tif,1,genuine_genuine,100090,0.03833707422018051,0.24711237681898562,1
3786,data/raw/bhsig260/BHSig160_Hindi/Genuine/H-S-90-G-06.tif,data/raw/bhsig260/BHSig160_Hindi/Genuine/H-S-90-G-15.tif,1,genuine_genuine,100090,0.1894541084766388,0.24711237681898562,1
3787,data/raw/bhsig260/BHSig160_Hindi/Genuine/H-S-90-G-02.tif,data/raw/bhsig260/BHSig160_Hindi/Genuine/H-S-90-G-16.tif,1,genuine_genuine,100090,0.2090405821800232,0.24711237681898562,1
3788,data/raw/bhsig260/BHSig160_Hindi/Genuine/H-S-90-G-12.tif,data/raw/bhsig260/BHSig160_Hindi/Genuine/H-S-90-G-21.tif,1,genuine_genuine,100090,0.2422056347131729,0.24711237681898562,1
3789,data/raw/bhsig260/BHSig160_Hindi/Genuine/H-S-90-G-01.tif,data/raw/bhsig260/BHSig160_Hindi/Genuine/H-S-90-G-15.tif,1,genuine_genuine,100090,0.05547183007001877,0.24711237681898562,1
3790,data/raw/bhsig260/BHSig160_Hindi/Genuine/H-S-90-G-23.tif,data/raw/bhsig260/BHSig160_Hindi/Forged/H-S-90-F-15.tif,0,skilled_forgery,100090,0.20659105479717255,0.24711237681898562,1
3791,data/raw/bhsig260/BHSig160_Hindi/Genuine/H-S-90-G-07.tif,data/raw/bhsig260/BHSig160_Hindi/Forged/H-S-90-F-10.tif,0,skilled_forgery,100090,0.27740785479545593,0.24711237681898562,0
3792,data/raw/bhsig260/BHSig160_Hindi/Genuine/H-S-90-G-20.tif,data/raw/bhsig260/BHSig160_Hindi/Forged/H-S-90-F-13.tif,0,skilled_forgery,100090,0.3105420768260956,0.24711237681898562,0
3793,data/raw/bhsig260/BHSig160_Hindi/Genuine/H-S-90-G-12.tif,data/raw/bhsig260/BHSig160_Hindi/Forged/H-S-90-F-23.tif,0,skilled_forgery,100090,0.212336927652359,0.24711237681898562,1
3794,data/raw/bhsig260/BHSig160_Hindi/Genuine/H-S-90-G-08.tif,data/raw/bhsig260/BHSig160_Hindi/Forged/H-S-90-F-20.tif,0,skilled_forgery,100090,0.2592853605747223,0.24711237681898562,0
3795,data/raw/bhsig260/BHSig160_Hindi/Genuine/H-S-90-G-15.tif,data/raw/bhsig260/BHSig160_Hindi/Genuine/H-S-142-G-09.tif,0,random_forgery,100090,0.8342686891555786,0.24711237681898562,0
3796,data/raw/bhsig260/BHSig160_Hindi/Genuine/H-S-90-G-02.tif,data/raw/bhsig260/BHSig100_Bengali/Genuine/B-S-13-G-21.tif,0,random_forgery,100090,1.0122654438018799,0.24711237681898562,0
3797,data/raw/bhsig260/BHSig160_Hindi/Genuine/H-S-90-G-16.tif,data/raw/bhsig260/BHSig160_Hindi/Genuine/H-S-44-G-07.tif,0,random_forgery,100090,0.47326749563217163,0.24711237681898562,0
3798,data/raw/bhsig260/BHSig160_Hindi/Genuine/H-S-90-G-20.tif,data/raw/bhsig260/BHSig100_Bengali/Genuine/B-S-95-G-12.tif,0,random_forgery,100090,0.5856353640556335,0.24711237681898562,0
3799,data/raw/bhsig260/BHSig160_Hindi/Genuine/H-S-90-G-08.tif,data/raw/bhsig260/BHSig100_Bengali/Genuine/B-S-35-G-18.tif,0,random_forgery,100090,0.45614248514175415,0.24711237681898562,0
3800,data/raw/bhsig260/BHSig160_Hindi/Genuine/H-S-91-G-04.tif,data/raw/bhsig260/BHSig160_Hindi/Genuine/H-S-91-G-15.tif,1,genuine_genuine,100091,0.8621911406517029,0.24711237681898562,0
3801,data/raw/bhsig260/BHSig160_Hindi/Genuine/H-S-91-G-08.tif,data/raw/bhsig260/BHSig160_Hindi/Genuine/H-S-91-G-11.tif,1,genuine_genuine,100091,0.25248146057128906,0.24711237681898562,0
3802,data/raw/bhsig260/BHSig160_Hindi/Genuine/H-S-91-G-10.tif,data/raw/bhsig260/BHSig160_Hindi/Genuine/H-S-91-G-16.tif,1,genuine_genuine,100091,0.6472330689430237,0.24711237681898562,0
3803,data/raw/bhsig260/BHSig160_Hindi/Genuine/H-S-91-G-17.tif,data/raw/bhsig260/BHSig160_Hindi/Genuine/H-S-91-G-18.tif,1,genuine_genuine,100091,0.35229018330574036,0.24711237681898562,0
3804,data/raw/bhsig260/BHSig160_Hindi/Genuine/H-S-91-G-07.tif,data/raw/bhsig260/BHSig160_Hindi/Genuine/H-S-91-G-08.tif,1,genuine_genuine,100091,0.35940444469451904,0.24711237681898562,0
3805,data/raw/bhsig260/BHSig160_Hindi/Genuine/H-S-91-G-06.tif,data/raw/bhsig260/BHSig160_Hindi/Genuine/H-S-91-G-13.tif,1,genuine_genuine,100091,0.551842212677002,0.24711237681898562,0
3806,data/raw/bhsig260/BHSig160_Hindi/Genuine/H-S-91-G-05.tif,data/raw/bhsig260/BHSig160_Hindi/Genuine/H-S-91-G-16.tif,1,genuine_genuine,100091,0.3804698884487152,0.24711237681898562,0
3807,data/raw/bhsig260/BHSig160_Hindi/Genuine/H-S-91-G-17.tif,data/raw/bhsig260/BHSig160_Hindi/Genuine/H-S-91-G-22.tif,1,genuine_genuine,100091,0.5636868476867676,0.24711237681898562,0
3808,data/raw/bhsig260/BHSig160_Hindi/Genuine/H-S-91-G-02.tif,data/raw/bhsig260/BHSig160_Hindi/Genuine/H-S-91-G-18.tif,1,genuine_genuine,100091,0.372951865196228,0.24711237681898562,0
3809,data/raw/bhsig260/BHSig160_Hindi/Genuine/H-S-91-G-01.tif,data/raw/bhsig260/BHSig160_Hindi/Genuine/H-S-91-G-08.tif,1,genuine_genuine,100091,0.4690128564834595,0.24711237681898562,0
3810,data/raw/bhsig260/BHSig160_Hindi/Genuine/H-S-91-G-24.tif,data/raw/bhsig260/BHSig160_Hindi/Forged/H-S-91-F-27.tif,0,skilled_forgery,100091,0.24381126463413239,0.24711237681898562,1
3811,data/raw/bhsig260/BHSig160_Hindi/Genuine/H-S-91-G-06.tif,data/raw/bhsig260/BHSig160_Hindi/Forged/H-S-91-F-26.tif,0,skilled_forgery,100091,0.3962685763835907,0.24711237681898562,0
3812,data/raw/bhsig260/BHSig160_Hindi/Genuine/H-S-91-G-14.tif,data/raw/bhsig260/BHSig160_Hindi/Forged/H-S-91-F-03.tif,0,skilled_forgery,100091,0.33476731181144714,0.24711237681898562,0
3813,data/raw/bhsig260/BHSig160_Hindi/Genuine/H-S-91-G-20.tif,data/raw/bhsig260/BHSig160_Hindi/Forged/H-S-91-F-03.tif,0,skilled_forgery,100091,0.26028022170066833,0.24711237681898562,0
3814,data/raw/bhsig260/BHSig160_Hindi/Genuine/H-S-91-G-09.tif,data/raw/bhsig260/BHSig160_Hindi/Forged/H-S-91-F-25.tif,0,skilled_forgery,100091,0.7416804432868958,0.24711237681898562,0
3815,data/raw/bhsig260/BHSig160_Hindi/Genuine/H-S-91-G-06.tif,data/raw/bhsig260/BHSig100_Bengali/Genuine/B-S-65-G-19.tif,0,random_forgery,100091,0.6660711169242859,0.24711237681898562,0
3816,data/raw/bhsig260/BHSig160_Hindi/Genuine/H-S-91-G-01.tif,data/raw/bhsig260/BHSig100_Bengali/Genuine/B-S-99-G-14.tif,0,random_forgery,100091,0.5221605896949768,0.24711237681898562,0
3817,data/raw/bhsig260/BHSig160_Hindi/Genuine/H-S-91-G-05.tif,data/raw/bhsig260/BHSig100_Bengali/Genuine/B-S-65-G-01.tif,0,random_forgery,100091,0.6720573306083679,0.24711237681898562,0
3818,data/raw/bhsig260/BHSig160_Hindi/Genuine/H-S-91-G-10.tif,data/raw/bhsig260/BHSig100_Bengali/Genuine/B-S-63-G-18.tif,0,random_forgery,100091,0.8192741274833679,0.24711237681898562,0
3819,data/raw/bhsig260/BHSig160_Hindi/Genuine/H-S-91-G-22.tif,data/raw/bhsig260/BHSig160_Hindi/Genuine/H-S-56-G-21.tif,0,random_forgery,100091,0.6142808198928833,0.24711237681898562,0
3820,data/raw/bhsig260/BHSig160_Hindi/Genuine/H-S-92-G-16.tif,data/raw/bhsig260/BHSig160_Hindi/Genuine/H-S-92-G-19.tif,1,genuine_genuine,100092,0.2029523253440857,0.24711237681898562,1
3821,data/raw/bhsig260/BHSig160_Hindi/Genuine/H-S-92-G-04.tif,data/raw/bhsig260/BHSig160_Hindi/Genuine/H-S-92-G-24.tif,1,genuine_genuine,100092,0.4580264091491699,0.24711237681898562,0
3822,data/raw/bhsig260/BHSig160_Hindi/Genuine/H-S-92-G-01.tif,data/raw/bhsig260/BHSig160_Hindi/Genuine/H-S-92-G-10.tif,1,genuine_genuine,100092,0.18626944720745087,0.24711237681898562,1
3823,data/raw/bhsig260/BHSig160_Hindi/Genuine/H-S-92-G-08.tif,data/raw/bhsig260/BHSig160_Hindi/Genuine/H-S-92-G-16.tif,1,genuine_genuine,100092,0.15038332343101501,0.24711237681898562,1
3824,data/raw/bhsig260/BHSig160_Hindi/Genuine/H-S-92-G-07.tif,data/raw/bhsig260/BHSig160_Hindi/Genuine/H-S-92-G-11.tif,1,genuine_genuine,100092,0.38589152693748474,0.24711237681898562,0
3825,data/raw/bhsig260/BHSig160_Hindi/Genuine/H-S-92-G-19.tif,data/raw/bhsig260/BHSig160_Hindi/Genuine/H-S-92-G-20.tif,1,genuine_genuine,100092,0.027428606525063515,0.24711237681898562,1
3826,data/raw/bhsig260/BHSig160_Hindi/Genuine/H-S-92-G-14.tif,data/raw/bhsig260/BHSig160_Hindi/Genuine/H-S-92-G-16.tif,1,genuine_genuine,100092,0.07511202991008759,0.24711237681898562,1
3827,data/raw/bhsig260/BHSig160_Hindi/Genuine/H-S-92-G-02.tif,data/raw/bhsig260/BHSig160_Hindi/Genuine/H-S-92-G-11.tif,1,genuine_genuine,100092,0.21347492933273315,0.24711237681898562,1
3828,data/raw/bhsig260/BHSig160_Hindi/Genuine/H-S-92-G-14.tif,data/raw/bhsig260/BHSig160_Hindi/Genuine/H-S-92-G-22.tif,1,genuine_genuine,100092,0.19095252454280853,0.24711237681898562,1
3829,data/raw/bhsig260/BHSig160_Hindi/Genuine/H-S-92-G-05.tif,data/raw/bhsig260/BHSig160_Hindi/Genuine/H-S-92-G-14.tif,1,genuine_genuine,100092,0.05531278997659683,0.24711237681898562,1
3830,data/raw/bhsig260/BHSig160_Hindi/Genuine/H-S-92-G-24.tif,data/raw/bhsig260/BHSig160_Hindi/Forged/H-S-92-F-30.tif,0,skilled_forgery,100092,0.6084395051002502,0.24711237681898562,0
3831,data/raw/bhsig260/BHSig160_Hindi/Genuine/H-S-92-G-19.tif,data/raw/bhsig260/BHSig160_Hindi/Forged/H-S-92-F-07.tif,0,skilled_forgery,100092,0.7596445083618164,0.24711237681898562,0
3832,data/raw/bhsig260/BHSig160_Hindi/Genuine/H-S-92-G-02.tif,data/raw/bhsig260/BHSig160_Hindi/Forged/H-S-92-F-07.tif,0,skilled_forgery,100092,0.9118529558181763,0.24711237681898562,0
3833,data/raw/bhsig260/BHSig160_Hindi/Genuine/H-S-92-G-17.tif,data/raw/bhsig260/BHSig160_Hindi/Forged/H-S-92-F-24.tif,0,skilled_forgery,100092,0.4301104247570038,0.24711237681898562,0
3834,data/raw/bhsig260/BHSig160_Hindi/Genuine/H-S-92-G-24.tif,data/raw/bhsig260/BHSig160_Hindi/Forged/H-S-92-F-21.tif,0,skilled_forgery,100092,1.1125398874282837,0.24711237681898562,0
3835,data/raw/bhsig260/BHSig160_Hindi/Genuine/H-S-92-G-20.tif,data/raw/bhsig260/BHSig160_Hindi/Genuine/H-S-67-G-02.tif,0,random_forgery,100092,0.29171618819236755,0.24711237681898562,0
3836,data/raw/bhsig260/BHSig160_Hindi/Genuine/H-S-92-G-13.tif,data/raw/bhsig260/BHSig160_Hindi/Genuine/H-S-65-G-16.tif,0,random_forgery,100092,0.22494645416736603,0.24711237681898562,1
3837,data/raw/bhsig260/BHSig160_Hindi/Genuine/H-S-92-G-21.tif,data/raw/bhsig260/BHSig100_Bengali/Genuine/B-S-48-G-23.tif,0,random_forgery,100092,0.1524188071489334,0.24711237681898562,1
3838,data/raw/bhsig260/BHSig160_Hindi/Genuine/H-S-92-G-18.tif,data/raw/bhsig260/BHSig160_Hindi/Genuine/H-S-102-G-11.tif,0,random_forgery,100092,0.35230034589767456,0.24711237681898562,0
3839,data/raw/bhsig260/BHSig160_Hindi/Genuine/H-S-92-G-21.tif,data/raw/bhsig260/BHSig100_Bengali/Genuine/B-S-7-G-10.tif,0,random_forgery,100092,0.1430276781320572,0.24711237681898562,1
3840,data/raw/bhsig260/BHSig160_Hindi/Genuine/H-S-093-G-16.tif,data/raw/bhsig260/BHSig160_Hindi/Genuine/H-S-093-G-20.tif,1,genuine_genuine,100093,0.3933213949203491,0.24711237681898562,0
3841,data/raw/bhsig260/BHSig160_Hindi/Genuine/H-S-093-G-16.tif,data/raw/bhsig260/BHSig160_Hindi/Genuine/H-S-093-G-23.tif,1,genuine_genuine,100093,0.7820066809654236,0.24711237681898562,0
3842,data/raw/bhsig260/BHSig160_Hindi/Genuine/H-S-093-G-21.tif,data/raw/bhsig260/BHSig160_Hindi/Genuine/H-S-093-G-24.tif,1,genuine_genuine,100093,0.3886767327785492,0.24711237681898562,0
3843,data/raw/bhsig260/BHSig160_Hindi/Genuine/H-S-093-G-05.tif,data/raw/bhsig260/BHSig160_Hindi/Genuine/H-S-093-G-09.tif,1,genuine_genuine,100093,0.7306114435195923,0.24711237681898562,0
3844,data/raw/bhsig260/BHSig160_Hindi/Genuine/H-S-093-G-05.tif,data/raw/bhsig260/BHSig160_Hindi/Genuine/H-S-093-G-07.tif,1,genuine_genuine,100093,0.2180207222700119,0.24711237681898562,1
3845,data/raw/bhsig260/BHSig160_Hindi/Genuine/H-S-093-G-13.tif,data/raw/bhsig260/BHSig160_Hindi/Genuine/H-S-093-G-14.tif,1,genuine_genuine,100093,0.044588565826416016,0.24711237681898562,1
3846,data/raw/bhsig260/BHSig160_Hindi/Genuine/H-S-093-G-02.tif,data/raw/bhsig260/BHSig160_Hindi/Genuine/H-S-093-G-14.tif,1,genuine_genuine,100093,0.5351608991622925,0.24711237681898562,0
3847,data/raw/bhsig260/BHSig160_Hindi/Genuine/H-S-093-G-18.tif,data/raw/bhsig260/BHSig160_Hindi/Genuine/H-S-093-G-24.tif,1,genuine_genuine,100093,0.3290218412876129,0.24711237681898562,0
3848,data/raw/bhsig260/BHSig160_Hindi/Genuine/H-S-093-G-20.tif,data/raw/bhsig260/BHSig160_Hindi/Genuine/H-S-093-G-22.tif,1,genuine_genuine,100093,0.6864613890647888,0.24711237681898562,0
3849,data/raw/bhsig260/BHSig160_Hindi/Genuine/H-S-093-G-17.tif,data/raw/bhsig260/BHSig160_Hindi/Genuine/H-S-093-G-22.tif,1,genuine_genuine,100093,0.8955690860748291,0.24711237681898562,0
3850,data/raw/bhsig260/BHSig160_Hindi/Genuine/H-S-093-G-17.tif,data/raw/bhsig260/BHSig160_Hindi/Forged/H-S-093-F-28.tif,0,skilled_forgery,100093,0.47911232709884644,0.24711237681898562,0
3851,data/raw/bhsig260/BHSig160_Hindi/Genuine/H-S-093-G-07.tif,data/raw/bhsig260/BHSig160_Hindi/Forged/H-S-093-F-22.tif,0,skilled_forgery,100093,0.7108547687530518,0.24711237681898562,0
3852,data/raw/bhsig260/BHSig160_Hindi/Genuine/H-S-093-G-13.tif,data/raw/bhsig260/BHSig160_Hindi/Forged/H-S-093-F-07.tif,0,skilled_forgery,100093,0.3728945255279541,0.24711237681898562,0
3853,data/raw/bhsig260/BHSig160_Hindi/Genuine/H-S-093-G-04.tif,data/raw/bhsig260/BHSig160_Hindi/Forged/H-S-093-F-08.tif,0,skilled_forgery,100093,0.18945102393627167,0.24711237681898562,1
3854,data/raw/bhsig260/BHSig160_Hindi/Genuine/H-S-093-G-15.tif,data/raw/bhsig260/BHSig160_Hindi/Forged/H-S-093-F-17.tif,0,skilled_forgery,100093,0.5029492378234863,0.24711237681898562,0
3855,data/raw/bhsig260/BHSig160_Hindi/Genuine/H-S-093-G-17.tif,data/raw/bhsig260/BHSig160_Hindi/Genuine/H-S-124-G-23.tif,0,random_forgery,100093,0.2981164753437042,0.24711237681898562,0
3856,data/raw/bhsig260/BHSig160_Hindi/Genuine/H-S-093-G-04.tif,data/raw/bhsig260/BHSig160_Hindi/Genuine/H-S-101-G-16.tif,0,random_forgery,100093,0.3034491539001465,0.24711237681898562,0
3857,data/raw/bhsig260/BHSig160_Hindi/Genuine/H-S-093-G-14.tif,data/raw/bhsig260/BHSig100_Bengali/Genuine/B-S-24-G-22.tif,0,random_forgery,100093,0.5052143931388855,0.24711237681898562,0
3858,data/raw/bhsig260/BHSig160_Hindi/Genuine/H-S-093-G-22.tif,data/raw/bhsig260/BHSig100_Bengali/Genuine/B-S-58-G-09.tif,0,random_forgery,100093,0.5650780200958252,0.24711237681898562,0
3859,data/raw/bhsig260/BHSig160_Hindi/Genuine/H-S-093-G-10.tif,data/raw/bhsig260/BHSig160_Hindi/Genuine/H-S-111-G-06.tif,0,random_forgery,100093,0.664350688457489,0.24711237681898562,0
3860,data/raw/bhsig260/BHSig160_Hindi/Genuine/H-S-94-G-16.tif,data/raw/bhsig260/BHSig160_Hindi/Genuine/H-S-94-G-18.tif,1,genuine_genuine,100094,0.360402911901474,0.24711237681898562,0
3861,data/raw/bhsig260/BHSig160_Hindi/Genuine/H-S-94-G-03.tif,data/raw/bhsig260/BHSig160_Hindi/Genuine/H-S-94-G-06.tif,1,genuine_genuine,100094,0.14529521763324738,0.24711237681898562,1
3862,data/raw/bhsig260/BHSig160_Hindi/Genuine/H-S-94-G-08.tif,data/raw/bhsig260/BHSig160_Hindi/Genuine/H-S-94-G-15.tif,1,genuine_genuine,100094,0.47830119729042053,0.24711237681898562,0
3863,data/raw/bhsig260/BHSig160_Hindi/Genuine/H-S-94-G-03.tif,data/raw/bhsig260/BHSig160_Hindi/Genuine/H-S-94-G-20.tif,1,genuine_genuine,100094,0.17159558832645416,0.24711237681898562,1
3864,data/raw/bhsig260/BHSig160_Hindi/Genuine/H-S-94-G-01.tif,data/raw/bhsig260/BHSig160_Hindi/Genuine/H-S-94-G-12.tif,1,genuine_genuine,100094,1.0812515020370483,0.24711237681898562,0
3865,data/raw/bhsig260/BHSig160_Hindi/Genuine/H-S-94-G-14.tif,data/raw/bhsig260/BHSig160_Hindi/Genuine/H-S-94-G-24.tif,1,genuine_genuine,100094,0.49126896262168884,0.24711237681898562,0
3866,data/raw/bhsig260/BHSig160_Hindi/Genuine/H-S-94-G-01.tif,data/raw/bhsig260/BHSig160_Hindi/Genuine/H-S-94-G-17.tif,1,genuine_genuine,100094,0.3001176416873932,0.24711237681898562,0
3867,data/raw/bhsig260/BHSig160_Hindi/Genuine/H-S-94-G-03.tif,data/raw/bhsig260/BHSig160_Hindi/Genuine/H-S-94-G-24.tif,1,genuine_genuine,100094,0.17215590178966522,0.24711237681898562,1
3868,data/raw/bhsig260/BHSig160_Hindi/Genuine/H-S-94-G-06.tif,data/raw/bhsig260/BHSig160_Hindi/Genuine/H-S-94-G-10.tif,1,genuine_genuine,100094,0.35799676179885864,0.24711237681898562,0
3869,data/raw/bhsig260/BHSig160_Hindi/Genuine/H-S-94-G-09.tif,data/raw/bhsig260/BHSig160_Hindi/Genuine/H-S-94-G-11.tif,1,genuine_genuine,100094,0.6299188733100891,0.24711237681898562,0
3870,data/raw/bhsig260/BHSig160_Hindi/Genuine/H-S-94-G-16.tif,data/raw/bhsig260/BHSig160_Hindi/Forged/H-S-94-F-04.tif,0,skilled_forgery,100094,0.6343309283256531,0.24711237681898562,0
3871,data/raw/bhsig260/BHSig160_Hindi/Genuine/H-S-94-G-22.tif,data/raw/bhsig260/BHSig160_Hindi/Forged/H-S-94-F-25.tif,0,skilled_forgery,100094,0.6869943141937256,0.24711237681898562,0
3872,data/raw/bhsig260/BHSig160_Hindi/Genuine/H-S-94-G-05.tif,data/raw/bhsig260/BHSig160_Hindi/Forged/H-S-94-F-10.tif,0,skilled_forgery,100094,0.0964570939540863,0.24711237681898562,1
3873,data/raw/bhsig260/BHSig160_Hindi/Genuine/H-S-94-G-14.tif,data/raw/bhsig260/BHSig160_Hindi/Forged/H-S-94-F-06.tif,0,skilled_forgery,100094,0.07793693989515305,0.24711237681898562,1
3874,data/raw/bhsig260/BHSig160_Hindi/Genuine/H-S-94-G-08.tif,data/raw/bhsig260/BHSig160_Hindi/Forged/H-S-94-F-06.tif,0,skilled_forgery,100094,0.17824611067771912,0.24711237681898562,1
3875,data/raw/bhsig260/BHSig160_Hindi/Genuine/H-S-94-G-22.tif,data/raw/bhsig260/BHSig160_Hindi/Genuine/H-S-44-G-09.tif,0,random_forgery,100094,1.3070122003555298,0.24711237681898562,0
3876,data/raw/bhsig260/BHSig160_Hindi/Genuine/H-S-94-G-22.tif,data/raw/bhsig260/BHSig160_Hindi/Genuine/H-S-018-G-10.tif,0,random_forgery,100094,1.1254894733428955,0.24711237681898562,0
3877,data/raw/bhsig260/BHSig160_Hindi/Genuine/H-S-94-G-12.tif,data/raw/bhsig260/BHSig100_Bengali/Genuine/B-S-80-G-13.tif,0,random_forgery,100094,0.9532905220985413,0.24711237681898562,0
3878,data/raw/bhsig260/BHSig160_Hindi/Genuine/H-S-94-G-19.tif,data/raw/bhsig260/BHSig160_Hindi/Genuine/H-S-31-G-19.tif,0,random_forgery,100094,0.23590753972530365,0.24711237681898562,1
3879,data/raw/bhsig260/BHSig160_Hindi/Genuine/H-S-94-G-04.tif,data/raw/bhsig260/BHSig160_Hindi/Genuine/H-S-155-G-01.tif,0,random_forgery,100094,0.7365636229515076,0.24711237681898562,0
3880,data/raw/bhsig260/BHSig160_Hindi/Genuine/H-S-95-G-09.tif,data/raw/bhsig260/BHSig160_Hindi/Genuine/H-S-95-G-10.tif,1,genuine_genuine,100095,0.3064543604850769,0.24711237681898562,0
3881,data/raw/bhsig260/BHSig160_Hindi/Genuine/H-S-95-G-04.tif,data/raw/bhsig260/BHSig160_Hindi/Genuine/H-S-95-G-14.tif,1,genuine_genuine,100095,0.26479774713516235,0.24711237681898562,0
3882,data/raw/bhsig260/BHSig160_Hindi/Genuine/H-S-95-G-06.tif,data/raw/bhsig260/BHSig160_Hindi/Genuine/H-S-95-G-11.tif,1,genuine_genuine,100095,0.40884512662887573,0.24711237681898562,0
3883,data/raw/bhsig260/BHSig160_Hindi/Genuine/H-S-95-G-14.tif,data/raw/bhsig260/BHSig160_Hindi/Genuine/H-S-95-G-19.tif,1,genuine_genuine,100095,0.1223556250333786,0.24711237681898562,1
3884,data/raw/bhsig260/BHSig160_Hindi/Genuine/H-S-95-G-02.tif,data/raw/bhsig260/BHSig160_Hindi/Genuine/H-S-95-G-06.tif,1,genuine_genuine,100095,0.3699888288974762,0.24711237681898562,0
3885,data/raw/bhsig260/BHSig160_Hindi/Genuine/H-S-95-G-05.tif,data/raw/bhsig260/BHSig160_Hindi/Genuine/H-S-95-G-12.tif,1,genuine_genuine,100095,0.6726930737495422,0.24711237681898562,0
3886,data/raw/bhsig260/BHSig160_Hindi/Genuine/H-S-95-G-14.tif,data/raw/bhsig260/BHSig160_Hindi/Genuine/H-S-95-G-21.tif,1,genuine_genuine,100095,0.5457659959793091,0.24711237681898562,0
3887,data/raw/bhsig260/BHSig160_Hindi/Genuine/H-S-95-G-13.tif,data/raw/bhsig260/BHSig160_Hindi/Genuine/H-S-95-G-15.tif,1,genuine_genuine,100095,0.4447111487388611,0.24711237681898562,0
3888,data/raw/bhsig260/BHSig160_Hindi/Genuine/H-S-95-G-06.tif,data/raw/bhsig260/BHSig160_Hindi/Genuine/H-S-95-G-21.tif,1,genuine_genuine,100095,0.24482814967632294,0.24711237681898562,1
3889,data/raw/bhsig260/BHSig160_Hindi/Genuine/H-S-95-G-06.tif,data/raw/bhsig260/BHSig160_Hindi/Genuine/H-S-95-G-15.tif,1,genuine_genuine,100095,0.19708503782749176,0.24711237681898562,1
3890,data/raw/bhsig260/BHSig160_Hindi/Genuine/H-S-95-G-06.tif,data/raw/bhsig260/BHSig160_Hindi/Forged/H-S-95-F-29.tif,0,skilled_forgery,100095,0.15683956444263458,0.24711237681898562,1
3891,data/raw/bhsig260/BHSig160_Hindi/Genuine/H-S-95-G-22.tif,data/raw/bhsig260/BHSig160_Hindi/Forged/H-S-95-F-23.tif,0,skilled_forgery,100095,0.32544368505477905,0.24711237681898562,0
3892,data/raw/bhsig260/BHSig160_Hindi/Genuine/H-S-95-G-21.tif,data/raw/bhsig260/BHSig160_Hindi/Forged/H-S-95-F-06.tif,0,skilled_forgery,100095,0.27220630645751953,0.24711237681898562,0
3893,data/raw/bhsig260/BHSig160_Hindi/Genuine/H-S-95-G-15.tif,data/raw/bhsig260/BHSig160_Hindi/Forged/H-S-95-F-09.tif,0,skilled_forgery,100095,0.3164289593696594,0.24711237681898562,0
3894,data/raw/bhsig260/BHSig160_Hindi/Genuine/H-S-95-G-18.tif,data/raw/bhsig260/BHSig160_Hindi/Forged/H-S-95-F-05.tif,0,skilled_forgery,100095,0.2790054380893707,0.24711237681898562,0
3895,data/raw/bhsig260/BHSig160_Hindi/Genuine/H-S-95-G-11.tif,data/raw/bhsig260/BHSig160_Hindi/Genuine/H-S-157-G-13.tif,0,random_forgery,100095,0.3522302210330963,0.24711237681898562,0
3896,data/raw/bhsig260/BHSig160_Hindi/Genuine/H-S-95-G-10.tif,data/raw/bhsig260/BHSig100_Bengali/Genuine/B-S-85-G-16.tif,0,random_forgery,100095,0.9516667127609253,0.24711237681898562,0
3897,data/raw/bhsig260/BHSig160_Hindi/Genuine/H-S-95-G-23.tif,data/raw/bhsig260/BHSig160_Hindi/Genuine/H-S-30-G-11.tif,0,random_forgery,100095,0.3419204354286194,0.24711237681898562,0
3898,data/raw/bhsig260/BHSig160_Hindi/Genuine/H-S-95-G-02.tif,data/raw/bhsig260/BHSig160_Hindi/Genuine/H-S-7-G-17.tif,0,random_forgery,100095,0.27431559562683105,0.24711237681898562,0
3899,data/raw/bhsig260/BHSig160_Hindi/Genuine/H-S-95-G-05.tif,data/raw/bhsig260/BHSig160_Hindi/Genuine/H-S-59-G-10.tif,0,random_forgery,100095,0.410086065530777,0.24711237681898562,0
3900,data/raw/bhsig260/BHSig160_Hindi/Genuine/H-S-96-G-14.tif,data/raw/bhsig260/BHSig160_Hindi/Genuine/H-S-96-G-24.tif,1,genuine_genuine,100096,0.22550763189792633,0.24711237681898562,1
3901,data/raw/bhsig260/BHSig160_Hindi/Genuine/H-S-96-G-05.tif,data/raw/bhsig260/BHSig160_Hindi/Genuine/H-S-96-G-12.tif,1,genuine_genuine,100096,0.30013784766197205,0.24711237681898562,0
3902,data/raw/bhsig260/BHSig160_Hindi/Genuine/H-S-96-G-07.tif,data/raw/bhsig260/BHSig160_Hindi/Genuine/H-S-96-G-12.tif,1,genuine_genuine,100096,0.35166290402412415,0.24711237681898562,0
3903,data/raw/bhsig260/BHSig160_Hindi/Genuine/H-S-96-G-12.tif,data/raw/bhsig260/BHSig160_Hindi/Genuine/H-S-96-G-17.tif,1,genuine_genuine,100096,0.4517996609210968,0.24711237681898562,0
3904,data/raw/bhsig260/BHSig160_Hindi/Genuine/H-S-96-G-11.tif,data/raw/bhsig260/BHSig160_Hindi/Genuine/H-S-96-G-14.tif,1,genuine_genuine,100096,0.179732084274292,0.24711237681898562,1
3905,data/raw/bhsig260/BHSig160_Hindi/Genuine/H-S-96-G-09.tif,data/raw/bhsig260/BHSig160_Hindi/Genuine/H-S-96-G-10.tif,1,genuine_genuine,100096,0.050257910043001175,0.24711237681898562,1
3906,data/raw/bhsig260/BHSig160_Hindi/Genuine/H-S-96-G-10.tif,data/raw/bhsig260/BHSig160_Hindi/Genuine/H-S-96-G-13.tif,1,genuine_genuine,100096,0.19476638734340668,0.24711237681898562,1
3907,data/raw/bhsig260/BHSig160_Hindi/Genuine/H-S-96-G-02.tif,data/raw/bhsig260/BHSig160_Hindi/Genuine/H-S-96-G-07.tif,1,genuine_genuine,100096,0.13380928337574005,0.24711237681898562,1
3908,data/raw/bhsig260/BHSig160_Hindi/Genuine/H-S-96-G-02.tif,data/raw/bhsig260/BHSig160_Hindi/Genuine/H-S-96-G-05.tif,1,genuine_genuine,100096,0.18974576890468597,0.24711237681898562,1
3909,data/raw/bhsig260/BHSig160_Hindi/Genuine/H-S-96-G-07.tif,data/raw/bhsig260/BHSig160_Hindi/Genuine/H-S-96-G-15.tif,1,genuine_genuine,100096,0.08214610069990158,0.24711237681898562,1
3910,data/raw/bhsig260/BHSig160_Hindi/Genuine/H-S-96-G-09.tif,data/raw/bhsig260/BHSig160_Hindi/Forged/H-S-96-F-05.tif,0,skilled_forgery,100096,0.07198671996593475,0.24711237681898562,1
3911,data/raw/bhsig260/BHSig160_Hindi/Genuine/H-S-96-G-13.tif,data/raw/bhsig260/BHSig160_Hindi/Forged/H-S-96-F-24.tif,0,skilled_forgery,100096,0.3740551769733429,0.24711237681898562,0
3912,data/raw/bhsig260/BHSig160_Hindi/Genuine/H-S-96-G-19.tif,data/raw/bhsig260/BHSig160_Hindi/Forged/H-S-96-F-12.tif,0,skilled_forgery,100096,0.27233365178108215,0.24711237681898562,0
3913,data/raw/bhsig260/BHSig160_Hindi/Genuine/H-S-96-G-15.tif,data/raw/bhsig260/BHSig160_Hindi/Forged/H-S-96-F-29.tif,0,skilled_forgery,100096,0.38677698373794556,0.24711237681898562,0
3914,data/raw/bhsig260/BHSig160_Hindi/Genuine/H-S-96-G-15.tif,data/raw/bhsig260/BHSig160_Hindi/Forged/H-S-96-F-13.tif,0,skilled_forgery,100096,0.337225079536438,0.24711237681898562,0
3915,data/raw/bhsig260/BHSig160_Hindi/Genuine/H-S-96-G-02.tif,data/raw/bhsig260/BHSig160_Hindi/Genuine/H-S-99-G-15.tif,0,random_forgery,100096,0.2400653064250946,0.24711237681898562,1
3916,data/raw/bhsig260/BHSig160_Hindi/Genuine/H-S-96-G-02.tif,data/raw/bhsig260/BHSig100_Bengali/Genuine/B-S-67-G-13.tif,0,random_forgery,100096,1.2812421321868896,0.24711237681898562,0
3917,data/raw/bhsig260/BHSig160_Hindi/Genuine/H-S-96-G-07.tif,data/raw/bhsig260/BHSig160_Hindi/Genuine/H-S-157-G-16.tif,0,random_forgery,100096,0.36146485805511475,0.24711237681898562,0
3918,data/raw/bhsig260/BHSig160_Hindi/Genuine/H-S-96-G-16.tif,data/raw/bhsig260/BHSig100_Bengali/Genuine/B-S-41-G-16.tif,0,random_forgery,100096,0.6942984461784363,0.24711237681898562,0
3919,data/raw/bhsig260/BHSig160_Hindi/Genuine/H-S-96-G-23.tif,data/raw/bhsig260/BHSig160_Hindi/Genuine/H-S-22-G-24.tif,0,random_forgery,100096,0.9217382073402405,0.24711237681898562,0
3920,data/raw/bhsig260/BHSig160_Hindi/Genuine/H-S-97-G-10.tif,data/raw/bhsig260/BHSig160_Hindi/Genuine/H-S-97-G-17.tif,1,genuine_genuine,100097,0.09846920520067215,0.24711237681898562,1
3921,data/raw/bhsig260/BHSig160_Hindi/Genuine/H-S-97-G-06.tif,data/raw/bhsig260/BHSig160_Hindi/Genuine/H-S-97-G-10.tif,1,genuine_genuine,100097,0.18210214376449585,0.24711237681898562,1
3922,data/raw/bhsig260/BHSig160_Hindi/Genuine/H-S-97-G-01.tif,data/raw/bhsig260/BHSig160_Hindi/Genuine/H-S-97-G-21.tif,1,genuine_genuine,100097,0.2223442643880844,0.24711237681898562,1
3923,data/raw/bhsig260/BHSig160_Hindi/Genuine/H-S-97-G-12.tif,data/raw/bhsig260/BHSig160_Hindi/Genuine/H-S-97-G-18.tif,1,genuine_genuine,100097,0.07004083693027496,0.24711237681898562,1
3924,data/raw/bhsig260/BHSig160_Hindi/Genuine/H-S-97-G-10.tif,data/raw/bhsig260/BHSig160_Hindi/Genuine/H-S-97-G-22.tif,1,genuine_genuine,100097,0.11217519640922546,0.24711237681898562,1
3925,data/raw/bhsig260/BHSig160_Hindi/Genuine/H-S-97-G-10.tif,data/raw/bhsig260/BHSig160_Hindi/Genuine/H-S-97-G-23.tif,1,genuine_genuine,100097,0.11964039504528046,0.24711237681898562,1
3926,data/raw/bhsig260/BHSig160_Hindi/Genuine/H-S-97-G-06.tif,data/raw/bhsig260/BHSig160_Hindi/Genuine/H-S-97-G-23.tif,1,genuine_genuine,100097,0.23021665215492249,0.24711237681898562,1
3927,data/raw/bhsig260/BHSig160_Hindi/Genuine/H-S-97-G-13.tif,data/raw/bhsig260/BHSig160_Hindi/Genuine/H-S-97-G-14.tif,1,genuine_genuine,100097,0.030381403863430023,0.24711237681898562,1
3928,data/raw/bhsig260/BHSig160_Hindi/Genuine/H-S-97-G-02.tif,data/raw/bhsig260/BHSig160_Hindi/Genuine/H-S-97-G-19.tif,1,genuine_genuine,100097,0.17318788170814514,0.24711237681898562,1
3929,data/raw/bhsig260/BHSig160_Hindi/Genuine/H-S-97-G-11.tif,data/raw/bhsig260/BHSig160_Hindi/Genuine/H-S-97-G-24.tif,1,genuine_genuine,100097,0.16653992235660553,0.24711237681898562,1
3930,data/raw/bhsig260/BHSig160_Hindi/Genuine/H-S-97-G-07.tif,data/raw/bhsig260/BHSig160_Hindi/Forged/H-S-97-F-11.tif,0,skilled_forgery,100097,0.22935989499092102,0.24711237681898562,1
3931,data/raw/bhsig260/BHSig160_Hindi/Genuine/H-S-97-G-13.tif,data/raw/bhsig260/BHSig160_Hindi/Forged/H-S-97-F-22.tif,0,skilled_forgery,100097,0.42800867557525635,0.24711237681898562,0
3932,data/raw/bhsig260/BHSig160_Hindi/Genuine/H-S-97-G-23.tif,data/raw/bhsig260/BHSig160_Hindi/Forged/H-S-97-F-15.tif,0,skilled_forgery,100097,0.4606826901435852,0.24711237681898562,0
3933,data/raw/bhsig260/BHSig160_Hindi/Genuine/H-S-97-G-14.tif,data/raw/bhsig260/BHSig160_Hindi/Forged/H-S-97-F-16.tif,0,skilled_forgery,100097,0.13008812069892883,0.24711237681898562,1
3934,data/raw/bhsig260/BHSig160_Hindi/Genuine/H-S-97-G-13.tif,data/raw/bhsig260/BHSig160_Hindi/Forged/H-S-97-F-12.tif,0,skilled_forgery,100097,0.4913068413734436,0.24711237681898562,0
3935,data/raw/bhsig260/BHSig160_Hindi/Genuine/H-S-97-G-01.tif,data/raw/bhsig260/BHSig160_Hindi/Genuine/H-S-59-G-12.tif,0,random_forgery,100097,0.20977641642093658,0.24711237681898562,1
3936,data/raw/bhsig260/BHSig160_Hindi/Genuine/H-S-97-G-09.tif,data/raw/bhsig260/BHSig100_Bengali/Genuine/B-S-63-G-17.tif,0,random_forgery,100097,0.23105967044830322,0.24711237681898562,1
3937,data/raw/bhsig260/BHSig160_Hindi/Genuine/H-S-97-G-14.tif,data/raw/bhsig260/BHSig160_Hindi/Genuine/H-S-26-G-16.tif,0,random_forgery,100097,0.2609272003173828,0.24711237681898562,0
3938,data/raw/bhsig260/BHSig160_Hindi/Genuine/H-S-97-G-15.tif,data/raw/bhsig260/BHSig160_Hindi/Genuine/H-S-108-G-01.tif,0,random_forgery,100097,0.30217406153678894,0.24711237681898562,0
3939,data/raw/bhsig260/BHSig160_Hindi/Genuine/H-S-97-G-04.tif,data/raw/bhsig260/BHSig100_Bengali/Genuine/B-S-13-G-16.tif,0,random_forgery,100097,0.9754042029380798,0.24711237681898562,0
3940,data/raw/bhsig260/BHSig160_Hindi/Genuine/H-S-98-G-08.tif,data/raw/bhsig260/BHSig160_Hindi/Genuine/H-S-98-G-21.tif,1,genuine_genuine,100098,0.2065557986497879,0.24711237681898562,1
3941,data/raw/bhsig260/BHSig160_Hindi/Genuine/H-S-98-G-08.tif,data/raw/bhsig260/BHSig160_Hindi/Genuine/H-S-98-G-20.tif,1,genuine_genuine,100098,0.0686788260936737,0.24711237681898562,1
3942,data/raw/bhsig260/BHSig160_Hindi/Genuine/H-S-98-G-03.tif,data/raw/bhsig260/BHSig160_Hindi/Genuine/H-S-98-G-11.tif,1,genuine_genuine,100098,0.041227687150239944,0.24711237681898562,1
3943,data/raw/bhsig260/BHSig160_Hindi/Genuine/H-S-98-G-05.tif,data/raw/bhsig260/BHSig160_Hindi/Genuine/H-S-98-G-06.tif,1,genuine_genuine,100098,0.20306944847106934,0.24711237681898562,1
3944,data/raw/bhsig260/BHSig160_Hindi/Genuine/H-S-98-G-06.tif,data/raw/bhsig260/BHSig160_Hindi/Genuine/H-S-98-G-15.tif,1,genuine_genuine,100098,0.08013103902339935,0.24711237681898562,1
3945,data/raw/bhsig260/BHSig160_Hindi/Genuine/H-S-98-G-13.tif,data/raw/bhsig260/BHSig160_Hindi/Genuine/H-S-98-G-24.tif,1,genuine_genuine,100098,0.0682269036769867,0.24711237681898562,1
3946,data/raw/bhsig260/BHSig160_Hindi/Genuine/H-S-98-G-01.tif,data/raw/bhsig260/BHSig160_Hindi/Genuine/H-S-98-G-06.tif,1,genuine_genuine,100098,0.365587443113327,0.24711237681898562,0
3947,data/raw/bhsig260/BHSig160_Hindi/Genuine/H-S-98-G-03.tif,data/raw/bhsig260/BHSig160_Hindi/Genuine/H-S-98-G-24.tif,1,genuine_genuine,100098,0.12611722946166992,0.24711237681898562,1
3948,data/raw/bhsig260/BHSig160_Hindi/Genuine/H-S-98-G-13.tif,data/raw/bhsig260/BHSig160_Hindi/Genuine/H-S-98-G-14.tif,1,genuine_genuine,100098,0.3143562972545624,0.24711237681898562,0
3949,data/raw/bhsig260/BHSig160_Hindi/Genuine/H-S-98-G-09.tif,data/raw/bhsig260/BHSig160_Hindi/Genuine/H-S-98-G-20.tif,1,genuine_genuine,100098,0.22028711438179016,0.24711237681898562,1
3950,data/raw/bhsig260/BHSig160_Hindi/Genuine/H-S-98-G-01.tif,data/raw/bhsig260/BHSig160_Hindi/Forged/H-S-98-F-12.tif,0,skilled_forgery,100098,0.42759576439857483,0.24711237681898562,0
3951,data/raw/bhsig260/BHSig160_Hindi/Genuine/H-S-98-G-23.tif,data/raw/bhsig260/BHSig160_Hindi/Forged/H-S-98-F-03.tif,0,skilled_forgery,100098,0.17833426594734192,0.24711237681898562,1
3952,data/raw/bhsig260/BHSig160_Hindi/Genuine/H-S-98-G-06.tif,data/raw/bhsig260/BHSig160_Hindi/Forged/H-S-98-F-19.tif,0,skilled_forgery,100098,0.37731292843818665,0.24711237681898562,0
3953,data/raw/bhsig260/BHSig160_Hindi/Genuine/H-S-98-G-14.tif,data/raw/bhsig260/BHSig160_Hindi/Forged/H-S-98-F-18.tif,0,skilled_forgery,100098,0.21160359680652618,0.24711237681898562,1
3954,data/raw/bhsig260/BHSig160_Hindi/Genuine/H-S-98-G-17.tif,data/raw/bhsig260/BHSig160_Hindi/Forged/H-S-98-F-03.tif,0,skilled_forgery,100098,0.22857540845870972,0.24711237681898562,1
3955,data/raw/bhsig260/BHSig160_Hindi/Genuine/H-S-98-G-10.tif,data/raw/bhsig260/BHSig160_Hindi/Genuine/H-S-51-G-24.tif,0,random_forgery,100098,0.30306515097618103,0.24711237681898562,0
3956,data/raw/bhsig260/BHSig160_Hindi/Genuine/H-S-98-G-14.tif,data/raw/bhsig260/BHSig100_Bengali/Genuine/B-S-63-G-03.tif,0,random_forgery,100098,0.8190030455589294,0.24711237681898562,0
3957,data/raw/bhsig260/BHSig160_Hindi/Genuine/H-S-98-G-10.tif,data/raw/bhsig260/BHSig100_Bengali/Genuine/B-S-16-G-02.tif,0,random_forgery,100098,1.2718154191970825,0.24711237681898562,0
3958,data/raw/bhsig260/BHSig160_Hindi/Genuine/H-S-98-G-09.tif,data/raw/bhsig260/BHSig160_Hindi/Genuine/H-S-102-G-06.tif,0,random_forgery,100098,0.2334597110748291,0.24711237681898562,1
3959,data/raw/bhsig260/BHSig160_Hindi/Genuine/H-S-98-G-20.tif,data/raw/bhsig260/BHSig100_Bengali/Genuine/B-S-6-G-02.tif,0,random_forgery,100098,0.6741766929626465,0.24711237681898562,0
3960,data/raw/bhsig260/BHSig160_Hindi/Genuine/H-S-99-G-08.tif,data/raw/bhsig260/BHSig160_Hindi/Genuine/H-S-99-G-12.tif,1,genuine_genuine,100099,0.33161288499832153,0.24711237681898562,0
3961,data/raw/bhsig260/BHSig160_Hindi/Genuine/H-S-99-G-02.tif,data/raw/bhsig260/BHSig160_Hindi/Genuine/H-S-99-G-19.tif,1,genuine_genuine,100099,0.038508009165525436,0.24711237681898562,1
3962,data/raw/bhsig260/BHSig160_Hindi/Genuine/H-S-99-G-06.tif,data/raw/bhsig260/BHSig160_Hindi/Genuine/H-S-99-G-08.tif,1,genuine_genuine,100099,0.21247850358486176,0.24711237681898562,1
3963,data/raw/bhsig260/BHSig160_Hindi/Genuine/H-S-99-G-21.tif,data/raw/bhsig260/BHSig160_Hindi/Genuine/H-S-99-G-24.tif,1,genuine_genuine,100099,0.11222950369119644,0.24711237681898562,1
3964,data/raw/bhsig260/BHSig160_Hindi/Genuine/H-S-99-G-05.tif,data/raw/bhsig260/BHSig160_Hindi/Genuine/H-S-99-G-18.tif,1,genuine_genuine,100099,0.1181308925151825,0.24711237681898562,1
3965,data/raw/bhsig260/BHSig160_Hindi/Genuine/H-S-99-G-02.tif,data/raw/bhsig260/BHSig160_Hindi/Genuine/H-S-99-G-09.tif,1,genuine_genuine,100099,0.1381455659866333,0.24711237681898562,1
3966,data/raw/bhsig260/BHSig160_Hindi/Genuine/H-S-99-G-01.tif,data/raw/bhsig260/BHSig160_Hindi/Genuine/H-S-99-G-20.tif,1,genuine_genuine,100099,0.07700823992490768,0.24711237681898562,1
3967,data/raw/bhsig260/BHSig160_Hindi/Genuine/H-S-99-G-18.tif,data/raw/bhsig260/BHSig160_Hindi/Genuine/H-S-99-G-22.tif,1,genuine_genuine,100099,0.14784160256385803,0.24711237681898562,1
3968,data/raw/bhsig260/BHSig160_Hindi/Genuine/H-S-99-G-01.tif,data/raw/bhsig260/BHSig160_Hindi/Genuine/H-S-99-G-18.tif,1,genuine_genuine,100099,0.16134391725063324,0.24711237681898562,1
3969,data/raw/bhsig260/BHSig160_Hindi/Genuine/H-S-99-G-01.tif,data/raw/bhsig260/BHSig160_Hindi/Genuine/H-S-99-G-09.tif,1,genuine_genuine,100099,0.1302732676267624,0.24711237681898562,1
3970,data/raw/bhsig260/BHSig160_Hindi/Genuine/H-S-99-G-23.tif,data/raw/bhsig260/BHSig160_Hindi/Forged/H-S-99-F-04.tif,0,skilled_forgery,100099,0.6309878826141357,0.24711237681898562,0
3971,data/raw/bhsig260/BHSig160_Hindi/Genuine/H-S-99-G-02.tif,data/raw/bhsig260/BHSig160_Hindi/Forged/H-S-99-F-20.tif,0,skilled_forgery,100099,0.7275509238243103,0.24711237681898562,0
3972,data/raw/bhsig260/BHSig160_Hindi/Genuine/H-S-99-G-24.tif,data/raw/bhsig260/BHSig160_Hindi/Forged/H-S-99-F-17.tif,0,skilled_forgery,100099,0.3299540877342224,0.24711237681898562,0
3973,data/raw/bhsig260/BHSig160_Hindi/Genuine/H-S-99-G-18.tif,data/raw/bhsig260/BHSig160_Hindi/Forged/H-S-99-F-03.tif,0,skilled_forgery,100099,0.25370267033576965,0.24711237681898562,0
3974,data/raw/bhsig260/BHSig160_Hindi/Genuine/H-S-99-G-11.tif,data/raw/bhsig260/BHSig160_Hindi/Forged/H-S-99-F-14.tif,0,skilled_forgery,100099,0.6683061718940735,0.24711237681898562,0
3975,data/raw/bhsig260/BHSig160_Hindi/Genuine/H-S-99-G-13.tif,data/raw/bhsig260/BHSig100_Bengali/Genuine/B-S-84-G-10.tif,0,random_forgery,100099,0.4019682705402374,0.24711237681898562,0
3976,data/raw/bhsig260/BHSig160_Hindi/Genuine/H-S-99-G-21.tif,data/raw/bhsig260/BHSig160_Hindi/Genuine/H-S-130-G-09.tif,0,random_forgery,100099,0.5072807669639587,0.24711237681898562,0
3977,data/raw/bhsig260/BHSig160_Hindi/Genuine/H-S-99-G-11.tif,data/raw/bhsig260/BHSig160_Hindi/Genuine/H-S-24-G-06.tif,0,random_forgery,100099,0.461010217666626,0.24711237681898562,0
3978,data/raw/bhsig260/BHSig160_Hindi/Genuine/H-S-99-G-15.tif,data/raw/bhsig260/BHSig100_Bengali/Genuine/B-S-93-G-14.tif,0,random_forgery,100099,0.5455588102340698,0.24711237681898562,0
3979,data/raw/bhsig260/BHSig160_Hindi/Genuine/H-S-99-G-07.tif,data/raw/bhsig260/BHSig100_Bengali/Genuine/B-S-92-G-16.tif,0,random_forgery,100099,0.3577805161476135,0.24711237681898562,0
3980,data/raw/bhsig260/BHSig160_Hindi/Genuine/H-S-100-G-09.tif,data/raw/bhsig260/BHSig160_Hindi/Genuine/H-S-100-G-10.tif,1,genuine_genuine,100100,0.22054313123226166,0.24711237681898562,1
3981,data/raw/bhsig260/BHSig160_Hindi/Genuine/H-S-100-G-08.tif,data/raw/bhsig260/BHSig160_Hindi/Genuine/H-S-100-G-18.tif,1,genuine_genuine,100100,0.34651628136634827,0.24711237681898562,0
3982,data/raw/bhsig260/BHSig160_Hindi/Genuine/H-S-100-G-04.tif,data/raw/bhsig260/BHSig160_Hindi/Genuine/H-S-100-G-15.tif,1,genuine_genuine,100100,0.5184710025787354,0.24711237681898562,0
3983,data/raw/bhsig260/BHSig160_Hindi/Genuine/H-S-100-G-07.tif,data/raw/bhsig260/BHSig160_Hindi/Genuine/H-S-100-G-16.tif,1,genuine_genuine,100100,0.27700987458229065,0.24711237681898562,0
3984,data/raw/bhsig260/BHSig160_Hindi/Genuine/H-S-100-G-21.tif,data/raw/bhsig260/BHSig160_Hindi/Genuine/H-S-100-G-24.tif,1,genuine_genuine,100100,0.3823190927505493,0.24711237681898562,0
3985,data/raw/bhsig260/BHSig160_Hindi/Genuine/H-S-100-G-05.tif,data/raw/bhsig260/BHSig160_Hindi/Genuine/H-S-100-G-17.tif,1,genuine_genuine,100100,0.17216089367866516,0.24711237681898562,1
3986,data/raw/bhsig260/BHSig160_Hindi/Genuine/H-S-100-G-02.tif,data/raw/bhsig260/BHSig160_Hindi/Genuine/H-S-100-G-08.tif,1,genuine_genuine,100100,0.1467268168926239,0.24711237681898562,1
3987,data/raw/bhsig260/BHSig160_Hindi/Genuine/H-S-100-G-03.tif,data/raw/bhsig260/BHSig160_Hindi/Genuine/H-S-100-G-19.tif,1,genuine_genuine,100100,0.32383131980895996,0.24711237681898562,0
3988,data/raw/bhsig260/BHSig160_Hindi/Genuine/H-S-100-G-12.tif,data/raw/bhsig260/BHSig160_Hindi/Genuine/H-S-100-G-20.tif,1,genuine_genuine,100100,0.42271536588668823,0.24711237681898562,0
3989,data/raw/bhsig260/BHSig160_Hindi/Genuine/H-S-100-G-01.tif,data/raw/bhsig260/BHSig160_Hindi/Genuine/H-S-100-G-09.tif,1,genuine_genuine,100100,0.20000264048576355,0.24711237681898562,1
3990,data/raw/bhsig260/BHSig160_Hindi/Genuine/H-S-100-G-14.tif,data/raw/bhsig260/BHSig160_Hindi/Forged/H-S-100-F-21.tif,0,skilled_forgery,100100,0.30564653873443604,0.24711237681898562,0
3991,data/raw/bhsig260/BHSig160_Hindi/Genuine/H-S-100-G-23.tif,data/raw/bhsig260/BHSig160_Hindi/Forged/H-S-100-F-27.tif,0,skilled_forgery,100100,0.6422629356384277,0.24711237681898562,0
3992,data/raw/bhsig260/BHSig160_Hindi/Genuine/H-S-100-G-11.tif,data/raw/bhsig260/BHSig160_Hindi/Forged/H-S-100-F-19.tif,0,skilled_forgery,100100,0.3971705138683319,0.24711237681898562,0
3993,data/raw/bhsig260/BHSig160_Hindi/Genuine/H-S-100-G-07.tif,data/raw/bhsig260/BHSig160_Hindi/Forged/H-S-100-F-09.tif,0,skilled_forgery,100100,0.5179375410079956,0.24711237681898562,0
3994,data/raw/bhsig260/BHSig160_Hindi/Genuine/H-S-100-G-06.tif,data/raw/bhsig260/BHSig160_Hindi/Forged/H-S-100-F-22.tif,0,skilled_forgery,100100,0.34742987155914307,0.24711237681898562,0
3995,data/raw/bhsig260/BHSig160_Hindi/Genuine/H-S-100-G-23.tif,data/raw/bhsig260/BHSig100_Bengali/Genuine/B-S-16-G-06.tif,0,random_forgery,100100,0.12838061153888702,0.24711237681898562,1
3996,data/raw/bhsig260/BHSig160_Hindi/Genuine/H-S-100-G-04.tif,data/raw/bhsig260/BHSig100_Bengali/Genuine/B-S-21-G-16.tif,0,random_forgery,100100,1.0911720991134644,0.24711237681898562,0
3997,data/raw/bhsig260/BHSig160_Hindi/Genuine/H-S-100-G-20.tif,data/raw/bhsig260/BHSig160_Hindi/Genuine/H-S-104-G-18.tif,0,random_forgery,100100,1.2460709810256958,0.24711237681898562,0
3998,data/raw/bhsig260/BHSig160_Hindi/Genuine/H-S-100-G-01.tif,data/raw/bhsig260/BHSig100_Bengali/Genuine/B-S-100-G-15.tif,0,random_forgery,100100,1.0674760341644287,0.24711237681898562,0
3999,data/raw/bhsig260/BHSig160_Hindi/Genuine/H-S-100-G-22.tif,data/raw/bhsig260/BHSig100_Bengali/Genuine/B-S-52-G-05.tif,0,random_forgery,100100,0.6661525964736938,0.24711237681898562,0
4000,data/raw/bhsig260/BHSig160_Hindi/Genuine/H-S-101-G-18.tif,data/raw/bhsig260/BHSig160_Hindi/Genuine/H-S-101-G-20.tif,1,genuine_genuine,100101,0.4294286370277405,0.24711237681898562,0
4001,data/raw/bhsig260/BHSig160_Hindi/Genuine/H-S-101-G-17.tif,data/raw/bhsig260/BHSig160_Hindi/Genuine/H-S-101-G-21.tif,1,genuine_genuine,100101,0.35549983382225037,0.24711237681898562,0
4002,data/raw/bhsig260/BHSig160_Hindi/Genuine/H-S-101-G-13.tif,data/raw/bhsig260/BHSig160_Hindi/Genuine/H-S-101-G-16.tif,1,genuine_genuine,100101,0.5126094818115234,0.24711237681898562,0
4003,data/raw/bhsig260/BHSig160_Hindi/Genuine/H-S-101-G-06.tif,data/raw/bhsig260/BHSig160_Hindi/Genuine/H-S-101-G-13.tif,1,genuine_genuine,100101,0.1366228312253952,0.24711237681898562,1
4004,data/raw/bhsig260/BHSig160_Hindi/Genuine/H-S-101-G-20.tif,data/raw/bhsig260/BHSig160_Hindi/Genuine/H-S-101-G-22.tif,1,genuine_genuine,100101,0.24210895597934723,0.24711237681898562,1
4005,data/raw/bhsig260/BHSig160_Hindi/Genuine/H-S-101-G-01.tif,data/raw/bhsig260/BHSig160_Hindi/Genuine/H-S-101-G-05.tif,1,genuine_genuine,100101,0.2927646338939667,0.24711237681898562,0
4006,data/raw/bhsig260/BHSig160_Hindi/Genuine/H-S-101-G-04.tif,data/raw/bhsig260/BHSig160_Hindi/Genuine/H-S-101-G-21.tif,1,genuine_genuine,100101,0.2429366260766983,0.24711237681898562,1
4007,data/raw/bhsig260/BHSig160_Hindi/Genuine/H-S-101-G-11.tif,data/raw/bhsig260/BHSig160_Hindi/Genuine/H-S-101-G-17.tif,1,genuine_genuine,100101,0.2495950162410736,0.24711237681898562,0
4008,data/raw/bhsig260/BHSig160_Hindi/Genuine/H-S-101-G-06.tif,data/raw/bhsig260/BHSig160_Hindi/Genuine/H-S-101-G-19.tif,1,genuine_genuine,100101,0.19471633434295654,0.24711237681898562,1
4009,data/raw/bhsig260/BHSig160_Hindi/Genuine/H-S-101-G-10.tif,data/raw/bhsig260/BHSig160_Hindi/Genuine/H-S-101-G-13.tif,1,genuine_genuine,100101,0.10671952366828918,0.24711237681898562,1
4010,data/raw/bhsig260/BHSig160_Hindi/Genuine/H-S-101-G-24.tif,data/raw/bhsig260/BHSig160_Hindi/Forged/H-S-101-F-06.tif,0,skilled_forgery,100101,0.2806169390678406,0.24711237681898562,0
4011,data/raw/bhsig260/BHSig160_Hindi/Genuine/H-S-101-G-02.tif,data/raw/bhsig260/BHSig160_Hindi/Forged/H-S-101-F-06.tif,0,skilled_forgery,100101,0.3667789101600647,0.24711237681898562,0
4012,data/raw/bhsig260/BHSig160_Hindi/Genuine/H-S-101-G-04.tif,data/raw/bhsig260/BHSig160_Hindi/Forged/H-S-101-F-06.tif,0,skilled_forgery,100101,0.32582181692123413,0.24711237681898562,0
4013,data/raw/bhsig260/BHSig160_Hindi/Genuine/H-S-101-G-07.tif,data/raw/bhsig260/BHSig160_Hindi/Forged/H-S-101-F-16.tif,0,skilled_forgery,100101,0.3453598916530609,0.24711237681898562,0
4014,data/raw/bhsig260/BHSig160_Hindi/Genuine/H-S-101-G-13.tif,data/raw/bhsig260/BHSig160_Hindi/Forged/H-S-101-F-02.tif,0,skilled_forgery,100101,0.13651473820209503,0.24711237681898562,1
4015,data/raw/bhsig260/BHSig160_Hindi/Genuine/H-S-101-G-22.tif,data/raw/bhsig260/BHSig160_Hindi/Genuine/H-S-95-G-18.tif,0,random_forgery,100101,0.4809880256652832,0.24711237681898562,0
4016,data/raw/bhsig260/BHSig160_Hindi/Genuine/H-S-101-G-02.tif,data/raw/bhsig260/BHSig160_Hindi/Genuine/H-S-60-G-10.tif,0,random_forgery,100101,0.4908371865749359,0.24711237681898562,0
4017,data/raw/bhsig260/BHSig160_Hindi/Genuine/H-S-101-G-17.tif,data/raw/bhsig260/BHSig160_Hindi/Genuine/H-S-155-G-03.tif,0,random_forgery,100101,1.304652452468872,0.24711237681898562,0
4018,data/raw/bhsig260/BHSig160_Hindi/Genuine/H-S-101-G-15.tif,data/raw/bhsig260/BHSig100_Bengali/Genuine/B-S-72-G-13.tif,0,random_forgery,100101,0.7637647390365601,0.24711237681898562,0
4019,data/raw/bhsig260/BHSig160_Hindi/Genuine/H-S-101-G-11.tif,data/raw/bhsig260/BHSig100_Bengali/Genuine/B-S-89-G-21.tif,0,random_forgery,100101,0.3809617757797241,0.24711237681898562,0
4020,data/raw/bhsig260/BHSig160_Hindi/Genuine/H-S-102-G-18.tif,data/raw/bhsig260/BHSig160_Hindi/Genuine/H-S-102-G-24.tif,1,genuine_genuine,100102,0.030813608318567276,0.24711237681898562,1
4021,data/raw/bhsig260/BHSig160_Hindi/Genuine/H-S-102-G-03.tif,data/raw/bhsig260/BHSig160_Hindi/Genuine/H-S-102-G-13.tif,1,genuine_genuine,100102,0.06860912591218948,0.24711237681898562,1
4022,data/raw/bhsig260/BHSig160_Hindi/Genuine/H-S-102-G-01.tif,data/raw/bhsig260/BHSig160_Hindi/Genuine/H-S-102-G-22.tif,1,genuine_genuine,100102,0.2288450300693512,0.24711237681898562,1
4023,data/raw/bhsig260/BHSig160_Hindi/Genuine/H-S-102-G-14.tif,data/raw/bhsig260/BHSig160_Hindi/Genuine/H-S-102-G-23.tif,1,genuine_genuine,100102,0.3251601755619049,0.24711237681898562,0
4024,data/raw/bhsig260/BHSig160_Hindi/Genuine/H-S-102-G-06.tif,data/raw/bhsig260/BHSig160_Hindi/Genuine/H-S-102-G-11.tif,1,genuine_genuine,100102,0.35890471935272217,0.24711237681898562,0
4025,data/raw/bhsig260/BHSig160_Hindi/Genuine/H-S-102-G-05.tif,data/raw/bhsig260/BHSig160_Hindi/Genuine/H-S-102-G-12.tif,1,genuine_genuine,100102,0.40432411432266235,0.24711237681898562,0
4026,data/raw/bhsig260/BHSig160_Hindi/Genuine/H-S-102-G-06.tif,data/raw/bhsig260/BHSig160_Hindi/Genuine/H-S-102-G-23.tif,1,genuine_genuine,100102,0.22989875078201294,0.24711237681898562,1
4027,data/raw/bhsig260/BHSig160_Hindi/Genuine/H-S-102-G-05.tif,data/raw/bhsig260/BHSig160_Hindi/Genuine/H-S-102-G-08.tif,1,genuine_genuine,100102,0.16729901731014252,0.24711237681898562,1
4028,data/raw/bhsig260/BHSig160_Hindi/Genuine/H-S-102-G-07.tif,data/raw/bhsig260/BHSig160_Hindi/Genuine/H-S-102-G-16.tif,1,genuine_genuine,100102,0.32801875472068787,0.24711237681898562,0
4029,data/raw/bhsig260/BHSig160_Hindi/Genuine/H-S-102-G-12.tif,data/raw/bhsig260/BHSig160_Hindi/Genuine/H-S-102-G-14.tif,1,genuine_genuine,100102,0.5412179231643677,0.24711237681898562,0
4030,data/raw/bhsig260/BHSig160_Hindi/Genuine/H-S-102-G-21.tif,data/raw/bhsig260/BHSig160_Hindi/Forged/H-S-102-F-11.tif,0,skilled_forgery,100102,0.5464785099029541,0.24711237681898562,0
4031,data/raw/bhsig260/BHSig160_Hindi/Genuine/H-S-102-G-21.tif,data/raw/bhsig260/BHSig160_Hindi/Forged/H-S-102-F-05.tif,0,skilled_forgery,100102,0.39432284235954285,0.24711237681898562,0
4032,data/raw/bhsig260/BHSig160_Hindi/Genuine/H-S-102-G-24.tif,data/raw/bhsig260/BHSig160_Hindi/Forged/H-S-102-F-03.tif,0,skilled_forgery,100102,0.6662434339523315,0.24711237681898562,0
4033,data/raw/bhsig260/BHSig160_Hindi/Genuine/H-S-102-G-19.tif,data/raw/bhsig260/BHSig160_Hindi/Forged/H-S-102-F-12.tif,0,skilled_forgery,100102,1.0443779230117798,0.24711237681898562,0
4034,data/raw/bhsig260/BHSig160_Hindi/Genuine/H-S-102-G-16.tif,data/raw/bhsig260/BHSig160_Hindi/Forged/H-S-102-F-15.tif,0,skilled_forgery,100102,0.13254506886005402,0.24711237681898562,1
4035,data/raw/bhsig260/BHSig160_Hindi/Genuine/H-S-102-G-24.tif,data/raw/bhsig260/BHSig100_Bengali/Genuine/B-S-89-G-04.tif,0,random_forgery,100102,0.5726514458656311,0.24711237681898562,0
4036,data/raw/bhsig260/BHSig160_Hindi/Genuine/H-S-102-G-10.tif,data/raw/bhsig260/BHSig100_Bengali/Genuine/B-S-28-G-20.tif,0,random_forgery,100102,0.5695563554763794,0.24711237681898562,0
4037,data/raw/bhsig260/BHSig160_Hindi/Genuine/H-S-102-G-01.tif,data/raw/bhsig260/BHSig160_Hindi/Genuine/H-S-115-G-18.tif,0,random_forgery,100102,0.33304357528686523,0.24711237681898562,0
4038,data/raw/bhsig260/BHSig160_Hindi/Genuine/H-S-102-G-06.tif,data/raw/bhsig260/BHSig100_Bengali/Genuine/B-S-44-G-05.tif,0,random_forgery,100102,0.6468293070793152,0.24711237681898562,0
4039,data/raw/bhsig260/BHSig160_Hindi/Genuine/H-S-102-G-16.tif,data/raw/bhsig260/BHSig160_Hindi/Genuine/H-S-51-G-18.tif,0,random_forgery,100102,0.6097848415374756,0.24711237681898562,0
4040,data/raw/bhsig260/BHSig160_Hindi/Genuine/H-S-103-G-06.tif,data/raw/bhsig260/BHSig160_Hindi/Genuine/H-S-103-G-24.tif,1,genuine_genuine,100103,0.8163600564002991,0.24711237681898562,0
4041,data/raw/bhsig260/BHSig160_Hindi/Genuine/H-S-103-G-03.tif,data/raw/bhsig260/BHSig160_Hindi/Genuine/H-S-103-G-07.tif,1,genuine_genuine,100103,0.2830408811569214,0.24711237681898562,0
4042,data/raw/bhsig260/BHSig160_Hindi/Genuine/H-S-103-G-02.tif,data/raw/bhsig260/BHSig160_Hindi/Genuine/H-S-103-G-18.tif,1,genuine_genuine,100103,0.6100702285766602,0.24711237681898562,0
4043,data/raw/bhsig260/BHSig160_Hindi/Genuine/H-S-103-G-05.tif,data/raw/bhsig260/BHSig160_Hindi/Genuine/H-S-103-G-17.tif,1,genuine_genuine,100103,0.14876851439476013,0.24711237681898562,1
4044,data/raw/bhsig260/BHSig160_Hindi/Genuine/H-S-103-G-10.tif,data/raw/bhsig260/BHSig160_Hindi/Genuine/H-S-103-G-24.tif,1,genuine_genuine,100103,0.19340908527374268,0.24711237681898562,1
4045,data/raw/bhsig260/BHSig160_Hindi/Genuine/H-S-103-G-01.tif,data/raw/bhsig260/BHSig160_Hindi/Genuine/H-S-103-G-19.tif,1,genuine_genuine,100103,0.3530004322528839,0.24711237681898562,0
4046,data/raw/bhsig260/BHSig160_Hindi/Genuine/H-S-103-G-10.tif,data/raw/bhsig260/BHSig160_Hindi/Genuine/H-S-103-G-13.tif,1,genuine_genuine,100103,0.8874732851982117,0.24711237681898562,0
4047,data/raw/bhsig260/BHSig160_Hindi/Genuine/H-S-103-G-11.tif,data/raw/bhsig260/BHSig160_Hindi/Genuine/H-S-103-G-22.tif,1,genuine_genuine,100103,1.2243938446044922,0.24711237681898562,0
4048,data/raw/bhsig260/BHSig160_Hindi/Genuine/H-S-103-G-01.tif,data/raw/bhsig260/BHSig160_Hindi/Genuine/H-S-103-G-21.tif,1,genuine_genuine,100103,0.4470883309841156,0.24711237681898562,0
4049,data/raw/bhsig260/BHSig160_Hindi/Genuine/H-S-103-G-19.tif,data/raw/bhsig260/BHSig160_Hindi/Genuine/H-S-103-G-20.tif,1,genuine_genuine,100103,0.3430459797382355,0.24711237681898562,0
4050,data/raw/bhsig260/BHSig160_Hindi/Genuine/H-S-103-G-22.tif,data/raw/bhsig260/BHSig160_Hindi/Forged/H-S-103-F-29.tif,0,skilled_forgery,100103,0.6048255562782288,0.24711237681898562,0
4051,data/raw/bhsig260/BHSig160_Hindi/Genuine/H-S-103-G-07.tif,data/raw/bhsig260/BHSig160_Hindi/Forged/H-S-103-F-29.tif,0,skilled_forgery,100103,0.8721579313278198,0.24711237681898562,0
4052,data/raw/bhsig260/BHSig160_Hindi/Genuine/H-S-103-G-05.tif,data/raw/bhsig260/BHSig160_Hindi/Forged/H-S-103-F-13.tif,0,skilled_forgery,100103,0.8088231682777405,0.24711237681898562,0
4053,data/raw/bhsig260/BHSig160_Hindi/Genuine/H-S-103-G-12.tif,data/raw/bhsig260/BHSig160_Hindi/Forged/H-S-103-F-19.tif,0,skilled_forgery,100103,1.2179311513900757,0.24711237681898562,0
4054,data/raw/bhsig260/BHSig160_Hindi/Genuine/H-S-103-G-02.tif,data/raw/bhsig260/BHSig160_Hindi/Forged/H-S-103-F-17.tif,0,skilled_forgery,100103,1.632807970046997,0.24711237681898562,0
4055,data/raw/bhsig260/BHSig160_Hindi/Genuine/H-S-103-G-16.tif,data/raw/bhsig260/BHSig100_Bengali/Genuine/B-S-30-G-05.tif,0,random_forgery,100103,1.2983872890472412,0.24711237681898562,0
4056,data/raw/bhsig260/BHSig160_Hindi/Genuine/H-S-103-G-05.tif,data/raw/bhsig260/BHSig160_Hindi/Genuine/H-S-144-G-13.tif,0,random_forgery,100103,0.9265317916870117,0.24711237681898562,0
4057,data/raw/bhsig260/BHSig160_Hindi/Genuine/H-S-103-G-12.tif,data/raw/bhsig260/BHSig160_Hindi/Genuine/H-S-36-G-10.tif,0,random_forgery,100103,1.5171550512313843,0.24711237681898562,0
4058,data/raw/bhsig260/BHSig160_Hindi/Genuine/H-S-103-G-07.tif,data/raw/bhsig260/BHSig160_Hindi/Genuine/H-S-40-G-15.tif,0,random_forgery,100103,1.4131008386611938,0.24711237681898562,0
4059,data/raw/bhsig260/BHSig160_Hindi/Genuine/H-S-103-G-18.tif,data/raw/bhsig260/BHSig160_Hindi/Genuine/H-S-113-G-24.tif,0,random_forgery,100103,0.992719829082489,0.24711237681898562,0
4060,data/raw/bhsig260/BHSig160_Hindi/Genuine/H-S-104-G-06.tif,data/raw/bhsig260/BHSig160_Hindi/Genuine/H-S-104-G-14.tif,1,genuine_genuine,100104,0.5549421310424805,0.24711237681898562,0
4061,data/raw/bhsig260/BHSig160_Hindi/Genuine/H-S-104-G-16.tif,data/raw/bhsig260/BHSig160_Hindi/Genuine/H-S-104-G-21.tif,1,genuine_genuine,100104,0.5275262594223022,0.24711237681898562,0
4062,data/raw/bhsig260/BHSig160_Hindi/Genuine/H-S-104-G-05.tif,data/raw/bhsig260/BHSig160_Hindi/Genuine/H-S-104-G-22.tif,1,genuine_genuine,100104,0.1927337944507599,0.24711237681898562,1
4063,data/raw/bhsig260/BHSig160_Hindi/Genuine/H-S-104-G-12.tif,data/raw/bhsig260/BHSig160_Hindi/Genuine/H-S-104-G-13.tif,1,genuine_genuine,100104,0.5148635506629944,0.24711237681898562,0
4064,data/raw/bhsig260/BHSig160_Hindi/Genuine/H-S-104-G-07.tif,data/raw/bhsig260/BHSig160_Hindi/Genuine/H-S-104-G-09.tif,1,genuine_genuine,100104,0.46418529748916626,0.24711237681898562,0
4065,data/raw/bhsig260/BHSig160_Hindi/Genuine/H-S-104-G-04.tif,data/raw/bhsig260/BHSig160_Hindi/Genuine/H-S-104-G-19.tif,1,genuine_genuine,100104,0.16677477955818176,0.24711237681898562,1
4066,data/raw/bhsig260/BHSig160_Hindi/Genuine/H-S-104-G-03.tif,data/raw/bhsig260/BHSig160_Hindi/Genuine/H-S-104-G-16.tif,1,genuine_genuine,100104,0.1870865374803543,0.24711237681898562,1
4067,data/raw/bhsig260/BHSig160_Hindi/Genuine/H-S-104-G-12.tif,data/raw/bhsig260/BHSig160_Hindi/Genuine/H-S-104-G-20.tif,1,genuine_genuine,100104,0.24398787319660187,0.24711237681898562,1
4068,data/raw/bhsig260/BHSig160_Hindi/Genuine/H-S-104-G-02.tif,data/raw/bhsig260/BHSig160_Hindi/Genuine/H-S-104-G-04.tif,1,genuine_genuine,100104,0.34155362844467163,0.24711237681898562,0
4069,data/raw/bhsig260/BHSig160_Hindi/Genuine/H-S-104-G-03.tif,data/raw/bhsig260/BHSig160_Hindi/Genuine/H-S-104-G-20.tif,1,genuine_genuine,100104,0.1309647262096405,0.24711237681898562,1
4070,data/raw/bhsig260/BHSig160_Hindi/Genuine/H-S-104-G-16.tif,data/raw/bhsig260/BHSig160_Hindi/Forged/H-S-104-F-20.tif,0,skilled_forgery,100104,0.5281787514686584,0.24711237681898562,0
4071,data/raw/bhsig260/BHSig160_Hindi/Genuine/H-S-104-G-05.tif,data/raw/bhsig260/BHSig160_Hindi/Forged/H-S-104-F-22.tif,0,skilled_forgery,100104,0.5228509902954102,0.24711237681898562,0
4072,data/raw/bhsig260/BHSig160_Hindi/Genuine/H-S-104-G-06.tif,data/raw/bhsig260/BHSig160_Hindi/Forged/H-S-104-F-05.tif,0,skilled_forgery,100104,0.5640944838523865,0.24711237681898562,0
4073,data/raw/bhsig260/BHSig160_Hindi/Genuine/H-S-104-G-23.tif,data/raw/bhsig260/BHSig160_Hindi/Forged/H-S-104-F-05.tif,0,skilled_forgery,100104,0.356111615896225,0.24711237681898562,0
4074,data/raw/bhsig260/BHSig160_Hindi/Genuine/H-S-104-G-21.tif,data/raw/bhsig260/BHSig160_Hindi/Forged/H-S-104-F-18.tif,0,skilled_forgery,100104,0.6291646957397461,0.24711237681898562,0
4075,data/raw/bhsig260/BHSig160_Hindi/Genuine/H-S-104-G-10.tif,data/raw/bhsig260/BHSig160_Hindi/Genuine/H-S-9-G-03.tif,0,random_forgery,100104,0.9611717462539673,0.24711237681898562,0
4076,data/raw/bhsig260/BHSig160_Hindi/Genuine/H-S-104-G-01.tif,data/raw/bhsig260/BHSig160_Hindi/Genuine/H-S-118-G-09.tif,0,random_forgery,100104,1.0801820755004883,0.24711237681898562,0
4077,data/raw/bhsig260/BHSig160_Hindi/Genuine/H-S-104-G-13.tif,data/raw/bhsig260/BHSig100_Bengali/Genuine/B-S-87-G-08.tif,0,random_forgery,100104,1.0250089168548584,0.24711237681898562,0
4078,data/raw/bhsig260/BHSig160_Hindi/Genuine/H-S-104-G-07.tif,data/raw/bhsig260/BHSig160_Hindi/Genuine/H-S-49-G-02.tif,0,random_forgery,100104,1.182831048965454,0.24711237681898562,0
4079,data/raw/bhsig260/BHSig160_Hindi/Genuine/H-S-104-G-06.tif,data/raw/bhsig260/BHSig160_Hindi/Genuine/H-S-146-G-21.tif,0,random_forgery,100104,1.383332371711731,0.24711237681898562,0
4080,data/raw/bhsig260/BHSig160_Hindi/Genuine/H-S-105-G-01.tif,data/raw/bhsig260/BHSig160_Hindi/Genuine/H-S-105-G-11.tif,1,genuine_genuine,100105,0.31779539585113525,0.24711237681898562,0
4081,data/raw/bhsig260/BHSig160_Hindi/Genuine/H-S-105-G-01.tif,data/raw/bhsig260/BHSig160_Hindi/Genuine/H-S-105-G-04.tif,1,genuine_genuine,100105,0.34781983494758606,0.24711237681898562,0
4082,data/raw/bhsig260/BHSig160_Hindi/Genuine/H-S-105-G-15.tif,data/raw/bhsig260/BHSig160_Hindi/Genuine/H-S-105-G-24.tif,1,genuine_genuine,100105,1.3311824798583984,0.24711237681898562,0
4083,data/raw/bhsig260/BHSig160_Hindi/Genuine/H-S-105-G-03.tif,data/raw/bhsig260/BHSig160_Hindi/Genuine/H-S-105-G-16.tif,1,genuine_genuine,100105,1.9224320650100708,0.24711237681898562,0
4084,data/raw/bhsig260/BHSig160_Hindi/Genuine/H-S-105-G-01.tif,data/raw/bhsig260/BHSig160_Hindi/Genuine/H-S-105-G-02.tif,1,genuine_genuine,100105,0.24786393344402313,0.24711237681898562,0
4085,data/raw/bhsig260/BHSig160_Hindi/Genuine/H-S-105-G-03.tif,data/raw/bhsig260/BHSig160_Hindi/Genuine/H-S-105-G-12.tif,1,genuine_genuine,100105,0.07946476340293884,0.24711237681898562,1
4086,data/raw/bhsig260/BHSig160_Hindi/Genuine/H-S-105-G-05.tif,data/raw/bhsig260/BHSig160_Hindi/Genuine/H-S-105-G-24.tif,1,genuine_genuine,100105,1.1162127256393433,0.24711237681898562,0
4087,data/raw/bhsig260/BHSig160_Hindi/Genuine/H-S-105-G-18.tif,data/raw/bhsig260/BHSig160_Hindi/Genuine/H-S-105-G-24.tif,1,genuine_genuine,100105,0.19242367148399353,0.24711237681898562,1
4088,data/raw/bhsig260/BHSig160_Hindi/Genuine/H-S-105-G-02.tif,data/raw/bhsig260/BHSig160_Hindi/Genuine/H-S-105-G-06.tif,1,genuine_genuine,100105,0.9981821179389954,0.24711237681898562,0
4089,data/raw/bhsig260/BHSig160_Hindi/Genuine/H-S-105-G-07.tif,data/raw/bhsig260/BHSig160_Hindi/Genuine/H-S-105-G-16.tif,1,genuine_genuine,100105,1.8150690793991089,0.24711237681898562,0
4090,data/raw/bhsig260/BHSig160_Hindi/Genuine/H-S-105-G-23.tif,data/raw/bhsig260/BHSig160_Hindi/Forged/H-S-105-F-12.tif,0,skilled_forgery,100105,0.3885074853897095,0.24711237681898562,0
4091,data/raw/bhsig260/BHSig160_Hindi/Genuine/H-S-105-G-18.tif,data/raw/bhsig260/BHSig160_Hindi/Forged/H-S-105-F-19.tif,0,skilled_forgery,100105,1.813601016998291,0.24711237681898562,0
4092,data/raw/bhsig260/BHSig160_Hindi/Genuine/H-S-105-G-16.tif,data/raw/bhsig260/BHSig160_Hindi/Forged/H-S-105-F-18.tif,0,skilled_forgery,100105,1.5943310260772705,0.24711237681898562,0
4093,data/raw/bhsig260/BHSig160_Hindi/Genuine/H-S-105-G-13.tif,data/raw/bhsig260/BHSig160_Hindi/Forged/H-S-105-F-07.tif,0,skilled_forgery,100105,0.8998327255249023,0.24711237681898562,0
4094,data/raw/bhsig260/BHSig160_Hindi/Genuine/H-S-105-G-04.tif,data/raw/bhsig260/BHSig160_Hindi/Forged/H-S-105-F-04.tif,0,skilled_forgery,100105,0.27858322858810425,0.24711237681898562,0
4095,data/raw/bhsig260/BHSig160_Hindi/Genuine/H-S-105-G-13.tif,data/raw/bhsig260/BHSig100_Bengali/Genuine/B-S-6-G-03.tif,0,random_forgery,100105,1.6875495910644531,0.24711237681898562,0
4096,data/raw/bhsig260/BHSig160_Hindi/Genuine/H-S-105-G-20.tif,data/raw/bhsig260/BHSig100_Bengali/Genuine/B-S-72-G-19.tif,0,random_forgery,100105,1.5719717741012573,0.24711237681898562,0
4097,data/raw/bhsig260/BHSig160_Hindi/Genuine/H-S-105-G-14.tif,data/raw/bhsig260/BHSig160_Hindi/Genuine/H-S-74-G-12.tif,0,random_forgery,100105,2.418390989303589,0.24711237681898562,0
4098,data/raw/bhsig260/BHSig160_Hindi/Genuine/H-S-105-G-11.tif,data/raw/bhsig260/BHSig160_Hindi/Genuine/H-S-96-G-17.tif,0,random_forgery,100105,1.3977333307266235,0.24711237681898562,0
4099,data/raw/bhsig260/BHSig160_Hindi/Genuine/H-S-105-G-14.tif,data/raw/bhsig260/BHSig100_Bengali/Genuine/B-S-62-G-12.tif,0,random_forgery,100105,1.358023762702942,0.24711237681898562,0
4100,data/raw/bhsig260/BHSig160_Hindi/Genuine/H-S-106-G-04.tif,data/raw/bhsig260/BHSig160_Hindi/Genuine/H-S-106-G-19.tif,1,genuine_genuine,100106,0.25605541467666626,0.24711237681898562,0
4101,data/raw/bhsig260/BHSig160_Hindi/Genuine/H-S-106-G-10.tif,data/raw/bhsig260/BHSig160_Hindi/Genuine/H-S-106-G-17.tif,1,genuine_genuine,100106,0.11653578281402588,0.24711237681898562,1
4102,data/raw/bhsig260/BHSig160_Hindi/Genuine/H-S-106-G-10.tif,data/raw/bhsig260/BHSig160_Hindi/Genuine/H-S-106-G-15.tif,1,genuine_genuine,100106,0.3794543147087097,0.24711237681898562,0
4103,data/raw/bhsig260/BHSig160_Hindi/Genuine/H-S-106-G-02.tif,data/raw/bhsig260/BHSig160_Hindi/Genuine/H-S-106-G-11.tif,1,genuine_genuine,100106,0.3142666220664978,0.24711237681898562,0
4104,data/raw/bhsig260/BHSig160_Hindi/Genuine/H-S-106-G-01.tif,data/raw/bhsig260/BHSig160_Hindi/Genuine/H-S-106-G-13.tif,1,genuine_genuine,100106,0.22770769894123077,0.24711237681898562,1
4105,data/raw/bhsig260/BHSig160_Hindi/Genuine/H-S-106-G-05.tif,data/raw/bhsig260/BHSig160_Hindi/Genuine/H-S-106-G-23.tif,1,genuine_genuine,100106,0.1346839815378189,0.24711237681898562,1
4106,data/raw/bhsig260/BHSig160_Hindi/Genuine/H-S-106-G-11.tif,data/raw/bhsig260/BHSig160_Hindi/Genuine/H-S-106-G-17.tif,1,genuine_genuine,100106,0.32944512367248535,0.24711237681898562,0
4107,data/raw/bhsig260/BHSig160_Hindi/Genuine/H-S-106-G-06.tif,data/raw/bhsig260/BHSig160_Hindi/Genuine/H-S-106-G-14.tif,1,genuine_genuine,100106,0.6868903636932373,0.24711237681898562,0
4108,data/raw/bhsig260/BHSig160_Hindi/Genuine/H-S-106-G-08.tif,data/raw/bhsig260/BHSig160_Hindi/Genuine/H-S-106-G-09.tif,1,genuine_genuine,100106,0.7227744460105896,0.24711237681898562,0
4109,data/raw/bhsig260/BHSig160_Hindi/Genuine/H-S-106-G-07.tif,data/raw/bhsig260/BHSig160_Hindi/Genuine/H-S-106-G-18.tif,1,genuine_genuine,100106,0.6049595475196838,0.24711237681898562,0
4110,data/raw/bhsig260/BHSig160_Hindi/Genuine/H-S-106-G-05.tif,data/raw/bhsig260/BHSig160_Hindi/Forged/H-S-106-F-13.tif,0,skilled_forgery,100106,0.32791951298713684,0.24711237681898562,0
4111,data/raw/bhsig260/BHSig160_Hindi/Genuine/H-S-106-G-02.tif,data/raw/bhsig260/BHSig160_Hindi/Forged/H-S-106-F-12.tif,0,skilled_forgery,100106,0.4074361026287079,0.24711237681898562,0
4112,data/raw/bhsig260/BHSig160_Hindi/Genuine/H-S-106-G-23.tif,data/raw/bhsig260/BHSig160_Hindi/Forged/H-S-106-F-15.tif,0,skilled_forgery,100106,0.36491721868515015,0.24711237681898562,0
4113,data/raw/bhsig260/BHSig160_Hindi/Genuine/H-S-106-G-22.tif,data/raw/bhsig260/BHSig160_Hindi/Forged/H-S-106-F-07.tif,0,skilled_forgery,100106,0.6674985289573669,0.24711237681898562,0
4114,data/raw/bhsig260/BHSig160_Hindi/Genuine/H-S-106-G-21.tif,data/raw/bhsig260/BHSig160_Hindi/Forged/H-S-106-F-28.tif,0,skilled_forgery,100106,0.5760293006896973,0.24711237681898562,0
4115,data/raw/bhsig260/BHSig160_Hindi/Genuine/H-S-106-G-07.tif,data/raw/bhsig260/BHSig160_Hindi/Genuine/H-S-66-G-02.tif,0,random_forgery,100106,0.7261994481086731,0.24711237681898562,0
4116,data/raw/bhsig260/BHSig160_Hindi/Genuine/H-S-106-G-16.tif,data/raw/bhsig260/BHSig160_Hindi/Genuine/H-S-89-G-07.tif,0,random_forgery,100106,0.39149895310401917,0.24711237681898562,0
4117,data/raw/bhsig260/BHSig160_Hindi/Genuine/H-S-106-G-24.tif,data/raw/bhsig260/BHSig160_Hindi/Genuine/H-S-110-G-03.tif,0,random_forgery,100106,0.43427255749702454,0.24711237681898562,0
4118,data/raw/bhsig260/BHSig160_Hindi/Genuine/H-S-106-G-20.tif,data/raw/bhsig260/BHSig100_Bengali/Genuine/B-S-26-G-01.tif,0,random_forgery,100106,0.8888540267944336,0.24711237681898562,0
4119,data/raw/bhsig260/BHSig160_Hindi/Genuine/H-S-106-G-20.tif,data/raw/bhsig260/BHSig100_Bengali/Genuine/B-S-38-G-01.tif,0,random_forgery,100106,0.8689912557601929,0.24711237681898562,0
4120,data/raw/bhsig260/BHSig160_Hindi/Genuine/H-S-107-G-05.tif,data/raw/bhsig260/BHSig160_Hindi/Genuine/H-S-107-G-06.tif,1,genuine_genuine,100107,0.06276050209999084,0.24711237681898562,1
4121,data/raw/bhsig260/BHSig160_Hindi/Genuine/H-S-107-G-02.tif,data/raw/bhsig260/BHSig160_Hindi/Genuine/H-S-107-G-19.tif,1,genuine_genuine,100107,0.4401285648345947,0.24711237681898562,0
4122,data/raw/bhsig260/BHSig160_Hindi/Genuine/H-S-107-G-13.tif,data/raw/bhsig260/BHSig160_Hindi/Genuine/H-S-107-G-23.tif,1,genuine_genuine,100107,0.2751181721687317,0.24711237681898562,0
4123,data/raw/bhsig260/BHSig160_Hindi/Genuine/H-S-107-G-02.tif,data/raw/bhsig260/BHSig160_Hindi/Genuine/H-S-107-G-12.tif,1,genuine_genuine,100107,0.22023414075374603,0.24711237681898562,1
4124,data/raw/bhsig260/BHSig160_Hindi/Genuine/H-S-107-G-08.tif,data/raw/bhsig260/BHSig160_Hindi/Genuine/H-S-107-G-14.tif,1,genuine_genuine,100107,0.5387750864028931,0.24711237681898562,0
4125,data/raw/bhsig260/BHSig160_Hindi/Genuine/H-S-107-G-12.tif,data/raw/bhsig260/BHSig160_Hindi/Genuine/H-S-107-G-18.tif,1,genuine_genuine,100107,0.541810929775238,0.24711237681898562,0
4126,data/raw/bhsig260/BHSig160_Hindi/Genuine/H-S-107-G-14.tif,data/raw/bhsig260/BHSig160_Hindi/Genuine/H-S-107-G-20.tif,1,genuine_genuine,100107,0.06061602383852005,0.24711237681898562,1
4127,data/raw/bhsig260/BHSig160_Hindi/Genuine/H-S-107-G-14.tif,data/raw/bhsig260/BHSig160_Hindi/Genuine/H-S-107-G-24.tif,1,genuine_genuine,100107,0.31901517510414124,0.24711237681898562,0
4128,data/raw/bhsig260/BHSig160_Hindi/Genuine/H-S-107-G-04.tif,data/raw/bhsig260/BHSig160_Hindi/Genuine/H-S-107-G-24.tif,1,genuine_genuine,100107,0.3108636736869812,0.24711237681898562,0
4129,data/raw/bhsig260/BHSig160_Hindi/Genuine/H-S-107-G-05.tif,data/raw/bhsig260/BHSig160_Hindi/Genuine/H-S-107-G-15.tif,1,genuine_genuine,100107,0.156236931681633,0.24711237681898562,1
4130,data/raw/bhsig260/BHSig160_Hindi/Genuine/H-S-107-G-11.tif,data/raw/bhsig260/BHSig160_Hindi/Forged/H-S-107-F-09.tif,0,skilled_forgery,100107,0.2780180275440216,0.24711237681898562,0
4131,data/raw/bhsig260/BHSig160_Hindi/Genuine/H-S-107-G-10.tif,data/raw/bhsig260/BHSig160_Hindi/Forged/H-S-107-F-29.tif,0,skilled_forgery,100107,0.25163185596466064,0.24711237681898562,0
4132,data/raw/bhsig260/BHSig160_Hindi/Genuine/H-S-107-G-24.tif,data/raw/bhsig260/BHSig160_Hindi/Forged/H-S-107-F-22.tif,0,skilled_forgery,100107,0.2522772550582886,0.24711237681898562,0
4133,data/raw/bhsig260/BHSig160_Hindi/Genuine/H-S-107-G-08.tif,data/raw/bhsig260/BHSig160_Hindi/Forged/H-S-107-F-03.tif,0,skilled_forgery,100107,0.3400042951107025,0.24711237681898562,0
4134,data/raw/bhsig260/BHSig160_Hindi/Genuine/H-S-107-G-15.tif,data/raw/bhsig260/BHSig160_Hindi/Forged/H-S-107-F-05.tif,0,skilled_forgery,100107,0.25429633259773254,0.24711237681898562,0
4135,data/raw/bhsig260/BHSig160_Hindi/Genuine/H-S-107-G-16.tif,data/raw/bhsig260/BHSig100_Bengali/Genuine/B-S-31-G-18.tif,0,random_forgery,100107,0.9831448793411255,0.24711237681898562,0
4136,data/raw/bhsig260/BHSig160_Hindi/Genuine/H-S-107-G-10.tif,data/raw/bhsig260/BHSig100_Bengali/Genuine/B-S-94-G-02.tif,0,random_forgery,100107,0.3077104389667511,0.24711237681898562,0
4137,data/raw/bhsig260/BHSig160_Hindi/Genuine/H-S-107-G-04.tif,data/raw/bhsig260/BHSig100_Bengali/Genuine/B-S-53-G-20.tif,0,random_forgery,100107,0.32281291484832764,0.24711237681898562,0
4138,data/raw/bhsig260/BHSig160_Hindi/Genuine/H-S-107-G-06.tif,data/raw/bhsig260/BHSig160_Hindi/Genuine/H-S-45-G-19.tif,0,random_forgery,100107,1.2121739387512207,0.24711237681898562,0
4139,data/raw/bhsig260/BHSig160_Hindi/Genuine/H-S-107-G-14.tif,data/raw/bhsig260/BHSig160_Hindi/Genuine/H-S-72-G-02.tif,0,random_forgery,100107,0.34916985034942627,0.24711237681898562,0
4140,data/raw/bhsig260/BHSig160_Hindi/Genuine/H-S-108-G-01.tif,data/raw/bhsig260/BHSig160_Hindi/Genuine/H-S-108-G-16.tif,1,genuine_genuine,100108,0.32301467657089233,0.24711237681898562,0
4141,data/raw/bhsig260/BHSig160_Hindi/Genuine/H-S-108-G-03.tif,data/raw/bhsig260/BHSig160_Hindi/Genuine/H-S-108-G-09.tif,1,genuine_genuine,100108,0.4120834171772003,0.24711237681898562,0
4142,data/raw/bhsig260/BHSig160_Hindi/Genuine/H-S-108-G-16.tif,data/raw/bhsig260/BHSig160_Hindi/Genuine/H-S-108-G-19.tif,1,genuine_genuine,100108,0.07385648041963577,0.24711237681898562,1
4143,data/raw/bhsig260/BHSig160_Hindi/Genuine/H-S-108-G-16.tif,data/raw/bhsig260/BHSig160_Hindi/Genuine/H-S-108-G-17.tif,1,genuine_genuine,100108,0.1174444928765297,0.24711237681898562,1
4144,data/raw/bhsig260/BHSig160_Hindi/Genuine/H-S-108-G-01.tif,data/raw/bhsig260/BHSig160_Hindi/Genuine/H-S-108-G-13.tif,1,genuine_genuine,100108,0.20544372498989105,0.24711237681898562,1
4145,data/raw/bhsig260/BHSig160_Hindi/Genuine/H-S-108-G-12.tif,data/raw/bhsig260/BHSig160_Hindi/Genuine/H-S-108-G-18.tif,1,genuine_genuine,100108,0.07819630950689316,0.24711237681898562,1
4146,data/raw/bhsig260/BHSig160_Hindi/Genuine/H-S-108-G-04.tif,data/raw/bhsig260/BHSig160_Hindi/Genuine/H-S-108-G-17.tif,1,genuine_genuine,100108,0.20935732126235962,0.24711237681898562,1
4147,data/raw/bhsig260/BHSig160_Hindi/Genuine/H-S-108-G-08.tif,data/raw/bhsig260/BHSig160_Hindi/Genuine/H-S-108-G-09.tif,1,genuine_genuine,100108,0.3607786297798157,0.24711237681898562,0
4148,data/raw/bhsig260/BHSig160_Hindi/Genuine/H-S-108-G-06.tif,data/raw/bhsig260/BHSig160_Hindi/Genuine/H-S-108-G-15.tif,1,genuine_genuine,100108,0.32351425290107727,0.24711237681898562,0
4149,data/raw/bhsig260/BHSig160_Hindi/Genuine/H-S-108-G-04.tif,data/raw/bhsig260/BHSig160_Hindi/Genuine/H-S-108-G-21.tif,1,genuine_genuine,100108,0.22909581661224365,0.24711237681898562,1
4150,data/raw/bhsig260/BHSig160_Hindi/Genuine/H-S-108-G-05.tif,data/raw/bhsig260/BHSig160_Hindi/Forged/H-S-108-F-10.tif,0,skilled_forgery,100108,0.3506244122982025,0.24711237681898562,0
4151,data/raw/bhsig260/BHSig160_Hindi/Genuine/H-S-108-G-23.tif,data/raw/bhsig260/BHSig160_Hindi/Forged/H-S-108-F-16.tif,0,skilled_forgery,100108,0.22201929986476898,0.24711237681898562,1
4152,data/raw/bhsig260/BHSig160_Hindi/Genuine/H-S-108-G-13.tif,data/raw/bhsig260/BHSig160_Hindi/Forged/H-S-108-F-29.tif,0,skilled_forgery,100108,0.017649926245212555,0.24711237681898562,1
4153,data/raw/bhsig260/BHSig160_Hindi/Genuine/H-S-108-G-22.tif,data/raw/bhsig260/BHSig160_Hindi/Forged/H-S-108-F-21.tif,0,skilled_forgery,100108,0.21608398854732513,0.24711237681898562,1
4154,data/raw/bhsig260/BHSig160_Hindi/Genuine/H-S-108-G-01.tif,data/raw/bhsig260/BHSig160_Hindi/Forged/H-S-108-F-04.tif,0,skilled_forgery,100108,0.31563320755958557,0.24711237681898562,0
4155,data/raw/bhsig260/BHSig160_Hindi/Genuine/H-S-108-G-14.tif,data/raw/bhsig260/BHSig100_Bengali/Genuine/B-S-87-G-19.tif,0,random_forgery,100108,0.11025755852460861,0.24711237681898562,1
4156,data/raw/bhsig260/BHSig160_Hindi/Genuine/H-S-108-G-17.tif,data/raw/bhsig260/BHSig160_Hindi/Genuine/H-S-156-G-22.tif,0,random_forgery,100108,0.08698920160531998,0.24711237681898562,1
4157,data/raw/bhsig260/BHSig160_Hindi/Genuine/H-S-108-G-10.tif,data/raw/bhsig260/BHSig160_Hindi/Genuine/H-S-24-G-13.tif,0,random_forgery,100108,0.2751869261264801,0.24711237681898562,0
4158,data/raw/bhsig260/BHSig160_Hindi/Genuine/H-S-108-G-02.tif,data/raw/bhsig260/BHSig160_Hindi/Genuine/H-S-65-G-03.tif,0,random_forgery,100108,0.18672403693199158,0.24711237681898562,1
4159,data/raw/bhsig260/BHSig160_Hindi/Genuine/H-S-108-G-17.tif,data/raw/bhsig260/BHSig160_Hindi/Genuine/H-S-140-G-23.tif,0,random_forgery,100108,0.5099311470985413,0.24711237681898562,0
4160,data/raw/bhsig260/BHSig160_Hindi/Genuine/H-S-109-G-08.tif,data/raw/bhsig260/BHSig160_Hindi/Genuine/H-S-109-G-12.tif,1,genuine_genuine,100109,0.19958490133285522,0.24711237681898562,1
4161,data/raw/bhsig260/BHSig160_Hindi/Genuine/H-S-109-G-05.tif,data/raw/bhsig260/BHSig160_Hindi/Genuine/H-S-109-G-10.tif,1,genuine_genuine,100109,0.1489078551530838,0.24711237681898562,1
4162,data/raw/bhsig260/BHSig160_Hindi/Genuine/H-S-109-G-08.tif,data/raw/bhsig260/BHSig160_Hindi/Genuine/H-S-109-G-15.tif,1,genuine_genuine,100109,0.19876351952552795,0.24711237681898562,1
4163,data/raw/bhsig260/BHSig160_Hindi/Genuine/H-S-109-G-07.tif,data/raw/bhsig260/BHSig160_Hindi/Genuine/H-S-109-G-18.tif,1,genuine_genuine,100109,0.15104159712791443,0.24711237681898562,1
4164,data/raw/bhsig260/BHSig160_Hindi/Genuine/H-S-109-G-05.tif,data/raw/bhsig260/BHSig160_Hindi/Genuine/H-S-109-G-15.tif,1,genuine_genuine,100109,0.27869582176208496,0.24711237681898562,0
4165,data/raw/bhsig260/BHSig160_Hindi/Genuine/H-S-109-G-05.tif,data/raw/bhsig260/BHSig160_Hindi/Genuine/H-S-109-G-16.tif,1,genuine_genuine,100109,0.2783920466899872,0.24711237681898562,0
4166,data/raw/bhsig260/BHSig160_Hindi/Genuine/H-S-109-G-06.tif,data/raw/bhsig260/BHSig160_Hindi/Genuine/H-S-109-G-08.tif,1,genuine_genuine,100109,0.0890505239367485,0.24711237681898562,1
4167,data/raw/bhsig260/BHSig160_Hindi/Genuine/H-S-109-G-04.tif,data/raw/bhsig260/BHSig160_Hindi/Genuine/H-S-109-G-14.tif,1,genuine_genuine,100109,0.4237997531890869,0.24711237681898562,0
4168,data/raw/bhsig260/BHSig160_Hindi/Genuine/H-S-109-G-01.tif,data/raw/bhsig260/BHSig160_Hindi/Genuine/H-S-109-G-04.tif,1,genuine_genuine,100109,0.2431682050228119,0.24711237681898562,1
4169,data/raw/bhsig260/BHSig160_Hindi/Genuine/H-S-109-G-13.tif,data/raw/bhsig260/BHSig160_Hindi/Genuine/H-S-109-G-19.tif,1,genuine_genuine,100109,0.13561898469924927,0.24711237681898562,1
4170,data/raw/bhsig260/BHSig160_Hindi/Genuine/H-S-109-G-12.tif,data/raw/bhsig260/BHSig160_Hindi/Forged/H-S-109-F-25.tif,0,skilled_forgery,100109,0.450255423784256,0.24711237681898562,0
4171,data/raw/bhsig260/BHSig160_Hindi/Genuine/H-S-109-G-24.tif,data/raw/bhsig260/BHSig160_Hindi/Forged/H-S-109-F-17.tif,0,skilled_forgery,100109,0.42711368203163147,0.24711237681898562,0
4172,data/raw/bhsig260/BHSig160_Hindi/Genuine/H-S-109-G-14.tif,data/raw/bhsig260/BHSig160_Hindi/Forged/H-S-109-F-13.tif,0,skilled_forgery,100109,0.20339816808700562,0.24711237681898562,1
4173,data/raw/bhsig260/BHSig160_Hindi/Genuine/H-S-109-G-03.tif,data/raw/bhsig260/BHSig160_Hindi/Forged/H-S-109-F-16.tif,0,skilled_forgery,100109,0.7318430542945862,0.24711237681898562,0
4174,data/raw/bhsig260/BHSig160_Hindi/Genuine/H-S-109-G-15.tif,data/raw/bhsig260/BHSig160_Hindi/Forged/H-S-109-F-12.tif,0,skilled_forgery,100109,0.6784018278121948,0.24711237681898562,0
4175,data/raw/bhsig260/BHSig160_Hindi/Genuine/H-S-109-G-18.tif,data/raw/bhsig260/BHSig160_Hindi/Genuine/H-S-83-G-07.tif,0,random_forgery,100109,0.42381584644317627,0.24711237681898562,0
4176,data/raw/bhsig260/BHSig160_Hindi/Genuine/H-S-109-G-06.tif,data/raw/bhsig260/BHSig160_Hindi/Genuine/H-S-035-G-10.tif,0,random_forgery,100109,0.38610294461250305,0.24711237681898562,0
4177,data/raw/bhsig260/BHSig160_Hindi/Genuine/H-S-109-G-16.tif,data/raw/bhsig260/BHSig160_Hindi/Genuine/H-S-62-G-24.tif,0,random_forgery,100109,0.1399773508310318,0.24711237681898562,1
4178,data/raw/bhsig260/BHSig160_Hindi/Genuine/H-S-109-G-14.tif,data/raw/bhsig260/BHSig160_Hindi/Genuine/H-S-52-G-07.tif,0,random_forgery,100109,0.383714884519577,0.24711237681898562,0
4179,data/raw/bhsig260/BHSig160_Hindi/Genuine/H-S-109-G-19.tif,data/raw/bhsig260/BHSig100_Bengali/Genuine/B-S-17-G-22.tif,0,random_forgery,100109,0.8200119733810425,0.24711237681898562,0
4180,data/raw/bhsig260/BHSig160_Hindi/Genuine/H-S-110-G-02.tif,data/raw/bhsig260/BHSig160_Hindi/Genuine/H-S-110-G-20.tif,1,genuine_genuine,100110,0.04060559347271919,0.24711237681898562,1
4181,data/raw/bhsig260/BHSig160_Hindi/Genuine/H-S-110-G-09.tif,data/raw/bhsig260/BHSig160_Hindi/Genuine/H-S-110-G-10.tif,1,genuine_genuine,100110,0.19609849154949188,0.24711237681898562,1
4182,data/raw/bhsig260/BHSig160_Hindi/Genuine/H-S-110-G-03.tif,data/raw/bhsig260/BHSig160_Hindi/Genuine/H-S-110-G-14.tif,1,genuine_genuine,100110,0.23545004427433014,0.24711237681898562,1
4183,data/raw/bhsig260/BHSig160_Hindi/Genuine/H-S-110-G-16.tif,data/raw/bhsig260/BHSig160_Hindi/Genuine/H-S-110-G-23.tif,1,genuine_genuine,100110,0.1484098881483078,0.24711237681898562,1
4184,data/raw/bhsig260/BHSig160_Hindi/Genuine/H-S-110-G-08.tif,data/raw/bhsig260/BHSig160_Hindi/Genuine/H-S-110-G-23.tif,1,genuine_genuine,100110,0.1839507818222046,0.24711237681898562,1
4185,data/raw/bhsig260/BHSig160_Hindi/Genuine/H-S-110-G-05.tif,data/raw/bhsig260/BHSig160_Hindi/Genuine/H-S-110-G-12.tif,1,genuine_genuine,100110,0.16305124759674072,0.24711237681898562,1
4186,data/raw/bhsig260/BHSig160_Hindi/Genuine/H-S-110-G-13.tif,data/raw/bhsig260/BHSig160_Hindi/Genuine/H-S-110-G-24.tif,1,genuine_genuine,100110,0.1037735641002655,0.24711237681898562,1
4187,data/raw/bhsig260/BHSig160_Hindi/Genuine/H-S-110-G-01.tif,data/raw/bhsig260/BHSig160_Hindi/Genuine/H-S-110-G-13.tif,1,genuine_genuine,100110,0.14053179323673248,0.24711237681898562,1
4188,data/raw/bhsig260/BHSig160_Hindi/Genuine/H-S-110-G-17.tif,data/raw/bhsig260/BHSig160_Hindi/Genuine/H-S-110-G-21.tif,1,genuine_genuine,100110,0.06278897076845169,0.24711237681898562,1
4189,data/raw/bhsig260/BHSig160_Hindi/Genuine/H-S-110-G-22.tif,data/raw/bhsig260/BHSig160_Hindi/Genuine/H-S-110-G-24.tif,1,genuine_genuine,100110,0.12483260780572891,0.24711237681898562,1
4190,data/raw/bhsig260/BHSig160_Hindi/Genuine/H-S-110-G-15.tif,data/raw/bhsig260/BHSig160_Hindi/Forged/H-S-110-F-25.tif,0,skilled_forgery,100110,0.33388403058052063,0.24711237681898562,0
4191,data/raw/bhsig260/BHSig160_Hindi/Genuine/H-S-110-G-20.tif,data/raw/bhsig260/BHSig160_Hindi/Forged/H-S-110-F-18.tif,0,skilled_forgery,100110,0.3649460971355438,0.24711237681898562,0
4192,data/raw/bhsig260/BHSig160_Hindi/Genuine/H-S-110-G-13.tif,data/raw/bhsig260/BHSig160_Hindi/Forged/H-S-110-F-10.tif,0,skilled_forgery,100110,0.41020333766937256,0.24711237681898562,0
4193,data/raw/bhsig260/BHSig160_Hindi/Genuine/H-S-110-G-02.tif,data/raw/bhsig260/BHSig160_Hindi/Forged/H-S-110-F-16.tif,0,skilled_forgery,100110,0.4160643219947815,0.24711237681898562,0
4194,data/raw/bhsig260/BHSig160_Hindi/Genuine/H-S-110-G-24.tif,data/raw/bhsig260/BHSig160_Hindi/Forged/H-S-110-F-27.tif,0,skilled_forgery,100110,0.2734956741333008,0.24711237681898562,0
4195,data/raw/bhsig260/BHSig160_Hindi/Genuine/H-S-110-G-18.tif,data/raw/bhsig260/BHSig160_Hindi/Genuine/H-S-97-G-15.tif,0,random_forgery,100110,0.16843542456626892,0.24711237681898562,1
4196,data/raw/bhsig260/BHSig160_Hindi/Genuine/H-S-110-G-10.tif,data/raw/bhsig260/BHSig100_Bengali/Genuine/B-S-57-G-07.tif,0,random_forgery,100110,0.43065187335014343,0.24711237681898562,0
4197,data/raw/bhsig260/BHSig160_Hindi/Genuine/H-S-110-G-19.tif,data/raw/bhsig260/BHSig160_Hindi/Genuine/H-S-54-G-03.tif,0,random_forgery,100110,1.102705717086792,0.24711237681898562,0
4198,data/raw/bhsig260/BHSig160_Hindi/Genuine/H-S-110-G-22.tif,data/raw/bhsig260/BHSig160_Hindi/Genuine/H-S-127-G-10.tif,0,random_forgery,100110,0.4534619450569153,0.24711237681898562,0
4199,data/raw/bhsig260/BHSig160_Hindi/Genuine/H-S-110-G-21.tif,data/raw/bhsig260/BHSig160_Hindi/Genuine/H-S-103-G-07.tif,0,random_forgery,100110,1.5842485427856445,0.24711237681898562,0
4200,data/raw/bhsig260/BHSig160_Hindi/Genuine/H-S-111-G-06.tif,data/raw/bhsig260/BHSig160_Hindi/Genuine/H-S-111-G-21.tif,1,genuine_genuine,100111,0.42616045475006104,0.24711237681898562,0
4201,data/raw/bhsig260/BHSig160_Hindi/Genuine/H-S-111-G-10.tif,data/raw/bhsig260/BHSig160_Hindi/Genuine/H-S-111-G-21.tif,1,genuine_genuine,100111,0.27894219756126404,0.24711237681898562,0
4202,data/raw/bhsig260/BHSig160_Hindi/Genuine/H-S-111-G-07.tif,data/raw/bhsig260/BHSig160_Hindi/Genuine/H-S-111-G-14.tif,1,genuine_genuine,100111,0.14005494117736816,0.24711237681898562,1
4203,data/raw/bhsig260/BHSig160_Hindi/Genuine/H-S-111-G-18.tif,data/raw/bhsig260/BHSig160_Hindi/Genuine/H-S-111-G-21.tif,1,genuine_genuine,100111,0.5634242296218872,0.24711237681898562,0
4204,data/raw/bhsig260/BHSig160_Hindi/Genuine/H-S-111-G-05.tif,data/raw/bhsig260/BHSig160_Hindi/Genuine/H-S-111-G-18.tif,1,genuine_genuine,100111,0.25436562299728394,0.24711237681898562,0
4205,data/raw/bhsig260/BHSig160_Hindi/Genuine/H-S-111-G-03.tif,data/raw/bhsig260/BHSig160_Hindi/Genuine/H-S-111-G-23.tif,1,genuine_genuine,100111,0.12421201914548874,0.24711237681898562,1
4206,data/raw/bhsig260/BHSig160_Hindi/Genuine/H-S-111-G-13.tif,data/raw/bhsig260/BHSig160_Hindi/Genuine/H-S-111-G-21.tif,1,genuine_genuine,100111,0.3926364481449127,0.24711237681898562,0
4207,data/raw/bhsig260/BHSig160_Hindi/Genuine/H-S-111-G-03.tif,data/raw/bhsig260/BHSig160_Hindi/Genuine/H-S-111-G-13.tif,1,genuine_genuine,100111,0.09282658994197845,0.24711237681898562,1
4208,data/raw/bhsig260/BHSig160_Hindi/Genuine/H-S-111-G-02.tif,data/raw/bhsig260/BHSig160_Hindi/Genuine/H-S-111-G-16.tif,1,genuine_genuine,100111,0.7895336747169495,0.24711237681898562,0
4209,data/raw/bhsig260/BHSig160_Hindi/Genuine/H-S-111-G-01.tif,data/raw/bhsig260/BHSig160_Hindi/Genuine/H-S-111-G-02.tif,1,genuine_genuine,100111,0.4371022880077362,0.24711237681898562,0
4210,data/raw/bhsig260/BHSig160_Hindi/Genuine/H-S-111-G-07.tif,data/raw/bhsig260/BHSig160_Hindi/Forged/H-S-111-F-17.tif,0,skilled_forgery,100111,0.2921259105205536,0.24711237681898562,0
4211,data/raw/bhsig260/BHSig160_Hindi/Genuine/H-S-111-G-06.tif,data/raw/bhsig260/BHSig160_Hindi/Forged/H-S-111-F-08.tif,0,skilled_forgery,100111,0.617010235786438,0.24711237681898562,0
4212,data/raw/bhsig260/BHSig160_Hindi/Genuine/H-S-111-G-05.tif,data/raw/bhsig260/BHSig160_Hindi/Forged/H-S-111-F-30.tif,0,skilled_forgery,100111,0.5328865051269531,0.24711237681898562,0
4213,data/raw/bhsig260/BHSig160_Hindi/Genuine/H-S-111-G-01.tif,data/raw/bhsig260/BHSig160_Hindi/Forged/H-S-111-F-21.tif,0,skilled_forgery,100111,0.38335952162742615,0.24711237681898562,0
4214,data/raw/bhsig260/BHSig160_Hindi/Genuine/H-S-111-G-15.tif,data/raw/bhsig260/BHSig160_Hindi/Forged/H-S-111-F-11.tif,0,skilled_forgery,100111,0.6776237487792969,0.24711237681898562,0
4215,data/raw/bhsig260/BHSig160_Hindi/Genuine/H-S-111-G-07.tif,data/raw/bhsig260/BHSig160_Hindi/Genuine/H-S-151-G-19.tif,0,random_forgery,100111,0.524729311466217,0.24711237681898562,0
4216,data/raw/bhsig260/BHSig160_Hindi/Genuine/H-S-111-G-13.tif,data/raw/bhsig260/BHSig100_Bengali/Genuine/B-S-82-G-18.tif,0,random_forgery,100111,0.2848670482635498,0.24711237681898562,0
4217,data/raw/bhsig260/BHSig160_Hindi/Genuine/H-S-111-G-09.tif,data/raw/bhsig260/BHSig160_Hindi/Genuine/H-S-91-G-02.tif,0,random_forgery,100111,0.5209043025970459,0.24711237681898562,0
4218,data/raw/bhsig260/BHSig160_Hindi/Genuine/H-S-111-G-11.tif,data/raw/bhsig260/BHSig160_Hindi/Genuine/H-S-20-G-23.tif,0,random_forgery,100111,0.5858866572380066,0.24711237681898562,0
4219,data/raw/bhsig260/BHSig160_Hindi/Genuine/H-S-111-G-07.tif,data/raw/bhsig260/BHSig160_Hindi/Genuine/H-S-141-G-11.tif,0,random_forgery,100111,0.4424900412559509,0.24711237681898562,0
4220,data/raw/bhsig260/BHSig160_Hindi/Genuine/H-S-112-G-02.tif,data/raw/bhsig260/BHSig160_Hindi/Genuine/H-S-112-G-18.tif,1,genuine_genuine,100112,0.11537453532218933,0.24711237681898562,1
4221,data/raw/bhsig260/BHSig160_Hindi/Genuine/H-S-112-G-17.tif,data/raw/bhsig260/BHSig160_Hindi/Genuine/H-S-112-G-20.tif,1,genuine_genuine,100112,0.1698058545589447,0.24711237681898562,1
4222,data/raw/bhsig260/BHSig160_Hindi/Genuine/H-S-112-G-06.tif,data/raw/bhsig260/BHSig160_Hindi/Genuine/H-S-112-G-17.tif,1,genuine_genuine,100112,0.37037694454193115,0.24711237681898562,0
4223,data/raw/bhsig260/BHSig160_Hindi/Genuine/H-S-112-G-09.tif,data/raw/bhsig260/BHSig160_Hindi/Genuine/H-S-112-G-22.tif,1,genuine_genuine,100112,0.2481006681919098,0.24711237681898562,0
4224,data/raw/bhsig260/BHSig160_Hindi/Genuine/H-S-112-G-04.tif,data/raw/bhsig260/BHSig160_Hindi/Genuine/H-S-112-G-20.tif,1,genuine_genuine,100112,0.019157135859131813,0.24711237681898562,1
4225,data/raw/bhsig260/BHSig160_Hindi/Genuine/H-S-112-G-03.tif,data/raw/bhsig260/BHSig160_Hindi/Genuine/H-S-112-G-18.tif,1,genuine_genuine,100112,0.12565983831882477,0.24711237681898562,1
4226,data/raw/bhsig260/BHSig160_Hindi/Genuine/H-S-112-G-11.tif,data/raw/bhsig260/BHSig160_Hindi/Genuine/H-S-112-G-14.tif,1,genuine_genuine,100112,0.15033644437789917,0.24711237681898562,1
4227,data/raw/bhsig260/BHSig160_Hindi/Genuine/H-S-112-G-15.tif,data/raw/bhsig260/BHSig160_Hindi/Genuine/H-S-112-G-21.tif,1,genuine_genuine,100112,0.35959917306900024,0.24711237681898562,0
4228,data/raw/bhsig260/BHSig160_Hindi/Genuine/H-S-112-G-04.tif,data/raw/bhsig260/BHSig160_Hindi/Genuine/H-S-112-G-17.tif,1,genuine_genuine,100112,0.1524655669927597,0.24711237681898562,1
4229,data/raw/bhsig260/BHSig160_Hindi/Genuine/H-S-112-G-09.tif,data/raw/bhsig260/BHSig160_Hindi/Genuine/H-S-112-G-24.tif,1,genuine_genuine,100112,0.1030251756310463,0.24711237681898562,1
4230,data/raw/bhsig260/BHSig160_Hindi/Genuine/H-S-112-G-12.tif,data/raw/bhsig260/BHSig160_Hindi/Forged/H-S-112-F-19.tif,0,skilled_forgery,100112,1.886458396911621,0.24711237681898562,0
4231,data/raw/bhsig260/BHSig160_Hindi/Genuine/H-S-112-G-16.tif,data/raw/bhsig260/BHSig160_Hindi/Forged/H-S-112-F-30.tif,0,skilled_forgery,100112,0.31720632314682007,0.24711237681898562,0
4232,data/raw/bhsig260/BHSig160_Hindi/Genuine/H-S-112-G-16.tif,data/raw/bhsig260/BHSig160_Hindi/Forged/H-S-112-F-14.tif,0,skilled_forgery,100112,0.13088417053222656,0.24711237681898562,1
4233,data/raw/bhsig260/BHSig160_Hindi/Genuine/H-S-112-G-15.tif,data/raw/bhsig260/BHSig160_Hindi/Forged/H-S-112-F-25.tif,0,skilled_forgery,100112,0.18158140778541565,0.24711237681898562,1
4234,data/raw/bhsig260/BHSig160_Hindi/Genuine/H-S-112-G-11.tif,data/raw/bhsig260/BHSig160_Hindi/Forged/H-S-112-F-28.tif,0,skilled_forgery,100112,0.46539774537086487,0.24711237681898562,0
4235,data/raw/bhsig260/BHSig160_Hindi/Genuine/H-S-112-G-18.tif,data/raw/bhsig260/BHSig100_Bengali/Genuine/B-S-8-G-08.tif,0,random_forgery,100112,0.7606445550918579,0.24711237681898562,0
4236,data/raw/bhsig260/BHSig160_Hindi/Genuine/H-S-112-G-16.tif,data/raw/bhsig260/BHSig100_Bengali/Genuine/B-S-89-G-01.tif,0,random_forgery,100112,0.4814654290676117,0.24711237681898562,0
4237,data/raw/bhsig260/BHSig160_Hindi/Genuine/H-S-112-G-02.tif,data/raw/bhsig260/BHSig160_Hindi/Genuine/H-S-48-G-16.tif,0,random_forgery,100112,0.7204394340515137,0.24711237681898562,0
4238,data/raw/bhsig260/BHSig160_Hindi/Genuine/H-S-112-G-02.tif,data/raw/bhsig260/BHSig160_Hindi/Genuine/H-S-22-G-17.tif,0,random_forgery,100112,0.6423586010932922,0.24711237681898562,0
4239,data/raw/bhsig260/BHSig160_Hindi/Genuine/H-S-112-G-16.tif,data/raw/bhsig260/BHSig100_Bengali/Genuine/B-S-49-G-04.tif,0,random_forgery,100112,0.8405097723007202,0.24711237681898562,0
4240,data/raw/bhsig260/BHSig160_Hindi/Genuine/H-S-113-G-02.tif,data/raw/bhsig260/BHSig160_Hindi/Genuine/H-S-113-G-19.tif,1,genuine_genuine,100113,0.34952589869499207,0.24711237681898562,0
4241,data/raw/bhsig260/BHSig160_Hindi/Genuine/H-S-113-G-07.tif,data/raw/bhsig260/BHSig160_Hindi/Genuine/H-S-113-G-15.tif,1,genuine_genuine,100113,0.13572736084461212,0.24711237681898562,1
4242,data/raw/bhsig260/BHSig160_Hindi/Genuine/H-S-113-G-07.tif,data/raw/bhsig260/BHSig160_Hindi/Genuine/H-S-113-G-12.tif,1,genuine_genuine,100113,0.14542312920093536,0.24711237681898562,1
4243,data/raw/bhsig260/BHSig160_Hindi/Genuine/H-S-113-G-01.tif,data/raw/bhsig260/BHSig160_Hindi/Genuine/H-S-113-G-10.tif,1,genuine_genuine,100113,0.1858660727739334,0.24711237681898562,1
4244,data/raw/bhsig260/BHSig160_Hindi/Genuine/H-S-113-G-05.tif,data/raw/bhsig260/BHSig160_Hindi/Genuine/H-S-113-G-17.tif,1,genuine_genuine,100113,0.22618956863880157,0.24711237681898562,1
4245,data/raw/bhsig260/BHSig160_Hindi/Genuine/H-S-113-G-03.tif,data/raw/bhsig260/BHSig160_Hindi/Genuine/H-S-113-G-20.tif,1,genuine_genuine,100113,0.1995251476764679,0.24711237681898562,1
4246,data/raw/bhsig260/BHSig160_Hindi/Genuine/H-S-113-G-11.tif,data/raw/bhsig260/BHSig160_Hindi/Genuine/H-S-113-G-18.tif,1,genuine_genuine,100113,0.2783539593219757,0.24711237681898562,0
4247,data/raw/bhsig260/BHSig160_Hindi/Genuine/H-S-113-G-10.tif,data/raw/bhsig260/BHSig160_Hindi/Genuine/H-S-113-G-24.tif,1,genuine_genuine,100113,0.18105624616146088,0.24711237681898562,1
4248,data/raw/bhsig260/BHSig160_Hindi/Genuine/H-S-113-G-08.tif,data/raw/bhsig260/BHSig160_Hindi/Genuine/H-S-113-G-19.tif,1,genuine_genuine,100113,0.1691911220550537,0.24711237681898562,1
4249,data/raw/bhsig260/BHSig160_Hindi/Genuine/H-S-113-G-03.tif,data/raw/bhsig260/BHSig160_Hindi/Genuine/H-S-113-G-23.tif,1,genuine_genuine,100113,0.2001405507326126,0.24711237681898562,1
4250,data/raw/bhsig260/BHSig160_Hindi/Genuine/H-S-113-G-08.tif,data/raw/bhsig260/BHSig160_Hindi/Forged/H-S-113-F-24.tif,0,skilled_forgery,100113,0.28918278217315674,0.24711237681898562,0
4251,data/raw/bhsig260/BHSig160_Hindi/Genuine/H-S-113-G-14.tif,data/raw/bhsig260/BHSig160_Hindi/Forged/H-S-113-F-30.tif,0,skilled_forgery,100113,0.593889594078064,0.24711237681898562,0
4252,data/raw/bhsig260/BHSig160_Hindi/Genuine/H-S-113-G-03.tif,data/raw/bhsig260/BHSig160_Hindi/Forged/H-S-113-F-28.tif,0,skilled_forgery,100113,0.4816308915615082,0.24711237681898562,0
4253,data/raw/bhsig260/BHSig160_Hindi/Genuine/H-S-113-G-24.tif,data/raw/bhsig260/BHSig160_Hindi/Forged/H-S-113-F-01.tif,0,skilled_forgery,100113,0.4762822389602661,0.24711237681898562,0
4254,data/raw/bhsig260/BHSig160_Hindi/Genuine/H-S-113-G-11.tif,data/raw/bhsig260/BHSig160_Hindi/Forged/H-S-113-F-23.tif,0,skilled_forgery,100113,0.19519168138504028,0.24711237681898562,1
4255,data/raw/bhsig260/BHSig160_Hindi/Genuine/H-S-113-G-02.tif,data/raw/bhsig260/BHSig100_Bengali/Genuine/B-S-51-G-22.tif,0,random_forgery,100113,0.40383291244506836,0.24711237681898562,0
4256,data/raw/bhsig260/BHSig160_Hindi/Genuine/H-S-113-G-15.tif,data/raw/bhsig260/BHSig160_Hindi/Genuine/H-S-145-G-05.tif,0,random_forgery,100113,0.16857123374938965,0.24711237681898562,1
4257,data/raw/bhsig260/BHSig160_Hindi/Genuine/H-S-113-G-10.tif,data/raw/bhsig260/BHSig100_Bengali/Genuine/B-S-29-G-04.tif,0,random_forgery,100113,0.37993180751800537,0.24711237681898562,0
4258,data/raw/bhsig260/BHSig160_Hindi/Genuine/H-S-113-G-21.tif,data/raw/bhsig260/BHSig160_Hindi/Genuine/H-S-107-G-02.tif,0,random_forgery,100113,0.3994177281856537,0.24711237681898562,0
4259,data/raw/bhsig260/BHSig160_Hindi/Genuine/H-S-113-G-01.tif,data/raw/bhsig260/BHSig160_Hindi/Genuine/H-S-74-G-18.tif,0,random_forgery,100113,0.5624880790710449,0.24711237681898562,0
4260,data/raw/bhsig260/BHSig160_Hindi/Genuine/H-S-114-G-09.tif,data/raw/bhsig260/BHSig160_Hindi/Genuine/H-S-114-G-23.tif,1,genuine_genuine,100114,0.27162566781044006,0.24711237681898562,0
4261,data/raw/bhsig260/BHSig160_Hindi/Genuine/H-S-114-G-19.tif,data/raw/bhsig260/BHSig160_Hindi/Genuine/H-S-114-G-21.tif,1,genuine_genuine,100114,0.14357762038707733,0.24711237681898562,1
4262,data/raw/bhsig260/BHSig160_Hindi/Genuine/H-S-114-G-06.tif,data/raw/bhsig260/BHSig160_Hindi/Genuine/H-S-114-G-09.tif,1,genuine_genuine,100114,0.22331859171390533,0.24711237681898562,1
4263,data/raw/bhsig260/BHSig160_Hindi/Genuine/H-S-114-G-03.tif,data/raw/bhsig260/BHSig160_Hindi/Genuine/H-S-114-G-23.tif,1,genuine_genuine,100114,0.380691796541214,0.24711237681898562,0
4264,data/raw/bhsig260/BHSig160_Hindi/Genuine/H-S-114-G-12.tif,data/raw/bhsig260/BHSig160_Hindi/Genuine/H-S-114-G-19.tif,1,genuine_genuine,100114,0.14458538591861725,0.24711237681898562,1
4265,data/raw/bhsig260/BHSig160_Hindi/Genuine/H-S-114-G-19.tif,data/raw/bhsig260/BHSig160_Hindi/Genuine/H-S-114-G-24.tif,1,genuine_genuine,100114,0.3445685803890228,0.24711237681898562,0
4266,data/raw/bhsig260/BHSig160_Hindi/Genuine/H-S-114-G-11.tif,data/raw/bhsig260/BHSig160_Hindi/Genuine/H-S-114-G-21.tif,1,genuine_genuine,100114,0.1790657788515091,0.24711237681898562,1
4267,data/raw/bhsig260/BHSig160_Hindi/Genuine/H-S-114-G-13.tif,data/raw/bhsig260/BHSig160_Hindi/Genuine/H-S-114-G-16.tif,1,genuine_genuine,100114,0.17404551804065704,0.24711237681898562,1
4268,data/raw/bhsig260/BHSig160_Hindi/Genuine/H-S-114-G-01.tif,data/raw/bhsig260/BHSig160_Hindi/Genuine/H-S-114-G-06.tif,1,genuine_genuine,100114,0.17661838233470917,0.24711237681898562,1
4269,data/raw/bhsig260/BHSig160_Hindi/Genuine/H-S-114-G-07.tif,data/raw/bhsig260/BHSig160_Hindi/Genuine/H-S-114-G-20.tif,1,genuine_genuine,100114,0.35351046919822693,0.24711237681898562,0
4270,data/raw/bhsig260/BHSig160_Hindi/Genuine/H-S-114-G-23.tif,data/raw/bhsig260/BHSig160_Hindi/Forged/H-S-114-F-14.tif,0,skilled_forgery,100114,0.46325168013572693,0.24711237681898562,0
4271,data/raw/bhsig260/BHSig160_Hindi/Genuine/H-S-114-G-16.tif,data/raw/bhsig260/BHSig160_Hindi/Forged/H-S-114-F-15.tif,0,skilled_forgery,100114,0.3428392708301544,0.24711237681898562,0
4272,data/raw/bhsig260/BHSig160_Hindi/Genuine/H-S-114-G-08.tif,data/raw/bhsig260/BHSig160_Hindi/Forged/H-S-114-F-05.tif,0,skilled_forgery,100114,0.15742529928684235,0.24711237681898562,1
4273,data/raw/bhsig260/BHSig160_Hindi/Genuine/H-S-114-G-11.tif,data/raw/bhsig260/BHSig160_Hindi/Forged/H-S-114-F-19.tif,0,skilled_forgery,100114,0.4777446389198303,0.24711237681898562,0
4274,data/raw/bhsig260/BHSig160_Hindi/Genuine/H-S-114-G-10.tif,data/raw/bhsig260/BHSig160_Hindi/Forged/H-S-114-F-09.tif,0,skilled_forgery,100114,0.3453984260559082,0.24711237681898562,0
4275,data/raw/bhsig260/BHSig160_Hindi/Genuine/H-S-114-G-19.tif,data/raw/bhsig260/BHSig100_Bengali/Genuine/B-S-10-G-20.tif,0,random_forgery,100114,0.5240083932876587,0.24711237681898562,0
4276,data/raw/bhsig260/BHSig160_Hindi/Genuine/H-S-114-G-11.tif,data/raw/bhsig260/BHSig160_Hindi/Genuine/H-S-128-G-02.tif,0,random_forgery,100114,0.41624221205711365,0.24711237681898562,0
4277,data/raw/bhsig260/BHSig160_Hindi/Genuine/H-S-114-G-08.tif,data/raw/bhsig260/BHSig100_Bengali/Genuine/B-S-76-G-06.tif,0,random_forgery,100114,0.4505661725997925,0.24711237681898562,0
4278,data/raw/bhsig260/BHSig160_Hindi/Genuine/H-S-114-G-22.tif,data/raw/bhsig260/BHSig160_Hindi/Genuine/H-S-46-G-15.tif,0,random_forgery,100114,0.3710741400718689,0.24711237681898562,0
4279,data/raw/bhsig260/BHSig160_Hindi/Genuine/H-S-114-G-10.tif,data/raw/bhsig260/BHSig160_Hindi/Genuine/H-S-018-G-21.tif,0,random_forgery,100114,0.2597688138484955,0.24711237681898562,0
4280,data/raw/bhsig260/BHSig160_Hindi/Genuine/H-S-115-G-04.tif,data/raw/bhsig260/BHSig160_Hindi/Genuine/H-S-115-G-08.tif,1,genuine_genuine,100115,0.17860431969165802,0.24711237681898562,1
4281,data/raw/bhsig260/BHSig160_Hindi/Genuine/H-S-115-G-04.tif,data/raw/bhsig260/BHSig160_Hindi/Genuine/H-S-115-G-15.tif,1,genuine_genuine,100115,0.11678166687488556,0.24711237681898562,1
4282,data/raw/bhsig260/BHSig160_Hindi/Genuine/H-S-115-G-09.tif,data/raw/bhsig260/BHSig160_Hindi/Genuine/H-S-115-G-17.tif,1,genuine_genuine,100115,0.12716303765773773,0.24711237681898562,1
4283,data/raw/bhsig260/BHSig160_Hindi/Genuine/H-S-115-G-16.tif,data/raw/bhsig260/BHSig160_Hindi/Genuine/H-S-115-G-23.tif,1,genuine_genuine,100115,0.20828957855701447,0.24711237681898562,1
4284,data/raw/bhsig260/BHSig160_Hindi/Genuine/H-S-115-G-14.tif,data/raw/bhsig260/BHSig160_Hindi/Genuine/H-S-115-G-23.tif,1,genuine_genuine,100115,0.19770386815071106,0.24711237681898562,1
4285,data/raw/bhsig260/BHSig160_Hindi/Genuine/H-S-115-G-13.tif,data/raw/bhsig260/BHSig160_Hindi/Genuine/H-S-115-G-20.tif,1,genuine_genuine,100115,0.07565351575613022,0.24711237681898562,1
4286,data/raw/bhsig260/BHSig160_Hindi/Genuine/H-S-115-G-01.tif,data/raw/bhsig260/BHSig160_Hindi/Genuine/H-S-115-G-20.tif,1,genuine_genuine,100115,0.1405002325773239,0.24711237681898562,1
4287,data/raw/bhsig260/BHSig160_Hindi/Genuine/H-S-115-G-04.tif,data/raw/bhsig260/BHSig160_Hindi/Genuine/H-S-115-G-11.tif,1,genuine_genuine,100115,0.13402307033538818,0.24711237681898562,1
4288,data/raw/bhsig260/BHSig160_Hindi/Genuine/H-S-115-G-03.tif,data/raw/bhsig260/BHSig160_Hindi/Genuine/H-S-115-G-10.tif,1,genuine_genuine,100115,0.3043491542339325,0.24711237681898562,0
4289,data/raw/bhsig260/BHSig160_Hindi/Genuine/H-S-115-G-05.tif,data/raw/bhsig260/BHSig160_Hindi/Genuine/H-S-115-G-13.tif,1,genuine_genuine,100115,0.02532285451889038,0.24711237681898562,1
4290,data/raw/bhsig260/BHSig160_Hindi/Genuine/H-S-115-G-04.tif,data/raw/bhsig260/BHSig160_Hindi/Forged/H-S-115-F-02.tif,0,skilled_forgery,100115,1.2537798881530762,0.24711237681898562,0
4291,data/raw/bhsig260/BHSig160_Hindi/Genuine/H-S-115-G-14.tif,data/raw/bhsig260/BHSig160_Hindi/Forged/H-S-115-F-12.tif,0,skilled_forgery,100115,0.8769888877868652,0.24711237681898562,0
4292,data/raw/bhsig260/BHSig160_Hindi/Genuine/H-S-115-G-18.tif,data/raw/bhsig260/BHSig160_Hindi/Forged/H-S-115-F-20.tif,0,skilled_forgery,100115,0.8226032257080078,0.24711237681898562,0
4293,data/raw/bhsig260/BHSig160_Hindi/Genuine/H-S-115-G-04.tif,data/raw/bhsig260/BHSig160_Hindi/Forged/H-S-115-F-18.tif,0,skilled_forgery,100115,0.9259399771690369,0.24711237681898562,0
4294,data/raw/bhsig260/BHSig160_Hindi/Genuine/H-S-115-G-12.tif,data/raw/bhsig260/BHSig160_Hindi/Forged/H-S-115-F-26.tif,0,skilled_forgery,100115,1.4521454572677612,0.24711237681898562,0
4295,data/raw/bhsig260/BHSig160_Hindi/Genuine/H-S-115-G-21.tif,data/raw/bhsig260/BHSig160_Hindi/Genuine/H-S-47-G-18.tif,0,random_forgery,100115,0.8729890584945679,0.24711237681898562,0
4296,data/raw/bhsig260/BHSig160_Hindi/Genuine/H-S-115-G-15.tif,data/raw/bhsig260/BHSig160_Hindi/Genuine/H-S-7-G-21.tif,0,random_forgery,100115,0.6751067638397217,0.24711237681898562,0
4297,data/raw/bhsig260/BHSig160_Hindi/Genuine/H-S-115-G-19.tif,data/raw/bhsig260/BHSig160_Hindi/Genuine/H-S-57-G-19.tif,0,random_forgery,100115,0.22227032482624054,0.24711237681898562,1
4298,data/raw/bhsig260/BHSig160_Hindi/Genuine/H-S-115-G-05.tif,data/raw/bhsig260/BHSig160_Hindi/Genuine/H-S-126-G-20.tif,0,random_forgery,100115,0.6067779660224915,0.24711237681898562,0
4299,data/raw/bhsig260/BHSig160_Hindi/Genuine/H-S-115-G-19.tif,data/raw/bhsig260/BHSig160_Hindi/Genuine/H-S-110-G-14.tif,0,random_forgery,100115,0.42613905668258667,0.24711237681898562,0
4300,data/raw/bhsig260/BHSig160_Hindi/Genuine/H-S-116-G-14.tif,data/raw/bhsig260/BHSig160_Hindi/Genuine/H-S-116-G-23.tif,1,genuine_genuine,100116,0.13612397015094757,0.24711237681898562,1
4301,data/raw/bhsig260/BHSig160_Hindi/Genuine/H-S-116-G-14.tif,data/raw/bhsig260/BHSig160_Hindi/Genuine/H-S-116-G-19.tif,1,genuine_genuine,100116,0.12480904906988144,0.24711237681898562,1
4302,data/raw/bhsig260/BHSig160_Hindi/Genuine/H-S-116-G-23.tif,data/raw/bhsig260/BHSig160_Hindi/Genuine/H-S-116-G-24.tif,1,genuine_genuine,100116,0.06544923782348633,0.24711237681898562,1
4303,data/raw/bhsig260/BHSig160_Hindi/Genuine/H-S-116-G-07.tif,data/raw/bhsig260/BHSig160_Hindi/Genuine/H-S-116-G-15.tif,1,genuine_genuine,100116,0.12055620551109314,0.24711237681898562,1
4304,data/raw/bhsig260/BHSig160_Hindi/Genuine/H-S-116-G-06.tif,data/raw/bhsig260/BHSig160_Hindi/Genuine/H-S-116-G-15.tif,1,genuine_genuine,100116,0.134476900100708,0.24711237681898562,1
4305,data/raw/bhsig260/BHSig160_Hindi/Genuine/H-S-116-G-17.tif,data/raw/bhsig260/BHSig160_Hindi/Genuine/H-S-116-G-24.tif,1,genuine_genuine,100116,0.06544923782348633,0.24711237681898562,1
4306,data/raw/bhsig260/BHSig160_Hindi/Genuine/H-S-116-G-07.tif,data/raw/bhsig260/BHSig160_Hindi/Genuine/H-S-116-G-08.tif,1,genuine_genuine,100116,0.34332209825515747,0.24711237681898562,0
4307,data/raw/bhsig260/BHSig160_Hindi/Genuine/H-S-116-G-14.tif,data/raw/bhsig260/BHSig160_Hindi/Genuine/H-S-116-G-15.tif,1,genuine_genuine,100116,0.05090903863310814,0.24711237681898562,1
4308,data/raw/bhsig260/BHSig160_Hindi/Genuine/H-S-116-G-18.tif,data/raw/bhsig260/BHSig160_Hindi/Genuine/H-S-116-G-21.tif,1,genuine_genuine,100116,0.09575849026441574,0.24711237681898562,1
4309,data/raw/bhsig260/BHSig160_Hindi/Genuine/H-S-116-G-01.tif,data/raw/bhsig260/BHSig160_Hindi/Genuine/H-S-116-G-24.tif,1,genuine_genuine,100116,0.11552122235298157,0.24711237681898562,1
4310,data/raw/bhsig260/BHSig160_Hindi/Genuine/H-S-116-G-05.tif,data/raw/bhsig260/BHSig160_Hindi/Forged/H-S-116-F-06.tif,0,skilled_forgery,100116,0.4202286899089813,0.24711237681898562,0
4311,data/raw/bhsig260/BHSig160_Hindi/Genuine/H-S-116-G-08.tif,data/raw/bhsig260/BHSig160_Hindi/Forged/H-S-116-F-12.tif,0,skilled_forgery,100116,0.4844091832637787,0.24711237681898562,0
4312,data/raw/bhsig260/BHSig160_Hindi/Genuine/H-S-116-G-19.tif,data/raw/bhsig260/BHSig160_Hindi/Forged/H-S-116-F-06.tif,0,skilled_forgery,100116,0.4270481467247009,0.24711237681898562,0
4313,data/raw/bhsig260/BHSig160_Hindi/Genuine/H-S-116-G-21.tif,data/raw/bhsig260/BHSig160_Hindi/Forged/H-S-116-F-29.tif,0,skilled_forgery,100116,0.3782774806022644,0.24711237681898562,0
4314,data/raw/bhsig260/BHSig160_Hindi/Genuine/H-S-116-G-12.tif,data/raw/bhsig260/BHSig160_Hindi/Forged/H-S-116-F-24.tif,0,skilled_forgery,100116,0.7191587090492249,0.24711237681898562,0
4315,data/raw/bhsig260/BHSig160_Hindi/Genuine/H-S-116-G-09.tif,data/raw/bhsig260/BHSig100_Bengali/Genuine/B-S-15-G-12.tif,0,random_forgery,100116,1.031571388244629,0.24711237681898562,0
4316,data/raw/bhsig260/BHSig160_Hindi/Genuine/H-S-116-G-16.tif,data/raw/bhsig260/BHSig160_Hindi/Genuine/H-S-124-G-01.tif,0,random_forgery,100116,0.3402737081050873,0.24711237681898562,0
4317,data/raw/bhsig260/BHSig160_Hindi/Genuine/H-S-116-G-13.tif,data/raw/bhsig260/BHSig100_Bengali/Genuine/B-S-90-G-21.tif,0,random_forgery,100116,0.418155312538147,0.24711237681898562,0
4318,data/raw/bhsig260/BHSig160_Hindi/Genuine/H-S-116-G-03.tif,data/raw/bhsig260/BHSig160_Hindi/Genuine/H-S-6-G-08.tif,0,random_forgery,100116,0.3060947060585022,0.24711237681898562,0
4319,data/raw/bhsig260/BHSig160_Hindi/Genuine/H-S-116-G-09.tif,data/raw/bhsig260/BHSig160_Hindi/Genuine/H-S-120-G-09.tif,0,random_forgery,100116,0.9478302001953125,0.24711237681898562,0
4320,data/raw/bhsig260/BHSig160_Hindi/Genuine/H-S-117-G-11.tif,data/raw/bhsig260/BHSig160_Hindi/Genuine/H-S-117-G-12.tif,1,genuine_genuine,100117,0.4637569487094879,0.24711237681898562,0
4321,data/raw/bhsig260/BHSig160_Hindi/Genuine/H-S-117-G-18.tif,data/raw/bhsig260/BHSig160_Hindi/Genuine/H-S-117-G-19.tif,1,genuine_genuine,100117,0.17077937722206116,0.24711237681898562,1
4322,data/raw/bhsig260/BHSig160_Hindi/Genuine/H-S-117-G-04.tif,data/raw/bhsig260/BHSig160_Hindi/Genuine/H-S-117-G-07.tif,1,genuine_genuine,100117,0.02984151802957058,0.24711237681898562,1
4323,data/raw/bhsig260/BHSig160_Hindi/Genuine/H-S-117-G-06.tif,data/raw/bhsig260/BHSig160_Hindi/Genuine/H-S-117-G-18.tif,1,genuine_genuine,100117,0.02644488401710987,0.24711237681898562,1
4324,data/raw/bhsig260/BHSig160_Hindi/Genuine/H-S-117-G-06.tif,data/raw/bhsig260/BHSig160_Hindi/Genuine/H-S-117-G-14.tif,1,genuine_genuine,100117,0.03363285958766937,0.24711237681898562,1
4325,data/raw/bhsig260/BHSig160_Hindi/Genuine/H-S-117-G-07.tif,data/raw/bhsig260/BHSig160_Hindi/Genuine/H-S-117-G-24.tif,1,genuine_genuine,100117,0.0656999796628952,0.24711237681898562,1
4326,data/raw/bhsig260/BHSig160_Hindi/Genuine/H-S-117-G-12.tif,data/raw/bhsig260/BHSig160_Hindi/Genuine/H-S-117-G-18.tif,1,genuine_genuine,100117,0.22593903541564941,0.24711237681898562,1
4327,data/raw/bhsig260/BHSig160_Hindi/Genuine/H-S-117-G-02.tif,data/raw/bhsig260/BHSig160_Hindi/Genuine/H-S-117-G-11.tif,1,genuine_genuine,100117,0.376235693693161,0.24711237681898562,0
4328,data/raw/bhsig260/BHSig160_Hindi/Genuine/H-S-117-G-02.tif,data/raw/bhsig260/BHSig160_Hindi/Genuine/H-S-117-G-07.tif,1,genuine_genuine,100117,0.03701111301779747,0.24711237681898562,1
4329,data/raw/bhsig260/BHSig160_Hindi/Genuine/H-S-117-G-19.tif,data/raw/bhsig260/BHSig160_Hindi/Genuine/H-S-117-G-23.tif,1,genuine_genuine,100117,0.1731424629688263,0.24711237681898562,1
4330,data/raw/bhsig260/BHSig160_Hindi/Genuine/H-S-117-G-23.tif,data/raw/bhsig260/BHSig160_Hindi/Forged/H-S-117-F-16.tif,0,skilled_forgery,100117,0.5802693963050842,0.24711237681898562,0
4331,data/raw/bhsig260/BHSig160_Hindi/Genuine/H-S-117-G-13.tif,data/raw/bhsig260/BHSig160_Hindi/Forged/H-S-117-F-13.tif,0,skilled_forgery,100117,0.5791978240013123,0.24711237681898562,0
4332,data/raw/bhsig260/BHSig160_Hindi/Genuine/H-S-117-G-20.tif,data/raw/bhsig260/BHSig160_Hindi/Forged/H-S-117-F-23.tif,0,skilled_forgery,100117,0.4136108160018921,0.24711237681898562,0
4333,data/raw/bhsig260/BHSig160_Hindi/Genuine/H-S-117-G-10.tif,data/raw/bhsig260/BHSig160_Hindi/Forged/H-S-117-F-27.tif,0,skilled_forgery,100117,0.4625903069972992,0.24711237681898562,0
4334,data/raw/bhsig260/BHSig160_Hindi/Genuine/H-S-117-G-12.tif,data/raw/bhsig260/BHSig160_Hindi/Forged/H-S-117-F-22.tif,0,skilled_forgery,100117,0.31651991605758667,0.24711237681898562,0
4335,data/raw/bhsig260/BHSig160_Hindi/Genuine/H-S-117-G-23.tif,data/raw/bhsig260/BHSig160_Hindi/Genuine/H-S-105-G-12.tif,0,random_forgery,100117,1.773149847984314,0.24711237681898562,0
4336,data/raw/bhsig260/BHSig160_Hindi/Genuine/H-S-117-G-18.tif,data/raw/bhsig260/BHSig100_Bengali/Genuine/B-S-65-G-11.tif,0,random_forgery,100117,0.04781237617135048,0.24711237681898562,1
4337,data/raw/bhsig260/BHSig160_Hindi/Genuine/H-S-117-G-03.tif,data/raw/bhsig260/BHSig100_Bengali/Genuine/B-S-75-G-01.tif,0,random_forgery,100117,0.9337517619132996,0.24711237681898562,0
4338,data/raw/bhsig260/BHSig160_Hindi/Genuine/H-S-117-G-12.tif,data/raw/bhsig260/BHSig160_Hindi/Genuine/H-S-113-G-14.tif,0,random_forgery,100117,0.3150702118873596,0.24711237681898562,0
4339,data/raw/bhsig260/BHSig160_Hindi/Genuine/H-S-117-G-18.tif,data/raw/bhsig260/BHSig100_Bengali/Genuine/B-S-16-G-14.tif,0,random_forgery,100117,1.4086816310882568,0.24711237681898562,0
4340,data/raw/bhsig260/BHSig160_Hindi/Genuine/H-S-118-G-22.tif,data/raw/bhsig260/BHSig160_Hindi/Genuine/H-S-118-G-23.tif,1,genuine_genuine,100118,0.14200110733509064,0.24711237681898562,1
4341,data/raw/bhsig260/BHSig160_Hindi/Genuine/H-S-118-G-23.tif,data/raw/bhsig260/BHSig160_Hindi/Genuine/H-S-118-G-24.tif,1,genuine_genuine,100118,0.2065325230360031,0.24711237681898562,1
4342,data/raw/bhsig260/BHSig160_Hindi/Genuine/H-S-118-G-09.tif,data/raw/bhsig260/BHSig160_Hindi/Genuine/H-S-118-G-22.tif,1,genuine_genuine,100118,0.18558035790920258,0.24711237681898562,1
4343,data/raw/bhsig260/BHSig160_Hindi/Genuine/H-S-118-G-01.tif,data/raw/bhsig260/BHSig160_Hindi/Genuine/H-S-118-G-22.tif,1,genuine_genuine,100118,0.3143182694911957,0.24711237681898562,0
4344,data/raw/bhsig260/BHSig160_Hindi/Genuine/H-S-118-G-08.tif,data/raw/bhsig260/BHSig160_Hindi/Genuine/H-S-118-G-11.tif,1,genuine_genuine,100118,0.19415460526943207,0.24711237681898562,1
4345,data/raw/bhsig260/BHSig160_Hindi/Genuine/H-S-118-G-13.tif,data/raw/bhsig260/BHSig160_Hindi/Genuine/H-S-118-G-21.tif,1,genuine_genuine,100118,1.3629692792892456,0.24711237681898562,0
4346,data/raw/bhsig260/BHSig160_Hindi/Genuine/H-S-118-G-04.tif,data/raw/bhsig260/BHSig160_Hindi/Genuine/H-S-118-G-19.tif,1,genuine_genuine,100118,1.070645809173584,0.24711237681898562,0
4347,data/raw/bhsig260/BHSig160_Hindi/Genuine/H-S-118-G-07.tif,data/raw/bhsig260/BHSig160_Hindi/Genuine/H-S-118-G-18.tif,1,genuine_genuine,100118,0.09374278038740158,0.24711237681898562,1
4348,data/raw/bhsig260/BHSig160_Hindi/Genuine/H-S-118-G-04.tif,data/raw/bhsig260/BHSig160_Hindi/Genuine/H-S-118-G-22.tif,1,genuine_genuine,100118,1.3746192455291748,0.24711237681898562,0
4349,data/raw/bhsig260/BHSig160_Hindi/Genuine/H-S-118-G-05.tif,data/raw/bhsig260/BHSig160_Hindi/Genuine/H-S-118-G-15.tif,1,genuine_genuine,100118,0.08213846385478973,0.24711237681898562,1
4350,data/raw/bhsig260/BHSig160_Hindi/Genuine/H-S-118-G-10.tif,data/raw/bhsig260/BHSig160_Hindi/Forged/H-S-118-F-04.tif,0,skilled_forgery,100118,0.5893603563308716,0.24711237681898562,0
4351,data/raw/bhsig260/BHSig160_Hindi/Genuine/H-S-118-G-21.tif,data/raw/bhsig260/BHSig160_Hindi/Forged/H-S-118-F-26.tif,0,skilled_forgery,100118,1.4692500829696655,0.24711237681898562,0
4352,data/raw/bhsig260/BHSig160_Hindi/Genuine/H-S-118-G-12.tif,data/raw/bhsig260/BHSig160_Hindi/Forged/H-S-118-F-15.tif,0,skilled_forgery,100118,1.2683837413787842,0.24711237681898562,0
4353,data/raw/bhsig260/BHSig160_Hindi/Genuine/H-S-118-G-17.tif,data/raw/bhsig260/BHSig160_Hindi/Forged/H-S-118-F-03.tif,0,skilled_forgery,100118,0.9576683640480042,0.24711237681898562,0
4354,data/raw/bhsig260/BHSig160_Hindi/Genuine/H-S-118-G-01.tif,data/raw/bhsig260/BHSig160_Hindi/Forged/H-S-118-F-22.tif,0,skilled_forgery,100118,1.2342644929885864,0.24711237681898562,0
4355,data/raw/bhsig260/BHSig160_Hindi/Genuine/H-S-118-G-06.tif,data/raw/bhsig260/BHSig160_Hindi/Genuine/H-S-24-G-14.tif,0,random_forgery,100118,1.0145303010940552,0.24711237681898562,0
4356,data/raw/bhsig260/BHSig160_Hindi/Genuine/H-S-118-G-10.tif,data/raw/bhsig260/BHSig160_Hindi/Genuine/H-S-124-G-16.tif,0,random_forgery,100118,1.1355376243591309,0.24711237681898562,0
4357,data/raw/bhsig260/BHSig160_Hindi/Genuine/H-S-118-G-13.tif,data/raw/bhsig260/BHSig160_Hindi/Genuine/H-S-2-G-07.tif,0,random_forgery,100118,1.6074626445770264,0.24711237681898562,0
4358,data/raw/bhsig260/BHSig160_Hindi/Genuine/H-S-118-G-23.tif,data/raw/bhsig260/BHSig160_Hindi/Genuine/H-S-26-G-04.tif,0,random_forgery,100118,1.481675624847412,0.24711237681898562,0
4359,data/raw/bhsig260/BHSig160_Hindi/Genuine/H-S-118-G-13.tif,data/raw/bhsig260/BHSig100_Bengali/Genuine/B-S-9-G-20.tif,0,random_forgery,100118,0.4450274407863617,0.24711237681898562,0
4360,data/raw/bhsig260/BHSig160_Hindi/Genuine/H-S-119-G-09.tif,data/raw/bhsig260/BHSig160_Hindi/Genuine/H-S-119-G-20.tif,1,genuine_genuine,100119,0.6380771398544312,0.24711237681898562,0
4361,data/raw/bhsig260/BHSig160_Hindi/Genuine/H-S-119-G-06.tif,data/raw/bhsig260/BHSig160_Hindi/Genuine/H-S-119-G-23.tif,1,genuine_genuine,100119,0.842229962348938,0.24711237681898562,0
4362,data/raw/bhsig260/BHSig160_Hindi/Genuine/H-S-119-G-01.tif,data/raw/bhsig260/BHSig160_Hindi/Genuine/H-S-119-G-22.tif,1,genuine_genuine,100119,0.13621321320533752,0.24711237681898562,1
4363,data/raw/bhsig260/BHSig160_Hindi/Genuine/H-S-119-G-07.tif,data/raw/bhsig260/BHSig160_Hindi/Genuine/H-S-119-G-11.tif,1,genuine_genuine,100119,0.21365979313850403,0.24711237681898562,1
4364,data/raw/bhsig260/BHSig160_Hindi/Genuine/H-S-119-G-04.tif,data/raw/bhsig260/BHSig160_Hindi/Genuine/H-S-119-G-24.tif,1,genuine_genuine,100119,0.26060500741004944,0.24711237681898562,0
4365,data/raw/bhsig260/BHSig160_Hindi/Genuine/H-S-119-G-12.tif,data/raw/bhsig260/BHSig160_Hindi/Genuine/H-S-119-G-22.tif,1,genuine_genuine,100119,0.16444812715053558,0.24711237681898562,1
4366,data/raw/bhsig260/BHSig160_Hindi/Genuine/H-S-119-G-11.tif,data/raw/bhsig260/BHSig160_Hindi/Genuine/H-S-119-G-22.tif,1,genuine_genuine,100119,0.08867460489273071,0.24711237681898562,1
4367,data/raw/bhsig260/BHSig160_Hindi/Genuine/H-S-119-G-03.tif,data/raw/bhsig260/BHSig160_Hindi/Genuine/H-S-119-G-09.tif,1,genuine_genuine,100119,0.7306488752365112,0.24711237681898562,0
4368,data/raw/bhsig260/BHSig160_Hindi/Genuine/H-S-119-G-07.tif,data/raw/bhsig260/BHSig160_Hindi/Genuine/H-S-119-G-21.tif,1,genuine_genuine,100119,0.6624380946159363,0.24711237681898562,0
4369,data/raw/bhsig260/BHSig160_Hindi/Genuine/H-S-119-G-02.tif,data/raw/bhsig260/BHSig160_Hindi/Genuine/H-S-119-G-14.tif,1,genuine_genuine,100119,0.24741725623607635,0.24711237681898562,0
4370,data/raw/bhsig260/BHSig160_Hindi/Genuine/H-S-119-G-10.tif,data/raw/bhsig260/BHSig160_Hindi/Forged/H-S-119-F-11.tif,0,skilled_forgery,100119,0.7485111951828003,0.24711237681898562,0
4371,data/raw/bhsig260/BHSig160_Hindi/Genuine/H-S-119-G-05.tif,data/raw/bhsig260/BHSig160_Hindi/Forged/H-S-119-F-08.tif,0,skilled_forgery,100119,0.4437539875507355,0.24711237681898562,0
4372,data/raw/bhsig260/BHSig160_Hindi/Genuine/H-S-119-G-19.tif,data/raw/bhsig260/BHSig160_Hindi/Forged/H-S-119-F-04.tif,0,skilled_forgery,100119,0.39469271898269653,0.24711237681898562,0
4373,data/raw/bhsig260/BHSig160_Hindi/Genuine/H-S-119-G-11.tif,data/raw/bhsig260/BHSig160_Hindi/Forged/H-S-119-F-22.tif,0,skilled_forgery,100119,0.47841957211494446,0.24711237681898562,0
4374,data/raw/bhsig260/BHSig160_Hindi/Genuine/H-S-119-G-11.tif,data/raw/bhsig260/BHSig160_Hindi/Forged/H-S-119-F-10.tif,0,skilled_forgery,100119,0.3278028070926666,0.24711237681898562,0
4375,data/raw/bhsig260/BHSig160_Hindi/Genuine/H-S-119-G-02.tif,data/raw/bhsig260/BHSig100_Bengali/Genuine/B-S-15-G-11.tif,0,random_forgery,100119,1.0947061777114868,0.24711237681898562,0
4376,data/raw/bhsig260/BHSig160_Hindi/Genuine/H-S-119-G-01.tif,data/raw/bhsig260/BHSig100_Bengali/Genuine/B-S-90-G-24.tif,0,random_forgery,100119,0.3802509307861328,0.24711237681898562,0
4377,data/raw/bhsig260/BHSig160_Hindi/Genuine/H-S-119-G-19.tif,data/raw/bhsig260/BHSig100_Bengali/Genuine/B-S-45-G-08.tif,0,random_forgery,100119,1.2831522226333618,0.24711237681898562,0
4378,data/raw/bhsig260/BHSig160_Hindi/Genuine/H-S-119-G-02.tif,data/raw/bhsig260/BHSig100_Bengali/Genuine/B-S-52-G-16.tif,0,random_forgery,100119,0.9458059668540955,0.24711237681898562,0
4379,data/raw/bhsig260/BHSig160_Hindi/Genuine/H-S-119-G-23.tif,data/raw/bhsig260/BHSig160_Hindi/Genuine/H-S-68-G-23.tif,0,random_forgery,100119,0.6310778856277466,0.24711237681898562,0
4380,data/raw/bhsig260/BHSig160_Hindi/Genuine/H-S-120-G-20.tif,data/raw/bhsig260/BHSig160_Hindi/Genuine/H-S-120-G-23.tif,1,genuine_genuine,100120,0.032389238476753235,0.24711237681898562,1
4381,data/raw/bhsig260/BHSig160_Hindi/Genuine/H-S-120-G-10.tif,data/raw/bhsig260/BHSig160_Hindi/Genuine/H-S-120-G-23.tif,1,genuine_genuine,100120,0.1736927032470703,0.24711237681898562,1
4382,data/raw/bhsig260/BHSig160_Hindi/Genuine/H-S-120-G-01.tif,data/raw/bhsig260/BHSig160_Hindi/Genuine/H-S-120-G-20.tif,1,genuine_genuine,100120,0.4339372515678406,0.24711237681898562,0
4383,data/raw/bhsig260/BHSig160_Hindi/Genuine/H-S-120-G-04.tif,data/raw/bhsig260/BHSig160_Hindi/Genuine/H-S-120-G-14.tif,1,genuine_genuine,100120,0.31010907888412476,0.24711237681898562,0
4384,data/raw/bhsig260/BHSig160_Hindi/Genuine/H-S-120-G-15.tif,data/raw/bhsig260/BHSig160_Hindi/Genuine/H-S-120-G-22.tif,1,genuine_genuine,100120,0.44961583614349365,0.24711237681898562,0
4385,data/raw/bhsig260/BHSig160_Hindi/Genuine/H-S-120-G-06.tif,data/raw/bhsig260/BHSig160_Hindi/Genuine/H-S-120-G-18.tif,1,genuine_genuine,100120,1.6577613353729248,0.24711237681898562,0
4386,data/raw/bhsig260/BHSig160_Hindi/Genuine/H-S-120-G-04.tif,data/raw/bhsig260/BHSig160_Hindi/Genuine/H-S-120-G-21.tif,1,genuine_genuine,100120,0.11440052092075348,0.24711237681898562,1
4387,data/raw/bhsig260/BHSig160_Hindi/Genuine/H-S-120-G-08.tif,data/raw/bhsig260/BHSig160_Hindi/Genuine/H-S-120-G-17.tif,1,genuine_genuine,100120,0.5834464430809021,0.24711237681898562,0
4388,data/raw/bhsig260/BHSig160_Hindi/Genuine/H-S-120-G-05.tif,data/raw/bhsig260/BHSig160_Hindi/Genuine/H-S-120-G-13.tif,1,genuine_genuine,100120,0.026536645367741585,0.24711237681898562,1
4389,data/raw/bhsig260/BHSig160_Hindi/Genuine/H-S-120-G-17.tif,data/raw/bhsig260/BHSig160_Hindi/Genuine/H-S-120-G-18.tif,1,genuine_genuine,100120,0.4229467511177063,0.24711237681898562,0
4390,data/raw/bhsig260/BHSig160_Hindi/Genuine/H-S-120-G-23.tif,data/raw/bhsig260/BHSig160_Hindi/Forged/H-S-120-F-29.tif,0,skilled_forgery,100120,0.46681976318359375,0.24711237681898562,0
4391,data/raw/bhsig260/BHSig160_Hindi/Genuine/H-S-120-G-03.tif,data/raw/bhsig260/BHSig160_Hindi/Forged/H-S-120-F-15.tif,0,skilled_forgery,100120,0.5504977107048035,0.24711237681898562,0
4392,data/raw/bhsig260/BHSig160_Hindi/Genuine/H-S-120-G-16.tif,data/raw/bhsig260/BHSig160_Hindi/Forged/H-S-120-F-20.tif,0,skilled_forgery,100120,0.7284795641899109,0.24711237681898562,0
4393,data/raw/bhsig260/BHSig160_Hindi/Genuine/H-S-120-G-12.tif,data/raw/bhsig260/BHSig160_Hindi/Forged/H-S-120-F-11.tif,0,skilled_forgery,100120,0.4651411473751068,0.24711237681898562,0
4394,data/raw/bhsig260/BHSig160_Hindi/Genuine/H-S-120-G-19.tif,data/raw/bhsig260/BHSig160_Hindi/Forged/H-S-120-F-06.tif,0,skilled_forgery,100120,0.44075384736061096,0.24711237681898562,0
4395,data/raw/bhsig260/BHSig160_Hindi/Genuine/H-S-120-G-15.tif,data/raw/bhsig260/BHSig100_Bengali/Genuine/B-S-81-G-04.tif,0,random_forgery,100120,0.841194212436676,0.24711237681898562,0
4396,data/raw/bhsig260/BHSig160_Hindi/Genuine/H-S-120-G-08.tif,data/raw/bhsig260/BHSig160_Hindi/Genuine/H-S-81-G-12.tif,0,random_forgery,100120,0.6374445557594299,0.24711237681898562,0
4397,data/raw/bhsig260/BHSig160_Hindi/Genuine/H-S-120-G-04.tif,data/raw/bhsig260/BHSig160_Hindi/Genuine/H-S-53-G-02.tif,0,random_forgery,100120,1.3306888341903687,0.24711237681898562,0
4398,data/raw/bhsig260/BHSig160_Hindi/Genuine/H-S-120-G-12.tif,data/raw/bhsig260/BHSig160_Hindi/Genuine/H-S-38-G-12.tif,0,random_forgery,100120,0.9830718636512756,0.24711237681898562,0
4399,data/raw/bhsig260/BHSig160_Hindi/Genuine/H-S-120-G-08.tif,data/raw/bhsig260/BHSig160_Hindi/Genuine/H-S-122-G-13.tif,0,random_forgery,100120,1.0010688304901123,0.24711237681898562,0
4400,data/raw/bhsig260/BHSig160_Hindi/Genuine/H-S-121-G-04.tif,data/raw/bhsig260/BHSig160_Hindi/Genuine/H-S-121-G-13.tif,1,genuine_genuine,100121,0.6327683925628662,0.24711237681898562,0
4401,data/raw/bhsig260/BHSig160_Hindi/Genuine/H-S-121-G-18.tif,data/raw/bhsig260/BHSig160_Hindi/Genuine/H-S-121-G-24.tif,1,genuine_genuine,100121,0.12103381007909775,0.24711237681898562,1
4402,data/raw/bhsig260/BHSig160_Hindi/Genuine/H-S-121-G-21.tif,data/raw/bhsig260/BHSig160_Hindi/Genuine/H-S-121-G-22.tif,1,genuine_genuine,100121,0.5778923630714417,0.24711237681898562,0
4403,data/raw/bhsig260/BHSig160_Hindi/Genuine/H-S-121-G-15.tif,data/raw/bhsig260/BHSig160_Hindi/Genuine/H-S-121-G-23.tif,1,genuine_genuine,100121,0.2065122276544571,0.24711237681898562,1
4404,data/raw/bhsig260/BHSig160_Hindi/Genuine/H-S-121-G-12.tif,data/raw/bhsig260/BHSig160_Hindi/Genuine/H-S-121-G-19.tif,1,genuine_genuine,100121,0.4366515874862671,0.24711237681898562,0
4405,data/raw/bhsig260/BHSig160_Hindi/Genuine/H-S-121-G-06.tif,data/raw/bhsig260/BHSig160_Hindi/Genuine/H-S-121-G-13.tif,1,genuine_genuine,100121,0.8435349464416504,0.24711237681898562,0
4406,data/raw/bhsig260/BHSig160_Hindi/Genuine/H-S-121-G-13.tif,data/raw/bhsig260/BHSig160_Hindi/Genuine/H-S-121-G-15.tif,1,genuine_genuine,100121,0.5409342646598816,0.24711237681898562,0
4407,data/raw/bhsig260/BHSig160_Hindi/Genuine/H-S-121-G-12.tif,data/raw/bhsig260/BHSig160_Hindi/Genuine/H-S-121-G-24.tif,1,genuine_genuine,100121,0.3596310019493103,0.24711237681898562,0
4408,data/raw/bhsig260/BHSig160_Hindi/Genuine/H-S-121-G-21.tif,data/raw/bhsig260/BHSig160_Hindi/Genuine/H-S-121-G-24.tif,1,genuine_genuine,100121,0.09123282134532928,0.24711237681898562,1
4409,data/raw/bhsig260/BHSig160_Hindi/Genuine/H-S-121-G-04.tif,data/raw/bhsig260/BHSig160_Hindi/Genuine/H-S-121-G-10.tif,1,genuine_genuine,100121,0.12814368307590485,0.24711237681898562,1
4410,data/raw/bhsig260/BHSig160_Hindi/Genuine/H-S-121-G-16.tif,data/raw/bhsig260/BHSig160_Hindi/Forged/H-S-121-F-17.tif,0,skilled_forgery,100121,0.7166942358016968,0.24711237681898562,0
4411,data/raw/bhsig260/BHSig160_Hindi/Genuine/H-S-121-G-22.tif,data/raw/bhsig260/BHSig160_Hindi/Forged/H-S-121-F-22.tif,0,skilled_forgery,100121,0.9883446097373962,0.24711237681898562,0
4412,data/raw/bhsig260/BHSig160_Hindi/Genuine/H-S-121-G-14.tif,data/raw/bhsig260/BHSig160_Hindi/Forged/H-S-121-F-01.tif,0,skilled_forgery,100121,0.9115169048309326,0.24711237681898562,0
4413,data/raw/bhsig260/BHSig160_Hindi/Genuine/H-S-121-G-24.tif,data/raw/bhsig260/BHSig160_Hindi/Forged/H-S-121-F-10.tif,0,skilled_forgery,100121,0.32106590270996094,0.24711237681898562,0
4414,data/raw/bhsig260/BHSig160_Hindi/Genuine/H-S-121-G-21.tif,data/raw/bhsig260/BHSig160_Hindi/Forged/H-S-121-F-21.tif,0,skilled_forgery,100121,0.18626035749912262,0.24711237681898562,1
4415,data/raw/bhsig260/BHSig160_Hindi/Genuine/H-S-121-G-22.tif,data/raw/bhsig260/BHSig160_Hindi/Genuine/H-S-150-G-23.tif,0,random_forgery,100121,1.0852856636047363,0.24711237681898562,0
4416,data/raw/bhsig260/BHSig160_Hindi/Genuine/H-S-121-G-13.tif,data/raw/bhsig260/BHSig100_Bengali/Genuine/B-S-55-G-10.tif,0,random_forgery,100121,0.5519178509712219,0.24711237681898562,0
4417,data/raw/bhsig260/BHSig160_Hindi/Genuine/H-S-121-G-22.tif,data/raw/bhsig260/BHSig100_Bengali/Genuine/B-S-71-G-20.tif,0,random_forgery,100121,0.39913442730903625,0.24711237681898562,0
4418,data/raw/bhsig260/BHSig160_Hindi/Genuine/H-S-121-G-12.tif,data/raw/bhsig260/BHSig100_Bengali/Genuine/B-S-87-G-13.tif,0,random_forgery,100121,0.11948908120393753,0.24711237681898562,1
4419,data/raw/bhsig260/BHSig160_Hindi/Genuine/H-S-121-G-14.tif,data/raw/bhsig260/BHSig160_Hindi/Genuine/H-S-143-G-24.tif,0,random_forgery,100121,1.0054025650024414,0.24711237681898562,0
4420,data/raw/bhsig260/BHSig160_Hindi/Genuine/H-S-122-G-10.tif,data/raw/bhsig260/BHSig160_Hindi/Genuine/H-S-122-G-13.tif,1,genuine_genuine,100122,0.5389023423194885,0.24711237681898562,0
4421,data/raw/bhsig260/BHSig160_Hindi/Genuine/H-S-122-G-11.tif,data/raw/bhsig260/BHSig160_Hindi/Genuine/H-S-122-G-23.tif,1,genuine_genuine,100122,0.5292547345161438,0.24711237681898562,0
4422,data/raw/bhsig260/BHSig160_Hindi/Genuine/H-S-122-G-06.tif,data/raw/bhsig260/BHSig160_Hindi/Genuine/H-S-122-G-22.tif,1,genuine_genuine,100122,0.4277768135070801,0.24711237681898562,0
4423,data/raw/bhsig260/BHSig160_Hindi/Genuine/H-S-122-G-08.tif,data/raw/bhsig260/BHSig160_Hindi/Genuine/H-S-122-G-13.tif,1,genuine_genuine,100122,0.14490221440792084,0.24711237681898562,1
4424,data/raw/bhsig260/BHSig160_Hindi/Genuine/H-S-122-G-06.tif,data/raw/bhsig260/BHSig160_Hindi/Genuine/H-S-122-G-13.tif,1,genuine_genuine,100122,0.4058357775211334,0.24711237681898562,0
4425,data/raw/bhsig260/BHSig160_Hindi/Genuine/H-S-122-G-06.tif,data/raw/bhsig260/BHSig160_Hindi/Genuine/H-S-122-G-12.tif,1,genuine_genuine,100122,0.3553925156593323,0.24711237681898562,0
4426,data/raw/bhsig260/BHSig160_Hindi/Genuine/H-S-122-G-05.tif,data/raw/bhsig260/BHSig160_Hindi/Genuine/H-S-122-G-20.tif,1,genuine_genuine,100122,0.8081291913986206,0.24711237681898562,0
4427,data/raw/bhsig260/BHSig160_Hindi/Genuine/H-S-122-G-04.tif,data/raw/bhsig260/BHSig160_Hindi/Genuine/H-S-122-G-20.tif,1,genuine_genuine,100122,0.8580682277679443,0.24711237681898562,0
4428,data/raw/bhsig260/BHSig160_Hindi/Genuine/H-S-122-G-05.tif,data/raw/bhsig260/BHSig160_Hindi/Genuine/H-S-122-G-11.tif,1,genuine_genuine,100122,0.229810431599617,0.24711237681898562,1
4429,data/raw/bhsig260/BHSig160_Hindi/Genuine/H-S-122-G-05.tif,data/raw/bhsig260/BHSig160_Hindi/Genuine/H-S-122-G-09.tif,1,genuine_genuine,100122,0.25211748480796814,0.24711237681898562,0
4430,data/raw/bhsig260/BHSig160_Hindi/Genuine/H-S-122-G-02.tif,data/raw/bhsig260/BHSig160_Hindi/Forged/H-S-122-F-28.tif,0,skilled_forgery,100122,0.4125250279903412,0.24711237681898562,0
4431,data/raw/bhsig260/BHSig160_Hindi/Genuine/H-S-122-G-03.tif,data/raw/bhsig260/BHSig160_Hindi/Forged/H-S-122-F-28.tif,0,skilled_forgery,100122,0.2446404993534088,0.24711237681898562,1
4432,data/raw/bhsig260/BHSig160_Hindi/Genuine/H-S-122-G-15.tif,data/raw/bhsig260/BHSig160_Hindi/Forged/H-S-122-F-26.tif,0,skilled_forgery,100122,0.3746344745159149,0.24711237681898562,0
4433,data/raw/bhsig260/BHSig160_Hindi/Genuine/H-S-122-G-14.tif,data/raw/bhsig260/BHSig160_Hindi/Forged/H-S-122-F-13.tif,0,skilled_forgery,100122,0.12316115945577621,0.24711237681898562,1
4434,data/raw/bhsig260/BHSig160_Hindi/Genuine/H-S-122-G-20.tif,data/raw/bhsig260/BHSig160_Hindi/Forged/H-S-122-F-25.tif,0,skilled_forgery,100122,0.9462745189666748,0.24711237681898562,0
4435,data/raw/bhsig260/BHSig160_Hindi/Genuine/H-S-122-G-21.tif,data/raw/bhsig260/BHSig160_Hindi/Genuine/H-S-57-G-11.tif,0,random_forgery,100122,0.35947462916374207,0.24711237681898562,0
4436,data/raw/bhsig260/BHSig160_Hindi/Genuine/H-S-122-G-02.tif,data/raw/bhsig260/BHSig100_Bengali/Genuine/B-S-79-G-15.tif,0,random_forgery,100122,0.8309201002120972,0.24711237681898562,0
4437,data/raw/bhsig260/BHSig160_Hindi/Genuine/H-S-122-G-12.tif,data/raw/bhsig260/BHSig100_Bengali/Genuine/B-S-39-G-24.tif,0,random_forgery,100122,0.7080094814300537,0.24711237681898562,0
4438,data/raw/bhsig260/BHSig160_Hindi/Genuine/H-S-122-G-23.tif,data/raw/bhsig260/BHSig160_Hindi/Genuine/H-S-141-G-18.tif,0,random_forgery,100122,0.3308436870574951,0.24711237681898562,0
4439,data/raw/bhsig260/BHSig160_Hindi/Genuine/H-S-122-G-12.tif,data/raw/bhsig260/BHSig100_Bengali/Genuine/B-S-60-G-23.tif,0,random_forgery,100122,1.1464126110076904,0.24711237681898562,0
4440,data/raw/bhsig260/BHSig160_Hindi/Genuine/H-S-123-G-15.tif,data/raw/bhsig260/BHSig160_Hindi/Genuine/H-S-123-G-17.tif,1,genuine_genuine,100123,0.26973769068717957,0.24711237681898562,0
4441,data/raw/bhsig260/BHSig160_Hindi/Genuine/H-S-123-G-01.tif,data/raw/bhsig260/BHSig160_Hindi/Genuine/H-S-123-G-22.tif,1,genuine_genuine,100123,0.4084777534008026,0.24711237681898562,0
4442,data/raw/bhsig260/BHSig160_Hindi/Genuine/H-S-123-G-18.tif,data/raw/bhsig260/BHSig160_Hindi/Genuine/H-S-123-G-22.tif,1,genuine_genuine,100123,0.16466563940048218,0.24711237681898562,1
4443,data/raw/bhsig260/BHSig160_Hindi/Genuine/H-S-123-G-09.tif,data/raw/bhsig260/BHSig160_Hindi/Genuine/H-S-123-G-15.tif,1,genuine_genuine,100123,0.304627001285553,0.24711237681898562,0
4444,data/raw/bhsig260/BHSig160_Hindi/Genuine/H-S-123-G-06.tif,data/raw/bhsig260/BHSig160_Hindi/Genuine/H-S-123-G-23.tif,1,genuine_genuine,100123,0.43682825565338135,0.24711237681898562,0
4445,data/raw/bhsig260/BHSig160_Hindi/Genuine/H-S-123-G-10.tif,data/raw/bhsig260/BHSig160_Hindi/Genuine/H-S-123-G-17.tif,1,genuine_genuine,100123,0.19414006173610687,0.24711237681898562,1
4446,data/raw/bhsig260/BHSig160_Hindi/Genuine/H-S-123-G-02.tif,data/raw/bhsig260/BHSig160_Hindi/Genuine/H-S-123-G-18.tif,1,genuine_genuine,100123,0.10977540910243988,0.24711237681898562,1
4447,data/raw/bhsig260/BHSig160_Hindi/Genuine/H-S-123-G-08.tif,data/raw/bhsig260/BHSig160_Hindi/Genuine/H-S-123-G-20.tif,1,genuine_genuine,100123,0.09698231518268585,0.24711237681898562,1
4448,data/raw/bhsig260/BHSig160_Hindi/Genuine/H-S-123-G-16.tif,data/raw/bhsig260/BHSig160_Hindi/Genuine/H-S-123-G-21.tif,1,genuine_genuine,100123,0.10500030219554901,0.24711237681898562,1
4449,data/raw/bhsig260/BHSig160_Hindi/Genuine/H-S-123-G-13.tif,data/raw/bhsig260/BHSig160_Hindi/Genuine/H-S-123-G-24.tif,1,genuine_genuine,100123,0.2828493118286133,0.24711237681898562,0
4450,data/raw/bhsig260/BHSig160_Hindi/Genuine/H-S-123-G-17.tif,data/raw/bhsig260/BHSig160_Hindi/Forged/H-S-123-F-08.tif,0,skilled_forgery,100123,0.23303309082984924,0.24711237681898562,1
4451,data/raw/bhsig260/BHSig160_Hindi/Genuine/H-S-123-G-24.tif,data/raw/bhsig260/BHSig160_Hindi/Forged/H-S-123-F-10.tif,0,skilled_forgery,100123,0.4937317371368408,0.24711237681898562,0
4452,data/raw/bhsig260/BHSig160_Hindi/Genuine/H-S-123-G-01.tif,data/raw/bhsig260/BHSig160_Hindi/Forged/H-S-123-F-15.tif,0,skilled_forgery,100123,0.4912724196910858,0.24711237681898562,0
4453,data/raw/bhsig260/BHSig160_Hindi/Genuine/H-S-123-G-07.tif,data/raw/bhsig260/BHSig160_Hindi/Forged/H-S-123-F-16.tif,0,skilled_forgery,100123,0.37857893109321594,0.24711237681898562,0
4454,data/raw/bhsig260/BHSig160_Hindi/Genuine/H-S-123-G-17.tif,data/raw/bhsig260/BHSig160_Hindi/Forged/H-S-123-F-09.tif,0,skilled_forgery,100123,0.6543177366256714,0.24711237681898562,0
4455,data/raw/bhsig260/BHSig160_Hindi/Genuine/H-S-123-G-05.tif,data/raw/bhsig260/BHSig160_Hindi/Genuine/H-S-160-G-23.tif,0,random_forgery,100123,0.5834757089614868,0.24711237681898562,0
4456,data/raw/bhsig260/BHSig160_Hindi/Genuine/H-S-123-G-09.tif,data/raw/bhsig260/BHSig160_Hindi/Genuine/H-S-88-G-23.tif,0,random_forgery,100123,0.4337714910507202,0.24711237681898562,0
4457,data/raw/bhsig260/BHSig160_Hindi/Genuine/H-S-123-G-07.tif,data/raw/bhsig260/BHSig160_Hindi/Genuine/H-S-115-G-04.tif,0,random_forgery,100123,0.7155771851539612,0.24711237681898562,0
4458,data/raw/bhsig260/BHSig160_Hindi/Genuine/H-S-123-G-02.tif,data/raw/bhsig260/BHSig100_Bengali/Genuine/B-S-23-G-07.tif,0,random_forgery,100123,0.5282331109046936,0.24711237681898562,0
4459,data/raw/bhsig260/BHSig160_Hindi/Genuine/H-S-123-G-12.tif,data/raw/bhsig260/BHSig100_Bengali/Genuine/B-S-18-G-22.tif,0,random_forgery,100123,0.19414697587490082,0.24711237681898562,1
4460,data/raw/bhsig260/BHSig160_Hindi/Genuine/H-S-124-G-08.tif,data/raw/bhsig260/BHSig160_Hindi/Genuine/H-S-124-G-12.tif,1,genuine_genuine,100124,0.3337511122226715,0.24711237681898562,0
4461,data/raw/bhsig260/BHSig160_Hindi/Genuine/H-S-124-G-03.tif,data/raw/bhsig260/BHSig160_Hindi/Genuine/H-S-124-G-14.tif,1,genuine_genuine,100124,0.38658034801483154,0.24711237681898562,0
4462,data/raw/bhsig260/BHSig160_Hindi/Genuine/H-S-124-G-18.tif,data/raw/bhsig260/BHSig160_Hindi/Genuine/H-S-124-G-19.tif,1,genuine_genuine,100124,0.4458633363246918,0.24711237681898562,0
4463,data/raw/bhsig260/BHSig160_Hindi/Genuine/H-S-124-G-06.tif,data/raw/bhsig260/BHSig160_Hindi/Genuine/H-S-124-G-11.tif,1,genuine_genuine,100124,0.5514488220214844,0.24711237681898562,0
4464,data/raw/bhsig260/BHSig160_Hindi/Genuine/H-S-124-G-19.tif,data/raw/bhsig260/BHSig160_Hindi/Genuine/H-S-124-G-20.tif,1,genuine_genuine,100124,0.39068055152893066,0.24711237681898562,0
4465,data/raw/bhsig260/BHSig160_Hindi/Genuine/H-S-124-G-11.tif,data/raw/bhsig260/BHSig160_Hindi/Genuine/H-S-124-G-20.tif,1,genuine_genuine,100124,0.28057992458343506,0.24711237681898562,0
4466,data/raw/bhsig260/BHSig160_Hindi/Genuine/H-S-124-G-03.tif,data/raw/bhsig260/BHSig160_Hindi/Genuine/H-S-124-G-11.tif,1,genuine_genuine,100124,0.5725370049476624,0.24711237681898562,0
4467,data/raw/bhsig260/BHSig160_Hindi/Genuine/H-S-124-G-19.tif,data/raw/bhsig260/BHSig160_Hindi/Genuine/H-S-124-G-24.tif,1,genuine_genuine,100124,0.9540253281593323,0.24711237681898562,0
4468,data/raw/bhsig260/BHSig160_Hindi/Genuine/H-S-124-G-21.tif,data/raw/bhsig260/BHSig160_Hindi/Genuine/H-S-124-G-22.tif,1,genuine_genuine,100124,0.02805086225271225,0.24711237681898562,1
4469,data/raw/bhsig260/BHSig160_Hindi/Genuine/H-S-124-G-03.tif,data/raw/bhsig260/BHSig160_Hindi/Genuine/H-S-124-G-21.tif,1,genuine_genuine,100124,0.18425175547599792,0.24711237681898562,1
4470,data/raw/bhsig260/BHSig160_Hindi/Genuine/H-S-124-G-02.tif,data/raw/bhsig260/BHSig160_Hindi/Forged/H-S-124-F-11.tif,0,skilled_forgery,100124,0.48458272218704224,0.24711237681898562,0
4471,data/raw/bhsig260/BHSig160_Hindi/Genuine/H-S-124-G-03.tif,data/raw/bhsig260/BHSig160_Hindi/Forged/H-S-124-F-13.tif,0,skilled_forgery,100124,0.7157431840896606,0.24711237681898562,0
4472,data/raw/bhsig260/BHSig160_Hindi/Genuine/H-S-124-G-02.tif,data/raw/bhsig260/BHSig160_Hindi/Forged/H-S-124-F-07.tif,0,skilled_forgery,100124,0.6883798837661743,0.24711237681898562,0
4473,data/raw/bhsig260/BHSig160_Hindi/Genuine/H-S-124-G-10.tif,data/raw/bhsig260/BHSig160_Hindi/Forged/H-S-124-F-03.tif,0,skilled_forgery,100124,0.23911555111408234,0.24711237681898562,1
4474,data/raw/bhsig260/BHSig160_Hindi/Genuine/H-S-124-G-12.tif,data/raw/bhsig260/BHSig160_Hindi/Forged/H-S-124-F-11.tif,0,skilled_forgery,100124,0.4155517518520355,0.24711237681898562,0
4475,data/raw/bhsig260/BHSig160_Hindi/Genuine/H-S-124-G-08.tif,data/raw/bhsig260/BHSig160_Hindi/Genuine/H-S-88-G-22.tif,0,random_forgery,100124,0.7655810713768005,0.24711237681898562,0
4476,data/raw/bhsig260/BHSig160_Hindi/Genuine/H-S-124-G-12.tif,data/raw/bhsig260/BHSig100_Bengali/Genuine/B-S-93-G-19.tif,0,random_forgery,100124,0.7744673490524292,0.24711237681898562,0
4477,data/raw/bhsig260/BHSig160_Hindi/Genuine/H-S-124-G-12.tif,data/raw/bhsig260/BHSig160_Hindi/Genuine/H-S-130-G-01.tif,0,random_forgery,100124,0.5064985156059265,0.24711237681898562,0
4478,data/raw/bhsig260/BHSig160_Hindi/Genuine/H-S-124-G-20.tif,data/raw/bhsig260/BHSig160_Hindi/Genuine/H-S-017-G-18.tif,0,random_forgery,100124,0.2770131230354309,0.24711237681898562,0
4479,data/raw/bhsig260/BHSig160_Hindi/Genuine/H-S-124-G-05.tif,data/raw/bhsig260/BHSig100_Bengali/Genuine/B-S-95-G-10.tif,0,random_forgery,100124,0.591910719871521,0.24711237681898562,0
4480,data/raw/bhsig260/BHSig160_Hindi/Genuine/H-S-125-G-02.tif,data/raw/bhsig260/BHSig160_Hindi/Genuine/H-S-125-G-20.tif,1,genuine_genuine,100125,0.2073344886302948,0.24711237681898562,1
4481,data/raw/bhsig260/BHSig160_Hindi/Genuine/H-S-125-G-07.tif,data/raw/bhsig260/BHSig160_Hindi/Genuine/H-S-125-G-08.tif,1,genuine_genuine,100125,0.9662953615188599,0.24711237681898562,0
4482,data/raw/bhsig260/BHSig160_Hindi/Genuine/H-S-125-G-15.tif,data/raw/bhsig260/BHSig160_Hindi/Genuine/H-S-125-G-16.tif,1,genuine_genuine,100125,0.5885525941848755,0.24711237681898562,0
4483,data/raw/bhsig260/BHSig160_Hindi/Genuine/H-S-125-G-16.tif,data/raw/bhsig260/BHSig160_Hindi/Genuine/H-S-125-G-17.tif,1,genuine_genuine,100125,0.6175355315208435,0.24711237681898562,0
4484,data/raw/bhsig260/BHSig160_Hindi/Genuine/H-S-125-G-13.tif,data/raw/bhsig260/BHSig160_Hindi/Genuine/H-S-125-G-24.tif,1,genuine_genuine,100125,0.1880536675453186,0.24711237681898562,1
4485,data/raw/bhsig260/BHSig160_Hindi/Genuine/H-S-125-G-09.tif,data/raw/bhsig260/BHSig160_Hindi/Genuine/H-S-125-G-16.tif,1,genuine_genuine,100125,0.6901887655258179,0.24711237681898562,0
4486,data/raw/bhsig260/BHSig160_Hindi/Genuine/H-S-125-G-02.tif,data/raw/bhsig260/BHSig160_Hindi/Genuine/H-S-125-G-15.tif,1,genuine_genuine,100125,0.10814553499221802,0.24711237681898562,1
4487,data/raw/bhsig260/BHSig160_Hindi/Genuine/H-S-125-G-10.tif,data/raw/bhsig260/BHSig160_Hindi/Genuine/H-S-125-G-19.tif,1,genuine_genuine,100125,0.37072402238845825,0.24711237681898562,0
4488,data/raw/bhsig260/BHSig160_Hindi/Genuine/H-S-125-G-02.tif,data/raw/bhsig260/BHSig160_Hindi/Genuine/H-S-125-G-14.tif,1,genuine_genuine,100125,0.19879736006259918,0.24711237681898562,1
4489,data/raw/bhsig260/BHSig160_Hindi/Genuine/H-S-125-G-07.tif,data/raw/bhsig260/BHSig160_Hindi/Genuine/H-S-125-G-10.tif,1,genuine_genuine,100125,0.18496869504451752,0.24711237681898562,1
4490,data/raw/bhsig260/BHSig160_Hindi/Genuine/H-S-125-G-08.tif,data/raw/bhsig260/BHSig160_Hindi/Forged/H-S-125-F-03.tif,0,skilled_forgery,100125,1.090991497039795,0.24711237681898562,0
4491,data/raw/bhsig260/BHSig160_Hindi/Genuine/H-S-125-G-10.tif,data/raw/bhsig260/BHSig160_Hindi/Forged/H-S-125-F-08.tif,0,skilled_forgery,100125,0.4713555574417114,0.24711237681898562,0
4492,data/raw/bhsig260/BHSig160_Hindi/Genuine/H-S-125-G-04.tif,data/raw/bhsig260/BHSig160_Hindi/Forged/H-S-125-F-10.tif,0,skilled_forgery,100125,0.5463165044784546,0.24711237681898562,0
4493,data/raw/bhsig260/BHSig160_Hindi/Genuine/H-S-125-G-13.tif,data/raw/bhsig260/BHSig160_Hindi/Forged/H-S-125-F-24.tif,0,skilled_forgery,100125,0.551864504814148,0.24711237681898562,0
4494,data/raw/bhsig260/BHSig160_Hindi/Genuine/H-S-125-G-11.tif,data/raw/bhsig260/BHSig160_Hindi/Forged/H-S-125-F-28.tif,0,skilled_forgery,100125,0.6085003018379211,0.24711237681898562,0
4495,data/raw/bhsig260/BHSig160_Hindi/Genuine/H-S-125-G-04.tif,data/raw/bhsig260/BHSig160_Hindi/Genuine/H-S-69-G-23.tif,0,random_forgery,100125,0.6767001152038574,0.24711237681898562,0
4496,data/raw/bhsig260/BHSig160_Hindi/Genuine/H-S-125-G-16.tif,data/raw/bhsig260/BHSig100_Bengali/Genuine/B-S-15-G-01.tif,0,random_forgery,100125,0.23939253389835358,0.24711237681898562,1
4497,data/raw/bhsig260/BHSig160_Hindi/Genuine/H-S-125-G-03.tif,data/raw/bhsig260/BHSig100_Bengali/Genuine/B-S-12-G-15.tif,0,random_forgery,100125,0.6571282148361206,0.24711237681898562,0
4498,data/raw/bhsig260/BHSig160_Hindi/Genuine/H-S-125-G-24.tif,data/raw/bhsig260/BHSig100_Bengali/Genuine/B-S-58-G-12.tif,0,random_forgery,100125,0.30378082394599915,0.24711237681898562,0
4499,data/raw/bhsig260/BHSig160_Hindi/Genuine/H-S-125-G-15.tif,data/raw/bhsig260/BHSig100_Bengali/Genuine/B-S-83-G-14.tif,0,random_forgery,100125,0.33081701397895813,0.24711237681898562,0
4500,data/raw/bhsig260/BHSig160_Hindi/Genuine/H-S-126-G-03.tif,data/raw/bhsig260/BHSig160_Hindi/Genuine/H-S-126-G-17.tif,1,genuine_genuine,100126,0.5643866658210754,0.24711237681898562,0
4501,data/raw/bhsig260/BHSig160_Hindi/Genuine/H-S-126-G-12.tif,data/raw/bhsig260/BHSig160_Hindi/Genuine/H-S-126-G-24.tif,1,genuine_genuine,100126,0.2959368824958801,0.24711237681898562,0
4502,data/raw/bhsig260/BHSig160_Hindi/Genuine/H-S-126-G-02.tif,data/raw/bhsig260/BHSig160_Hindi/Genuine/H-S-126-G-04.tif,1,genuine_genuine,100126,0.38968420028686523,0.24711237681898562,0
4503,data/raw/bhsig260/BHSig160_Hindi/Genuine/H-S-126-G-02.tif,data/raw/bhsig260/BHSig160_Hindi/Genuine/H-S-126-G-12.tif,1,genuine_genuine,100126,0.3479154407978058,0.24711237681898562,0
4504,data/raw/bhsig260/BHSig160_Hindi/Genuine/H-S-126-G-05.tif,data/raw/bhsig260/BHSig160_Hindi/Genuine/H-S-126-G-12.tif,1,genuine_genuine,100126,0.39351126551628113,0.24711237681898562,0
4505,data/raw/bhsig260/BHSig160_Hindi/Genuine/H-S-126-G-17.tif,data/raw/bhsig260/BHSig160_Hindi/Genuine/H-S-126-G-24.tif,1,genuine_genuine,100126,0.42877131700515747,0.24711237681898562,0
4506,data/raw/bhsig260/BHSig160_Hindi/Genuine/H-S-126-G-03.tif,data/raw/bhsig260/BHSig160_Hindi/Genuine/H-S-126-G-24.tif,1,genuine_genuine,100126,0.24449652433395386,0.24711237681898562,1
4507,data/raw/bhsig260/BHSig160_Hindi/Genuine/H-S-126-G-14.tif,data/raw/bhsig260/BHSig160_Hindi/Genuine/H-S-126-G-21.tif,1,genuine_genuine,100126,0.2228071242570877,0.24711237681898562,1
4508,data/raw/bhsig260/BHSig160_Hindi/Genuine/H-S-126-G-11.tif,data/raw/bhsig260/BHSig160_Hindi/Genuine/H-S-126-G-15.tif,1,genuine_genuine,100126,0.4660586714744568,0.24711237681898562,0
4509,data/raw/bhsig260/BHSig160_Hindi/Genuine/H-S-126-G-03.tif,data/raw/bhsig260/BHSig160_Hindi/Genuine/H-S-126-G-08.tif,1,genuine_genuine,100126,0.51521235704422,0.24711237681898562,0
4510,data/raw/bhsig260/BHSig160_Hindi/Genuine/H-S-126-G-21.tif,data/raw/bhsig260/BHSig160_Hindi/Forged/H-S-126-F-28.tif,0,skilled_forgery,100126,0.07033570110797882,0.24711237681898562,1
4511,data/raw/bhsig260/BHSig160_Hindi/Genuine/H-S-126-G-12.tif,data/raw/bhsig260/BHSig160_Hindi/Forged/H-S-126-F-11.tif,0,skilled_forgery,100126,0.1407095044851303,0.24711237681898562,1
4512,data/raw/bhsig260/BHSig160_Hindi/Genuine/H-S-126-G-23.tif,data/raw/bhsig260/BHSig160_Hindi/Forged/H-S-126-F-26.tif,0,skilled_forgery,100126,0.3228517472743988,0.24711237681898562,0
4513,data/raw/bhsig260/BHSig160_Hindi/Genuine/H-S-126-G-23.tif,data/raw/bhsig260/BHSig160_Hindi/Forged/H-S-126-F-21.tif,0,skilled_forgery,100126,0.3652898669242859,0.24711237681898562,0
4514,data/raw/bhsig260/BHSig160_Hindi/Genuine/H-S-126-G-23.tif,data/raw/bhsig260/BHSig160_Hindi/Forged/H-S-126-F-29.tif,0,skilled_forgery,100126,0.21875213086605072,0.24711237681898562,1
4515,data/raw/bhsig260/BHSig160_Hindi/Genuine/H-S-126-G-05.tif,data/raw/bhsig260/BHSig160_Hindi/Genuine/H-S-14-G-17.tif,0,random_forgery,100126,0.32428357005119324,0.24711237681898562,0
4516,data/raw/bhsig260/BHSig160_Hindi/Genuine/H-S-126-G-05.tif,data/raw/bhsig260/BHSig160_Hindi/Genuine/H-S-25-G-05.tif,0,random_forgery,100126,0.08831720054149628,0.24711237681898562,1
4517,data/raw/bhsig260/BHSig160_Hindi/Genuine/H-S-126-G-07.tif,data/raw/bhsig260/BHSig160_Hindi/Genuine/H-S-33-G-07.tif,0,random_forgery,100126,0.149261012673378,0.24711237681898562,1
4518,data/raw/bhsig260/BHSig160_Hindi/Genuine/H-S-126-G-14.tif,data/raw/bhsig260/BHSig100_Bengali/Genuine/B-S-4-G-17.tif,0,random_forgery,100126,0.20605143904685974,0.24711237681898562,1
4519,data/raw/bhsig260/BHSig160_Hindi/Genuine/H-S-126-G-18.tif,data/raw/bhsig260/BHSig100_Bengali/Genuine/B-S-43-G-02.tif,0,random_forgery,100126,0.8993088006973267,0.24711237681898562,0
4520,data/raw/bhsig260/BHSig160_Hindi/Genuine/H-S-127-G-03.tif,data/raw/bhsig260/BHSig160_Hindi/Genuine/H-S-127-G-16.tif,1,genuine_genuine,100127,0.1505783498287201,0.24711237681898562,1
4521,data/raw/bhsig260/BHSig160_Hindi/Genuine/H-S-127-G-19.tif,data/raw/bhsig260/BHSig160_Hindi/Genuine/H-S-127-G-21.tif,1,genuine_genuine,100127,0.051134705543518066,0.24711237681898562,1
4522,data/raw/bhsig260/BHSig160_Hindi/Genuine/H-S-127-G-07.tif,data/raw/bhsig260/BHSig160_Hindi/Genuine/H-S-127-G-13.tif,1,genuine_genuine,100127,0.06407838314771652,0.24711237681898562,1
4523,data/raw/bhsig260/BHSig160_Hindi/Genuine/H-S-127-G-01.tif,data/raw/bhsig260/BHSig160_Hindi/Genuine/H-S-127-G-18.tif,1,genuine_genuine,100127,0.17275911569595337,0.24711237681898562,1
4524,data/raw/bhsig260/BHSig160_Hindi/Genuine/H-S-127-G-12.tif,data/raw/bhsig260/BHSig160_Hindi/Genuine/H-S-127-G-17.tif,1,genuine_genuine,100127,0.2283046394586563,0.24711237681898562,1
4525,data/raw/bhsig260/BHSig160_Hindi/Genuine/H-S-127-G-08.tif,data/raw/bhsig260/BHSig160_Hindi/Genuine/H-S-127-G-21.tif,1,genuine_genuine,100127,0.2514910101890564,0.24711237681898562,0
4526,data/raw/bhsig260/BHSig160_Hindi/Genuine/H-S-127-G-15.tif,data/raw/bhsig260/BHSig160_Hindi/Genuine/H-S-127-G-22.tif,1,genuine_genuine,100127,0.0742294117808342,0.24711237681898562,1
4527,data/raw/bhsig260/BHSig160_Hindi/Genuine/H-S-127-G-08.tif,data/raw/bhsig260/BHSig160_Hindi/Genuine/H-S-127-G-17.tif,1,genuine_genuine,100127,0.24253229796886444,0.24711237681898562,1
4528,data/raw/bhsig260/BHSig160_Hindi/Genuine/H-S-127-G-12.tif,data/raw/bhsig260/BHSig160_Hindi/Genuine/H-S-127-G-14.tif,1,genuine_genuine,100127,0.14121507108211517,0.24711237681898562,1
4529,data/raw/bhsig260/BHSig160_Hindi/Genuine/H-S-127-G-02.tif,data/raw/bhsig260/BHSig160_Hindi/Genuine/H-S-127-G-21.tif,1,genuine_genuine,100127,0.2469683289527893,0.24711237681898562,1
4530,data/raw/bhsig260/BHSig160_Hindi/Genuine/H-S-127-G-23.tif,data/raw/bhsig260/BHSig160_Hindi/Forged/H-S-127-F-20.tif,0,skilled_forgery,100127,0.28117823600769043,0.24711237681898562,0
4531,data/raw/bhsig260/BHSig160_Hindi/Genuine/H-S-127-G-22.tif,data/raw/bhsig260/BHSig160_Hindi/Forged/H-S-127-F-22.tif,0,skilled_forgery,100127,0.14600038528442383,0.24711237681898562,1
4532,data/raw/bhsig260/BHSig160_Hindi/Genuine/H-S-127-G-10.tif,data/raw/bhsig260/BHSig160_Hindi/Forged/H-S-127-F-17.tif,0,skilled_forgery,100127,0.24142348766326904,0.24711237681898562,1
4533,data/raw/bhsig260/BHSig160_Hindi/Genuine/H-S-127-G-05.tif,data/raw/bhsig260/BHSig160_Hindi/Forged/H-S-127-F-20.tif,0,skilled_forgery,100127,0.09745695441961288,0.24711237681898562,1
4534,data/raw/bhsig260/BHSig160_Hindi/Genuine/H-S-127-G-22.tif,data/raw/bhsig260/BHSig160_Hindi/Forged/H-S-127-F-29.tif,0,skilled_forgery,100127,0.3266642987728119,0.24711237681898562,0
4535,data/raw/bhsig260/BHSig160_Hindi/Genuine/H-S-127-G-10.tif,data/raw/bhsig260/BHSig100_Bengali/Genuine/B-S-74-G-01.tif,0,random_forgery,100127,0.6007533669471741,0.24711237681898562,0
4536,data/raw/bhsig260/BHSig160_Hindi/Genuine/H-S-127-G-05.tif,data/raw/bhsig260/BHSig160_Hindi/Genuine/H-S-111-G-09.tif,0,random_forgery,100127,0.33980417251586914,0.24711237681898562,0
4537,data/raw/bhsig260/BHSig160_Hindi/Genuine/H-S-127-G-07.tif,data/raw/bhsig260/BHSig100_Bengali/Genuine/B-S-38-G-08.tif,0,random_forgery,100127,0.1437150239944458,0.24711237681898562,1
4538,data/raw/bhsig260/BHSig160_Hindi/Genuine/H-S-127-G-04.tif,data/raw/bhsig260/BHSig160_Hindi/Genuine/H-S-111-G-09.tif,0,random_forgery,100127,0.4105381369590759,0.24711237681898562,0
4539,data/raw/bhsig260/BHSig160_Hindi/Genuine/H-S-127-G-21.tif,data/raw/bhsig260/BHSig160_Hindi/Genuine/H-S-10-G-09.tif,0,random_forgery,100127,0.6038141250610352,0.24711237681898562,0
4540,data/raw/bhsig260/BHSig160_Hindi/Genuine/H-S-128-G-05.tif,data/raw/bhsig260/BHSig160_Hindi/Genuine/H-S-128-G-14.tif,1,genuine_genuine,100128,0.3749377727508545,0.24711237681898562,0
4541,data/raw/bhsig260/BHSig160_Hindi/Genuine/H-S-128-G-04.tif,data/raw/bhsig260/BHSig160_Hindi/Genuine/H-S-128-G-16.tif,1,genuine_genuine,100128,0.07675980776548386,0.24711237681898562,1
4542,data/raw/bhsig260/BHSig160_Hindi/Genuine/H-S-128-G-17.tif,data/raw/bhsig260/BHSig160_Hindi/Genuine/H-S-128-G-20.tif,1,genuine_genuine,100128,0.15224589407444,0.24711237681898562,1
4543,data/raw/bhsig260/BHSig160_Hindi/Genuine/H-S-128-G-21.tif,data/raw/bhsig260/BHSig160_Hindi/Genuine/H-S-128-G-22.tif,1,genuine_genuine,100128,0.16316498816013336,0.24711237681898562,1
4544,data/raw/bhsig260/BHSig160_Hindi/Genuine/H-S-128-G-06.tif,data/raw/bhsig260/BHSig160_Hindi/Genuine/H-S-128-G-17.tif,1,genuine_genuine,100128,0.6870096921920776,0.24711237681898562,0
4545,data/raw/bhsig260/BHSig160_Hindi/Genuine/H-S-128-G-01.tif,data/raw/bhsig260/BHSig160_Hindi/Genuine/H-S-128-G-24.tif,1,genuine_genuine,100128,1.1227715015411377,0.24711237681898562,0
4546,data/raw/bhsig260/BHSig160_Hindi/Genuine/H-S-128-G-05.tif,data/raw/bhsig260/BHSig160_Hindi/Genuine/H-S-128-G-23.tif,1,genuine_genuine,100128,0.18209049105644226,0.24711237681898562,1
4547,data/raw/bhsig260/BHSig160_Hindi/Genuine/H-S-128-G-14.tif,data/raw/bhsig260/BHSig160_Hindi/Genuine/H-S-128-G-15.tif,1,genuine_genuine,100128,0.41748788952827454,0.24711237681898562,0
4548,data/raw/bhsig260/BHSig160_Hindi/Genuine/H-S-128-G-14.tif,data/raw/bhsig260/BHSig160_Hindi/Genuine/H-S-128-G-16.tif,1,genuine_genuine,100128,1.0590288639068604,0.24711237681898562,0
4549,data/raw/bhsig260/BHSig160_Hindi/Genuine/H-S-128-G-17.tif,data/raw/bhsig260/BHSig160_Hindi/Genuine/H-S-128-G-23.tif,1,genuine_genuine,100128,0.23430858552455902,0.24711237681898562,1
4550,data/raw/bhsig260/BHSig160_Hindi/Genuine/H-S-128-G-01.tif,data/raw/bhsig260/BHSig160_Hindi/Forged/H-S-128-F-13.tif,0,skilled_forgery,100128,0.6343157291412354,0.24711237681898562,0
4551,data/raw/bhsig260/BHSig160_Hindi/Genuine/H-S-128-G-06.tif,data/raw/bhsig260/BHSig160_Hindi/Forged/H-S-128-F-23.tif,0,skilled_forgery,100128,1.2373875379562378,0.24711237681898562,0
4552,data/raw/bhsig260/BHSig160_Hindi/Genuine/H-S-128-G-16.tif,data/raw/bhsig260/BHSig160_Hindi/Forged/H-S-128-F-24.tif,0,skilled_forgery,100128,0.8297293186187744,0.24711237681898562,0
4553,data/raw/bhsig260/BHSig160_Hindi/Genuine/H-S-128-G-22.tif,data/raw/bhsig260/BHSig160_Hindi/Forged/H-S-128-F-27.tif,0,skilled_forgery,100128,0.8507377505302429,0.24711237681898562,0
4554,data/raw/bhsig260/BHSig160_Hindi/Genuine/H-S-128-G-13.tif,data/raw/bhsig260/BHSig160_Hindi/Forged/H-S-128-F-02.tif,0,skilled_forgery,100128,1.1687175035476685,0.24711237681898562,0
4555,data/raw/bhsig260/BHSig160_Hindi/Genuine/H-S-128-G-06.tif,data/raw/bhsig260/BHSig160_Hindi/Genuine/H-S-154-G-03.tif,0,random_forgery,100128,0.36440205574035645,0.24711237681898562,0
4556,data/raw/bhsig260/BHSig160_Hindi/Genuine/H-S-128-G-19.tif,data/raw/bhsig260/BHSig100_Bengali/Genuine/B-S-48-G-22.tif,0,random_forgery,100128,0.4482598304748535,0.24711237681898562,0
4557,data/raw/bhsig260/BHSig160_Hindi/Genuine/H-S-128-G-05.tif,data/raw/bhsig260/BHSig160_Hindi/Genuine/H-S-035-G-03.tif,0,random_forgery,100128,0.6568824648857117,0.24711237681898562,0
4558,data/raw/bhsig260/BHSig160_Hindi/Genuine/H-S-128-G-22.tif,data/raw/bhsig260/BHSig100_Bengali/Genuine/B-S-47-G-03.tif,0,random_forgery,100128,0.8943566679954529,0.24711237681898562,0
4559,data/raw/bhsig260/BHSig160_Hindi/Genuine/H-S-128-G-23.tif,data/raw/bhsig260/BHSig160_Hindi/Genuine/H-S-152-G-04.tif,0,random_forgery,100128,0.8792942762374878,0.24711237681898562,0
4560,data/raw/bhsig260/BHSig160_Hindi/Genuine/H-S-129-G-16.tif,data/raw/bhsig260/BHSig160_Hindi/Genuine/H-S-129-G-21.tif,1,genuine_genuine,100129,0.24459967017173767,0.24711237681898562,1
4561,data/raw/bhsig260/BHSig160_Hindi/Genuine/H-S-129-G-06.tif,data/raw/bhsig260/BHSig160_Hindi/Genuine/H-S-129-G-09.tif,1,genuine_genuine,100129,0.029447903856635094,0.24711237681898562,1
4562,data/raw/bhsig260/BHSig160_Hindi/Genuine/H-S-129-G-08.tif,data/raw/bhsig260/BHSig160_Hindi/Genuine/H-S-129-G-23.tif,1,genuine_genuine,100129,0.1887517273426056,0.24711237681898562,1
4563,data/raw/bhsig260/BHSig160_Hindi/Genuine/H-S-129-G-11.tif,data/raw/bhsig260/BHSig160_Hindi/Genuine/H-S-129-G-22.tif,1,genuine_genuine,100129,0.36089491844177246,0.24711237681898562,0
4564,data/raw/bhsig260/BHSig160_Hindi/Genuine/H-S-129-G-01.tif,data/raw/bhsig260/BHSig160_Hindi/Genuine/H-S-129-G-10.tif,1,genuine_genuine,100129,0.8197226524353027,0.24711237681898562,0
4565,data/raw/bhsig260/BHSig160_Hindi/Genuine/H-S-129-G-05.tif,data/raw/bhsig260/BHSig160_Hindi/Genuine/H-S-129-G-18.tif,1,genuine_genuine,100129,0.19693242013454437,0.24711237681898562,1
4566,data/raw/bhsig260/BHSig160_Hindi/Genuine/H-S-129-G-01.tif,data/raw/bhsig260/BHSig160_Hindi/Genuine/H-S-129-G-03.tif,1,genuine_genuine,100129,0.8428264260292053,0.24711237681898562,0
4567,data/raw/bhsig260/BHSig160_Hindi/Genuine/H-S-129-G-12.tif,data/raw/bhsig260/BHSig160_Hindi/Genuine/H-S-129-G-17.tif,1,genuine_genuine,100129,0.16149429976940155,0.24711237681898562,1
4568,data/raw/bhsig260/BHSig160_Hindi/Genuine/H-S-129-G-01.tif,data/raw/bhsig260/BHSig160_Hindi/Genuine/H-S-129-G-22.tif,1,genuine_genuine,100129,0.7359415888786316,0.24711237681898562,0
4569,data/raw/bhsig260/BHSig160_Hindi/Genuine/H-S-129-G-02.tif,data/raw/bhsig260/BHSig160_Hindi/Genuine/H-S-129-G-23.tif,1,genuine_genuine,100129,1.245607614517212,0.24711237681898562,0
4570,data/raw/bhsig260/BHSig160_Hindi/Genuine/H-S-129-G-09.tif,data/raw/bhsig260/BHSig160_Hindi/Forged/H-S-129-F-27.tif,0,skilled_forgery,100129,0.16894938051700592,0.24711237681898562,1
4571,data/raw/bhsig260/BHSig160_Hindi/Genuine/H-S-129-G-10.tif,data/raw/bhsig260/BHSig160_Hindi/Forged/H-S-129-F-11.tif,0,skilled_forgery,100129,0.29477930068969727,0.24711237681898562,0
4572,data/raw/bhsig260/BHSig160_Hindi/Genuine/H-S-129-G-07.tif,data/raw/bhsig260/BHSig160_Hindi/Forged/H-S-129-F-25.tif,0,skilled_forgery,100129,0.24852043390274048,0.24711237681898562,0
4573,data/raw/bhsig260/BHSig160_Hindi/Genuine/H-S-129-G-20.tif,data/raw/bhsig260/BHSig160_Hindi/Forged/H-S-129-F-09.tif,0,skilled_forgery,100129,0.6156262755393982,0.24711237681898562,0
4574,data/raw/bhsig260/BHSig160_Hindi/Genuine/H-S-129-G-04.tif,data/raw/bhsig260/BHSig160_Hindi/Forged/H-S-129-F-04.tif,0,skilled_forgery,100129,0.30814364552497864,0.24711237681898562,0
4575,data/raw/bhsig260/BHSig160_Hindi/Genuine/H-S-129-G-04.tif,data/raw/bhsig260/BHSig160_Hindi/Genuine/H-S-128-G-04.tif,0,random_forgery,100129,0.6554385423660278,0.24711237681898562,0
4576,data/raw/bhsig260/BHSig160_Hindi/Genuine/H-S-129-G-17.tif,data/raw/bhsig260/BHSig100_Bengali/Genuine/B-S-30-G-06.tif,0,random_forgery,100129,1.2628825902938843,0.24711237681898562,0
4577,data/raw/bhsig260/BHSig160_Hindi/Genuine/H-S-129-G-04.tif,data/raw/bhsig260/BHSig160_Hindi/Genuine/H-S-38-G-05.tif,0,random_forgery,100129,0.8759585618972778,0.24711237681898562,0
4578,data/raw/bhsig260/BHSig160_Hindi/Genuine/H-S-129-G-15.tif,data/raw/bhsig260/BHSig160_Hindi/Genuine/H-S-96-G-12.tif,0,random_forgery,100129,0.5192020535469055,0.24711237681898562,0
4579,data/raw/bhsig260/BHSig160_Hindi/Genuine/H-S-129-G-14.tif,data/raw/bhsig260/BHSig100_Bengali/Genuine/B-S-41-G-01.tif,0,random_forgery,100129,0.32582029700279236,0.24711237681898562,0
4580,data/raw/bhsig260/BHSig160_Hindi/Genuine/H-S-130-G-17.tif,data/raw/bhsig260/BHSig160_Hindi/Genuine/H-S-130-G-20.tif,1,genuine_genuine,100130,0.29152771830558777,0.24711237681898562,0
4581,data/raw/bhsig260/BHSig160_Hindi/Genuine/H-S-130-G-01.tif,data/raw/bhsig260/BHSig160_Hindi/Genuine/H-S-130-G-06.tif,1,genuine_genuine,100130,0.5875927805900574,0.24711237681898562,0
4582,data/raw/bhsig260/BHSig160_Hindi/Genuine/H-S-130-G-15.tif,data/raw/bhsig260/BHSig160_Hindi/Genuine/H-S-130-G-23.tif,1,genuine_genuine,100130,0.18648472428321838,0.24711237681898562,1
4583,data/raw/bhsig260/BHSig160_Hindi/Genuine/H-S-130-G-10.tif,data/raw/bhsig260/BHSig160_Hindi/Genuine/H-S-130-G-12.tif,1,genuine_genuine,100130,0.17844973504543304,0.24711237681898562,1
4584,data/raw/bhsig260/BHSig160_Hindi/Genuine/H-S-130-G-13.tif,data/raw/bhsig260/BHSig160_Hindi/Genuine/H-S-130-G-20.tif,1,genuine_genuine,100130,0.4766233563423157,0.24711237681898562,0
4585,data/raw/bhsig260/BHSig160_Hindi/Genuine/H-S-130-G-11.tif,data/raw/bhsig260/BHSig160_Hindi/Genuine/H-S-130-G-21.tif,1,genuine_genuine,100130,0.2109277844429016,0.24711237681898562,1
4586,data/raw/bhsig260/BHSig160_Hindi/Genuine/H-S-130-G-09.tif,data/raw/bhsig260/BHSig160_Hindi/Genuine/H-S-130-G-18.tif,1,genuine_genuine,100130,0.4816911518573761,0.24711237681898562,0
4587,data/raw/bhsig260/BHSig160_Hindi/Genuine/H-S-130-G-15.tif,data/raw/bhsig260/BHSig160_Hindi/Genuine/H-S-130-G-22.tif,1,genuine_genuine,100130,0.19437092542648315,0.24711237681898562,1
4588,data/raw/bhsig260/BHSig160_Hindi/Genuine/H-S-130-G-10.tif,data/raw/bhsig260/BHSig160_Hindi/Genuine/H-S-130-G-21.tif,1,genuine_genuine,100130,0.19894403219223022,0.24711237681898562,1
4589,data/raw/bhsig260/BHSig160_Hindi/Genuine/H-S-130-G-10.tif,data/raw/bhsig260/BHSig160_Hindi/Genuine/H-S-130-G-19.tif,1,genuine_genuine,100130,0.1676587611436844,0.24711237681898562,1
4590,data/raw/bhsig260/BHSig160_Hindi/Genuine/H-S-130-G-14.tif,data/raw/bhsig260/BHSig160_Hindi/Forged/H-S-130-F-28.tif,0,skilled_forgery,100130,0.42546212673187256,0.24711237681898562,0
4591,data/raw/bhsig260/BHSig160_Hindi/Genuine/H-S-130-G-13.tif,data/raw/bhsig260/BHSig160_Hindi/Forged/H-S-130-F-08.tif,0,skilled_forgery,100130,0.8704317808151245,0.24711237681898562,0
4592,data/raw/bhsig260/BHSig160_Hindi/Genuine/H-S-130-G-09.tif,data/raw/bhsig260/BHSig160_Hindi/Forged/H-S-130-F-27.tif,0,skilled_forgery,100130,0.32591280341148376,0.24711237681898562,0
4593,data/raw/bhsig260/BHSig160_Hindi/Genuine/H-S-130-G-21.tif,data/raw/bhsig260/BHSig160_Hindi/Forged/H-S-130-F-26.tif,0,skilled_forgery,100130,0.5581146478652954,0.24711237681898562,0
4594,data/raw/bhsig260/BHSig160_Hindi/Genuine/H-S-130-G-05.tif,data/raw/bhsig260/BHSig160_Hindi/Forged/H-S-130-F-13.tif,0,skilled_forgery,100130,0.42513877153396606,0.24711237681898562,0
4595,data/raw/bhsig260/BHSig160_Hindi/Genuine/H-S-130-G-24.tif,data/raw/bhsig260/BHSig100_Bengali/Genuine/B-S-5-G-12.tif,0,random_forgery,100130,0.37053704261779785,0.24711237681898562,0
4596,data/raw/bhsig260/BHSig160_Hindi/Genuine/H-S-130-G-01.tif,data/raw/bhsig260/BHSig100_Bengali/Genuine/B-S-35-G-13.tif,0,random_forgery,100130,0.6860194802284241,0.24711237681898562,0
4597,data/raw/bhsig260/BHSig160_Hindi/Genuine/H-S-130-G-13.tif,data/raw/bhsig260/BHSig160_Hindi/Genuine/H-S-88-G-09.tif,0,random_forgery,100130,0.24864093959331512,0.24711237681898562,0
4598,data/raw/bhsig260/BHSig160_Hindi/Genuine/H-S-130-G-13.tif,data/raw/bhsig260/BHSig100_Bengali/Genuine/B-S-1-G-11.tif,0,random_forgery,100130,0.8796531558036804,0.24711237681898562,0
4599,data/raw/bhsig260/BHSig160_Hindi/Genuine/H-S-130-G-10.tif,data/raw/bhsig260/BHSig160_Hindi/Genuine/H-S-150-G-15.tif,0,random_forgery,100130,0.519562304019928,0.24711237681898562,0
4600,data/raw/bhsig260/BHSig160_Hindi/Genuine/H-S-131-G-07.tif,data/raw/bhsig260/BHSig160_Hindi/Genuine/H-S-131-G-10.tif,1,genuine_genuine,100131,0.1788368821144104,0.24711237681898562,1
4601,data/raw/bhsig260/BHSig160_Hindi/Genuine/H-S-131-G-13.tif,data/raw/bhsig260/BHSig160_Hindi/Genuine/H-S-131-G-14.tif,1,genuine_genuine,100131,0.708696186542511,0.24711237681898562,0
4602,data/raw/bhsig260/BHSig160_Hindi/Genuine/H-S-131-G-05.tif,data/raw/bhsig260/BHSig160_Hindi/Genuine/H-S-131-G-10.tif,1,genuine_genuine,100131,0.7828184962272644,0.24711237681898562,0
4603,data/raw/bhsig260/BHSig160_Hindi/Genuine/H-S-131-G-02.tif,data/raw/bhsig260/BHSig160_Hindi/Genuine/H-S-131-G-16.tif,1,genuine_genuine,100131,0.6979361176490784,0.24711237681898562,0
4604,data/raw/bhsig260/BHSig160_Hindi/Genuine/H-S-131-G-13.tif,data/raw/bhsig260/BHSig160_Hindi/Genuine/H-S-131-G-22.tif,1,genuine_genuine,100131,0.4916340410709381,0.24711237681898562,0
4605,data/raw/bhsig260/BHSig160_Hindi/Genuine/H-S-131-G-14.tif,data/raw/bhsig260/BHSig160_Hindi/Genuine/H-S-131-G-15.tif,1,genuine_genuine,100131,0.5372115969657898,0.24711237681898562,0
4606,data/raw/bhsig260/BHSig160_Hindi/Genuine/H-S-131-G-07.tif,data/raw/bhsig260/BHSig160_Hindi/Genuine/H-S-131-G-19.tif,1,genuine_genuine,100131,0.3480730354785919,0.24711237681898562,0
4607,data/raw/bhsig260/BHSig160_Hindi/Genuine/H-S-131-G-09.tif,data/raw/bhsig260/BHSig160_Hindi/Genuine/H-S-131-G-14.tif,1,genuine_genuine,100131,0.8790217638015747,0.24711237681898562,0
4608,data/raw/bhsig260/BHSig160_Hindi/Genuine/H-S-131-G-02.tif,data/raw/bhsig260/BHSig160_Hindi/Genuine/H-S-131-G-03.tif,1,genuine_genuine,100131,0.41664934158325195,0.24711237681898562,0
4609,data/raw/bhsig260/BHSig160_Hindi/Genuine/H-S-131-G-20.tif,data/raw/bhsig260/BHSig160_Hindi/Genuine/H-S-131-G-23.tif,1,genuine_genuine,100131,0.8232137560844421,0.24711237681898562,0
4610,data/raw/bhsig260/BHSig160_Hindi/Genuine/H-S-131-G-02.tif,data/raw/bhsig260/BHSig160_Hindi/Forged/H-S-131-F-14.tif,0,skilled_forgery,100131,0.6398959755897522,0.24711237681898562,0
4611,data/raw/bhsig260/BHSig160_Hindi/Genuine/H-S-131-G-11.tif,data/raw/bhsig260/BHSig160_Hindi/Forged/H-S-131-F-27.tif,0,skilled_forgery,100131,1.196275234222412,0.24711237681898562,0
4612,data/raw/bhsig260/BHSig160_Hindi/Genuine/H-S-131-G-18.tif,data/raw/bhsig260/BHSig160_Hindi/Forged/H-S-131-F-14.tif,0,skilled_forgery,100131,0.5721997022628784,0.24711237681898562,0
4613,data/raw/bhsig260/BHSig160_Hindi/Genuine/H-S-131-G-22.tif,data/raw/bhsig260/BHSig160_Hindi/Forged/H-S-131-F-11.tif,0,skilled_forgery,100131,0.4953196048736572,0.24711237681898562,0
4614,data/raw/bhsig260/BHSig160_Hindi/Genuine/H-S-131-G-09.tif,data/raw/bhsig260/BHSig160_Hindi/Forged/H-S-131-F-06.tif,0,skilled_forgery,100131,0.32516610622406006,0.24711237681898562,0
4615,data/raw/bhsig260/BHSig160_Hindi/Genuine/H-S-131-G-15.tif,data/raw/bhsig260/BHSig160_Hindi/Genuine/H-S-017-G-17.tif,0,random_forgery,100131,0.08769167959690094,0.24711237681898562,1
4616,data/raw/bhsig260/BHSig160_Hindi/Genuine/H-S-131-G-20.tif,data/raw/bhsig260/BHSig160_Hindi/Genuine/H-S-78-G-18.tif,0,random_forgery,100131,0.6114835143089294,0.24711237681898562,0
4617,data/raw/bhsig260/BHSig160_Hindi/Genuine/H-S-131-G-07.tif,data/raw/bhsig260/BHSig100_Bengali/Genuine/B-S-78-G-10.tif,0,random_forgery,100131,0.30819857120513916,0.24711237681898562,0
4618,data/raw/bhsig260/BHSig160_Hindi/Genuine/H-S-131-G-11.tif,data/raw/bhsig260/BHSig160_Hindi/Genuine/H-S-153-G-16.tif,0,random_forgery,100131,0.5629088282585144,0.24711237681898562,0
4619,data/raw/bhsig260/BHSig160_Hindi/Genuine/H-S-131-G-24.tif,data/raw/bhsig260/BHSig160_Hindi/Genuine/H-S-104-G-12.tif,0,random_forgery,100131,0.28692179918289185,0.24711237681898562,0
4620,data/raw/bhsig260/BHSig160_Hindi/Genuine/H-S-132-G-10.tif,data/raw/bhsig260/BHSig160_Hindi/Genuine/H-S-132-G-16.tif,1,genuine_genuine,100132,0.028209926560521126,0.24711237681898562,1
4621,data/raw/bhsig260/BHSig160_Hindi/Genuine/H-S-132-G-09.tif,data/raw/bhsig260/BHSig160_Hindi/Genuine/H-S-132-G-22.tif,1,genuine_genuine,100132,0.05257667973637581,0.24711237681898562,1
4622,data/raw/bhsig260/BHSig160_Hindi/Genuine/H-S-132-G-04.tif,data/raw/bhsig260/BHSig160_Hindi/Genuine/H-S-132-G-20.tif,1,genuine_genuine,100132,0.09405800700187683,0.24711237681898562,1
4623,data/raw/bhsig260/BHSig160_Hindi/Genuine/H-S-132-G-10.tif,data/raw/bhsig260/BHSig160_Hindi/Genuine/H-S-132-G-22.tif,1,genuine_genuine,100132,0.17624500393867493,0.24711237681898562,1
4624,data/raw/bhsig260/BHSig160_Hindi/Genuine/H-S-132-G-01.tif,data/raw/bhsig260/BHSig160_Hindi/Genuine/H-S-132-G-22.tif,1,genuine_genuine,100132,0.22680798172950745,0.24711237681898562,1
4625,data/raw/bhsig260/BHSig160_Hindi/Genuine/H-S-132-G-03.tif,data/raw/bhsig260/BHSig160_Hindi/Genuine/H-S-132-G-06.tif,1,genuine_genuine,100132,0.06025918573141098,0.24711237681898562,1
4626,data/raw/bhsig260/BHSig160_Hindi/Genuine/H-S-132-G-02.tif,data/raw/bhsig260/BHSig160_Hindi/Genuine/H-S-132-G-08.tif,1,genuine_genuine,100132,0.0785299688577652,0.24711237681898562,1
4627,data/raw/bhsig260/BHSig160_Hindi/Genuine/H-S-132-G-05.tif,data/raw/bhsig260/BHSig160_Hindi/Genuine/H-S-132-G-19.tif,1,genuine_genuine,100132,0.06544464826583862,0.24711237681898562,1
4628,data/raw/bhsig260/BHSig160_Hindi/Genuine/H-S-132-G-15.tif,data/raw/bhsig260/BHSig160_Hindi/Genuine/H-S-132-G-23.tif,1,genuine_genuine,100132,0.1753976196050644,0.24711237681898562,1
4629,data/raw/bhsig260/BHSig160_Hindi/Genuine/H-S-132-G-06.tif,data/raw/bhsig260/BHSig160_Hindi/Genuine/H-S-132-G-23.tif,1,genuine_genuine,100132,0.1753976196050644,0.24711237681898562,1
4630,data/raw/bhsig260/BHSig160_Hindi/Genuine/H-S-132-G-18.tif,data/raw/bhsig260/BHSig160_Hindi/Forged/H-S-132-F-07.tif,0,skilled_forgery,100132,0.5348475575447083,0.24711237681898562,0
4631,data/raw/bhsig260/BHSig160_Hindi/Genuine/H-S-132-G-15.tif,data/raw/bhsig260/BHSig160_Hindi/Forged/H-S-132-F-27.tif,0,skilled_forgery,100132,0.45657142996788025,0.24711237681898562,0
4632,data/raw/bhsig260/BHSig160_Hindi/Genuine/H-S-132-G-20.tif,data/raw/bhsig260/BHSig160_Hindi/Forged/H-S-132-F-21.tif,0,skilled_forgery,100132,0.4595298767089844,0.24711237681898562,0
4633,data/raw/bhsig260/BHSig160_Hindi/Genuine/H-S-132-G-15.tif,data/raw/bhsig260/BHSig160_Hindi/Forged/H-S-132-F-29.tif,0,skilled_forgery,100132,0.5954135656356812,0.24711237681898562,0
4634,data/raw/bhsig260/BHSig160_Hindi/Genuine/H-S-132-G-15.tif,data/raw/bhsig260/BHSig160_Hindi/Forged/H-S-132-F-16.tif,0,skilled_forgery,100132,0.5841913819313049,0.24711237681898562,0
4635,data/raw/bhsig260/BHSig160_Hindi/Genuine/H-S-132-G-07.tif,data/raw/bhsig260/BHSig160_Hindi/Genuine/H-S-146-G-08.tif,0,random_forgery,100132,0.308002769947052,0.24711237681898562,0
4636,data/raw/bhsig260/BHSig160_Hindi/Genuine/H-S-132-G-12.tif,data/raw/bhsig260/BHSig100_Bengali/Genuine/B-S-63-G-05.tif,0,random_forgery,100132,0.4414443373680115,0.24711237681898562,0
4637,data/raw/bhsig260/BHSig160_Hindi/Genuine/H-S-132-G-24.tif,data/raw/bhsig260/BHSig160_Hindi/Genuine/H-S-103-G-08.tif,0,random_forgery,100132,1.6874430179595947,0.24711237681898562,0
4638,data/raw/bhsig260/BHSig160_Hindi/Genuine/H-S-132-G-03.tif,data/raw/bhsig260/BHSig100_Bengali/Genuine/B-S-27-G-12.tif,0,random_forgery,100132,0.7305740118026733,0.24711237681898562,0
4639,data/raw/bhsig260/BHSig160_Hindi/Genuine/H-S-132-G-14.tif,data/raw/bhsig260/BHSig100_Bengali/Genuine/B-S-45-G-04.tif,0,random_forgery,100132,0.9540493488311768,0.24711237681898562,0
4640,data/raw/bhsig260/BHSig160_Hindi/Genuine/H-S-133-G-01.tif,data/raw/bhsig260/BHSig160_Hindi/Genuine/H-S-133-G-09.tif,1,genuine_genuine,100133,0.2698811888694763,0.24711237681898562,0
4641,data/raw/bhsig260/BHSig160_Hindi/Genuine/H-S-133-G-11.tif,data/raw/bhsig260/BHSig160_Hindi/Genuine/H-S-133-G-17.tif,1,genuine_genuine,100133,0.03926563635468483,0.24711237681898562,1
4642,data/raw/bhsig260/BHSig160_Hindi/Genuine/H-S-133-G-02.tif,data/raw/bhsig260/BHSig160_Hindi/Genuine/H-S-133-G-15.tif,1,genuine_genuine,100133,0.0498020313680172,0.24711237681898562,1
4643,data/raw/bhsig260/BHSig160_Hindi/Genuine/H-S-133-G-08.tif,data/raw/bhsig260/BHSig160_Hindi/Genuine/H-S-133-G-23.tif,1,genuine_genuine,100133,0.3192521333694458,0.24711237681898562,0
4644,data/raw/bhsig260/BHSig160_Hindi/Genuine/H-S-133-G-16.tif,data/raw/bhsig260/BHSig160_Hindi/Genuine/H-S-133-G-18.tif,1,genuine_genuine,100133,0.520363450050354,0.24711237681898562,0
4645,data/raw/bhsig260/BHSig160_Hindi/Genuine/H-S-133-G-09.tif,data/raw/bhsig260/BHSig160_Hindi/Genuine/H-S-133-G-20.tif,1,genuine_genuine,100133,0.39584821462631226,0.24711237681898562,0
4646,data/raw/bhsig260/BHSig160_Hindi/Genuine/H-S-133-G-04.tif,data/raw/bhsig260/BHSig160_Hindi/Genuine/H-S-133-G-17.tif,1,genuine_genuine,100133,0.736619234085083,0.24711237681898562,0
4647,data/raw/bhsig260/BHSig160_Hindi/Genuine/H-S-133-G-14.tif,data/raw/bhsig260/BHSig160_Hindi/Genuine/H-S-133-G-17.tif,1,genuine_genuine,100133,0.13274404406547546,0.24711237681898562,1
4648,data/raw/bhsig260/BHSig160_Hindi/Genuine/H-S-133-G-07.tif,data/raw/bhsig260/BHSig160_Hindi/Genuine/H-S-133-G-20.tif,1,genuine_genuine,100133,0.20536290109157562,0.24711237681898562,1
4649,data/raw/bhsig260/BHSig160_Hindi/Genuine/H-S-133-G-03.tif,data/raw/bhsig260/BHSig160_Hindi/Genuine/H-S-133-G-07.tif,1,genuine_genuine,100133,0.16495154798030853,0.24711237681898562,1
4650,data/raw/bhsig260/BHSig160_Hindi/Genuine/H-S-133-G-19.tif,data/raw/bhsig260/BHSig160_Hindi/Forged/H-S-133-F-14.tif,0,skilled_forgery,100133,0.77227783203125,0.24711237681898562,0
4651,data/raw/bhsig260/BHSig160_Hindi/Genuine/H-S-133-G-07.tif,data/raw/bhsig260/BHSig160_Hindi/Forged/H-S-133-F-21.tif,0,skilled_forgery,100133,0.840737521648407,0.24711237681898562,0
4652,data/raw/bhsig260/BHSig160_Hindi/Genuine/H-S-133-G-24.tif,data/raw/bhsig260/BHSig160_Hindi/Forged/H-S-133-F-11.tif,0,skilled_forgery,100133,0.2344009280204773,0.24711237681898562,1
4653,data/raw/bhsig260/BHSig160_Hindi/Genuine/H-S-133-G-20.tif,data/raw/bhsig260/BHSig160_Hindi/Forged/H-S-133-F-24.tif,0,skilled_forgery,100133,0.6838440895080566,0.24711237681898562,0
4654,data/raw/bhsig260/BHSig160_Hindi/Genuine/H-S-133-G-18.tif,data/raw/bhsig260/BHSig160_Hindi/Forged/H-S-133-F-10.tif,0,skilled_forgery,100133,0.5305331349372864,0.24711237681898562,0
4655,data/raw/bhsig260/BHSig160_Hindi/Genuine/H-S-133-G-06.tif,data/raw/bhsig260/BHSig160_Hindi/Genuine/H-S-146-G-03.tif,0,random_forgery,100133,0.1888512223958969,0.24711237681898562,1
4656,data/raw/bhsig260/BHSig160_Hindi/Genuine/H-S-133-G-17.tif,data/raw/bhsig260/BHSig160_Hindi/Genuine/H-S-145-G-22.tif,0,random_forgery,100133,0.14806810021400452,0.24711237681898562,1
4657,data/raw/bhsig260/BHSig160_Hindi/Genuine/H-S-133-G-12.tif,data/raw/bhsig260/BHSig100_Bengali/Genuine/B-S-84-G-11.tif,0,random_forgery,100133,0.1706557720899582,0.24711237681898562,1
4658,data/raw/bhsig260/BHSig160_Hindi/Genuine/H-S-133-G-24.tif,data/raw/bhsig260/BHSig100_Bengali/Genuine/B-S-44-G-10.tif,0,random_forgery,100133,0.3020685613155365,0.24711237681898562,0
4659,data/raw/bhsig260/BHSig160_Hindi/Genuine/H-S-133-G-09.tif,data/raw/bhsig260/BHSig100_Bengali/Genuine/B-S-91-G-17.tif,0,random_forgery,100133,0.36510246992111206,0.24711237681898562,0
4660,data/raw/bhsig260/BHSig160_Hindi/Genuine/H-S-134-G-08.tif,data/raw/bhsig260/BHSig160_Hindi/Genuine/H-S-134-G-15.tif,1,genuine_genuine,100134,0.27682557702064514,0.24711237681898562,0
4661,data/raw/bhsig260/BHSig160_Hindi/Genuine/H-S-134-G-09.tif,data/raw/bhsig260/BHSig160_Hindi/Genuine/H-S-134-G-15.tif,1,genuine_genuine,100134,0.2797316014766693,0.24711237681898562,0
4662,data/raw/bhsig260/BHSig160_Hindi/Genuine/H-S-134-G-20.tif,data/raw/bhsig260/BHSig160_Hindi/Genuine/H-S-134-G-23.tif,1,genuine_genuine,100134,0.10367052257061005,0.24711237681898562,1
4663,data/raw/bhsig260/BHSig160_Hindi/Genuine/H-S-134-G-17.tif,data/raw/bhsig260/BHSig160_Hindi/Genuine/H-S-134-G-18.tif,1,genuine_genuine,100134,0.06765862554311752,0.24711237681898562,1
4664,data/raw/bhsig260/BHSig160_Hindi/Genuine/H-S-134-G-09.tif,data/raw/bhsig260/BHSig160_Hindi/Genuine/H-S-134-G-17.tif,1,genuine_genuine,100134,0.17723026871681213,0.24711237681898562,1
4665,data/raw/bhsig260/BHSig160_Hindi/Genuine/H-S-134-G-01.tif,data/raw/bhsig260/BHSig160_Hindi/Genuine/H-S-134-G-19.tif,1,genuine_genuine,100134,0.07493142783641815,0.24711237681898562,1
4666,data/raw/bhsig260/BHSig160_Hindi/Genuine/H-S-134-G-05.tif,data/raw/bhsig260/BHSig160_Hindi/Genuine/H-S-134-G-19.tif,1,genuine_genuine,100134,0.16405673325061798,0.24711237681898562,1
4667,data/raw/bhsig260/BHSig160_Hindi/Genuine/H-S-134-G-10.tif,data/raw/bhsig260/BHSig160_Hindi/Genuine/H-S-134-G-12.tif,1,genuine_genuine,100134,0.055805087089538574,0.24711237681898562,1
4668,data/raw/bhsig260/BHSig160_Hindi/Genuine/H-S-134-G-08.tif,data/raw/bhsig260/BHSig160_Hindi/Genuine/H-S-134-G-20.tif,1,genuine_genuine,100134,0.1732005774974823,0.24711237681898562,1
4669,data/raw/bhsig260/BHSig160_Hindi/Genuine/H-S-134-G-02.tif,data/raw/bhsig260/BHSig160_Hindi/Genuine/H-S-134-G-18.tif,1,genuine_genuine,100134,0.04970608279109001,0.24711237681898562,1
4670,data/raw/bhsig260/BHSig160_Hindi/Genuine/H-S-134-G-12.tif,data/raw/bhsig260/BHSig160_Hindi/Forged/H-S-134-F-26.tif,0,skilled_forgery,100134,0.33142194151878357,0.24711237681898562,0
4671,data/raw/bhsig260/BHSig160_Hindi/Genuine/H-S-134-G-23.tif,data/raw/bhsig260/BHSig160_Hindi/Forged/H-S-134-F-09.tif,0,skilled_forgery,100134,0.34331029653549194,0.24711237681898562,0
4672,data/raw/bhsig260/BHSig160_Hindi/Genuine/H-S-134-G-06.tif,data/raw/bhsig260/BHSig160_Hindi/Forged/H-S-134-F-28.tif,0,skilled_forgery,100134,0.39235010743141174,0.24711237681898562,0
4673,data/raw/bhsig260/BHSig160_Hindi/Genuine/H-S-134-G-01.tif,data/raw/bhsig260/BHSig160_Hindi/Forged/H-S-134-F-12.tif,0,skilled_forgery,100134,0.4505618214607239,0.24711237681898562,0
4674,data/raw/bhsig260/BHSig160_Hindi/Genuine/H-S-134-G-12.tif,data/raw/bhsig260/BHSig160_Hindi/Forged/H-S-134-F-12.tif,0,skilled_forgery,100134,0.363760381937027,0.24711237681898562,0
4675,data/raw/bhsig260/BHSig160_Hindi/Genuine/H-S-134-G-17.tif,data/raw/bhsig260/BHSig160_Hindi/Genuine/H-S-85-G-24.tif,0,random_forgery,100134,0.6382770538330078,0.24711237681898562,0
4676,data/raw/bhsig260/BHSig160_Hindi/Genuine/H-S-134-G-07.tif,data/raw/bhsig260/BHSig160_Hindi/Genuine/H-S-132-G-10.tif,0,random_forgery,100134,0.2995091676712036,0.24711237681898562,0
4677,data/raw/bhsig260/BHSig160_Hindi/Genuine/H-S-134-G-01.tif,data/raw/bhsig260/BHSig100_Bengali/Genuine/B-S-38-G-16.tif,0,random_forgery,100134,0.7561531066894531,0.24711237681898562,0
4678,data/raw/bhsig260/BHSig160_Hindi/Genuine/H-S-134-G-24.tif,data/raw/bhsig260/BHSig100_Bengali/Genuine/B-S-59-G-13.tif,0,random_forgery,100134,0.7873502373695374,0.24711237681898562,0
4679,data/raw/bhsig260/BHSig160_Hindi/Genuine/H-S-134-G-08.tif,data/raw/bhsig260/BHSig160_Hindi/Genuine/H-S-147-G-03.tif,0,random_forgery,100134,0.33420783281326294,0.24711237681898562,0
4680,data/raw/bhsig260/BHSig160_Hindi/Genuine/H-S-135-G-08.tif,data/raw/bhsig260/BHSig160_Hindi/Genuine/H-S-135-G-24.tif,1,genuine_genuine,100135,0.42597201466560364,0.24711237681898562,0
4681,data/raw/bhsig260/BHSig160_Hindi/Genuine/H-S-135-G-13.tif,data/raw/bhsig260/BHSig160_Hindi/Genuine/H-S-135-G-20.tif,1,genuine_genuine,100135,0.0181255042552948,0.24711237681898562,1
4682,data/raw/bhsig260/BHSig160_Hindi/Genuine/H-S-135-G-13.tif,data/raw/bhsig260/BHSig160_Hindi/Genuine/H-S-135-G-21.tif,1,genuine_genuine,100135,0.2227611094713211,0.24711237681898562,1
4683,data/raw/bhsig260/BHSig160_Hindi/Genuine/H-S-135-G-02.tif,data/raw/bhsig260/BHSig160_Hindi/Genuine/H-S-135-G-08.tif,1,genuine_genuine,100135,0.138808935880661,0.24711237681898562,1
4684,data/raw/bhsig260/BHSig160_Hindi/Genuine/H-S-135-G-02.tif,data/raw/bhsig260/BHSig160_Hindi/Genuine/H-S-135-G-15.tif,1,genuine_genuine,100135,0.12397806346416473,0.24711237681898562,1
4685,data/raw/bhsig260/BHSig160_Hindi/Genuine/H-S-135-G-07.tif,data/raw/bhsig260/BHSig160_Hindi/Genuine/H-S-135-G-13.tif,1,genuine_genuine,100135,0.2560407221317291,0.24711237681898562,0
4686,data/raw/bhsig260/BHSig160_Hindi/Genuine/H-S-135-G-19.tif,data/raw/bhsig260/BHSig160_Hindi/Genuine/H-S-135-G-20.tif,1,genuine_genuine,100135,0.21176601946353912,0.24711237681898562,1
4687,data/raw/bhsig260/BHSig160_Hindi/Genuine/H-S-135-G-08.tif,data/raw/bhsig260/BHSig160_Hindi/Genuine/H-S-135-G-10.tif,1,genuine_genuine,100135,0.10020466148853302,0.24711237681898562,1
4688,data/raw/bhsig260/BHSig160_Hindi/Genuine/H-S-135-G-01.tif,data/raw/bhsig260/BHSig160_Hindi/Genuine/H-S-135-G-19.tif,1,genuine_genuine,100135,0.2681812345981598,0.24711237681898562,0
4689,data/raw/bhsig260/BHSig160_Hindi/Genuine/H-S-135-G-08.tif,data/raw/bhsig260/BHSig160_Hindi/Genuine/H-S-135-G-20.tif,1,genuine_genuine,100135,0.14477206766605377,0.24711237681898562,1
4690,data/raw/bhsig260/BHSig160_Hindi/Genuine/H-S-135-G-17.tif,data/raw/bhsig260/BHSig160_Hindi/Forged/H-S-135-F-16.tif,0,skilled_forgery,100135,0.32420921325683594,0.24711237681898562,0
4691,data/raw/bhsig260/BHSig160_Hindi/Genuine/H-S-135-G-19.tif,data/raw/bhsig260/BHSig160_Hindi/Forged/H-S-135-F-22.tif,0,skilled_forgery,100135,0.6111485362052917,0.24711237681898562,0
4692,data/raw/bhsig260/BHSig160_Hindi/Genuine/H-S-135-G-16.tif,data/raw/bhsig260/BHSig160_Hindi/Forged/H-S-135-F-25.tif,0,skilled_forgery,100135,0.10107316076755524,0.24711237681898562,1
4693,data/raw/bhsig260/BHSig160_Hindi/Genuine/H-S-135-G-05.tif,data/raw/bhsig260/BHSig160_Hindi/Forged/H-S-135-F-14.tif,0,skilled_forgery,100135,0.5482484102249146,0.24711237681898562,0
4694,data/raw/bhsig260/BHSig160_Hindi/Genuine/H-S-135-G-03.tif,data/raw/bhsig260/BHSig160_Hindi/Forged/H-S-135-F-20.tif,0,skilled_forgery,100135,0.1984909325838089,0.24711237681898562,1
4695,data/raw/bhsig260/BHSig160_Hindi/Genuine/H-S-135-G-12.tif,data/raw/bhsig260/BHSig100_Bengali/Genuine/B-S-95-G-12.tif,0,random_forgery,100135,0.37004032731056213,0.24711237681898562,0
4696,data/raw/bhsig260/BHSig160_Hindi/Genuine/H-S-135-G-01.tif,data/raw/bhsig260/BHSig160_Hindi/Genuine/H-S-118-G-06.tif,0,random_forgery,100135,0.9906226396560669,0.24711237681898562,0
4697,data/raw/bhsig260/BHSig160_Hindi/Genuine/H-S-135-G-16.tif,data/raw/bhsig260/BHSig160_Hindi/Genuine/H-S-143-G-12.tif,0,random_forgery,100135,0.18883121013641357,0.24711237681898562,1
4698,data/raw/bhsig260/BHSig160_Hindi/Genuine/H-S-135-G-14.tif,data/raw/bhsig260/BHSig160_Hindi/Genuine/H-S-67-G-18.tif,0,random_forgery,100135,0.6277519464492798,0.24711237681898562,0
4699,data/raw/bhsig260/BHSig160_Hindi/Genuine/H-S-135-G-12.tif,data/raw/bhsig260/BHSig100_Bengali/Genuine/B-S-100-G-13.tif,0,random_forgery,100135,0.6024496555328369,0.24711237681898562,0
4700,data/raw/bhsig260/BHSig160_Hindi/Genuine/H-S-136-G-05.tif,data/raw/bhsig260/BHSig160_Hindi/Genuine/H-S-136-G-23.tif,1,genuine_genuine,100136,0.28221791982650757,0.24711237681898562,0
4701,data/raw/bhsig260/BHSig160_Hindi/Genuine/H-S-136-G-06.tif,data/raw/bhsig260/BHSig160_Hindi/Genuine/H-S-136-G-19.tif,1,genuine_genuine,100136,0.2475062608718872,0.24711237681898562,0
4702,data/raw/bhsig260/BHSig160_Hindi/Genuine/H-S-136-G-15.tif,data/raw/bhsig260/BHSig160_Hindi/Genuine/H-S-136-G-24.tif,1,genuine_genuine,100136,0.05185666307806969,0.24711237681898562,1
4703,data/raw/bhsig260/BHSig160_Hindi/Genuine/H-S-136-G-10.tif,data/raw/bhsig260/BHSig160_Hindi/Genuine/H-S-136-G-24.tif,1,genuine_genuine,100136,0.19088296592235565,0.24711237681898562,1
4704,data/raw/bhsig260/BHSig160_Hindi/Genuine/H-S-136-G-09.tif,data/raw/bhsig260/BHSig160_Hindi/Genuine/H-S-136-G-15.tif,1,genuine_genuine,100136,0.09106850624084473,0.24711237681898562,1
4705,data/raw/bhsig260/BHSig160_Hindi/Genuine/H-S-136-G-05.tif,data/raw/bhsig260/BHSig160_Hindi/Genuine/H-S-136-G-07.tif,1,genuine_genuine,100136,0.07801491022109985,0.24711237681898562,1
4706,data/raw/bhsig260/BHSig160_Hindi/Genuine/H-S-136-G-04.tif,data/raw/bhsig260/BHSig160_Hindi/Genuine/H-S-136-G-11.tif,1,genuine_genuine,100136,0.1182335764169693,0.24711237681898562,1
4707,data/raw/bhsig260/BHSig160_Hindi/Genuine/H-S-136-G-04.tif,data/raw/bhsig260/BHSig160_Hindi/Genuine/H-S-136-G-09.tif,1,genuine_genuine,100136,0.10794379562139511,0.24711237681898562,1
4708,data/raw/bhsig260/BHSig160_Hindi/Genuine/H-S-136-G-11.tif,data/raw/bhsig260/BHSig160_Hindi/Genuine/H-S-136-G-22.tif,1,genuine_genuine,100136,0.06412239372730255,0.24711237681898562,1
4709,data/raw/bhsig260/BHSig160_Hindi/Genuine/H-S-136-G-04.tif,data/raw/bhsig260/BHSig160_Hindi/Genuine/H-S-136-G-16.tif,1,genuine_genuine,100136,0.15514877438545227,0.24711237681898562,1
4710,data/raw/bhsig260/BHSig160_Hindi/Genuine/H-S-136-G-16.tif,data/raw/bhsig260/BHSig160_Hindi/Forged/H-S-136-F-27.tif,0,skilled_forgery,100136,0.2884731888771057,0.24711237681898562,0
4711,data/raw/bhsig260/BHSig160_Hindi/Genuine/H-S-136-G-20.tif,data/raw/bhsig260/BHSig160_Hindi/Forged/H-S-136-F-23.tif,0,skilled_forgery,100136,0.683568000793457,0.24711237681898562,0
4712,data/raw/bhsig260/BHSig160_Hindi/Genuine/H-S-136-G-07.tif,data/raw/bhsig260/BHSig160_Hindi/Forged/H-S-136-F-01.tif,0,skilled_forgery,100136,0.28296828269958496,0.24711237681898562,0
4713,data/raw/bhsig260/BHSig160_Hindi/Genuine/H-S-136-G-16.tif,data/raw/bhsig260/BHSig160_Hindi/Forged/H-S-136-F-01.tif,0,skilled_forgery,100136,0.2297133356332779,0.24711237681898562,1
4714,data/raw/bhsig260/BHSig160_Hindi/Genuine/H-S-136-G-02.tif,data/raw/bhsig260/BHSig160_Hindi/Forged/H-S-136-F-21.tif,0,skilled_forgery,100136,0.2401111125946045,0.24711237681898562,1
4715,data/raw/bhsig260/BHSig160_Hindi/Genuine/H-S-136-G-01.tif,data/raw/bhsig260/BHSig160_Hindi/Genuine/H-S-157-G-03.tif,0,random_forgery,100136,0.4142947494983673,0.24711237681898562,0
4716,data/raw/bhsig260/BHSig160_Hindi/Genuine/H-S-136-G-21.tif,data/raw/bhsig260/BHSig160_Hindi/Genuine/H-S-79-G-03.tif,0,random_forgery,100136,0.48910072445869446,0.24711237681898562,0
4717,data/raw/bhsig260/BHSig160_Hindi/Genuine/H-S-136-G-08.tif,data/raw/bhsig260/BHSig100_Bengali/Genuine/B-S-12-G-24.tif,0,random_forgery,100136,0.410488486289978,0.24711237681898562,0
4718,data/raw/bhsig260/BHSig160_Hindi/Genuine/H-S-136-G-16.tif,data/raw/bhsig260/BHSig160_Hindi/Genuine/H-S-160-G-20.tif,0,random_forgery,100136,0.33815374970436096,0.24711237681898562,0
4719,data/raw/bhsig260/BHSig160_Hindi/Genuine/H-S-136-G-15.tif,data/raw/bhsig260/BHSig160_Hindi/Genuine/H-S-076-G-15.tif,0,random_forgery,100136,0.759520947933197,0.24711237681898562,0
4720,data/raw/bhsig260/BHSig160_Hindi/Genuine/H-S-137-G-06.tif,data/raw/bhsig260/BHSig160_Hindi/Genuine/H-S-137-G-21.tif,1,genuine_genuine,100137,0.9283766746520996,0.24711237681898562,0
4721,data/raw/bhsig260/BHSig160_Hindi/Genuine/H-S-137-G-03.tif,data/raw/bhsig260/BHSig160_Hindi/Genuine/H-S-137-G-21.tif,1,genuine_genuine,100137,0.4124455153942108,0.24711237681898562,0
4722,data/raw/bhsig260/BHSig160_Hindi/Genuine/H-S-137-G-16.tif,data/raw/bhsig260/BHSig160_Hindi/Genuine/H-S-137-G-17.tif,1,genuine_genuine,100137,0.28510093688964844,0.24711237681898562,0
4723,data/raw/bhsig260/BHSig160_Hindi/Genuine/H-S-137-G-04.tif,data/raw/bhsig260/BHSig160_Hindi/Genuine/H-S-137-G-11.tif,1,genuine_genuine,100137,0.5723607540130615,0.24711237681898562,0
4724,data/raw/bhsig260/BHSig160_Hindi/Genuine/H-S-137-G-12.tif,data/raw/bhsig260/BHSig160_Hindi/Genuine/H-S-137-G-16.tif,1,genuine_genuine,100137,0.09049637615680695,0.24711237681898562,1
4725,data/raw/bhsig260/BHSig160_Hindi/Genuine/H-S-137-G-11.tif,data/raw/bhsig260/BHSig160_Hindi/Genuine/H-S-137-G-17.tif,1,genuine_genuine,100137,0.42105478048324585,0.24711237681898562,0
4726,data/raw/bhsig260/BHSig160_Hindi/Genuine/H-S-137-G-12.tif,data/raw/bhsig260/BHSig160_Hindi/Genuine/H-S-137-G-23.tif,1,genuine_genuine,100137,0.2694679796695709,0.24711237681898562,0
4727,data/raw/bhsig260/BHSig160_Hindi/Genuine/H-S-137-G-02.tif,data/raw/bhsig260/BHSig160_Hindi/Genuine/H-S-137-G-03.tif,1,genuine_genuine,100137,0.8715258836746216,0.24711237681898562,0
4728,data/raw/bhsig260/BHSig160_Hindi/Genuine/H-S-137-G-01.tif,data/raw/bhsig260/BHSig160_Hindi/Genuine/H-S-137-G-17.tif,1,genuine_genuine,100137,0.16715605556964874,0.24711237681898562,1
4729,data/raw/bhsig260/BHSig160_Hindi/Genuine/H-S-137-G-10.tif,data/raw/bhsig260/BHSig160_Hindi/Genuine/H-S-137-G-12.tif,1,genuine_genuine,100137,0.09401312470436096,0.24711237681898562,1
4730,data/raw/bhsig260/BHSig160_Hindi/Genuine/H-S-137-G-03.tif,data/raw/bhsig260/BHSig160_Hindi/Forged/H-S-137-F-29.tif,0,skilled_forgery,100137,0.9132428169250488,0.24711237681898562,0
4731,data/raw/bhsig260/BHSig160_Hindi/Genuine/H-S-137-G-24.tif,data/raw/bhsig260/BHSig160_Hindi/Forged/H-S-137-F-19.tif,0,skilled_forgery,100137,0.22054137289524078,0.24711237681898562,1
4732,data/raw/bhsig260/BHSig160_Hindi/Genuine/H-S-137-G-13.tif,data/raw/bhsig260/BHSig160_Hindi/Forged/H-S-137-F-22.tif,0,skilled_forgery,100137,0.4010689854621887,0.24711237681898562,0
4733,data/raw/bhsig260/BHSig160_Hindi/Genuine/H-S-137-G-08.tif,data/raw/bhsig260/BHSig160_Hindi/Forged/H-S-137-F-28.tif,0,skilled_forgery,100137,0.40905752778053284,0.24711237681898562,0
4734,data/raw/bhsig260/BHSig160_Hindi/Genuine/H-S-137-G-09.tif,data/raw/bhsig260/BHSig160_Hindi/Forged/H-S-137-F-30.tif,0,skilled_forgery,100137,0.5572609305381775,0.24711237681898562,0
4735,data/raw/bhsig260/BHSig160_Hindi/Genuine/H-S-137-G-23.tif,data/raw/bhsig260/BHSig160_Hindi/Genuine/H-S-19-G-10.tif,0,random_forgery,100137,0.7065492272377014,0.24711237681898562,0
4736,data/raw/bhsig260/BHSig160_Hindi/Genuine/H-S-137-G-01.tif,data/raw/bhsig260/BHSig160_Hindi/Genuine/H-S-69-G-09.tif,0,random_forgery,100137,0.7099217772483826,0.24711237681898562,0
4737,data/raw/bhsig260/BHSig160_Hindi/Genuine/H-S-137-G-16.tif,data/raw/bhsig260/BHSig160_Hindi/Genuine/H-S-102-G-20.tif,0,random_forgery,100137,0.40596476197242737,0.24711237681898562,0
4738,data/raw/bhsig260/BHSig160_Hindi/Genuine/H-S-137-G-08.tif,data/raw/bhsig260/BHSig100_Bengali/Genuine/B-S-95-G-03.tif,0,random_forgery,100137,0.6148550510406494,0.24711237681898562,0
4739,data/raw/bhsig260/BHSig160_Hindi/Genuine/H-S-137-G-09.tif,data/raw/bhsig260/BHSig160_Hindi/Genuine/H-S-91-G-24.tif,0,random_forgery,100137,0.6862221956253052,0.24711237681898562,0
4740,data/raw/bhsig260/BHSig160_Hindi/Genuine/H-S-138-G-17.tif,data/raw/bhsig260/BHSig160_Hindi/Genuine/H-S-138-G-23.tif,1,genuine_genuine,100138,0.09757283329963684,0.24711237681898562,1
4741,data/raw/bhsig260/BHSig160_Hindi/Genuine/H-S-138-G-10.tif,data/raw/bhsig260/BHSig160_Hindi/Genuine/H-S-138-G-22.tif,1,genuine_genuine,100138,0.16505344212055206,0.24711237681898562,1
4742,data/raw/bhsig260/BHSig160_Hindi/Genuine/H-S-138-G-06.tif,data/raw/bhsig260/BHSig160_Hindi/Genuine/H-S-138-G-07.tif,1,genuine_genuine,100138,0.2761363685131073,0.24711237681898562,0
4743,data/raw/bhsig260/BHSig160_Hindi/Genuine/H-S-138-G-06.tif,data/raw/bhsig260/BHSig160_Hindi/Genuine/H-S-138-G-08.tif,1,genuine_genuine,100138,0.08318369835615158,0.24711237681898562,1
4744,data/raw/bhsig260/BHSig160_Hindi/Genuine/H-S-138-G-04.tif,data/raw/bhsig260/BHSig160_Hindi/Genuine/H-S-138-G-07.tif,1,genuine_genuine,100138,1.3219648599624634,0.24711237681898562,0
4745,data/raw/bhsig260/BHSig160_Hindi/Genuine/H-S-138-G-07.tif,data/raw/bhsig260/BHSig160_Hindi/Genuine/H-S-138-G-11.tif,1,genuine_genuine,100138,0.14241968095302582,0.24711237681898562,1
4746,data/raw/bhsig260/BHSig160_Hindi/Genuine/H-S-138-G-03.tif,data/raw/bhsig260/BHSig160_Hindi/Genuine/H-S-138-G-20.tif,1,genuine_genuine,100138,1.2887986898422241,0.24711237681898562,0
4747,data/raw/bhsig260/BHSig160_Hindi/Genuine/H-S-138-G-02.tif,data/raw/bhsig260/BHSig160_Hindi/Genuine/H-S-138-G-11.tif,1,genuine_genuine,100138,0.01454794593155384,0.24711237681898562,1
4748,data/raw/bhsig260/BHSig160_Hindi/Genuine/H-S-138-G-03.tif,data/raw/bhsig260/BHSig160_Hindi/Genuine/H-S-138-G-06.tif,1,genuine_genuine,100138,1.1462044715881348,0.24711237681898562,0
4749,data/raw/bhsig260/BHSig160_Hindi/Genuine/H-S-138-G-09.tif,data/raw/bhsig260/BHSig160_Hindi/Genuine/H-S-138-G-14.tif,1,genuine_genuine,100138,0.21141557395458221,0.24711237681898562,1
4750,data/raw/bhsig260/BHSig160_Hindi/Genuine/H-S-138-G-01.tif,data/raw/bhsig260/BHSig160_Hindi/Forged/H-S-138-F-26.tif,0,skilled_forgery,100138,0.4934374988079071,0.24711237681898562,0
4751,data/raw/bhsig260/BHSig160_Hindi/Genuine/H-S-138-G-23.tif,data/raw/bhsig260/BHSig160_Hindi/Forged/H-S-138-F-06.tif,0,skilled_forgery,100138,0.444711834192276,0.24711237681898562,0
4752,data/raw/bhsig260/BHSig160_Hindi/Genuine/H-S-138-G-09.tif,data/raw/bhsig260/BHSig160_Hindi/Forged/H-S-138-F-01.tif,0,skilled_forgery,100138,0.37751492857933044,0.24711237681898562,0
4753,data/raw/bhsig260/BHSig160_Hindi/Genuine/H-S-138-G-16.tif,data/raw/bhsig260/BHSig160_Hindi/Forged/H-S-138-F-11.tif,0,skilled_forgery,100138,0.813719630241394,0.24711237681898562,0
4754,data/raw/bhsig260/BHSig160_Hindi/Genuine/H-S-138-G-11.tif,data/raw/bhsig260/BHSig160_Hindi/Forged/H-S-138-F-08.tif,0,skilled_forgery,100138,0.42518267035484314,0.24711237681898562,0
4755,data/raw/bhsig260/BHSig160_Hindi/Genuine/H-S-138-G-17.tif,data/raw/bhsig260/BHSig100_Bengali/Genuine/B-S-87-G-10.tif,0,random_forgery,100138,0.4310045838356018,0.24711237681898562,0
4756,data/raw/bhsig260/BHSig160_Hindi/Genuine/H-S-138-G-24.tif,data/raw/bhsig260/BHSig160_Hindi/Genuine/H-S-72-G-10.tif,0,random_forgery,100138,0.4601200819015503,0.24711237681898562,0
4757,data/raw/bhsig260/BHSig160_Hindi/Genuine/H-S-138-G-09.tif,data/raw/bhsig260/BHSig160_Hindi/Genuine/H-S-9-G-18.tif,0,random_forgery,100138,0.5643594264984131,0.24711237681898562,0
4758,data/raw/bhsig260/BHSig160_Hindi/Genuine/H-S-138-G-12.tif,data/raw/bhsig260/BHSig100_Bengali/Genuine/B-S-79-G-11.tif,0,random_forgery,100138,0.312933087348938,0.24711237681898562,0
4759,data/raw/bhsig260/BHSig160_Hindi/Genuine/H-S-138-G-11.tif,data/raw/bhsig260/BHSig160_Hindi/Genuine/H-S-64-G-20.tif,0,random_forgery,100138,0.6141672134399414,0.24711237681898562,0
4760,data/raw/bhsig260/BHSig160_Hindi/Genuine/H-S-139-G-07.tif,data/raw/bhsig260/BHSig160_Hindi/Genuine/H-S-139-G-11.tif,1,genuine_genuine,100139,0.5139696002006531,0.24711237681898562,0
4761,data/raw/bhsig260/BHSig160_Hindi/Genuine/H-S-139-G-01.tif,data/raw/bhsig260/BHSig160_Hindi/Genuine/H-S-139-G-17.tif,1,genuine_genuine,100139,0.22554264962673187,0.24711237681898562,1
4762,data/raw/bhsig260/BHSig160_Hindi/Genuine/H-S-139-G-12.tif,data/raw/bhsig260/BHSig160_Hindi/Genuine/H-S-139-G-24.tif,1,genuine_genuine,100139,0.13661326467990875,0.24711237681898562,1
4763,data/raw/bhsig260/BHSig160_Hindi/Genuine/H-S-139-G-03.tif,data/raw/bhsig260/BHSig160_Hindi/Genuine/H-S-139-G-09.tif,1,genuine_genuine,100139,0.43165138363838196,0.24711237681898562,0
4764,data/raw/bhsig260/BHSig160_Hindi/Genuine/H-S-139-G-09.tif,data/raw/bhsig260/BHSig160_Hindi/Genuine/H-S-139-G-17.tif,1,genuine_genuine,100139,0.35185280442237854,0.24711237681898562,0
4765,data/raw/bhsig260/BHSig160_Hindi/Genuine/H-S-139-G-02.tif,data/raw/bhsig260/BHSig160_Hindi/Genuine/H-S-139-G-16.tif,1,genuine_genuine,100139,0.7568377256393433,0.24711237681898562,0
4766,data/raw/bhsig260/BHSig160_Hindi/Genuine/H-S-139-G-06.tif,data/raw/bhsig260/BHSig160_Hindi/Genuine/H-S-139-G-20.tif,1,genuine_genuine,100139,0.6086273789405823,0.24711237681898562,0
4767,data/raw/bhsig260/BHSig160_Hindi/Genuine/H-S-139-G-03.tif,data/raw/bhsig260/BHSig160_Hindi/Genuine/H-S-139-G-07.tif,1,genuine_genuine,100139,0.5233027935028076,0.24711237681898562,0
4768,data/raw/bhsig260/BHSig160_Hindi/Genuine/H-S-139-G-13.tif,data/raw/bhsig260/BHSig160_Hindi/Genuine/H-S-139-G-22.tif,1,genuine_genuine,100139,0.3590437173843384,0.24711237681898562,0
4769,data/raw/bhsig260/BHSig160_Hindi/Genuine/H-S-139-G-01.tif,data/raw/bhsig260/BHSig160_Hindi/Genuine/H-S-139-G-03.tif,1,genuine_genuine,100139,0.46343496441841125,0.24711237681898562,0
4770,data/raw/bhsig260/BHSig160_Hindi/Genuine/H-S-139-G-18.tif,data/raw/bhsig260/BHSig160_Hindi/Forged/H-S-139-F-19.tif,0,skilled_forgery,100139,0.5758243203163147,0.24711237681898562,0
4771,data/raw/bhsig260/BHSig160_Hindi/Genuine/H-S-139-G-23.tif,data/raw/bhsig260/BHSig160_Hindi/Forged/H-S-139-F-02.tif,0,skilled_forgery,100139,0.22850969433784485,0.24711237681898562,1
4772,data/raw/bhsig260/BHSig160_Hindi/Genuine/H-S-139-G-09.tif,data/raw/bhsig260/BHSig160_Hindi/Forged/H-S-139-F-01.tif,0,skilled_forgery,100139,0.3213539123535156,0.24711237681898562,0
4773,data/raw/bhsig260/BHSig160_Hindi/Genuine/H-S-139-G-16.tif,data/raw/bhsig260/BHSig160_Hindi/Forged/H-S-139-F-20.tif,0,skilled_forgery,100139,0.5172891020774841,0.24711237681898562,0
4774,data/raw/bhsig260/BHSig160_Hindi/Genuine/H-S-139-G-19.tif,data/raw/bhsig260/BHSig160_Hindi/Forged/H-S-139-F-18.tif,0,skilled_forgery,100139,1.0049865245819092,0.24711237681898562,0
4775,data/raw/bhsig260/BHSig160_Hindi/Genuine/H-S-139-G-05.tif,data/raw/bhsig260/BHSig160_Hindi/Genuine/H-S-143-G-02.tif,0,random_forgery,100139,0.35132846236228943,0.24711237681898562,0
4776,data/raw/bhsig260/BHSig160_Hindi/Genuine/H-S-139-G-08.tif,data/raw/bhsig260/BHSig160_Hindi/Genuine/H-S-108-G-09.tif,0,random_forgery,100139,0.219823956489563,0.24711237681898562,1
4777,data/raw/bhsig260/BHSig160_Hindi/Genuine/H-S-139-G-14.tif,data/raw/bhsig260/BHSig160_Hindi/Genuine/H-S-57-G-08.tif,0,random_forgery,100139,0.7326465845108032,0.24711237681898562,0
4778,data/raw/bhsig260/BHSig160_Hindi/Genuine/H-S-139-G-07.tif,data/raw/bhsig260/BHSig160_Hindi/Genuine/H-S-116-G-10.tif,0,random_forgery,100139,0.7427579760551453,0.24711237681898562,0
4779,data/raw/bhsig260/BHSig160_Hindi/Genuine/H-S-139-G-17.tif,data/raw/bhsig260/BHSig100_Bengali/Genuine/B-S-97-G-23.tif,0,random_forgery,100139,0.334328293800354,0.24711237681898562,0
4780,data/raw/bhsig260/BHSig160_Hindi/Genuine/H-S-140-G-07.tif,data/raw/bhsig260/BHSig160_Hindi/Genuine/H-S-140-G-16.tif,1,genuine_genuine,100140,0.3497002422809601,0.24711237681898562,0
4781,data/raw/bhsig260/BHSig160_Hindi/Genuine/H-S-140-G-03.tif,data/raw/bhsig260/BHSig160_Hindi/Genuine/H-S-140-G-14.tif,1,genuine_genuine,100140,1.0927506685256958,0.24711237681898562,0
4782,data/raw/bhsig260/BHSig160_Hindi/Genuine/H-S-140-G-02.tif,data/raw/bhsig260/BHSig160_Hindi/Genuine/H-S-140-G-21.tif,1,genuine_genuine,100140,1.1138756275177002,0.24711237681898562,0
4783,data/raw/bhsig260/BHSig160_Hindi/Genuine/H-S-140-G-18.tif,data/raw/bhsig260/BHSig160_Hindi/Genuine/H-S-140-G-22.tif,1,genuine_genuine,100140,0.1675451546907425,0.24711237681898562,1
4784,data/raw/bhsig260/BHSig160_Hindi/Genuine/H-S-140-G-09.tif,data/raw/bhsig260/BHSig160_Hindi/Genuine/H-S-140-G-17.tif,1,genuine_genuine,100140,0.19180035591125488,0.24711237681898562,1
4785,data/raw/bhsig260/BHSig160_Hindi/Genuine/H-S-140-G-17.tif,data/raw/bhsig260/BHSig160_Hindi/Genuine/H-S-140-G-19.tif,1,genuine_genuine,100140,0.17573073506355286,0.24711237681898562,1
4786,data/raw/bhsig260/BHSig160_Hindi/Genuine/H-S-140-G-10.tif,data/raw/bhsig260/BHSig160_Hindi/Genuine/H-S-140-G-16.tif,1,genuine_genuine,100140,0.10650546103715897,0.24711237681898562,1
4787,data/raw/bhsig260/BHSig160_Hindi/Genuine/H-S-140-G-02.tif,data/raw/bhsig260/BHSig160_Hindi/Genuine/H-S-140-G-17.tif,1,genuine_genuine,100140,0.20884665846824646,0.24711237681898562,1
4788,data/raw/bhsig260/BHSig160_Hindi/Genuine/H-S-140-G-12.tif,data/raw/bhsig260/BHSig160_Hindi/Genuine/H-S-140-G-18.tif,1,genuine_genuine,100140,0.11879681050777435,0.24711237681898562,1
4789,data/raw/bhsig260/BHSig160_Hindi/Genuine/H-S-140-G-12.tif,data/raw/bhsig260/BHSig160_Hindi/Genuine/H-S-140-G-20.tif,1,genuine_genuine,100140,0.3272051215171814,0.24711237681898562,0
4790,data/raw/bhsig260/BHSig160_Hindi/Genuine/H-S-140-G-20.tif,data/raw/bhsig260/BHSig160_Hindi/Forged/H-S-140-F-10.tif,0,skilled_forgery,100140,0.5178038477897644,0.24711237681898562,0
4791,data/raw/bhsig260/BHSig160_Hindi/Genuine/H-S-140-G-21.tif,data/raw/bhsig260/BHSig160_Hindi/Forged/H-S-140-F-19.tif,0,skilled_forgery,100140,0.7811838388442993,0.24711237681898562,0
4792,data/raw/bhsig260/BHSig160_Hindi/Genuine/H-S-140-G-08.tif,data/raw/bhsig260/BHSig160_Hindi/Forged/H-S-140-F-05.tif,0,skilled_forgery,100140,0.5260413885116577,0.24711237681898562,0
4793,data/raw/bhsig260/BHSig160_Hindi/Genuine/H-S-140-G-21.tif,data/raw/bhsig260/BHSig160_Hindi/Forged/H-S-140-F-22.tif,0,skilled_forgery,100140,0.904147744178772,0.24711237681898562,0
4794,data/raw/bhsig260/BHSig160_Hindi/Genuine/H-S-140-G-20.tif,data/raw/bhsig260/BHSig160_Hindi/Forged/H-S-140-F-18.tif,0,skilled_forgery,100140,0.7394768595695496,0.24711237681898562,0
4795,data/raw/bhsig260/BHSig160_Hindi/Genuine/H-S-140-G-04.tif,data/raw/bhsig260/BHSig160_Hindi/Genuine/H-S-147-G-18.tif,0,random_forgery,100140,0.5327535271644592,0.24711237681898562,0
4796,data/raw/bhsig260/BHSig160_Hindi/Genuine/H-S-140-G-23.tif,data/raw/bhsig260/BHSig160_Hindi/Genuine/H-S-109-G-13.tif,0,random_forgery,100140,0.48328402638435364,0.24711237681898562,0
4797,data/raw/bhsig260/BHSig160_Hindi/Genuine/H-S-140-G-04.tif,data/raw/bhsig260/BHSig100_Bengali/Genuine/B-S-49-G-03.tif,0,random_forgery,100140,0.6492747664451599,0.24711237681898562,0
4798,data/raw/bhsig260/BHSig160_Hindi/Genuine/H-S-140-G-19.tif,data/raw/bhsig260/BHSig160_Hindi/Genuine/H-S-6-G-04.tif,0,random_forgery,100140,0.44541117548942566,0.24711237681898562,0
4799,data/raw/bhsig260/BHSig160_Hindi/Genuine/H-S-140-G-04.tif,data/raw/bhsig260/BHSig160_Hindi/Genuine/H-S-59-G-20.tif,0,random_forgery,100140,0.9232804179191589,0.24711237681898562,0
4800,data/raw/bhsig260/BHSig160_Hindi/Genuine/H-S-141-G-01.tif,data/raw/bhsig260/BHSig160_Hindi/Genuine/H-S-141-G-03.tif,1,genuine_genuine,100141,0.2969110906124115,0.24711237681898562,0
4801,data/raw/bhsig260/BHSig160_Hindi/Genuine/H-S-141-G-20.tif,data/raw/bhsig260/BHSig160_Hindi/Genuine/H-S-141-G-22.tif,1,genuine_genuine,100141,0.36613374948501587,0.24711237681898562,0
4802,data/raw/bhsig260/BHSig160_Hindi/Genuine/H-S-141-G-05.tif,data/raw/bhsig260/BHSig160_Hindi/Genuine/H-S-141-G-10.tif,1,genuine_genuine,100141,0.09962257742881775,0.24711237681898562,1
4803,data/raw/bhsig260/BHSig160_Hindi/Genuine/H-S-141-G-09.tif,data/raw/bhsig260/BHSig160_Hindi/Genuine/H-S-141-G-13.tif,1,genuine_genuine,100141,0.6058240532875061,0.24711237681898562,0
4804,data/raw/bhsig260/BHSig160_Hindi/Genuine/H-S-141-G-10.tif,data/raw/bhsig260/BHSig160_Hindi/Genuine/H-S-141-G-14.tif,1,genuine_genuine,100141,0.21776407957077026,0.24711237681898562,1
4805,data/raw/bhsig260/BHSig160_Hindi/Genuine/H-S-141-G-11.tif,data/raw/bhsig260/BHSig160_Hindi/Genuine/H-S-141-G-20.tif,1,genuine_genuine,100141,0.6052325367927551,0.24711237681898562,0
4806,data/raw/bhsig260/BHSig160_Hindi/Genuine/H-S-141-G-17.tif,data/raw/bhsig260/BHSig160_Hindi/Genuine/H-S-141-G-23.tif,1,genuine_genuine,100141,0.29233264923095703,0.24711237681898562,0
4807,data/raw/bhsig260/BHSig160_Hindi/Genuine/H-S-141-G-16.tif,data/raw/bhsig260/BHSig160_Hindi/Genuine/H-S-141-G-24.tif,1,genuine_genuine,100141,0.3787728250026703,0.24711237681898562,0
4808,data/raw/bhsig260/BHSig160_Hindi/Genuine/H-S-141-G-13.tif,data/raw/bhsig260/BHSig160_Hindi/Genuine/H-S-141-G-15.tif,1,genuine_genuine,100141,0.5666871070861816,0.24711237681898562,0
4809,data/raw/bhsig260/BHSig160_Hindi/Genuine/H-S-141-G-14.tif,data/raw/bhsig260/BHSig160_Hindi/Genuine/H-S-141-G-23.tif,1,genuine_genuine,100141,0.2711913287639618,0.24711237681898562,0
4810,data/raw/bhsig260/BHSig160_Hindi/Genuine/H-S-141-G-20.tif,data/raw/bhsig260/BHSig160_Hindi/Forged/H-S-141-F-03.tif,0,skilled_forgery,100141,0.856007993221283,0.24711237681898562,0
4811,data/raw/bhsig260/BHSig160_Hindi/Genuine/H-S-141-G-10.tif,data/raw/bhsig260/BHSig160_Hindi/Forged/H-S-141-F-23.tif,0,skilled_forgery,100141,0.17347270250320435,0.24711237681898562,1
4812,data/raw/bhsig260/BHSig160_Hindi/Genuine/H-S-141-G-07.tif,data/raw/bhsig260/BHSig160_Hindi/Forged/H-S-141-F-16.tif,0,skilled_forgery,100141,0.7469626665115356,0.24711237681898562,0
4813,data/raw/bhsig260/BHSig160_Hindi/Genuine/H-S-141-G-04.tif,data/raw/bhsig260/BHSig160_Hindi/Forged/H-S-141-F-25.tif,0,skilled_forgery,100141,0.424230694770813,0.24711237681898562,0
4814,data/raw/bhsig260/BHSig160_Hindi/Genuine/H-S-141-G-07.tif,data/raw/bhsig260/BHSig160_Hindi/Forged/H-S-141-F-26.tif,0,skilled_forgery,100141,0.6915658712387085,0.24711237681898562,0
4815,data/raw/bhsig260/BHSig160_Hindi/Genuine/H-S-141-G-06.tif,data/raw/bhsig260/BHSig100_Bengali/Genuine/B-S-44-G-13.tif,0,random_forgery,100141,0.18834035098552704,0.24711237681898562,1
4816,data/raw/bhsig260/BHSig160_Hindi/Genuine/H-S-141-G-10.tif,data/raw/bhsig260/BHSig160_Hindi/Genuine/H-S-95-G-18.tif,0,random_forgery,100141,0.3260502517223358,0.24711237681898562,0
4817,data/raw/bhsig260/BHSig160_Hindi/Genuine/H-S-141-G-16.tif,data/raw/bhsig260/BHSig100_Bengali/Genuine/B-S-19-G-22.tif,0,random_forgery,100141,0.49542197585105896,0.24711237681898562,0
4818,data/raw/bhsig260/BHSig160_Hindi/Genuine/H-S-141-G-07.tif,data/raw/bhsig260/BHSig100_Bengali/Genuine/B-S-89-G-07.tif,0,random_forgery,100141,1.0756064653396606,0.24711237681898562,0
4819,data/raw/bhsig260/BHSig160_Hindi/Genuine/H-S-141-G-03.tif,data/raw/bhsig260/BHSig160_Hindi/Genuine/H-S-43-G-23.tif,0,random_forgery,100141,0.6338204741477966,0.24711237681898562,0
4820,data/raw/bhsig260/BHSig160_Hindi/Genuine/H-S-142-G-13.tif,data/raw/bhsig260/BHSig160_Hindi/Genuine/H-S-142-G-14.tif,1,genuine_genuine,100142,0.2631433606147766,0.24711237681898562,0
4821,data/raw/bhsig260/BHSig160_Hindi/Genuine/H-S-142-G-02.tif,data/raw/bhsig260/BHSig160_Hindi/Genuine/H-S-142-G-15.tif,1,genuine_genuine,100142,0.47786152362823486,0.24711237681898562,0
4822,data/raw/bhsig260/BHSig160_Hindi/Genuine/H-S-142-G-03.tif,data/raw/bhsig260/BHSig160_Hindi/Genuine/H-S-142-G-06.tif,1,genuine_genuine,100142,0.4545277953147888,0.24711237681898562,0
4823,data/raw/bhsig260/BHSig160_Hindi/Genuine/H-S-142-G-05.tif,data/raw/bhsig260/BHSig160_Hindi/Genuine/H-S-142-G-11.tif,1,genuine_genuine,100142,0.12338896095752716,0.24711237681898562,1
4824,data/raw/bhsig260/BHSig160_Hindi/Genuine/H-S-142-G-03.tif,data/raw/bhsig260/BHSig160_Hindi/Genuine/H-S-142-G-20.tif,1,genuine_genuine,100142,0.28376561403274536,0.24711237681898562,0
4825,data/raw/bhsig260/BHSig160_Hindi/Genuine/H-S-142-G-17.tif,data/raw/bhsig260/BHSig160_Hindi/Genuine/H-S-142-G-22.tif,1,genuine_genuine,100142,0.45233219861984253,0.24711237681898562,0
4826,data/raw/bhsig260/BHSig160_Hindi/Genuine/H-S-142-G-04.tif,data/raw/bhsig260/BHSig160_Hindi/Genuine/H-S-142-G-12.tif,1,genuine_genuine,100142,0.10760042071342468,0.24711237681898562,1
4827,data/raw/bhsig260/BHSig160_Hindi/Genuine/H-S-142-G-07.tif,data/raw/bhsig260/BHSig160_Hindi/Genuine/H-S-142-G-10.tif,1,genuine_genuine,100142,0.7763452529907227,0.24711237681898562,0
4828,data/raw/bhsig260/BHSig160_Hindi/Genuine/H-S-142-G-06.tif,data/raw/bhsig260/BHSig160_Hindi/Genuine/H-S-142-G-16.tif,1,genuine_genuine,100142,0.8896363973617554,0.24711237681898562,0
4829,data/raw/bhsig260/BHSig160_Hindi/Genuine/H-S-142-G-07.tif,data/raw/bhsig260/BHSig160_Hindi/Genuine/H-S-142-G-20.tif,1,genuine_genuine,100142,0.6733043193817139,0.24711237681898562,0
4830,data/raw/bhsig260/BHSig160_Hindi/Genuine/H-S-142-G-23.tif,data/raw/bhsig260/BHSig160_Hindi/Forged/H-S-142-F-20.tif,0,skilled_forgery,100142,0.8554273843765259,0.24711237681898562,0
4831,data/raw/bhsig260/BHSig160_Hindi/Genuine/H-S-142-G-14.tif,data/raw/bhsig260/BHSig160_Hindi/Forged/H-S-142-F-10.tif,0,skilled_forgery,100142,0.3309025764465332,0.24711237681898562,0
4832,data/raw/bhsig260/BHSig160_Hindi/Genuine/H-S-142-G-03.tif,data/raw/bhsig260/BHSig160_Hindi/Forged/H-S-142-F-27.tif,0,skilled_forgery,100142,0.6819905638694763,0.24711237681898562,0
4833,data/raw/bhsig260/BHSig160_Hindi/Genuine/H-S-142-G-18.tif,data/raw/bhsig260/BHSig160_Hindi/Forged/H-S-142-F-26.tif,0,skilled_forgery,100142,0.5978037714958191,0.24711237681898562,0
4834,data/raw/bhsig260/BHSig160_Hindi/Genuine/H-S-142-G-21.tif,data/raw/bhsig260/BHSig160_Hindi/Forged/H-S-142-F-19.tif,0,skilled_forgery,100142,0.26389065384864807,0.24711237681898562,0
4835,data/raw/bhsig260/BHSig160_Hindi/Genuine/H-S-142-G-17.tif,data/raw/bhsig260/BHSig160_Hindi/Genuine/H-S-84-G-08.tif,0,random_forgery,100142,0.564288854598999,0.24711237681898562,0
4836,data/raw/bhsig260/BHSig160_Hindi/Genuine/H-S-142-G-20.tif,data/raw/bhsig260/BHSig160_Hindi/Genuine/H-S-107-G-06.tif,0,random_forgery,100142,0.883758544921875,0.24711237681898562,0
4837,data/raw/bhsig260/BHSig160_Hindi/Genuine/H-S-142-G-03.tif,data/raw/bhsig260/BHSig160_Hindi/Genuine/H-S-15-G-18.tif,0,random_forgery,100142,1.1389187574386597,0.24711237681898562,0
4838,data/raw/bhsig260/BHSig160_Hindi/Genuine/H-S-142-G-20.tif,data/raw/bhsig260/BHSig100_Bengali/Genuine/B-S-51-G-11.tif,0,random_forgery,100142,0.7515750527381897,0.24711237681898562,0
4839,data/raw/bhsig260/BHSig160_Hindi/Genuine/H-S-142-G-17.tif,data/raw/bhsig260/BHSig160_Hindi/Genuine/H-S-119-G-04.tif,0,random_forgery,100142,0.5122237205505371,0.24711237681898562,0
4840,data/raw/bhsig260/BHSig160_Hindi/Genuine/H-S-143-G-03.tif,data/raw/bhsig260/BHSig160_Hindi/Genuine/H-S-143-G-08.tif,1,genuine_genuine,100143,0.09417814761400223,0.24711237681898562,1
4841,data/raw/bhsig260/BHSig160_Hindi/Genuine/H-S-143-G-09.tif,data/raw/bhsig260/BHSig160_Hindi/Genuine/H-S-143-G-15.tif,1,genuine_genuine,100143,0.19254431128501892,0.24711237681898562,1
4842,data/raw/bhsig260/BHSig160_Hindi/Genuine/H-S-143-G-12.tif,data/raw/bhsig260/BHSig160_Hindi/Genuine/H-S-143-G-20.tif,1,genuine_genuine,100143,0.3288044035434723,0.24711237681898562,0
4843,data/raw/bhsig260/BHSig160_Hindi/Genuine/H-S-143-G-02.tif,data/raw/bhsig260/BHSig160_Hindi/Genuine/H-S-143-G-21.tif,1,genuine_genuine,100143,0.5409480929374695,0.24711237681898562,0
4844,data/raw/bhsig260/BHSig160_Hindi/Genuine/H-S-143-G-07.tif,data/raw/bhsig260/BHSig160_Hindi/Genuine/H-S-143-G-11.tif,1,genuine_genuine,100143,0.18349899351596832,0.24711237681898562,1
4845,data/raw/bhsig260/BHSig160_Hindi/Genuine/H-S-143-G-06.tif,data/raw/bhsig260/BHSig160_Hindi/Genuine/H-S-143-G-18.tif,1,genuine_genuine,100143,0.06870419532060623,0.24711237681898562,1
4846,data/raw/bhsig260/BHSig160_Hindi/Genuine/H-S-143-G-17.tif,data/raw/bhsig260/BHSig160_Hindi/Genuine/H-S-143-G-18.tif,1,genuine_genuine,100143,0.20106756687164307,0.24711237681898562,1
4847,data/raw/bhsig260/BHSig160_Hindi/Genuine/H-S-143-G-15.tif,data/raw/bhsig260/BHSig160_Hindi/Genuine/H-S-143-G-19.tif,1,genuine_genuine,100143,0.16289277374744415,0.24711237681898562,1
4848,data/raw/bhsig260/BHSig160_Hindi/Genuine/H-S-143-G-04.tif,data/raw/bhsig260/BHSig160_Hindi/Genuine/H-S-143-G-07.tif,1,genuine_genuine,100143,0.2139062136411667,0.24711237681898562,1
4849,data/raw/bhsig260/BHSig160_Hindi/Genuine/H-S-143-G-08.tif,data/raw/bhsig260/BHSig160_Hindi/Genuine/H-S-143-G-10.tif,1,genuine_genuine,100143,0.1505458503961563,0.24711237681898562,1
4850,data/raw/bhsig260/BHSig160_Hindi/Genuine/H-S-143-G-12.tif,data/raw/bhsig260/BHSig160_Hindi/Forged/H-S-143-F-15.tif,0,skilled_forgery,100143,0.17115119099617004,0.24711237681898562,1
4851,data/raw/bhsig260/BHSig160_Hindi/Genuine/H-S-143-G-15.tif,data/raw/bhsig260/BHSig160_Hindi/Forged/H-S-143-F-15.tif,0,skilled_forgery,100143,0.12597370147705078,0.24711237681898562,1
4852,data/raw/bhsig260/BHSig160_Hindi/Genuine/H-S-143-G-06.tif,data/raw/bhsig260/BHSig160_Hindi/Forged/H-S-143-F-10.tif,0,skilled_forgery,100143,0.034578293561935425,0.24711237681898562,1
4853,data/raw/bhsig260/BHSig160_Hindi/Genuine/H-S-143-G-21.tif,data/raw/bhsig260/BHSig160_Hindi/Forged/H-S-143-F-29.tif,0,skilled_forgery,100143,0.11475673317909241,0.24711237681898562,1
4854,data/raw/bhsig260/BHSig160_Hindi/Genuine/H-S-143-G-10.tif,data/raw/bhsig260/BHSig160_Hindi/Forged/H-S-143-F-13.tif,0,skilled_forgery,100143,0.355842649936676,0.24711237681898562,0
4855,data/raw/bhsig260/BHSig160_Hindi/Genuine/H-S-143-G-03.tif,data/raw/bhsig260/BHSig160_Hindi/Genuine/H-S-131-G-09.tif,0,random_forgery,100143,0.18239726126194,0.24711237681898562,1
4856,data/raw/bhsig260/BHSig160_Hindi/Genuine/H-S-143-G-07.tif,data/raw/bhsig260/BHSig160_Hindi/Genuine/H-S-15-G-17.tif,0,random_forgery,100143,0.22342462837696075,0.24711237681898562,1
4857,data/raw/bhsig260/BHSig160_Hindi/Genuine/H-S-143-G-09.tif,data/raw/bhsig260/BHSig160_Hindi/Genuine/H-S-125-G-06.tif,0,random_forgery,100143,0.4076424539089203,0.24711237681898562,0
4858,data/raw/bhsig260/BHSig160_Hindi/Genuine/H-S-143-G-07.tif,data/raw/bhsig260/BHSig160_Hindi/Genuine/H-S-26-G-22.tif,0,random_forgery,100143,0.14624792337417603,0.24711237681898562,1
4859,data/raw/bhsig260/BHSig160_Hindi/Genuine/H-S-143-G-24.tif,data/raw/bhsig260/BHSig160_Hindi/Genuine/H-S-27-G-03.tif,0,random_forgery,100143,0.615538477897644,0.24711237681898562,0
4860,data/raw/bhsig260/BHSig160_Hindi/Genuine/H-S-144-G-06.tif,data/raw/bhsig260/BHSig160_Hindi/Genuine/H-S-144-G-17.tif,1,genuine_genuine,100144,0.06691382825374603,0.24711237681898562,1
4861,data/raw/bhsig260/BHSig160_Hindi/Genuine/H-S-144-G-16.tif,data/raw/bhsig260/BHSig160_Hindi/Genuine/H-S-144-G-17.tif,1,genuine_genuine,100144,0.07902730256319046,0.24711237681898562,1
4862,data/raw/bhsig260/BHSig160_Hindi/Genuine/H-S-144-G-09.tif,data/raw/bhsig260/BHSig160_Hindi/Genuine/H-S-144-G-17.tif,1,genuine_genuine,100144,0.11323054879903793,0.24711237681898562,1
4863,data/raw/bhsig260/BHSig160_Hindi/Genuine/H-S-144-G-04.tif,data/raw/bhsig260/BHSig160_Hindi/Genuine/H-S-144-G-20.tif,1,genuine_genuine,100144,0.04801458120346069,0.24711237681898562,1
4864,data/raw/bhsig260/BHSig160_Hindi/Genuine/H-S-144-G-19.tif,data/raw/bhsig260/BHSig160_Hindi/Genuine/H-S-144-G-23.tif,1,genuine_genuine,100144,0.19888868927955627,0.24711237681898562,1
4865,data/raw/bhsig260/BHSig160_Hindi/Genuine/H-S-144-G-07.tif,data/raw/bhsig260/BHSig160_Hindi/Genuine/H-S-144-G-17.tif,1,genuine_genuine,100144,0.12633121013641357,0.24711237681898562,1
4866,data/raw/bhsig260/BHSig160_Hindi/Genuine/H-S-144-G-04.tif,data/raw/bhsig260/BHSig160_Hindi/Genuine/H-S-144-G-17.tif,1,genuine_genuine,100144,0.08582505583763123,0.24711237681898562,1
4867,data/raw/bhsig260/BHSig160_Hindi/Genuine/H-S-144-G-03.tif,data/raw/bhsig260/BHSig160_Hindi/Genuine/H-S-144-G-09.tif,1,genuine_genuine,100144,0.22836005687713623,0.24711237681898562,1
4868,data/raw/bhsig260/BHSig160_Hindi/Genuine/H-S-144-G-05.tif,data/raw/bhsig260/BHSig160_Hindi/Genuine/H-S-144-G-18.tif,1,genuine_genuine,100144,0.09026786684989929,0.24711237681898562,1
4869,data/raw/bhsig260/BHSig160_Hindi/Genuine/H-S-144-G-05.tif,data/raw/bhsig260/BHSig160_Hindi/Genuine/H-S-144-G-09.tif,1,genuine_genuine,100144,0.35237056016921997,0.24711237681898562,0
4870,data/raw/bhsig260/BHSig160_Hindi/Genuine/H-S-144-G-11.tif,data/raw/bhsig260/BHSig160_Hindi/Forged/H-S-144-F-20.tif,0,skilled_forgery,100144,0.4050295650959015,0.24711237681898562,0
4871,data/raw/bhsig260/BHSig160_Hindi/Genuine/H-S-144-G-08.tif,data/raw/bhsig260/BHSig160_Hindi/Forged/H-S-144-F-20.tif,0,skilled_forgery,100144,0.4116377830505371,0.24711237681898562,0
4872,data/raw/bhsig260/BHSig160_Hindi/Genuine/H-S-144-G-08.tif,data/raw/bhsig260/BHSig160_Hindi/Forged/H-S-144-F-07.tif,0,skilled_forgery,100144,0.437051385641098,0.24711237681898562,0
4873,data/raw/bhsig260/BHSig160_Hindi/Genuine/H-S-144-G-09.tif,data/raw/bhsig260/BHSig160_Hindi/Forged/H-S-144-F-30.tif,0,skilled_forgery,100144,0.4235605299472809,0.24711237681898562,0
4874,data/raw/bhsig260/BHSig160_Hindi/Genuine/H-S-144-G-08.tif,data/raw/bhsig260/BHSig160_Hindi/Forged/H-S-144-F-26.tif,0,skilled_forgery,100144,0.3893198072910309,0.24711237681898562,0
4875,data/raw/bhsig260/BHSig160_Hindi/Genuine/H-S-144-G-22.tif,data/raw/bhsig260/BHSig160_Hindi/Genuine/H-S-65-G-04.tif,0,random_forgery,100144,0.4161679446697235,0.24711237681898562,0
4876,data/raw/bhsig260/BHSig160_Hindi/Genuine/H-S-144-G-03.tif,data/raw/bhsig260/BHSig100_Bengali/Genuine/B-S-79-G-04.tif,0,random_forgery,100144,0.5647429823875427,0.24711237681898562,0
4877,data/raw/bhsig260/BHSig160_Hindi/Genuine/H-S-144-G-03.tif,data/raw/bhsig260/BHSig160_Hindi/Genuine/H-S-28-G-08.tif,0,random_forgery,100144,0.3412167429924011,0.24711237681898562,0
4878,data/raw/bhsig260/BHSig160_Hindi/Genuine/H-S-144-G-16.tif,data/raw/bhsig260/BHSig160_Hindi/Genuine/H-S-2-G-24.tif,0,random_forgery,100144,0.5918011665344238,0.24711237681898562,0
4879,data/raw/bhsig260/BHSig160_Hindi/Genuine/H-S-144-G-03.tif,data/raw/bhsig260/BHSig100_Bengali/Genuine/B-S-15-G-06.tif,0,random_forgery,100144,0.7877001166343689,0.24711237681898562,0
4880,data/raw/bhsig260/BHSig160_Hindi/Genuine/H-S-145-G-19.tif,data/raw/bhsig260/BHSig160_Hindi/Genuine/H-S-145-G-23.tif,1,genuine_genuine,100145,0.2244413197040558,0.24711237681898562,1
4881,data/raw/bhsig260/BHSig160_Hindi/Genuine/H-S-145-G-10.tif,data/raw/bhsig260/BHSig160_Hindi/Genuine/H-S-145-G-20.tif,1,genuine_genuine,100145,0.12426118552684784,0.24711237681898562,1
4882,data/raw/bhsig260/BHSig160_Hindi/Genuine/H-S-145-G-14.tif,data/raw/bhsig260/BHSig160_Hindi/Genuine/H-S-145-G-17.tif,1,genuine_genuine,100145,0.13363705575466156,0.24711237681898562,1
4883,data/raw/bhsig260/BHSig160_Hindi/Genuine/H-S-145-G-05.tif,data/raw/bhsig260/BHSig160_Hindi/Genuine/H-S-145-G-06.tif,1,genuine_genuine,100145,0.12957647442817688,0.24711237681898562,1
4884,data/raw/bhsig260/BHSig160_Hindi/Genuine/H-S-145-G-06.tif,data/raw/bhsig260/BHSig160_Hindi/Genuine/H-S-145-G-17.tif,1,genuine_genuine,100145,0.15527932345867157,0.24711237681898562,1
4885,data/raw/bhsig260/BHSig160_Hindi/Genuine/H-S-145-G-15.tif,data/raw/bhsig260/BHSig160_Hindi/Genuine/H-S-145-G-23.tif,1,genuine_genuine,100145,0.023739654570817947,0.24711237681898562,1
4886,data/raw/bhsig260/BHSig160_Hindi/Genuine/H-S-145-G-12.tif,data/raw/bhsig260/BHSig160_Hindi/Genuine/H-S-145-G-17.tif,1,genuine_genuine,100145,0.23065462708473206,0.24711237681898562,1
4887,data/raw/bhsig260/BHSig160_Hindi/Genuine/H-S-145-G-06.tif,data/raw/bhsig260/BHSig160_Hindi/Genuine/H-S-145-G-12.tif,1,genuine_genuine,100145,0.08810748904943466,0.24711237681898562,1
4888,data/raw/bhsig260/BHSig160_Hindi/Genuine/H-S-145-G-05.tif,data/raw/bhsig260/BHSig160_Hindi/Genuine/H-S-145-G-17.tif,1,genuine_genuine,100145,0.21746568381786346,0.24711237681898562,1
4889,data/raw/bhsig260/BHSig160_Hindi/Genuine/H-S-145-G-12.tif,data/raw/bhsig260/BHSig160_Hindi/Genuine/H-S-145-G-13.tif,1,genuine_genuine,100145,0.10761968791484833,0.24711237681898562,1
4890,data/raw/bhsig260/BHSig160_Hindi/Genuine/H-S-145-G-12.tif,data/raw/bhsig260/BHSig160_Hindi/Forged/H-S-145-F-01.tif,0,skilled_forgery,100145,0.2060186117887497,0.24711237681898562,1
4891,data/raw/bhsig260/BHSig160_Hindi/Genuine/H-S-145-G-16.tif,data/raw/bhsig260/BHSig160_Hindi/Forged/H-S-145-F-18.tif,0,skilled_forgery,100145,0.3169116675853729,0.24711237681898562,0
4892,data/raw/bhsig260/BHSig160_Hindi/Genuine/H-S-145-G-04.tif,data/raw/bhsig260/BHSig160_Hindi/Forged/H-S-145-F-21.tif,0,skilled_forgery,100145,0.23178395628929138,0.24711237681898562,1
4893,data/raw/bhsig260/BHSig160_Hindi/Genuine/H-S-145-G-21.tif,data/raw/bhsig260/BHSig160_Hindi/Forged/H-S-145-F-17.tif,0,skilled_forgery,100145,0.20362994074821472,0.24711237681898562,1
4894,data/raw/bhsig260/BHSig160_Hindi/Genuine/H-S-145-G-15.tif,data/raw/bhsig260/BHSig160_Hindi/Forged/H-S-145-F-01.tif,0,skilled_forgery,100145,0.42924103140830994,0.24711237681898562,0
4895,data/raw/bhsig260/BHSig160_Hindi/Genuine/H-S-145-G-19.tif,data/raw/bhsig260/BHSig160_Hindi/Genuine/H-S-40-G-15.tif,0,random_forgery,100145,0.4533710777759552,0.24711237681898562,0
4896,data/raw/bhsig260/BHSig160_Hindi/Genuine/H-S-145-G-24.tif,data/raw/bhsig260/BHSig160_Hindi/Genuine/H-S-67-G-20.tif,0,random_forgery,100145,0.23599064350128174,0.24711237681898562,1
4897,data/raw/bhsig260/BHSig160_Hindi/Genuine/H-S-145-G-21.tif,data/raw/bhsig260/BHSig100_Bengali/Genuine/B-S-96-G-16.tif,0,random_forgery,100145,0.43799781799316406,0.24711237681898562,0
4898,data/raw/bhsig260/BHSig160_Hindi/Genuine/H-S-145-G-13.tif,data/raw/bhsig260/BHSig100_Bengali/Genuine/B-S-88-G-10.tif,0,random_forgery,100145,0.1881600171327591,0.24711237681898562,1
4899,data/raw/bhsig260/BHSig160_Hindi/Genuine/H-S-145-G-21.tif,data/raw/bhsig260/BHSig160_Hindi/Genuine/H-S-27-G-01.tif,0,random_forgery,100145,0.1372714340686798,0.24711237681898562,1
4900,data/raw/bhsig260/BHSig160_Hindi/Genuine/H-S-146-G-08.tif,data/raw/bhsig260/BHSig160_Hindi/Genuine/H-S-146-G-10.tif,1,genuine_genuine,100146,0.03874655067920685,0.24711237681898562,1
4901,data/raw/bhsig260/BHSig160_Hindi/Genuine/H-S-146-G-04.tif,data/raw/bhsig260/BHSig160_Hindi/Genuine/H-S-146-G-16.tif,1,genuine_genuine,100146,0.5106382966041565,0.24711237681898562,0
4902,data/raw/bhsig260/BHSig160_Hindi/Genuine/H-S-146-G-15.tif,data/raw/bhsig260/BHSig160_Hindi/Genuine/H-S-146-G-16.tif,1,genuine_genuine,100146,0.08352677524089813,0.24711237681898562,1
4903,data/raw/bhsig260/BHSig160_Hindi/Genuine/H-S-146-G-09.tif,data/raw/bhsig260/BHSig160_Hindi/Genuine/H-S-146-G-14.tif,1,genuine_genuine,100146,0.3955000340938568,0.24711237681898562,0
4904,data/raw/bhsig260/BHSig160_Hindi/Genuine/H-S-146-G-04.tif,data/raw/bhsig260/BHSig160_Hindi/Genuine/H-S-146-G-12.tif,1,genuine_genuine,100146,0.45575061440467834,0.24711237681898562,0
4905,data/raw/bhsig260/BHSig160_Hindi/Genuine/H-S-146-G-02.tif,data/raw/bhsig260/BHSig160_Hindi/Genuine/H-S-146-G-05.tif,1,genuine_genuine,100146,0.4018782377243042,0.24711237681898562,0
4906,data/raw/bhsig260/BHSig160_Hindi/Genuine/H-S-146-G-03.tif,data/raw/bhsig260/BHSig160_Hindi/Genuine/H-S-146-G-20.tif,1,genuine_genuine,100146,0.21673743426799774,0.24711237681898562,1
4907,data/raw/bhsig260/BHSig160_Hindi/Genuine/H-S-146-G-01.tif,data/raw/bhsig260/BHSig160_Hindi/Genuine/H-S-146-G-13.tif,1,genuine_genuine,100146,0.16298647224903107,0.24711237681898562,1
4908,data/raw/bhsig260/BHSig160_Hindi/Genuine/H-S-146-G-11.tif,data/raw/bhsig260/BHSig160_Hindi/Genuine/H-S-146-G-18.tif,1,genuine_genuine,100146,0.27347418665885925,0.24711237681898562,0
4909,data/raw/bhsig260/BHSig160_Hindi/Genuine/H-S-146-G-04.tif,data/raw/bhsig260/BHSig160_Hindi/Genuine/H-S-146-G-05.tif,1,genuine_genuine,100146,0.4258626699447632,0.24711237681898562,0
4910,data/raw/bhsig260/BHSig160_Hindi/Genuine/H-S-146-G-20.tif,data/raw/bhsig260/BHSig160_Hindi/Forged/H-S-146-F-13.tif,0,skilled_forgery,100146,0.1857384294271469,0.24711237681898562,1
4911,data/raw/bhsig260/BHSig160_Hindi/Genuine/H-S-146-G-24.tif,data/raw/bhsig260/BHSig160_Hindi/Forged/H-S-146-F-15.tif,0,skilled_forgery,100146,0.41520625352859497,0.24711237681898562,0
4912,data/raw/bhsig260/BHSig160_Hindi/Genuine/H-S-146-G-03.tif,data/raw/bhsig260/BHSig160_Hindi/Forged/H-S-146-F-15.tif,0,skilled_forgery,100146,0.3593568503856659,0.24711237681898562,0
4913,data/raw/bhsig260/BHSig160_Hindi/Genuine/H-S-146-G-17.tif,data/raw/bhsig260/BHSig160_Hindi/Forged/H-S-146-F-03.tif,0,skilled_forgery,100146,0.0720396637916565,0.24711237681898562,1
4914,data/raw/bhsig260/BHSig160_Hindi/Genuine/H-S-146-G-07.tif,data/raw/bhsig260/BHSig160_Hindi/Forged/H-S-146-F-23.tif,0,skilled_forgery,100146,0.5900124907493591,0.24711237681898562,0
4915,data/raw/bhsig260/BHSig160_Hindi/Genuine/H-S-146-G-23.tif,data/raw/bhsig260/BHSig160_Hindi/Genuine/H-S-47-G-22.tif,0,random_forgery,100146,1.1737027168273926,0.24711237681898562,0
4916,data/raw/bhsig260/BHSig160_Hindi/Genuine/H-S-146-G-23.tif,data/raw/bhsig260/BHSig100_Bengali/Genuine/B-S-28-G-15.tif,0,random_forgery,100146,0.9556870460510254,0.24711237681898562,0
4917,data/raw/bhsig260/BHSig160_Hindi/Genuine/H-S-146-G-17.tif,data/raw/bhsig260/BHSig160_Hindi/Genuine/H-S-123-G-06.tif,0,random_forgery,100146,0.8398467898368835,0.24711237681898562,0
4918,data/raw/bhsig260/BHSig160_Hindi/Genuine/H-S-146-G-21.tif,data/raw/bhsig260/BHSig100_Bengali/Genuine/B-S-10-G-01.tif,0,random_forgery,100146,0.7750139236450195,0.24711237681898562,0
4919,data/raw/bhsig260/BHSig160_Hindi/Genuine/H-S-146-G-14.tif,data/raw/bhsig260/BHSig160_Hindi/Genuine/H-S-92-G-24.tif,0,random_forgery,100146,0.4947293698787689,0.24711237681898562,0
4920,data/raw/bhsig260/BHSig160_Hindi/Genuine/H-S-147-G-06.tif,data/raw/bhsig260/BHSig160_Hindi/Genuine/H-S-147-G-18.tif,1,genuine_genuine,100147,0.22151584923267365,0.24711237681898562,1
4921,data/raw/bhsig260/BHSig160_Hindi/Genuine/H-S-147-G-04.tif,data/raw/bhsig260/BHSig160_Hindi/Genuine/H-S-147-G-16.tif,1,genuine_genuine,100147,0.3319110572338104,0.24711237681898562,0
4922,data/raw/bhsig260/BHSig160_Hindi/Genuine/H-S-147-G-02.tif,data/raw/bhsig260/BHSig160_Hindi/Genuine/H-S-147-G-14.tif,1,genuine_genuine,100147,0.07123281806707382,0.24711237681898562,1
4923,data/raw/bhsig260/BHSig160_Hindi/Genuine/H-S-147-G-13.tif,data/raw/bhsig260/BHSig160_Hindi/Genuine/H-S-147-G-21.tif,1,genuine_genuine,100147,0.07041176408529282,0.24711237681898562,1
4924,data/raw/bhsig260/BHSig160_Hindi/Genuine/H-S-147-G-06.tif,data/raw/bhsig260/BHSig160_Hindi/Genuine/H-S-147-G-14.tif,1,genuine_genuine,100147,0.2284635454416275,0.24711237681898562,1
4925,data/raw/bhsig260/BHSig160_Hindi/Genuine/H-S-147-G-04.tif,data/raw/bhsig260/BHSig160_Hindi/Genuine/H-S-147-G-09.tif,1,genuine_genuine,100147,0.17523330450057983,0.24711237681898562,1
4926,data/raw/bhsig260/BHSig160_Hindi/Genuine/H-S-147-G-08.tif,data/raw/bhsig260/BHSig160_Hindi/Genuine/H-S-147-G-12.tif,1,genuine_genuine,100147,0.2989656329154968,0.24711237681898562,0
4927,data/raw/bhsig260/BHSig160_Hindi/Genuine/H-S-147-G-16.tif,data/raw/bhsig260/BHSig160_Hindi/Genuine/H-S-147-G-22.tif,1,genuine_genuine,100147,0.03772435337305069,0.24711237681898562,1
4928,data/raw/bhsig260/BHSig160_Hindi/Genuine/H-S-147-G-08.tif,data/raw/bhsig260/BHSig160_Hindi/Genuine/H-S-147-G-09.tif,1,genuine_genuine,100147,0.17139270901679993,0.24711237681898562,1
4929,data/raw/bhsig260/BHSig160_Hindi/Genuine/H-S-147-G-03.tif,data/raw/bhsig260/BHSig160_Hindi/Genuine/H-S-147-G-10.tif,1,genuine_genuine,100147,0.16546101868152618,0.24711237681898562,1
4930,data/raw/bhsig260/BHSig160_Hindi/Genuine/H-S-147-G-20.tif,data/raw/bhsig260/BHSig160_Hindi/Forged/H-S-147-F-23.tif,0,skilled_forgery,100147,0.18758626282215118,0.24711237681898562,1
4931,data/raw/bhsig260/BHSig160_Hindi/Genuine/H-S-147-G-07.tif,data/raw/bhsig260/BHSig160_Hindi/Forged/H-S-147-F-18.tif,0,skilled_forgery,100147,0.0931716039776802,0.24711237681898562,1
4932,data/raw/bhsig260/BHSig160_Hindi/Genuine/H-S-147-G-12.tif,data/raw/bhsig260/BHSig160_Hindi/Forged/H-S-147-F-03.tif,0,skilled_forgery,100147,0.16776339709758759,0.24711237681898562,1
4933,data/raw/bhsig260/BHSig160_Hindi/Genuine/H-S-147-G-11.tif,data/raw/bhsig260/BHSig160_Hindi/Forged/H-S-147-F-24.tif,0,skilled_forgery,100147,0.23381806910037994,0.24711237681898562,1
4934,data/raw/bhsig260/BHSig160_Hindi/Genuine/H-S-147-G-17.tif,data/raw/bhsig260/BHSig160_Hindi/Forged/H-S-147-F-18.tif,0,skilled_forgery,100147,0.2029387503862381,0.24711237681898562,1
4935,data/raw/bhsig260/BHSig160_Hindi/Genuine/H-S-147-G-22.tif,data/raw/bhsig260/BHSig160_Hindi/Genuine/H-S-47-G-08.tif,0,random_forgery,100147,1.1929954290390015,0.24711237681898562,0
4936,data/raw/bhsig260/BHSig160_Hindi/Genuine/H-S-147-G-04.tif,data/raw/bhsig260/BHSig160_Hindi/Genuine/H-S-50-G-03.tif,0,random_forgery,100147,0.503853440284729,0.24711237681898562,0
4937,data/raw/bhsig260/BHSig160_Hindi/Genuine/H-S-147-G-09.tif,data/raw/bhsig260/BHSig160_Hindi/Genuine/H-S-77-G-06.tif,0,random_forgery,100147,0.5684296488761902,0.24711237681898562,0
4938,data/raw/bhsig260/BHSig160_Hindi/Genuine/H-S-147-G-21.tif,data/raw/bhsig260/BHSig160_Hindi/Genuine/H-S-116-G-18.tif,0,random_forgery,100147,0.443988174200058,0.24711237681898562,0
4939,data/raw/bhsig260/BHSig160_Hindi/Genuine/H-S-147-G-10.tif,data/raw/bhsig260/BHSig160_Hindi/Genuine/H-S-91-G-10.tif,0,random_forgery,100147,0.9611961841583252,0.24711237681898562,0
4940,data/raw/bhsig260/BHSig160_Hindi/Genuine/H-S-148-G-05.tif,data/raw/bhsig260/BHSig160_Hindi/Genuine/H-S-148-G-21.tif,1,genuine_genuine,100148,0.29474616050720215,0.24711237681898562,0
4941,data/raw/bhsig260/BHSig160_Hindi/Genuine/H-S-148-G-10.tif,data/raw/bhsig260/BHSig160_Hindi/Genuine/H-S-148-G-24.tif,1,genuine_genuine,100148,0.03080303966999054,0.24711237681898562,1
4942,data/raw/bhsig260/BHSig160_Hindi/Genuine/H-S-148-G-01.tif,data/raw/bhsig260/BHSig160_Hindi/Genuine/H-S-148-G-12.tif,1,genuine_genuine,100148,0.22077156603336334,0.24711237681898562,1
4943,data/raw/bhsig260/BHSig160_Hindi/Genuine/H-S-148-G-14.tif,data/raw/bhsig260/BHSig160_Hindi/Genuine/H-S-148-G-24.tif,1,genuine_genuine,100148,0.0646316334605217,0.24711237681898562,1
4944,data/raw/bhsig260/BHSig160_Hindi/Genuine/H-S-148-G-13.tif,data/raw/bhsig260/BHSig160_Hindi/Genuine/H-S-148-G-16.tif,1,genuine_genuine,100148,0.23032492399215698,0.24711237681898562,1
4945,data/raw/bhsig260/BHSig160_Hindi/Genuine/H-S-148-G-08.tif,data/raw/bhsig260/BHSig160_Hindi/Genuine/H-S-148-G-21.tif,1,genuine_genuine,100148,0.1188153550028801,0.24711237681898562,1
4946,data/raw/bhsig260/BHSig160_Hindi/Genuine/H-S-148-G-06.tif,data/raw/bhsig260/BHSig160_Hindi/Genuine/H-S-148-G-14.tif,1,genuine_genuine,100148,0.11432662606239319,0.24711237681898562,1
4947,data/raw/bhsig260/BHSig160_Hindi/Genuine/H-S-148-G-17.tif,data/raw/bhsig260/BHSig160_Hindi/Genuine/H-S-148-G-18.tif,1,genuine_genuine,100148,0.14508174359798431,0.24711237681898562,1
4948,data/raw/bhsig260/BHSig160_Hindi/Genuine/H-S-148-G-02.tif,data/raw/bhsig260/BHSig160_Hindi/Genuine/H-S-148-G-22.tif,1,genuine_genuine,100148,0.25027531385421753,0.24711237681898562,0
4949,data/raw/bhsig260/BHSig160_Hindi/Genuine/H-S-148-G-03.tif,data/raw/bhsig260/BHSig160_Hindi/Genuine/H-S-148-G-07.tif,1,genuine_genuine,100148,0.09204567223787308,0.24711237681898562,1
4950,data/raw/bhsig260/BHSig160_Hindi/Genuine/H-S-148-G-10.tif,data/raw/bhsig260/BHSig160_Hindi/Forged/H-S-148-F-23.tif,0,skilled_forgery,100148,0.29972589015960693,0.24711237681898562,0
4951,data/raw/bhsig260/BHSig160_Hindi/Genuine/H-S-148-G-21.tif,data/raw/bhsig260/BHSig160_Hindi/Forged/H-S-148-F-24.tif,0,skilled_forgery,100148,0.44059619307518005,0.24711237681898562,0
4952,data/raw/bhsig260/BHSig160_Hindi/Genuine/H-S-148-G-07.tif,data/raw/bhsig260/BHSig160_Hindi/Forged/H-S-148-F-09.tif,0,skilled_forgery,100148,0.44095379114151,0.24711237681898562,0
4953,data/raw/bhsig260/BHSig160_Hindi/Genuine/H-S-148-G-01.tif,data/raw/bhsig260/BHSig160_Hindi/Forged/H-S-148-F-11.tif,0,skilled_forgery,100148,0.2737003266811371,0.24711237681898562,0
4954,data/raw/bhsig260/BHSig160_Hindi/Genuine/H-S-148-G-17.tif,data/raw/bhsig260/BHSig160_Hindi/Forged/H-S-148-F-05.tif,0,skilled_forgery,100148,0.5364400744438171,0.24711237681898562,0
4955,data/raw/bhsig260/BHSig160_Hindi/Genuine/H-S-148-G-02.tif,data/raw/bhsig260/BHSig100_Bengali/Genuine/B-S-68-G-06.tif,0,random_forgery,100148,0.35364285111427307,0.24711237681898562,0
4956,data/raw/bhsig260/BHSig160_Hindi/Genuine/H-S-148-G-14.tif,data/raw/bhsig260/BHSig160_Hindi/Genuine/H-S-076-G-22.tif,0,random_forgery,100148,0.7529446482658386,0.24711237681898562,0
4957,data/raw/bhsig260/BHSig160_Hindi/Genuine/H-S-148-G-09.tif,data/raw/bhsig260/BHSig160_Hindi/Genuine/H-S-154-G-07.tif,0,random_forgery,100148,0.376033216714859,0.24711237681898562,0
4958,data/raw/bhsig260/BHSig160_Hindi/Genuine/H-S-148-G-12.tif,data/raw/bhsig260/BHSig100_Bengali/Genuine/B-S-14-G-05.tif,0,random_forgery,100148,0.7750743627548218,0.24711237681898562,0
4959,data/raw/bhsig260/BHSig160_Hindi/Genuine/H-S-148-G-14.tif,data/raw/bhsig260/BHSig160_Hindi/Genuine/H-S-132-G-08.tif,0,random_forgery,100148,0.3135035037994385,0.24711237681898562,0
4960,data/raw/bhsig260/BHSig160_Hindi/Genuine/H-S-149-G-04.tif,data/raw/bhsig260/BHSig160_Hindi/Genuine/H-S-149-G-13.tif,1,genuine_genuine,100149,0.3191037178039551,0.24711237681898562,0
4961,data/raw/bhsig260/BHSig160_Hindi/Genuine/H-S-149-G-10.tif,data/raw/bhsig260/BHSig160_Hindi/Genuine/H-S-149-G-16.tif,1,genuine_genuine,100149,0.07946818321943283,0.24711237681898562,1
4962,data/raw/bhsig260/BHSig160_Hindi/Genuine/H-S-149-G-05.tif,data/raw/bhsig260/BHSig160_Hindi/Genuine/H-S-149-G-16.tif,1,genuine_genuine,100149,0.13570398092269897,0.24711237681898562,1
4963,data/raw/bhsig260/BHSig160_Hindi/Genuine/H-S-149-G-13.tif,data/raw/bhsig260/BHSig160_Hindi/Genuine/H-S-149-G-23.tif,1,genuine_genuine,100149,0.1558920294046402,0.24711237681898562,1
4964,data/raw/bhsig260/BHSig160_Hindi/Genuine/H-S-149-G-19.tif,data/raw/bhsig260/BHSig160_Hindi/Genuine/H-S-149-G-23.tif,1,genuine_genuine,100149,0.39550819993019104,0.24711237681898562,0
4965,data/raw/bhsig260/BHSig160_Hindi/Genuine/H-S-149-G-01.tif,data/raw/bhsig260/BHSig160_Hindi/Genuine/H-S-149-G-08.tif,1,genuine_genuine,100149,0.7424970865249634,0.24711237681898562,0
4966,data/raw/bhsig260/BHSig160_Hindi/Genuine/H-S-149-G-22.tif,data/raw/bhsig260/BHSig160_Hindi/Genuine/H-S-149-G-23.tif,1,genuine_genuine,100149,0.4001915454864502,0.24711237681898562,0
4967,data/raw/bhsig260/BHSig160_Hindi/Genuine/H-S-149-G-12.tif,data/raw/bhsig260/BHSig160_Hindi/Genuine/H-S-149-G-23.tif,1,genuine_genuine,100149,0.38554590940475464,0.24711237681898562,0
4968,data/raw/bhsig260/BHSig160_Hindi/Genuine/H-S-149-G-09.tif,data/raw/bhsig260/BHSig160_Hindi/Genuine/H-S-149-G-10.tif,1,genuine_genuine,100149,0.9351852536201477,0.24711237681898562,0
4969,data/raw/bhsig260/BHSig160_Hindi/Genuine/H-S-149-G-14.tif,data/raw/bhsig260/BHSig160_Hindi/Genuine/H-S-149-G-22.tif,1,genuine_genuine,100149,0.31862279772758484,0.24711237681898562,0
4970,data/raw/bhsig260/BHSig160_Hindi/Genuine/H-S-149-G-08.tif,data/raw/bhsig260/BHSig160_Hindi/Forged/H-S-149-F-07.tif,0,skilled_forgery,100149,0.3246745467185974,0.24711237681898562,0
4971,data/raw/bhsig260/BHSig160_Hindi/Genuine/H-S-149-G-24.tif,data/raw/bhsig260/BHSig160_Hindi/Forged/H-S-149-F-01.tif,0,skilled_forgery,100149,0.6734552979469299,0.24711237681898562,0
4972,data/raw/bhsig260/BHSig160_Hindi/Genuine/H-S-149-G-07.tif,data/raw/bhsig260/BHSig160_Hindi/Forged/H-S-149-F-20.tif,0,skilled_forgery,100149,0.29639947414398193,0.24711237681898562,0
4973,data/raw/bhsig260/BHSig160_Hindi/Genuine/H-S-149-G-13.tif,data/raw/bhsig260/BHSig160_Hindi/Forged/H-S-149-F-11.tif,0,skilled_forgery,100149,0.16686971485614777,0.24711237681898562,1
4974,data/raw/bhsig260/BHSig160_Hindi/Genuine/H-S-149-G-02.tif,data/raw/bhsig260/BHSig160_Hindi/Forged/H-S-149-F-16.tif,0,skilled_forgery,100149,0.49581262469291687,0.24711237681898562,0
4975,data/raw/bhsig260/BHSig160_Hindi/Genuine/H-S-149-G-19.tif,data/raw/bhsig260/BHSig100_Bengali/Genuine/B-S-54-G-17.tif,0,random_forgery,100149,0.48273563385009766,0.24711237681898562,0
4976,data/raw/bhsig260/BHSig160_Hindi/Genuine/H-S-149-G-06.tif,data/raw/bhsig260/BHSig100_Bengali/Genuine/B-S-96-G-24.tif,0,random_forgery,100149,0.440070241689682,0.24711237681898562,0
4977,data/raw/bhsig260/BHSig160_Hindi/Genuine/H-S-149-G-10.tif,data/raw/bhsig260/BHSig100_Bengali/Genuine/B-S-74-G-16.tif,0,random_forgery,100149,1.1545859575271606,0.24711237681898562,0
4978,data/raw/bhsig260/BHSig160_Hindi/Genuine/H-S-149-G-11.tif,data/raw/bhsig260/BHSig100_Bengali/Genuine/B-S-8-G-02.tif,0,random_forgery,100149,0.658305823802948,0.24711237681898562,0
4979,data/raw/bhsig260/BHSig160_Hindi/Genuine/H-S-149-G-17.tif,data/raw/bhsig260/BHSig160_Hindi/Genuine/H-S-32-G-12.tif,0,random_forgery,100149,0.13713638484477997,0.24711237681898562,1
4980,data/raw/bhsig260/BHSig160_Hindi/Genuine/H-S-150-G-03.tif,data/raw/bhsig260/BHSig160_Hindi/Genuine/H-S-150-G-05.tif,1,genuine_genuine,100150,0.5018843412399292,0.24711237681898562,0
4981,data/raw/bhsig260/BHSig160_Hindi/Genuine/H-S-150-G-09.tif,data/raw/bhsig260/BHSig160_Hindi/Genuine/H-S-150-G-20.tif,1,genuine_genuine,100150,0.7924648523330688,0.24711237681898562,0
4982,data/raw/bhsig260/BHSig160_Hindi/Genuine/H-S-150-G-01.tif,data/raw/bhsig260/BHSig160_Hindi/Genuine/H-S-150-G-08.tif,1,genuine_genuine,100150,0.7691269516944885,0.24711237681898562,0
4983,data/raw/bhsig260/BHSig160_Hindi/Genuine/H-S-150-G-08.tif,data/raw/bhsig260/BHSig160_Hindi/Genuine/H-S-150-G-21.tif,1,genuine_genuine,100150,0.16656197607517242,0.24711237681898562,1
4984,data/raw/bhsig260/BHSig160_Hindi/Genuine/H-S-150-G-07.tif,data/raw/bhsig260/BHSig160_Hindi/Genuine/H-S-150-G-10.tif,1,genuine_genuine,100150,0.7548522353172302,0.24711237681898562,0
4985,data/raw/bhsig260/BHSig160_Hindi/Genuine/H-S-150-G-12.tif,data/raw/bhsig260/BHSig160_Hindi/Genuine/H-S-150-G-19.tif,1,genuine_genuine,100150,0.26899561285972595,0.24711237681898562,0
4986,data/raw/bhsig260/BHSig160_Hindi/Genuine/H-S-150-G-06.tif,data/raw/bhsig260/BHSig160_Hindi/Genuine/H-S-150-G-14.tif,1,genuine_genuine,100150,0.6514935493469238,0.24711237681898562,0
4987,data/raw/bhsig260/BHSig160_Hindi/Genuine/H-S-150-G-11.tif,data/raw/bhsig260/BHSig160_Hindi/Genuine/H-S-150-G-12.tif,1,genuine_genuine,100150,0.4183402359485626,0.24711237681898562,0
4988,data/raw/bhsig260/BHSig160_Hindi/Genuine/H-S-150-G-21.tif,data/raw/bhsig260/BHSig160_Hindi/Genuine/H-S-150-G-23.tif,1,genuine_genuine,100150,0.521582841873169,0.24711237681898562,0
4989,data/raw/bhsig260/BHSig160_Hindi/Genuine/H-S-150-G-18.tif,data/raw/bhsig260/BHSig160_Hindi/Genuine/H-S-150-G-24.tif,1,genuine_genuine,100150,0.0905747041106224,0.24711237681898562,1
4990,data/raw/bhsig260/BHSig160_Hindi/Genuine/H-S-150-G-16.tif,data/raw/bhsig260/BHSig160_Hindi/Forged/H-S-150-F-01.tif,0,skilled_forgery,100150,0.24822436273097992,0.24711237681898562,0
4991,data/raw/bhsig260/BHSig160_Hindi/Genuine/H-S-150-G-07.tif,data/raw/bhsig260/BHSig160_Hindi/Forged/H-S-150-F-08.tif,0,skilled_forgery,100150,0.727916419506073,0.24711237681898562,0
4992,data/raw/bhsig260/BHSig160_Hindi/Genuine/H-S-150-G-01.tif,data/raw/bhsig260/BHSig160_Hindi/Forged/H-S-150-F-01.tif,0,skilled_forgery,100150,0.9768856167793274,0.24711237681898562,0
4993,data/raw/bhsig260/BHSig160_Hindi/Genuine/H-S-150-G-16.tif,data/raw/bhsig260/BHSig160_Hindi/Forged/H-S-150-F-09.tif,0,skilled_forgery,100150,0.25284847617149353,0.24711237681898562,0
4994,data/raw/bhsig260/BHSig160_Hindi/Genuine/H-S-150-G-16.tif,data/raw/bhsig260/BHSig160_Hindi/Forged/H-S-150-F-27.tif,0,skilled_forgery,100150,0.28847840428352356,0.24711237681898562,0
4995,data/raw/bhsig260/BHSig160_Hindi/Genuine/H-S-150-G-11.tif,data/raw/bhsig260/BHSig160_Hindi/Genuine/H-S-68-G-18.tif,0,random_forgery,100150,0.21622252464294434,0.24711237681898562,1
4996,data/raw/bhsig260/BHSig160_Hindi/Genuine/H-S-150-G-22.tif,data/raw/bhsig260/BHSig160_Hindi/Genuine/H-S-133-G-18.tif,0,random_forgery,100150,0.40668806433677673,0.24711237681898562,0
4997,data/raw/bhsig260/BHSig160_Hindi/Genuine/H-S-150-G-06.tif,data/raw/bhsig260/BHSig160_Hindi/Genuine/H-S-141-G-03.tif,0,random_forgery,100150,0.44881680607795715,0.24711237681898562,0
4998,data/raw/bhsig260/BHSig160_Hindi/Genuine/H-S-150-G-15.tif,data/raw/bhsig260/BHSig100_Bengali/Genuine/B-S-4-G-24.tif,0,random_forgery,100150,0.6227017045021057,0.24711237681898562,0
4999,data/raw/bhsig260/BHSig160_Hindi/Genuine/H-S-150-G-12.tif,data/raw/bhsig260/BHSig100_Bengali/Genuine/B-S-31-G-23.tif,0,random_forgery,100150,1.0411981344223022,0.24711237681898562,0
5000,data/raw/bhsig260/BHSig160_Hindi/Genuine/H-S-151-G-01.tif,data/raw/bhsig260/BHSig160_Hindi/Genuine/H-S-151-G-11.tif,1,genuine_genuine,100151,0.15686655044555664,0.24711237681898562,1
5001,data/raw/bhsig260/BHSig160_Hindi/Genuine/H-S-151-G-07.tif,data/raw/bhsig260/BHSig160_Hindi/Genuine/H-S-151-G-10.tif,1,genuine_genuine,100151,0.11595233529806137,0.24711237681898562,1
5002,data/raw/bhsig260/BHSig160_Hindi/Genuine/H-S-151-G-07.tif,data/raw/bhsig260/BHSig160_Hindi/Genuine/H-S-151-G-18.tif,1,genuine_genuine,100151,0.16050037741661072,0.24711237681898562,1
5003,data/raw/bhsig260/BHSig160_Hindi/Genuine/H-S-151-G-12.tif,data/raw/bhsig260/BHSig160_Hindi/Genuine/H-S-151-G-16.tif,1,genuine_genuine,100151,0.6483650803565979,0.24711237681898562,0
5004,data/raw/bhsig260/BHSig160_Hindi/Genuine/H-S-151-G-01.tif,data/raw/bhsig260/BHSig160_Hindi/Genuine/H-S-151-G-02.tif,1,genuine_genuine,100151,0.13987016677856445,0.24711237681898562,1
5005,data/raw/bhsig260/BHSig160_Hindi/Genuine/H-S-151-G-10.tif,data/raw/bhsig260/BHSig160_Hindi/Genuine/H-S-151-G-18.tif,1,genuine_genuine,100151,0.11060332506895065,0.24711237681898562,1
5006,data/raw/bhsig260/BHSig160_Hindi/Genuine/H-S-151-G-02.tif,data/raw/bhsig260/BHSig160_Hindi/Genuine/H-S-151-G-12.tif,1,genuine_genuine,100151,0.4271814227104187,0.24711237681898562,0
5007,data/raw/bhsig260/BHSig160_Hindi/Genuine/H-S-151-G-22.tif,data/raw/bhsig260/BHSig160_Hindi/Genuine/H-S-151-G-24.tif,1,genuine_genuine,100151,0.11418738216161728,0.24711237681898562,1
5008,data/raw/bhsig260/BHSig160_Hindi/Genuine/H-S-151-G-12.tif,data/raw/bhsig260/BHSig160_Hindi/Genuine/H-S-151-G-23.tif,1,genuine_genuine,100151,0.4447903335094452,0.24711237681898562,0
5009,data/raw/bhsig260/BHSig160_Hindi/Genuine/H-S-151-G-02.tif,data/raw/bhsig260/BHSig160_Hindi/Genuine/H-S-151-G-19.tif,1,genuine_genuine,100151,0.13466332852840424,0.24711237681898562,1
5010,data/raw/bhsig260/BHSig160_Hindi/Genuine/H-S-151-G-14.tif,data/raw/bhsig260/BHSig160_Hindi/Forged/H-S-151-F-28.tif,0,skilled_forgery,100151,1.0579725503921509,0.24711237681898562,0
5011,data/raw/bhsig260/BHSig160_Hindi/Genuine/H-S-151-G-09.tif,data/raw/bhsig260/BHSig160_Hindi/Forged/H-S-151-F-26.tif,0,skilled_forgery,100151,1.0201058387756348,0.24711237681898562,0
5012,data/raw/bhsig260/BHSig160_Hindi/Genuine/H-S-151-G-22.tif,data/raw/bhsig260/BHSig160_Hindi/Forged/H-S-151-F-15.tif,0,skilled_forgery,100151,1.1058895587921143,0.24711237681898562,0
5013,data/raw/bhsig260/BHSig160_Hindi/Genuine/H-S-151-G-05.tif,data/raw/bhsig260/BHSig160_Hindi/Forged/H-S-151-F-13.tif,0,skilled_forgery,100151,0.9129914045333862,0.24711237681898562,0
5014,data/raw/bhsig260/BHSig160_Hindi/Genuine/H-S-151-G-23.tif,data/raw/bhsig260/BHSig160_Hindi/Forged/H-S-151-F-02.tif,0,skilled_forgery,100151,1.0199030637741089,0.24711237681898562,0
5015,data/raw/bhsig260/BHSig160_Hindi/Genuine/H-S-151-G-22.tif,data/raw/bhsig260/BHSig160_Hindi/Genuine/H-S-144-G-12.tif,0,random_forgery,100151,0.5675351023674011,0.24711237681898562,0
5016,data/raw/bhsig260/BHSig160_Hindi/Genuine/H-S-151-G-16.tif,data/raw/bhsig260/BHSig160_Hindi/Genuine/H-S-144-G-08.tif,0,random_forgery,100151,0.7459189891815186,0.24711237681898562,0
5017,data/raw/bhsig260/BHSig160_Hindi/Genuine/H-S-151-G-01.tif,data/raw/bhsig260/BHSig100_Bengali/Genuine/B-S-95-G-21.tif,0,random_forgery,100151,0.49102479219436646,0.24711237681898562,0
5018,data/raw/bhsig260/BHSig160_Hindi/Genuine/H-S-151-G-16.tif,data/raw/bhsig260/BHSig100_Bengali/Genuine/B-S-59-G-21.tif,0,random_forgery,100151,0.44000041484832764,0.24711237681898562,0
5019,data/raw/bhsig260/BHSig160_Hindi/Genuine/H-S-151-G-02.tif,data/raw/bhsig260/BHSig160_Hindi/Genuine/H-S-129-G-08.tif,0,random_forgery,100151,0.544657289981842,0.24711237681898562,0
5020,data/raw/bhsig260/BHSig160_Hindi/Genuine/H-S-152-G-14.tif,data/raw/bhsig260/BHSig160_Hindi/Genuine/H-S-152-G-23.tif,1,genuine_genuine,100152,0.0726177766919136,0.24711237681898562,1
5021,data/raw/bhsig260/BHSig160_Hindi/Genuine/H-S-152-G-22.tif,data/raw/bhsig260/BHSig160_Hindi/Genuine/H-S-152-G-23.tif,1,genuine_genuine,100152,0.042437102645635605,0.24711237681898562,1
5022,data/raw/bhsig260/BHSig160_Hindi/Genuine/H-S-152-G-01.tif,data/raw/bhsig260/BHSig160_Hindi/Genuine/H-S-152-G-05.tif,1,genuine_genuine,100152,0.019744915887713432,0.24711237681898562,1
5023,data/raw/bhsig260/BHSig160_Hindi/Genuine/H-S-152-G-06.tif,data/raw/bhsig260/BHSig160_Hindi/Genuine/H-S-152-G-15.tif,1,genuine_genuine,100152,0.2686384320259094,0.24711237681898562,0
5024,data/raw/bhsig260/BHSig160_Hindi/Genuine/H-S-152-G-05.tif,data/raw/bhsig260/BHSig160_Hindi/Genuine/H-S-152-G-12.tif,1,genuine_genuine,100152,0.13342005014419556,0.24711237681898562,1
5025,data/raw/bhsig260/BHSig160_Hindi/Genuine/H-S-152-G-15.tif,data/raw/bhsig260/BHSig160_Hindi/Genuine/H-S-152-G-16.tif,1,genuine_genuine,100152,0.11659280955791473,0.24711237681898562,1
5026,data/raw/bhsig260/BHSig160_Hindi/Genuine/H-S-152-G-09.tif,data/raw/bhsig260/BHSig160_Hindi/Genuine/H-S-152-G-15.tif,1,genuine_genuine,100152,0.2508389353752136,0.24711237681898562,0
5027,data/raw/bhsig260/BHSig160_Hindi/Genuine/H-S-152-G-02.tif,data/raw/bhsig260/BHSig160_Hindi/Genuine/H-S-152-G-23.tif,1,genuine_genuine,100152,0.16033640503883362,0.24711237681898562,1
5028,data/raw/bhsig260/BHSig160_Hindi/Genuine/H-S-152-G-04.tif,data/raw/bhsig260/BHSig160_Hindi/Genuine/H-S-152-G-11.tif,1,genuine_genuine,100152,0.6782061457633972,0.24711237681898562,0
5029,data/raw/bhsig260/BHSig160_Hindi/Genuine/H-S-152-G-07.tif,data/raw/bhsig260/BHSig160_Hindi/Genuine/H-S-152-G-10.tif,1,genuine_genuine,100152,0.4180086553096771,0.24711237681898562,0
5030,data/raw/bhsig260/BHSig160_Hindi/Genuine/H-S-152-G-23.tif,data/raw/bhsig260/BHSig160_Hindi/Forged/H-S-152-F-30.tif,0,skilled_forgery,100152,0.6663771271705627,0.24711237681898562,0
5031,data/raw/bhsig260/BHSig160_Hindi/Genuine/H-S-152-G-20.tif,data/raw/bhsig260/BHSig160_Hindi/Forged/H-S-152-F-08.tif,0,skilled_forgery,100152,0.39411523938179016,0.24711237681898562,0
5032,data/raw/bhsig260/BHSig160_Hindi/Genuine/H-S-152-G-24.tif,data/raw/bhsig260/BHSig160_Hindi/Forged/H-S-152-F-14.tif,0,skilled_forgery,100152,0.36409837007522583,0.24711237681898562,0
5033,data/raw/bhsig260/BHSig160_Hindi/Genuine/H-S-152-G-10.tif,data/raw/bhsig260/BHSig160_Hindi/Forged/H-S-152-F-30.tif,0,skilled_forgery,100152,0.6606835126876831,0.24711237681898562,0
5034,data/raw/bhsig260/BHSig160_Hindi/Genuine/H-S-152-G-20.tif,data/raw/bhsig260/BHSig160_Hindi/Forged/H-S-152-F-12.tif,0,skilled_forgery,100152,0.6059061884880066,0.24711237681898562,0
5035,data/raw/bhsig260/BHSig160_Hindi/Genuine/H-S-152-G-06.tif,data/raw/bhsig260/BHSig100_Bengali/Genuine/B-S-25-G-23.tif,0,random_forgery,100152,0.8969555497169495,0.24711237681898562,0
5036,data/raw/bhsig260/BHSig160_Hindi/Genuine/H-S-152-G-21.tif,data/raw/bhsig260/BHSig160_Hindi/Genuine/H-S-98-G-05.tif,0,random_forgery,100152,0.4291432499885559,0.24711237681898562,0
5037,data/raw/bhsig260/BHSig160_Hindi/Genuine/H-S-152-G-17.tif,data/raw/bhsig260/BHSig160_Hindi/Genuine/H-S-91-G-07.tif,0,random_forgery,100152,0.4056667685508728,0.24711237681898562,0
5038,data/raw/bhsig260/BHSig160_Hindi/Genuine/H-S-152-G-10.tif,data/raw/bhsig260/BHSig160_Hindi/Genuine/H-S-101-G-17.tif,0,random_forgery,100152,0.29955437779426575,0.24711237681898562,0
5039,data/raw/bhsig260/BHSig160_Hindi/Genuine/H-S-152-G-20.tif,data/raw/bhsig260/BHSig100_Bengali/Genuine/B-S-50-G-01.tif,0,random_forgery,100152,0.3433189392089844,0.24711237681898562,0
5040,data/raw/bhsig260/BHSig160_Hindi/Genuine/H-S-153-G-09.tif,data/raw/bhsig260/BHSig160_Hindi/Genuine/H-S-153-G-23.tif,1,genuine_genuine,100153,0.4804629385471344,0.24711237681898562,0
5041,data/raw/bhsig260/BHSig160_Hindi/Genuine/H-S-153-G-18.tif,data/raw/bhsig260/BHSig160_Hindi/Genuine/H-S-153-G-22.tif,1,genuine_genuine,100153,0.37384745478630066,0.24711237681898562,0
5042,data/raw/bhsig260/BHSig160_Hindi/Genuine/H-S-153-G-05.tif,data/raw/bhsig260/BHSig160_Hindi/Genuine/H-S-153-G-12.tif,1,genuine_genuine,100153,0.4798746705055237,0.24711237681898562,0
5043,data/raw/bhsig260/BHSig160_Hindi/Genuine/H-S-153-G-01.tif,data/raw/bhsig260/BHSig160_Hindi/Genuine/H-S-153-G-04.tif,1,genuine_genuine,100153,0.18290932476520538,0.24711237681898562,1
5044,data/raw/bhsig260/BHSig160_Hindi/Genuine/H-S-153-G-02.tif,data/raw/bhsig260/BHSig160_Hindi/Genuine/H-S-153-G-16.tif,1,genuine_genuine,100153,0.6240905523300171,0.24711237681898562,0
5045,data/raw/bhsig260/BHSig160_Hindi/Genuine/H-S-153-G-01.tif,data/raw/bhsig260/BHSig160_Hindi/Genuine/H-S-153-G-19.tif,1,genuine_genuine,100153,0.3126903772354126,0.24711237681898562,0
5046,data/raw/bhsig260/BHSig160_Hindi/Genuine/H-S-153-G-04.tif,data/raw/bhsig260/BHSig160_Hindi/Genuine/H-S-153-G-08.tif,1,genuine_genuine,100153,0.241147980093956,0.24711237681898562,1
5047,data/raw/bhsig260/BHSig160_Hindi/Genuine/H-S-153-G-04.tif,data/raw/bhsig260/BHSig160_Hindi/Genuine/H-S-153-G-22.tif,1,genuine_genuine,100153,0.16050976514816284,0.24711237681898562,1
5048,data/raw/bhsig260/BHSig160_Hindi/Genuine/H-S-153-G-14.tif,data/raw/bhsig260/BHSig160_Hindi/Genuine/H-S-153-G-17.tif,1,genuine_genuine,100153,0.5017823576927185,0.24711237681898562,0
5049,data/raw/bhsig260/BHSig160_Hindi/Genuine/H-S-153-G-17.tif,data/raw/bhsig260/BHSig160_Hindi/Genuine/H-S-153-G-24.tif,1,genuine_genuine,100153,0.09006059169769287,0.24711237681898562,1
5050,data/raw/bhsig260/BHSig160_Hindi/Genuine/H-S-153-G-14.tif,data/raw/bhsig260/BHSig160_Hindi/Forged/H-S-153-F-06.tif,0,skilled_forgery,100153,1.1394338607788086,0.24711237681898562,0
5051,data/raw/bhsig260/BHSig160_Hindi/Genuine/H-S-153-G-06.tif,data/raw/bhsig260/BHSig160_Hindi/Forged/H-S-153-F-07.tif,0,skilled_forgery,100153,0.8629790544509888,0.24711237681898562,0
5052,data/raw/bhsig260/BHSig160_Hindi/Genuine/H-S-153-G-17.tif,data/raw/bhsig260/BHSig160_Hindi/Forged/H-S-153-F-04.tif,0,skilled_forgery,100153,0.7249277830123901,0.24711237681898562,0
5053,data/raw/bhsig260/BHSig160_Hindi/Genuine/H-S-153-G-19.tif,data/raw/bhsig260/BHSig160_Hindi/Forged/H-S-153-F-08.tif,0,skilled_forgery,100153,0.5693503618240356,0.24711237681898562,0
5054,data/raw/bhsig260/BHSig160_Hindi/Genuine/H-S-153-G-08.tif,data/raw/bhsig260/BHSig160_Hindi/Forged/H-S-153-F-14.tif,0,skilled_forgery,100153,0.9325392246246338,0.24711237681898562,0
5055,data/raw/bhsig260/BHSig160_Hindi/Genuine/H-S-153-G-11.tif,data/raw/bhsig260/BHSig160_Hindi/Genuine/H-S-145-G-18.tif,0,random_forgery,100153,1.0838161706924438,0.24711237681898562,0
5056,data/raw/bhsig260/BHSig160_Hindi/Genuine/H-S-153-G-05.tif,data/raw/bhsig260/BHSig100_Bengali/Genuine/B-S-98-G-04.tif,0,random_forgery,100153,0.4060654938220978,0.24711237681898562,0
5057,data/raw/bhsig260/BHSig160_Hindi/Genuine/H-S-153-G-24.tif,data/raw/bhsig260/BHSig100_Bengali/Genuine/B-S-88-G-20.tif,0,random_forgery,100153,0.8455149531364441,0.24711237681898562,0
5058,data/raw/bhsig260/BHSig160_Hindi/Genuine/H-S-153-G-04.tif,data/raw/bhsig260/BHSig160_Hindi/Genuine/H-S-88-G-24.tif,0,random_forgery,100153,0.6702787280082703,0.24711237681898562,0
5059,data/raw/bhsig260/BHSig160_Hindi/Genuine/H-S-153-G-18.tif,data/raw/bhsig260/BHSig160_Hindi/Genuine/H-S-117-G-24.tif,0,random_forgery,100153,0.8195688128471375,0.24711237681898562,0
5060,data/raw/bhsig260/BHSig160_Hindi/Genuine/H-S-154-G-07.tif,data/raw/bhsig260/BHSig160_Hindi/Genuine/H-S-154-G-20.tif,1,genuine_genuine,100154,0.09432623535394669,0.24711237681898562,1
5061,data/raw/bhsig260/BHSig160_Hindi/Genuine/H-S-154-G-22.tif,data/raw/bhsig260/BHSig160_Hindi/Genuine/H-S-154-G-24.tif,1,genuine_genuine,100154,0.24914883077144623,0.24711237681898562,0
5062,data/raw/bhsig260/BHSig160_Hindi/Genuine/H-S-154-G-09.tif,data/raw/bhsig260/BHSig160_Hindi/Genuine/H-S-154-G-14.tif,1,genuine_genuine,100154,0.5472679734230042,0.24711237681898562,0
5063,data/raw/bhsig260/BHSig160_Hindi/Genuine/H-S-154-G-09.tif,data/raw/bhsig260/BHSig160_Hindi/Genuine/H-S-154-G-16.tif,1,genuine_genuine,100154,0.1522352695465088,0.24711237681898562,1
5064,data/raw/bhsig260/BHSig160_Hindi/Genuine/H-S-154-G-11.tif,data/raw/bhsig260/BHSig160_Hindi/Genuine/H-S-154-G-13.tif,1,genuine_genuine,100154,0.7821246981620789,0.24711237681898562,0
5065,data/raw/bhsig260/BHSig160_Hindi/Genuine/H-S-154-G-07.tif,data/raw/bhsig260/BHSig160_Hindi/Genuine/H-S-154-G-16.tif,1,genuine_genuine,100154,0.25823089480400085,0.24711237681898562,0
5066,data/raw/bhsig260/BHSig160_Hindi/Genuine/H-S-154-G-17.tif,data/raw/bhsig260/BHSig160_Hindi/Genuine/H-S-154-G-23.tif,1,genuine_genuine,100154,1.0084742307662964,0.24711237681898562,0
5067,data/raw/bhsig260/BHSig160_Hindi/Genuine/H-S-154-G-13.tif,data/raw/bhsig260/BHSig160_Hindi/Genuine/H-S-154-G-20.tif,1,genuine_genuine,100154,0.6017251014709473,0.24711237681898562,0
5068,data/raw/bhsig260/BHSig160_Hindi/Genuine/H-S-154-G-12.tif,data/raw/bhsig260/BHSig160_Hindi/Genuine/H-S-154-G-15.tif,1,genuine_genuine,100154,0.551699161529541,0.24711237681898562,0
5069,data/raw/bhsig260/BHSig160_Hindi/Genuine/H-S-154-G-01.tif,data/raw/bhsig260/BHSig160_Hindi/Genuine/H-S-154-G-07.tif,1,genuine_genuine,100154,1.128538966178894,0.24711237681898562,0
5070,data/raw/bhsig260/BHSig160_Hindi/Genuine/H-S-154-G-01.tif,data/raw/bhsig260/BHSig160_Hindi/Forged/H-S-154-F-13.tif,0,skilled_forgery,100154,0.8485177159309387,0.24711237681898562,0
5071,data/raw/bhsig260/BHSig160_Hindi/Genuine/H-S-154-G-23.tif,data/raw/bhsig260/BHSig160_Hindi/Forged/H-S-154-F-24.tif,0,skilled_forgery,100154,0.17870989441871643,0.24711237681898562,1
5072,data/raw/bhsig260/BHSig160_Hindi/Genuine/H-S-154-G-09.tif,data/raw/bhsig260/BHSig160_Hindi/Forged/H-S-154-F-30.tif,0,skilled_forgery,100154,0.6810368299484253,0.24711237681898562,0
5073,data/raw/bhsig260/BHSig160_Hindi/Genuine/H-S-154-G-16.tif,data/raw/bhsig260/BHSig160_Hindi/Forged/H-S-154-F-04.tif,0,skilled_forgery,100154,0.5618278980255127,0.24711237681898562,0
5074,data/raw/bhsig260/BHSig160_Hindi/Genuine/H-S-154-G-01.tif,data/raw/bhsig260/BHSig160_Hindi/Forged/H-S-154-F-02.tif,0,skilled_forgery,100154,0.5483413934707642,0.24711237681898562,0
5075,data/raw/bhsig260/BHSig160_Hindi/Genuine/H-S-154-G-16.tif,data/raw/bhsig260/BHSig160_Hindi/Genuine/H-S-94-G-10.tif,0,random_forgery,100154,0.9392659664154053,0.24711237681898562,0
5076,data/raw/bhsig260/BHSig160_Hindi/Genuine/H-S-154-G-13.tif,data/raw/bhsig260/BHSig160_Hindi/Genuine/H-S-21-G-24.tif,0,random_forgery,100154,0.9918403029441833,0.24711237681898562,0
5077,data/raw/bhsig260/BHSig160_Hindi/Genuine/H-S-154-G-24.tif,data/raw/bhsig260/BHSig160_Hindi/Genuine/H-S-26-G-21.tif,0,random_forgery,100154,0.26122018694877625,0.24711237681898562,0
5078,data/raw/bhsig260/BHSig160_Hindi/Genuine/H-S-154-G-04.tif,data/raw/bhsig260/BHSig160_Hindi/Genuine/H-S-55-G-19.tif,0,random_forgery,100154,0.6757256388664246,0.24711237681898562,0
5079,data/raw/bhsig260/BHSig160_Hindi/Genuine/H-S-154-G-09.tif,data/raw/bhsig260/BHSig160_Hindi/Genuine/H-S-153-G-18.tif,0,random_forgery,100154,0.5486255288124084,0.24711237681898562,0
5080,data/raw/bhsig260/BHSig160_Hindi/Genuine/H-S-155-G-07.tif,data/raw/bhsig260/BHSig160_Hindi/Genuine/H-S-155-G-09.tif,1,genuine_genuine,100155,0.3596288561820984,0.24711237681898562,0
5081,data/raw/bhsig260/BHSig160_Hindi/Genuine/H-S-155-G-17.tif,data/raw/bhsig260/BHSig160_Hindi/Genuine/H-S-155-G-19.tif,1,genuine_genuine,100155,0.17898963391780853,0.24711237681898562,1
5082,data/raw/bhsig260/BHSig160_Hindi/Genuine/H-S-155-G-10.tif,data/raw/bhsig260/BHSig160_Hindi/Genuine/H-S-155-G-23.tif,1,genuine_genuine,100155,1.2815706729888916,0.24711237681898562,0
5083,data/raw/bhsig260/BHSig160_Hindi/Genuine/H-S-155-G-02.tif,data/raw/bhsig260/BHSig160_Hindi/Genuine/H-S-155-G-10.tif,1,genuine_genuine,100155,1.105729341506958,0.24711237681898562,0
5084,data/raw/bhsig260/BHSig160_Hindi/Genuine/H-S-155-G-12.tif,data/raw/bhsig260/BHSig160_Hindi/Genuine/H-S-155-G-16.tif,1,genuine_genuine,100155,0.3038770258426666,0.24711237681898562,0
5085,data/raw/bhsig260/BHSig160_Hindi/Genuine/H-S-155-G-01.tif,data/raw/bhsig260/BHSig160_Hindi/Genuine/H-S-155-G-17.tif,1,genuine_genuine,100155,0.3931546211242676,0.24711237681898562,0
5086,data/raw/bhsig260/BHSig160_Hindi/Genuine/H-S-155-G-06.tif,data/raw/bhsig260/BHSig160_Hindi/Genuine/H-S-155-G-14.tif,1,genuine_genuine,100155,1.2036374807357788,0.24711237681898562,0
5087,data/raw/bhsig260/BHSig160_Hindi/Genuine/H-S-155-G-07.tif,data/raw/bhsig260/BHSig160_Hindi/Genuine/H-S-155-G-11.tif,1,genuine_genuine,100155,0.2262289673089981,0.24711237681898562,1
5088,data/raw/bhsig260/BHSig160_Hindi/Genuine/H-S-155-G-06.tif,data/raw/bhsig260/BHSig160_Hindi/Genuine/H-S-155-G-19.tif,1,genuine_genuine,100155,0.07932136952877045,0.24711237681898562,1
5089,data/raw/bhsig260/BHSig160_Hindi/Genuine/H-S-155-G-03.tif,data/raw/bhsig260/BHSig160_Hindi/Genuine/H-S-155-G-15.tif,1,genuine_genuine,100155,1.858173131942749,0.24711237681898562,0
5090,data/raw/bhsig260/BHSig160_Hindi/Genuine/H-S-155-G-11.tif,data/raw/bhsig260/BHSig160_Hindi/Forged/H-S-155-F-15.tif,0,skilled_forgery,100155,0.23533442616462708,0.24711237681898562,1
5091,data/raw/bhsig260/BHSig160_Hindi/Genuine/H-S-155-G-02.tif,data/raw/bhsig260/BHSig160_Hindi/Forged/H-S-155-F-27.tif,0,skilled_forgery,100155,0.6962903141975403,0.24711237681898562,0
5092,data/raw/bhsig260/BHSig160_Hindi/Genuine/H-S-155-G-22.tif,data/raw/bhsig260/BHSig160_Hindi/Forged/H-S-155-F-01.tif,0,skilled_forgery,100155,0.4029899537563324,0.24711237681898562,0
5093,data/raw/bhsig260/BHSig160_Hindi/Genuine/H-S-155-G-04.tif,data/raw/bhsig260/BHSig160_Hindi/Forged/H-S-155-F-24.tif,0,skilled_forgery,100155,0.8188243508338928,0.24711237681898562,0
5094,data/raw/bhsig260/BHSig160_Hindi/Genuine/H-S-155-G-13.tif,data/raw/bhsig260/BHSig160_Hindi/Forged/H-S-155-F-14.tif,0,skilled_forgery,100155,0.5723323225975037,0.24711237681898562,0
5095,data/raw/bhsig260/BHSig160_Hindi/Genuine/H-S-155-G-01.tif,data/raw/bhsig260/BHSig160_Hindi/Genuine/H-S-133-G-14.tif,0,random_forgery,100155,0.939488410949707,0.24711237681898562,0
5096,data/raw/bhsig260/BHSig160_Hindi/Genuine/H-S-155-G-11.tif,data/raw/bhsig260/BHSig100_Bengali/Genuine/B-S-17-G-11.tif,0,random_forgery,100155,1.1804349422454834,0.24711237681898562,0
5097,data/raw/bhsig260/BHSig160_Hindi/Genuine/H-S-155-G-08.tif,data/raw/bhsig260/BHSig100_Bengali/Genuine/B-S-16-G-06.tif,0,random_forgery,100155,1.3353239297866821,0.24711237681898562,0
5098,data/raw/bhsig260/BHSig160_Hindi/Genuine/H-S-155-G-10.tif,data/raw/bhsig260/BHSig160_Hindi/Genuine/H-S-109-G-23.tif,0,random_forgery,100155,0.9413945078849792,0.24711237681898562,0
5099,data/raw/bhsig260/BHSig160_Hindi/Genuine/H-S-155-G-22.tif,data/raw/bhsig260/BHSig100_Bengali/Genuine/B-S-39-G-01.tif,0,random_forgery,100155,1.2091656923294067,0.24711237681898562,0
5100,data/raw/bhsig260/BHSig160_Hindi/Genuine/H-S-156-G-07.tif,data/raw/bhsig260/BHSig160_Hindi/Genuine/H-S-156-G-22.tif,1,genuine_genuine,100156,0.32810530066490173,0.24711237681898562,0
5101,data/raw/bhsig260/BHSig160_Hindi/Genuine/H-S-156-G-01.tif,data/raw/bhsig260/BHSig160_Hindi/Genuine/H-S-156-G-08.tif,1,genuine_genuine,100156,0.2802574038505554,0.24711237681898562,0
5102,data/raw/bhsig260/BHSig160_Hindi/Genuine/H-S-156-G-01.tif,data/raw/bhsig260/BHSig160_Hindi/Genuine/H-S-156-G-10.tif,1,genuine_genuine,100156,0.6190121173858643,0.24711237681898562,0
5103,data/raw/bhsig260/BHSig160_Hindi/Genuine/H-S-156-G-01.tif,data/raw/bhsig260/BHSig160_Hindi/Genuine/H-S-156-G-07.tif,1,genuine_genuine,100156,0.9186858534812927,0.24711237681898562,0
5104,data/raw/bhsig260/BHSig160_Hindi/Genuine/H-S-156-G-11.tif,data/raw/bhsig260/BHSig160_Hindi/Genuine/H-S-156-G-22.tif,1,genuine_genuine,100156,0.7364971041679382,0.24711237681898562,0
5105,data/raw/bhsig260/BHSig160_Hindi/Genuine/H-S-156-G-02.tif,data/raw/bhsig260/BHSig160_Hindi/Genuine/H-S-156-G-16.tif,1,genuine_genuine,100156,0.4284903109073639,0.24711237681898562,0
5106,data/raw/bhsig260/BHSig160_Hindi/Genuine/H-S-156-G-04.tif,data/raw/bhsig260/BHSig160_Hindi/Genuine/H-S-156-G-16.tif,1,genuine_genuine,100156,0.48052507638931274,0.24711237681898562,0
5107,data/raw/bhsig260/BHSig160_Hindi/Genuine/H-S-156-G-01.tif,data/raw/bhsig260/BHSig160_Hindi/Genuine/H-S-156-G-02.tif,1,genuine_genuine,100156,0.933275580406189,0.24711237681898562,0
5108,data/raw/bhsig260/BHSig160_Hindi/Genuine/H-S-156-G-04.tif,data/raw/bhsig260/BHSig160_Hindi/Genuine/H-S-156-G-22.tif,1,genuine_genuine,100156,0.2552034556865692,0.24711237681898562,0
5109,data/raw/bhsig260/BHSig160_Hindi/Genuine/H-S-156-G-08.tif,data/raw/bhsig260/BHSig160_Hindi/Genuine/H-S-156-G-13.tif,1,genuine_genuine,100156,0.09522939473390579,0.24711237681898562,1
5110,data/raw/bhsig260/BHSig160_Hindi/Genuine/H-S-156-G-09.tif,data/raw/bhsig260/BHSig160_Hindi/Forged/H-S-156-F-09.tif,0,skilled_forgery,100156,0.6282973885536194,0.24711237681898562,0
5111,data/raw/bhsig260/BHSig160_Hindi/Genuine/H-S-156-G-21.tif,data/raw/bhsig260/BHSig160_Hindi/Forged/H-S-156-F-02.tif,0,skilled_forgery,100156,0.7811198830604553,0.24711237681898562,0
5112,data/raw/bhsig260/BHSig160_Hindi/Genuine/H-S-156-G-18.tif,data/raw/bhsig260/BHSig160_Hindi/Forged/H-S-156-F-03.tif,0,skilled_forgery,100156,0.5519154667854309,0.24711237681898562,0
5113,data/raw/bhsig260/BHSig160_Hindi/Genuine/H-S-156-G-02.tif,data/raw/bhsig260/BHSig160_Hindi/Forged/H-S-156-F-01.tif,0,skilled_forgery,100156,0.5318844318389893,0.24711237681898562,0
5114,data/raw/bhsig260/BHSig160_Hindi/Genuine/H-S-156-G-08.tif,data/raw/bhsig260/BHSig160_Hindi/Forged/H-S-156-F-10.tif,0,skilled_forgery,100156,0.797365665435791,0.24711237681898562,0
5115,data/raw/bhsig260/BHSig160_Hindi/Genuine/H-S-156-G-24.tif,data/raw/bhsig260/BHSig160_Hindi/Genuine/H-S-84-G-14.tif,0,random_forgery,100156,0.7090398669242859,0.24711237681898562,0
5116,data/raw/bhsig260/BHSig160_Hindi/Genuine/H-S-156-G-21.tif,data/raw/bhsig260/BHSig160_Hindi/Genuine/H-S-68-G-06.tif,0,random_forgery,100156,0.7397094368934631,0.24711237681898562,0
5117,data/raw/bhsig260/BHSig160_Hindi/Genuine/H-S-156-G-15.tif,data/raw/bhsig260/BHSig160_Hindi/Genuine/H-S-54-G-20.tif,0,random_forgery,100156,0.7542531490325928,0.24711237681898562,0
5118,data/raw/bhsig260/BHSig160_Hindi/Genuine/H-S-156-G-19.tif,data/raw/bhsig260/BHSig100_Bengali/Genuine/B-S-65-G-01.tif,0,random_forgery,100156,0.26977109909057617,0.24711237681898562,0
5119,data/raw/bhsig260/BHSig160_Hindi/Genuine/H-S-156-G-23.tif,data/raw/bhsig260/BHSig160_Hindi/Genuine/H-S-98-G-13.tif,0,random_forgery,100156,0.15027518570423126,0.24711237681898562,1
5120,data/raw/bhsig260/BHSig160_Hindi/Genuine/H-S-157-G-13.tif,data/raw/bhsig260/BHSig160_Hindi/Genuine/H-S-157-G-17.tif,1,genuine_genuine,100157,0.1896573007106781,0.24711237681898562,1
5121,data/raw/bhsig260/BHSig160_Hindi/Genuine/H-S-157-G-03.tif,data/raw/bhsig260/BHSig160_Hindi/Genuine/H-S-157-G-18.tif,1,genuine_genuine,100157,0.30202993750572205,0.24711237681898562,0
5122,data/raw/bhsig260/BHSig160_Hindi/Genuine/H-S-157-G-03.tif,data/raw/bhsig260/BHSig160_Hindi/Genuine/H-S-157-G-09.tif,1,genuine_genuine,100157,0.23370693624019623,0.24711237681898562,1
5123,data/raw/bhsig260/BHSig160_Hindi/Genuine/H-S-157-G-06.tif,data/raw/bhsig260/BHSig160_Hindi/Genuine/H-S-157-G-21.tif,1,genuine_genuine,100157,0.146316260099411,0.24711237681898562,1
5124,data/raw/bhsig260/BHSig160_Hindi/Genuine/H-S-157-G-09.tif,data/raw/bhsig260/BHSig160_Hindi/Genuine/H-S-157-G-21.tif,1,genuine_genuine,100157,0.26183781027793884,0.24711237681898562,0
5125,data/raw/bhsig260/BHSig160_Hindi/Genuine/H-S-157-G-03.tif,data/raw/bhsig260/BHSig160_Hindi/Genuine/H-S-157-G-12.tif,1,genuine_genuine,100157,0.2999444603919983,0.24711237681898562,0
5126,data/raw/bhsig260/BHSig160_Hindi/Genuine/H-S-157-G-04.tif,data/raw/bhsig260/BHSig160_Hindi/Genuine/H-S-157-G-07.tif,1,genuine_genuine,100157,0.13221994042396545,0.24711237681898562,1
5127,data/raw/bhsig260/BHSig160_Hindi/Genuine/H-S-157-G-06.tif,data/raw/bhsig260/BHSig160_Hindi/Genuine/H-S-157-G-08.tif,1,genuine_genuine,100157,0.4271707236766815,0.24711237681898562,0
5128,data/raw/bhsig260/BHSig160_Hindi/Genuine/H-S-157-G-15.tif,data/raw/bhsig260/BHSig160_Hindi/Genuine/H-S-157-G-20.tif,1,genuine_genuine,100157,0.1498185396194458,0.24711237681898562,1
5129,data/raw/bhsig260/BHSig160_Hindi/Genuine/H-S-157-G-17.tif,data/raw/bhsig260/BHSig160_Hindi/Genuine/H-S-157-G-20.tif,1,genuine_genuine,100157,0.06662414968013763,0.24711237681898562,1
5130,data/raw/bhsig260/BHSig160_Hindi/Genuine/H-S-157-G-15.tif,data/raw/bhsig260/BHSig160_Hindi/Forged/H-S-157-F-08.tif,0,skilled_forgery,100157,0.19959570467472076,0.24711237681898562,1
5131,data/raw/bhsig260/BHSig160_Hindi/Genuine/H-S-157-G-10.tif,data/raw/bhsig260/BHSig160_Hindi/Forged/H-S-157-F-14.tif,0,skilled_forgery,100157,0.5680103898048401,0.24711237681898562,0
5132,data/raw/bhsig260/BHSig160_Hindi/Genuine/H-S-157-G-22.tif,data/raw/bhsig260/BHSig160_Hindi/Forged/H-S-157-F-30.tif,0,skilled_forgery,100157,0.5050758719444275,0.24711237681898562,0
5133,data/raw/bhsig260/BHSig160_Hindi/Genuine/H-S-157-G-02.tif,data/raw/bhsig260/BHSig160_Hindi/Forged/H-S-157-F-08.tif,0,skilled_forgery,100157,0.40120190382003784,0.24711237681898562,0
5134,data/raw/bhsig260/BHSig160_Hindi/Genuine/H-S-157-G-09.tif,data/raw/bhsig260/BHSig160_Hindi/Forged/H-S-157-F-13.tif,0,skilled_forgery,100157,0.27823710441589355,0.24711237681898562,0
5135,data/raw/bhsig260/BHSig160_Hindi/Genuine/H-S-157-G-18.tif,data/raw/bhsig260/BHSig160_Hindi/Genuine/H-S-145-G-14.tif,0,random_forgery,100157,0.22388768196105957,0.24711237681898562,1
5136,data/raw/bhsig260/BHSig160_Hindi/Genuine/H-S-157-G-17.tif,data/raw/bhsig260/BHSig160_Hindi/Genuine/H-S-96-G-08.tif,0,random_forgery,100157,0.2778284251689911,0.24711237681898562,0
5137,data/raw/bhsig260/BHSig160_Hindi/Genuine/H-S-157-G-23.tif,data/raw/bhsig260/BHSig100_Bengali/Genuine/B-S-89-G-21.tif,0,random_forgery,100157,0.5788902640342712,0.24711237681898562,0
5138,data/raw/bhsig260/BHSig160_Hindi/Genuine/H-S-157-G-09.tif,data/raw/bhsig260/BHSig100_Bengali/Genuine/B-S-100-G-03.tif,0,random_forgery,100157,0.4642401933670044,0.24711237681898562,0
5139,data/raw/bhsig260/BHSig160_Hindi/Genuine/H-S-157-G-22.tif,data/raw/bhsig260/BHSig160_Hindi/Genuine/H-S-50-G-17.tif,0,random_forgery,100157,0.259388267993927,0.24711237681898562,0
5140,data/raw/bhsig260/BHSig160_Hindi/Genuine/H-S-158-G-03.tif,data/raw/bhsig260/BHSig160_Hindi/Genuine/H-S-158-G-18.tif,1,genuine_genuine,100158,0.1857120543718338,0.24711237681898562,1
5141,data/raw/bhsig260/BHSig160_Hindi/Genuine/H-S-158-G-17.tif,data/raw/bhsig260/BHSig160_Hindi/Genuine/H-S-158-G-21.tif,1,genuine_genuine,100158,0.16148820519447327,0.24711237681898562,1
5142,data/raw/bhsig260/BHSig160_Hindi/Genuine/H-S-158-G-10.tif,data/raw/bhsig260/BHSig160_Hindi/Genuine/H-S-158-G-23.tif,1,genuine_genuine,100158,0.09362541139125824,0.24711237681898562,1
5143,data/raw/bhsig260/BHSig160_Hindi/Genuine/H-S-158-G-09.tif,data/raw/bhsig260/BHSig160_Hindi/Genuine/H-S-158-G-23.tif,1,genuine_genuine,100158,0.2811148166656494,0.24711237681898562,0
5144,data/raw/bhsig260/BHSig160_Hindi/Genuine/H-S-158-G-10.tif,data/raw/bhsig260/BHSig160_Hindi/Genuine/H-S-158-G-14.tif,1,genuine_genuine,100158,0.5267990231513977,0.24711237681898562,0
5145,data/raw/bhsig260/BHSig160_Hindi/Genuine/H-S-158-G-13.tif,data/raw/bhsig260/BHSig160_Hindi/Genuine/H-S-158-G-14.tif,1,genuine_genuine,100158,0.5941781997680664,0.24711237681898562,0
5146,data/raw/bhsig260/BHSig160_Hindi/Genuine/H-S-158-G-03.tif,data/raw/bhsig260/BHSig160_Hindi/Genuine/H-S-158-G-06.tif,1,genuine_genuine,100158,0.44718456268310547,0.24711237681898562,0
5147,data/raw/bhsig260/BHSig160_Hindi/Genuine/H-S-158-G-05.tif,data/raw/bhsig260/BHSig160_Hindi/Genuine/H-S-158-G-06.tif,1,genuine_genuine,100158,0.17533622682094574,0.24711237681898562,1
5148,data/raw/bhsig260/BHSig160_Hindi/Genuine/H-S-158-G-05.tif,data/raw/bhsig260/BHSig160_Hindi/Genuine/H-S-158-G-15.tif,1,genuine_genuine,100158,0.661609947681427,0.24711237681898562,0
5149,data/raw/bhsig260/BHSig160_Hindi/Genuine/H-S-158-G-05.tif,data/raw/bhsig260/BHSig160_Hindi/Genuine/H-S-158-G-22.tif,1,genuine_genuine,100158,0.134250208735466,0.24711237681898562,1
5150,data/raw/bhsig260/BHSig160_Hindi/Genuine/H-S-158-G-18.tif,data/raw/bhsig260/BHSig160_Hindi/Forged/H-S-158-F-17.tif,0,skilled_forgery,100158,0.18223293125629425,0.24711237681898562,1
5151,data/raw/bhsig260/BHSig160_Hindi/Genuine/H-S-158-G-18.tif,data/raw/bhsig260/BHSig160_Hindi/Forged/H-S-158-F-09.tif,0,skilled_forgery,100158,0.31786707043647766,0.24711237681898562,0
5152,data/raw/bhsig260/BHSig160_Hindi/Genuine/H-S-158-G-06.tif,data/raw/bhsig260/BHSig160_Hindi/Forged/H-S-158-F-07.tif,0,skilled_forgery,100158,0.16910994052886963,0.24711237681898562,1
5153,data/raw/bhsig260/BHSig160_Hindi/Genuine/H-S-158-G-18.tif,data/raw/bhsig260/BHSig160_Hindi/Forged/H-S-158-F-18.tif,0,skilled_forgery,100158,0.49439266324043274,0.24711237681898562,0
5154,data/raw/bhsig260/BHSig160_Hindi/Genuine/H-S-158-G-11.tif,data/raw/bhsig260/BHSig160_Hindi/Forged/H-S-158-F-04.tif,0,skilled_forgery,100158,0.5985294580459595,0.24711237681898562,0
5155,data/raw/bhsig260/BHSig160_Hindi/Genuine/H-S-158-G-21.tif,data/raw/bhsig260/BHSig160_Hindi/Genuine/H-S-24-G-05.tif,0,random_forgery,100158,0.3929000198841095,0.24711237681898562,0
5156,data/raw/bhsig260/BHSig160_Hindi/Genuine/H-S-158-G-08.tif,data/raw/bhsig260/BHSig160_Hindi/Genuine/H-S-90-G-12.tif,0,random_forgery,100158,0.3675650358200073,0.24711237681898562,0
5157,data/raw/bhsig260/BHSig160_Hindi/Genuine/H-S-158-G-07.tif,data/raw/bhsig260/BHSig160_Hindi/Genuine/H-S-21-G-14.tif,0,random_forgery,100158,0.29977530241012573,0.24711237681898562,0
5158,data/raw/bhsig260/BHSig160_Hindi/Genuine/H-S-158-G-10.tif,data/raw/bhsig260/BHSig160_Hindi/Genuine/H-S-1-G-03.tif,0,random_forgery,100158,0.4467848837375641,0.24711237681898562,0
5159,data/raw/bhsig260/BHSig160_Hindi/Genuine/H-S-158-G-02.tif,data/raw/bhsig260/BHSig160_Hindi/Genuine/H-S-67-G-11.tif,0,random_forgery,100158,0.7432058453559875,0.24711237681898562,0
5160,data/raw/bhsig260/BHSig160_Hindi/Genuine/H-S-159-G-01.tif,data/raw/bhsig260/BHSig160_Hindi/Genuine/H-S-159-G-06.tif,1,genuine_genuine,100159,0.3996948003768921,0.24711237681898562,0
5161,data/raw/bhsig260/BHSig160_Hindi/Genuine/H-S-159-G-06.tif,data/raw/bhsig260/BHSig160_Hindi/Genuine/H-S-159-G-08.tif,1,genuine_genuine,100159,0.06712644547224045,0.24711237681898562,1
5162,data/raw/bhsig260/BHSig160_Hindi/Genuine/H-S-159-G-16.tif,data/raw/bhsig260/BHSig160_Hindi/Genuine/H-S-159-G-20.tif,1,genuine_genuine,100159,0.103604257106781,0.24711237681898562,1
5163,data/raw/bhsig260/BHSig160_Hindi/Genuine/H-S-159-G-14.tif,data/raw/bhsig260/BHSig160_Hindi/Genuine/H-S-159-G-22.tif,1,genuine_genuine,100159,1.282208800315857,0.24711237681898562,0
5164,data/raw/bhsig260/BHSig160_Hindi/Genuine/H-S-159-G-09.tif,data/raw/bhsig260/BHSig160_Hindi/Genuine/H-S-159-G-23.tif,1,genuine_genuine,100159,0.41034454107284546,0.24711237681898562,0
5165,data/raw/bhsig260/BHSig160_Hindi/Genuine/H-S-159-G-17.tif,data/raw/bhsig260/BHSig160_Hindi/Genuine/H-S-159-G-22.tif,1,genuine_genuine,100159,0.26725196838378906,0.24711237681898562,0
5166,data/raw/bhsig260/BHSig160_Hindi/Genuine/H-S-159-G-19.tif,data/raw/bhsig260/BHSig160_Hindi/Genuine/H-S-159-G-22.tif,1,genuine_genuine,100159,0.17938672006130219,0.24711237681898562,1
5167,data/raw/bhsig260/BHSig160_Hindi/Genuine/H-S-159-G-03.tif,data/raw/bhsig260/BHSig160_Hindi/Genuine/H-S-159-G-23.tif,1,genuine_genuine,100159,0.21476969122886658,0.24711237681898562,1
5168,data/raw/bhsig260/BHSig160_Hindi/Genuine/H-S-159-G-15.tif,data/raw/bhsig260/BHSig160_Hindi/Genuine/H-S-159-G-21.tif,1,genuine_genuine,100159,0.1592276692390442,0.24711237681898562,1
5169,data/raw/bhsig260/BHSig160_Hindi/Genuine/H-S-159-G-09.tif,data/raw/bhsig260/BHSig160_Hindi/Genuine/H-S-159-G-12.tif,1,genuine_genuine,100159,0.8413156867027283,0.24711237681898562,0
5170,data/raw/bhsig260/BHSig160_Hindi/Genuine/H-S-159-G-07.tif,data/raw/bhsig260/BHSig160_Hindi/Forged/H-S-159-F-25.tif,0,skilled_forgery,100159,0.6265541315078735,0.24711237681898562,0
5171,data/raw/bhsig260/BHSig160_Hindi/Genuine/H-S-159-G-22.tif,data/raw/bhsig260/BHSig160_Hindi/Forged/H-S-159-F-14.tif,0,skilled_forgery,100159,0.3178357481956482,0.24711237681898562,0
5172,data/raw/bhsig260/BHSig160_Hindi/Genuine/H-S-159-G-15.tif,data/raw/bhsig260/BHSig160_Hindi/Forged/H-S-159-F-11.tif,0,skilled_forgery,100159,0.25950220227241516,0.24711237681898562,0
5173,data/raw/bhsig260/BHSig160_Hindi/Genuine/H-S-159-G-12.tif,data/raw/bhsig260/BHSig160_Hindi/Forged/H-S-159-F-14.tif,0,skilled_forgery,100159,1.0275174379348755,0.24711237681898562,0
5174,data/raw/bhsig260/BHSig160_Hindi/Genuine/H-S-159-G-09.tif,data/raw/bhsig260/BHSig160_Hindi/Forged/H-S-159-F-21.tif,0,skilled_forgery,100159,0.3522660732269287,0.24711237681898562,0
5175,data/raw/bhsig260/BHSig160_Hindi/Genuine/H-S-159-G-24.tif,data/raw/bhsig260/BHSig100_Bengali/Genuine/B-S-40-G-16.tif,0,random_forgery,100159,0.8515569567680359,0.24711237681898562,0
5176,data/raw/bhsig260/BHSig160_Hindi/Genuine/H-S-159-G-18.tif,data/raw/bhsig260/BHSig160_Hindi/Genuine/H-S-103-G-13.tif,0,random_forgery,100159,1.1323654651641846,0.24711237681898562,0
5177,data/raw/bhsig260/BHSig160_Hindi/Genuine/H-S-159-G-03.tif,data/raw/bhsig260/BHSig160_Hindi/Genuine/H-S-60-G-23.tif,0,random_forgery,100159,0.8101925253868103,0.24711237681898562,0
5178,data/raw/bhsig260/BHSig160_Hindi/Genuine/H-S-159-G-02.tif,data/raw/bhsig260/BHSig160_Hindi/Genuine/H-S-114-G-03.tif,0,random_forgery,100159,0.39895981550216675,0.24711237681898562,0
5179,data/raw/bhsig260/BHSig160_Hindi/Genuine/H-S-159-G-12.tif,data/raw/bhsig260/BHSig160_Hindi/Genuine/H-S-126-G-02.tif,0,random_forgery,100159,0.6173871159553528,0.24711237681898562,0
5180,data/raw/bhsig260/BHSig160_Hindi/Genuine/H-S-160-G-03.tif,data/raw/bhsig260/BHSig160_Hindi/Genuine/H-S-160-G-08.tif,1,genuine_genuine,100160,0.17612424492835999,0.24711237681898562,1
5181,data/raw/bhsig260/BHSig160_Hindi/Genuine/H-S-160-G-11.tif,data/raw/bhsig260/BHSig160_Hindi/Genuine/H-S-160-G-18.tif,1,genuine_genuine,100160,0.7075985670089722,0.24711237681898562,0
5182,data/raw/bhsig260/BHSig160_Hindi/Genuine/H-S-160-G-17.tif,data/raw/bhsig260/BHSig160_Hindi/Genuine/H-S-160-G-18.tif,1,genuine_genuine,100160,0.6330245137214661,0.24711237681898562,0
5183,data/raw/bhsig260/BHSig160_Hindi/Genuine/H-S-160-G-10.tif,data/raw/bhsig260/BHSig160_Hindi/Genuine/H-S-160-G-23.tif,1,genuine_genuine,100160,0.37372931838035583,0.24711237681898562,0
5184,data/raw/bhsig260/BHSig160_Hindi/Genuine/H-S-160-G-12.tif,data/raw/bhsig260/BHSig160_Hindi/Genuine/H-S-160-G-22.tif,1,genuine_genuine,100160,0.32463833689689636,0.24711237681898562,0
5185,data/raw/bhsig260/BHSig160_Hindi/Genuine/H-S-160-G-02.tif,data/raw/bhsig260/BHSig160_Hindi/Genuine/H-S-160-G-14.tif,1,genuine_genuine,100160,0.7262848019599915,0.24711237681898562,0
5186,data/raw/bhsig260/BHSig160_Hindi/Genuine/H-S-160-G-04.tif,data/raw/bhsig260/BHSig160_Hindi/Genuine/H-S-160-G-08.tif,1,genuine_genuine,100160,0.589969277381897,0.24711237681898562,0
5187,data/raw/bhsig260/BHSig160_Hindi/Genuine/H-S-160-G-15.tif,data/raw/bhsig260/BHSig160_Hindi/Genuine/H-S-160-G-20.tif,1,genuine_genuine,100160,0.8392654061317444,0.24711237681898562,0
5188,data/raw/bhsig260/BHSig160_Hindi/Genuine/H-S-160-G-01.tif,data/raw/bhsig260/BHSig160_Hindi/Genuine/H-S-160-G-03.tif,1,genuine_genuine,100160,0.3794431984424591,0.24711237681898562,0
5189,data/raw/bhsig260/BHSig160_Hindi/Genuine/H-S-160-G-06.tif,data/raw/bhsig260/BHSig160_Hindi/Genuine/H-S-160-G-20.tif,1,genuine_genuine,100160,0.3167957365512848,0.24711237681898562,0
5190,data/raw/bhsig260/BHSig160_Hindi/Genuine/H-S-160-G-05.tif,data/raw/bhsig260/BHSig160_Hindi/Forged/H-S-160-F-13.tif,0,skilled_forgery,100160,1.4291194677352905,0.24711237681898562,0
5191,data/raw/bhsig260/BHSig160_Hindi/Genuine/H-S-160-G-21.tif,data/raw/bhsig260/BHSig160_Hindi/Forged/H-S-160-F-05.tif,0,skilled_forgery,100160,0.21142905950546265,0.24711237681898562,1
5192,data/raw/bhsig260/BHSig160_Hindi/Genuine/H-S-160-G-24.tif,data/raw/bhsig260/BHSig160_Hindi/Forged/H-S-160-F-11.tif,0,skilled_forgery,100160,0.42081016302108765,0.24711237681898562,0
5193,data/raw/bhsig260/BHSig160_Hindi/Genuine/H-S-160-G-03.tif,data/raw/bhsig260/BHSig160_Hindi/Forged/H-S-160-F-20.tif,0,skilled_forgery,100160,0.06218894571065903,0.24711237681898562,1
5194,data/raw/bhsig260/BHSig160_Hindi/Genuine/H-S-160-G-06.tif,data/raw/bhsig260/BHSig160_Hindi/Forged/H-S-160-F-04.tif,0,skilled_forgery,100160,0.1442500501871109,0.24711237681898562,1
5195,data/raw/bhsig260/BHSig160_Hindi/Genuine/H-S-160-G-17.tif,data/raw/bhsig260/BHSig160_Hindi/Genuine/H-S-71-G-12.tif,0,random_forgery,100160,0.6524211764335632,0.24711237681898562,0
5196,data/raw/bhsig260/BHSig160_Hindi/Genuine/H-S-160-G-02.tif,data/raw/bhsig260/BHSig160_Hindi/Genuine/H-S-94-G-12.tif,0,random_forgery,100160,0.9283899664878845,0.24711237681898562,0
5197,data/raw/bhsig260/BHSig160_Hindi/Genuine/H-S-160-G-23.tif,data/raw/bhsig260/BHSig160_Hindi/Genuine/H-S-143-G-23.tif,0,random_forgery,100160,1.1121501922607422,0.24711237681898562,0
5198,data/raw/bhsig260/BHSig160_Hindi/Genuine/H-S-160-G-12.tif,data/raw/bhsig260/BHSig100_Bengali/Genuine/B-S-28-G-20.tif,0,random_forgery,100160,0.6124215722084045,0.24711237681898562,0
5199,data/raw/bhsig260/BHSig160_Hindi/Genuine/H-S-160-G-09.tif,data/raw/bhsig260/BHSig100_Bengali/Genuine/B-S-86-G-14.tif,0,random_forgery,100160,0.42347702383995056,0.24711237681898562,0
